COD_ACIDENTE;DIA;MES;ANO;HORA;INTERSECAO;LOG1;LOG2;LOG3;NUMERO;REFERENCIA;NATUREZA;ILUMINACAO;TEMPO;SUPERFICIEPISTA;TIPOCRUZAMENTO;CONTROLETRAFEGO;USOSOLO;MORTOS;FERIDOS;ILESOS;AUTOMOVEL;ONIBUS;BICICLETA;CAMINHAO;MICROONIBUS;CICLOMOTOR;MOTOCICLETA;TRACAOANIMAL;TREM;LATITUDE;LONGITUDE
341254;8;1;2019;15:21;0;AV LINEU MACHADO;;;1400;;Colisão;Luz do Dia;;;Meio de Quadra;;;0;1;1;1;0;0;0;0;0;1;0;0;-3,771961678;-38,58004946
341255;8;1;2019;17:55;5063;AV PRS CASTELO BRANCO;RUA BAR RIO BRANCO;;;;Queda;Anoitecer;;;T;Pare;Comercial;0;1;0;0;0;0;0;0;0;1;0;0;-3,721459;-38,526642
341256;8;1;2019;18:13;0;AV ROGACIANO LEITE;;;280;;Colisão;Anoitecer;;;Meio de Quadra;;;0;1;1;1;0;0;0;0;0;1;0;0;-3,760675;-38,492842
341257;8;1;2019;19:47;0;AV FRANCISCO SA;;;3553;;Colisão;;;;Meio de Quadra;;;0;1;1;1;0;0;0;0;0;1;0;0;-3,717437587;-38,55724553
341258;8;1;2019;21:10;0;TR VIA FERREA SOBRAL;;;;;Atropelamento;;;;Meio de Quadra;;;0;1;1;0;0;0;0;0;0;0;0;1;;
341259;8;1;2019;22:02;0;AV SEN FERNANDES TAVORA;;;;;Atropelamento;;;;Meio de Quadra;;;0;1;1;1;0;0;0;0;0;0;0;0;;
341260;8;1;2019;22:18;0;RUA NAT FEIJO;;;618;;Queda;;;;Meio de Quadra;;;0;1;0;0;0;0;0;0;0;1;0;0;-3,72194227;-38,55437527
341234;8;1;2019;07:11;0;RUA JOSE FACANHA;;;673;;Colisão;Luz do Dia;;;Meio de Quadra;;;0;1;1;1;0;0;0;0;0;1;0;0;-3,752136;-38,557265
341235;8;1;2019;07:15;0;AV 13 DE MAIO;;;1173;;Queda;Luz do Dia;;;Meio de Quadra;;;0;1;0;0;0;0;0;0;0;1;0;0;-3,749140273;-38,52954236
341236;8;1;2019;07:17;16679;AV PRS COSTA E SILVA;AV 1 LOT ARVOREDO;;;;Colisão;Luz do Dia;;;T;Semáforo;Residencial;0;1;1;1;0;0;0;0;0;1;0;0;-3,817735;-38,56516
341246;8;1;2019;10:39;11890;AV SGT HERMINIO SAMPAIO;RUA JOAQUIM LINO;;;;Queda;Luz do Dia;;;T;Dê Preferência;Residencial;0;1;0;0;0;0;0;0;0;1;0;0;-3,724547;-38,549169
341248;8;1;2019;11:11;0;AV BEZERRA DE MENEZES;;;1052;;Queda;Luz do Dia;;;Meio de Quadra;;;0;1;0;0;0;0;0;0;0;1;0;0;-3,733530649;-38,55413408
340090;8;1;2019;19:19;0;AV DOMINGOS OLIMPIO;;;1021;;Colisão Transversal;Via Iluminada;Nublado;Seca;Meio de Quadra;Não Há Controle;Comercial;0;1;1;0;1;0;0;0;0;1;0;0;-3,736223852;-38,53252204
340091;8;1;2019;19:30;0;AV GOV RAUL BARBOSA;;;7486;;Colisão Lateral;Mal Iluminada;Bom;Seca;Meio de Quadra;Não Há Controle;Residencial;0;0;2;1;0;0;0;0;0;0;0;0;-3,776950281;-38,51337806
340087;8;1;2019;07:15;0;AV ALM HENRIQUE SABOIA;;;0;;Colisão Lateral;Luz do Dia;Chuva;Molhada;Outros;Não Há Controle;Residencial;0;0;2;1;0;0;0;0;0;0;0;0;;
340088;8;1;2019;06:43;0;AV PRS COSTA E SILVA;;;1400;;Não Informado;Luz do Dia;Nublado;Molhada;Meio de Quadra;Não Há Controle;Comercial;0;0;2;1;0;0;0;0;0;0;0;0;-3,8181715;-38,56487
339844;8;1;2019;13:00;0;RUA OSCAR ARARIPE;;;;;Colisão;Luz do Dia;;;Meio de Quadra;;;0;0;2;0;0;0;0;0;0;1;0;0;;
339398;8;1;2019;20:30;0;RUA DR PIO SARAIVA;;;;;Atropelamento;;;;Meio de Quadra;;;1;0;1;0;0;0;0;0;0;0;0;1;-3,740059;-38,599037
339388;9;1;2019;18:41;0;RD BR 116;;;3000;KM-03;Colisão;;Nublado;;Meio de Quadra;;;0;0;2;0;0;0;1;0;0;0;0;0;-3,779838;-38,514372
338881;9;1;2019;18:20;0;AV ABOLICAO;;;4140;;Colisão Traseira;Anoitecer;Bom;Seca;Meio de Quadra;Semáforo;Comercial;1;0;1;1;0;0;0;0;0;1;0;0;-3,7351993;-38,484757
338883;9;1;2019;19:00;0;AV ENG HUMBERTO MONTE;;;;UFC;Engavetamento;Via Iluminada;Nublado;Molhada;Meio de Quadra;Outros;Comercial;0;0;3;1;0;0;0;0;0;0;0;0;;
339392;9;1;2019;22:28;0;RD BR 222;;;;KM-02;Acidente Pessoal;;Chuva;Molhada;Meio de Quadra;;;0;0;2;0;0;0;0;0;0;1;0;0;-3,7403624;-38,5969961
341405;9;1;2019;16:27;0;LOGRADOURO SEM NOME;;;;;Colisão;Luz do Dia;;;Meio de Quadra;;;0;0;2;1;0;0;0;0;0;1;0;0;;
341397;9;1;2019;16:14;0;AV CEL CARVALHO;;;2142;;Colisão;Luz do Dia;;;Meio de Quadra;;;0;1;0;1;0;0;0;0;0;1;0;0;-3,721065933;-38,58698173
341418;9;1;2019;17:05;0;RUA CEL FABRICIANO;;;3245;;Colisão;Anoitecer;;;Meio de Quadra;;;0;1;0;0;0;0;0;0;0;1;0;0;-3,77986;-38,61847
341419;9;1;2019;17:05;0;AV SGT HERMINIO SAMPAIO;;;2743;;Colisão;Anoitecer;;;Meio de Quadra;;;0;2;0;0;0;0;0;0;0;1;0;0;-3,7272124;-38,5653147
342644;9;1;2019;17:32;0;AV WASHINGTON SOARES;;;1321;;Colisão;Anoitecer;;;Meio de Quadra;;;0;1;0;0;0;0;0;0;0;1;0;0;-3,766496;-38,482433
342645;9;1;2019;17:36;0;AV BEZERRA DE MENEZES;;;;;Queda;Anoitecer;;;Meio de Quadra;;;0;1;0;0;0;0;0;0;0;1;0;0;;
342647;9;1;2019;18:04;0;AV DOMINGOS OLIMPIO;;;;;Colisão;Anoitecer;;;Meio de Quadra;;;0;1;0;0;0;0;0;0;0;1;0;0;;
342657;9;1;2019;18:11;0;AV ABOLICAO;;;4140;;Colisão;Anoitecer;;;Meio de Quadra;;;0;1;0;0;0;0;0;0;0;1;0;0;-3,72419;-38,48201
342660;9;1;2019;18:17;0;AV BEZERRA DE MENEZES;;;981;;Queda;Anoitecer;;;Meio de Quadra;;;0;1;0;0;0;1;0;0;0;0;0;0;-3,733352;-38,553238
342867;9;1;2019;18:29;4250;AV FRANCISCO SA;RUA PDE ANCHIETA;;;;Queda;Anoitecer;;;;;;0;1;0;0;0;0;0;0;0;1;0;0;-3,719988;-38,549538
342868;9;1;2019;18:42;0;RUA PAULA FRANCINETE;;;300;;Queda;;;;Meio de Quadra;;;0;1;0;0;0;1;0;0;0;0;0;0;-3,795431537;-38,51702137
342869;9;1;2019;19:14;0;RUA JOSE DANTAS VIEIRA;;;;;Queda;;;;Meio de Quadra;;;0;1;0;0;0;0;0;0;0;1;0;0;;
342871;9;1;2019;19:36;0;AV ENG HUMBERTO MONTE;;;;;Queda;;;;Meio de Quadra;;;0;1;0;0;0;0;0;0;0;1;0;0;;
342872;9;1;2019;19:59;25691;RUA MOCA BONITA;AV CONTORNO NORTE D71;;;;Queda;;;;T;Não Há Controle;Lazer;0;1;0;0;0;0;0;0;0;1;0;0;-3,814228;-38,587429
339848;9;1;2019;11:15;0;RUA MIGUEL PEREIRA;;;;;Colisão;Luz do Dia;;;Meio de Quadra;;;0;0;1;0;0;0;0;0;0;0;0;0;;
339843;9;1;2019;22:20;0;AV MR HULL;;;4442;TERMINAL ANTONIO BEZERRA;Atropelamento;Anoitecer;;;Meio de Quadra;;;1;1;0;0;0;0;0;0;0;1;0;0;-3,73845;-38,58441
340092;9;1;2019;10:02;0;RUA CAP FRANCISCO PEDRO;;;1227;;Colisão Transversal;Luz do Dia;Bom;Seca;Meio de Quadra;Pare;Comercial;0;1;1;1;0;0;0;0;0;0;0;0;-3,7497787;-38,551186
340093;9;1;2019;13:38;0;AV GAL OSORIO DE PAIVA;;;600;;Colisão Transversal;Luz do Dia;Bom;Seca;Meio de Quadra;Semáforo;Comercial;0;1;1;1;0;0;0;0;0;1;0;0;-3,776497727;-38,56787518
340094;9;1;2019;12:07;3423;AV JOAO PESSOA;RUA ALVARO FERNANDES;;;;Colisão Transversal;Luz do Dia;Bom;Seca;Cruz;Semáforo;Residencial;0;1;1;0;1;0;0;0;0;1;0;0;-3,759317;-38,555648
340095;9;1;2019;12:45;19838;RUA DES PRAXEDES;RUA URUBURETAMA;;;;Colisão Transversal;Luz do Dia;Nublado;Seca;T;Pare;Residencial;0;1;1;1;0;0;0;0;0;1;0;0;-3,76255;-38,544534
340096;9;1;2019;20:28;0;RUA ALBERTO MAGNO;;;1640;PAGUE MENOS;Colisão Traseira;Via Iluminada;Chuva;Molhada;Meio de Quadra;Semáforo;Comercial;0;0;2;1;0;0;0;0;0;0;0;0;-3,76824;-38,5525365
340726;9;1;2019;14:07;21602;RUA CON DE CASTRO;RUA STA LIDUINA D42;;;;Colisão;Luz do Dia;;;;;;0;1;1;0;0;0;0;0;0;0;0;0;-3,797482;-38,584986
340727;9;1;2019;15:19;0;AV CESAR CALS;;;280;;Colisão;Luz do Dia;;;Meio de Quadra;;;0;1;0;1;0;0;0;0;0;1;0;0;-3,720638;-38,464577
340724;9;1;2019;12:44;0;LOGRADOURO SEM NOME;;;;;Colisão;Luz do Dia;;;Meio de Quadra;;;0;1;1;0;0;0;0;0;0;0;0;0;;
340719;9;1;2019;08:06;0;AV I CJ JOSE WALTER;;;1425;;Colisão;Luz do Dia;;;Meio de Quadra;;;0;1;0;1;0;0;0;0;0;1;0;0;-3,836727;-38,554243
340714;9;1;2019;10:29;0;AV ANTONIO SALES;;;2223;;Colisão;Luz do Dia;;;Meio de Quadra;;;0;1;0;1;0;0;0;0;0;0;0;0;-3,744994529;-38,50385165
340716;9;1;2019;10:31;2699;RUA OSCAR ARARIPE;RUA CEL VIRGILIO NOGUEIRA (BOM JARDIM);;;;Colisão;Luz do Dia;;;Cruz;Semáforo;Comercial;0;1;0;1;0;0;0;0;0;1;0;0;-3,7882527;-38,6086345
340717;9;1;2019;10:55;0;RUA ABELARDO MARINHO;;;109;;Colisão;Luz do Dia;;;Meio de Quadra;;;0;1;0;1;0;0;0;0;0;1;0;0;-3,764036892;-38,53117366
340696;9;1;2019;05:11;0;AV PERIMETRAL;;;269;;Colisão;Amanhecer;;;Meio de Quadra;;;0;2;0;0;0;0;0;0;0;0;0;0;;
340698;9;1;2019;06:17;0;RUA PDE VALDEVINO;;;2024;;Colisão;Luz do Dia;;;Meio de Quadra;;;0;1;0;1;0;0;0;0;0;1;0;0;-3,7423462;-38,50662945
340699;9;1;2019;06:42;0;RUA MON HIPOLITO BRASIL;;;109;;Colisão;Luz do Dia;;;Meio de Quadra;;;0;1;0;1;0;0;0;0;0;1;0;0;-3,760775;-38,575314
340705;9;1;2019;08:01;0;AV PERIMETRAL;;;5559;;Queda;Luz do Dia;;;Meio de Quadra;;;0;1;0;0;0;0;0;0;0;1;0;0;;
340706;9;1;2019;08:05;24331;AV LUCIANO CARNEIRO;RUA ARMANDO MONTEIRO;;;;Colisão;Luz do Dia;;;Cruz;Pare;Residencial;0;1;0;1;0;0;0;0;0;1;0;0;-3,763454;-38,536219
340709;9;1;2019;08:09;0;AV CEL CARVALHO;;;;;Queda;Luz do Dia;;;Meio de Quadra;;;0;1;0;0;0;0;0;0;0;1;0;0;;
340711;9;1;2019;08:15;0;AV PRS CASTELO BRANCO;;;2618;;Colisão;Luz do Dia;;;Meio de Quadra;;;0;1;0;0;0;0;0;0;0;1;0;0;-3,712917528;-38,55126394
340097;10;1;2019;09:02;0;RUA PRO OTAVIO LOBO;;;324;;Colisão Traseira;Luz do Dia;Nublado;Seca;Meio de Quadra;Não Há Controle;Residencial;0;0;2;1;0;0;0;0;0;0;0;0;-3,7417415;-38,4771265
340098;10;1;2019;09:31;5045;RUA SAO PAULO;AV FILOMENO GOMES;;0;;Colisão Transversal;Luz do Dia;Bom;Seca;Cruz;Semáforo;Comercial;0;0;2;1;0;0;0;0;0;0;0;0;-3,721539;-38,5412
340099;10;1;2019;16:40;0;AV GAL OSORIO DE PAIVA;;;3366;;Colisão Lateral;Luz do Dia;Bom;Seca;Meio de Quadra;Semáforo;Comercial;0;0;2;1;0;0;0;0;0;1;0;0;-3,790306;-38,588065
340100;10;1;2019;17:40;3747;AV DEP PAULINO ROCHA;RUA JOR ANTONIO P TAVARES;;0;;Colisão Transversal;Via Iluminada;Bom;Seca;T;Pare;Comercial;0;1;1;1;0;0;0;0;0;1;0;0;-3,811714;-38,511317
340101;10;1;2019;18:20;0;RUA ANDRADE FURTADO;;;1245;;Capotamento;Via Iluminada;Bom;Seca;Meio de Quadra;Não Há Controle;Residencial;0;1;2;1;0;0;0;0;0;0;0;0;-3,746228;-38,478147
340102;10;1;2019;20:50;246;AV JOVITA FEITOSA;RUA DOM LINO;;0;;Colisão Lateral;Via Iluminada;Bom;Seca;Cruz;Semáforo;Residencial;0;1;1;1;0;0;0;0;0;1;0;0;-3,73985;-38,556413
339853;10;1;2019;07:00;7126;AV PASTEUR;RUA STA ELISA D21;;;;Choque c/ Obstáculo Fixo;Luz do Dia;;;Cruz;Não Há Controle;Residencial;0;0;1;0;0;0;0;0;0;0;0;0;-3,707308;-38,557705
339854;10;1;2019;15:40;0;AV GAL OSORIO DE PAIVA;RUA PEDRO MARTINS;;4800;;Colisão;Luz do Dia;;;;;;0;1;1;0;0;0;0;0;0;1;0;0;-3,800862;-38,598322
339855;10;1;2019;22:20;0;AV GAL OSORIO DE PAIVA;;;7400;;Colisão;;;;Meio de Quadra;;;0;0;2;1;0;0;0;0;0;1;0;0;-3,815173;-38,6121128
339846;10;1;2019;10:15;10863;RUA PRO HERIBALDO COSTA;RUA PORTO VELHO;;;;Colisão;Luz do Dia;;;Cruz;Semáforo;Residencial;0;1;0;0;0;0;1;0;0;0;0;0;-3,765974;-38,587014
339847;10;1;2019;03:00;0;RUA DOS PRACINHAS;;;825;;Choque c/ Obstáculo Fixo;;;;Meio de Quadra;;;0;0;1;0;0;0;0;0;0;0;0;0;-3,737260095;-38,5416989
340209;10;1;2019;20:01;19152;RUA BATISTA DE OLIVEIRA;RUA LAURO NOGUEIRA;;0;;Colisão Transversal;Via Iluminada;Bom;Seca;Cruz;Não Há Controle;Residencial;0;0;2;1;1;0;0;0;0;0;0;0;-3,740086;-38,478301
340037;10;1;2019;15:16;15391;RUA ALMEIDA REGO;RUA ARAUJO TORREAO;;0;;Colisão Transversal;Luz do Dia;Nublado;Seca;Cruz;Pare;Residencial;0;0;2;1;0;0;0;0;0;0;0;0;-3,814052;-38,496403
342874;10;1;2019;00:24;1225;RUA COSTA BARROS;RUA ILDEFONSO ALBANO;;;;Colisão;;;;Cruz;Semáforo;Comercial;0;1;0;1;0;0;0;0;0;0;0;0;-3,730135;-38,512227
342875;10;1;2019;05:32;6545;AV A CJ CEARA;AV H CJ CEARA;;;;Queda;Amanhecer;;;Cruz;Semáforo;Comercial;0;1;0;0;0;0;0;0;0;1;0;0;-3,775146;-38,605924
342876;10;1;2019;05:40;0;RUA URUCUTUBA;;;409;;Colisão;Amanhecer;;;Meio de Quadra;;;0;3;0;1;0;0;0;0;0;0;0;0;-3,79758;-38,599496
342877;10;1;2019;08:10;0;AV FRANCISCO SA;;;3636;;Atropelamento;Luz do Dia;;;Meio de Quadra;;;0;1;1;0;0;0;0;0;0;0;0;0;-3,717413154;-38,55731858
342878;10;1;2019;11:19;0;AV DES MOREIRA;;;;;Colisão;Luz do Dia;;;Meio de Quadra;;;0;1;1;0;0;0;0;1;0;1;0;0;;
342880;10;1;2019;12:04;0;RUA PRO GOMES BRASIL;;;;;Colisão;Luz do Dia;;;Meio de Quadra;;;0;1;0;0;0;0;0;0;0;1;0;0;;
342881;10;1;2019;12:35;0;AV DIOGUINHO;;;1331;;Colisão;Luz do Dia;;;Meio de Quadra;;;0;1;0;0;0;0;0;0;0;1;0;0;-3,74288;-38,45266
342882;10;1;2019;13:10;0;AV GAL OSORIO DE PAIVA;;;3366;;Colisão;Luz do Dia;;;Meio de Quadra;;;0;1;0;0;0;0;0;0;0;0;0;0;-3,790306;-38,588065
342883;10;1;2019;13:19;0;AV MAJ ASSIS;;;1503;;Colisão;Luz do Dia;;;Meio de Quadra;;;0;1;0;0;0;0;0;0;0;1;0;0;-3,722606242;-38,59260776
342884;10;1;2019;13:28;9039;RUA PDE MIGUELINHO;RUA BAR RIO BRANCO;;;;Colisão;Luz do Dia;;;Cruz;Pare;Escola;0;1;0;0;0;0;0;0;0;1;0;0;-3,742749;-38,53346
342885;10;1;2019;14:08;0;AV SGT HERMINIO SAMPAIO;;;;;Queda;Luz do Dia;;;Meio de Quadra;;;0;1;0;0;0;0;0;0;0;1;0;0;;
342886;10;1;2019;14:49;0;AV CEL CARVALHO;;;;;Colisão;Luz do Dia;;;Meio de Quadra;;;0;1;0;0;0;0;0;0;0;0;0;0;;
342887;10;1;2019;15:06;0;AV SGT HERMINIO SAMPAIO;;;;;Colisão;Luz do Dia;;;Meio de Quadra;;;0;0;1;0;0;1;0;0;0;0;0;0;;
342888;10;1;2019;16:14;12479;AV AUGUSTO DOS ANJOS;RUA PERDIGAO DE OLIVEIRA;;;;Colisão;Luz do Dia;;;Cruz;Semáforo;Comercial;0;1;0;0;0;0;0;0;0;0;0;0;-3,775131;-38,574712
342889;10;1;2019;16:44;0;RUA FRANCISCA N RAMOS;;;266;;Colisão;Luz do Dia;;;Meio de Quadra;;;0;1;0;0;0;0;0;0;0;0;0;0;-3,80653;-38,50586
342890;10;1;2019;16:57;15718;RUA DR JOAQUIM BENTO;RUA CEL DIONISIO ALENCAR;;;;Atropelamento;Luz do Dia;;;Cruz;Pare;Residencial;0;1;1;0;0;0;0;0;0;0;0;0;-3,828267;-38,486419
342891;10;1;2019;17:36;0;AV DEP PAULINO ROCHA;;;1341;;Colisão;Anoitecer;;;Meio de Quadra;;;0;1;0;0;0;0;0;0;0;1;0;0;-3,81109;-38,51001
342892;10;1;2019;17:50;0;RUA HENRIQUETA GALENO;;;960;;Colisão;Anoitecer;;;Meio de Quadra;;;0;1;0;1;0;0;0;0;0;0;0;0;-3,74781;-38,4915
342894;10;1;2019;18:08;0;AV MR HULL;;;5125;;Atropelamento;Anoitecer;;;Meio de Quadra;;;0;1;1;0;0;0;0;0;0;0;0;0;-3,739495769;-38,59039858
342895;10;1;2019;19:11;0;AV ENG HUMBERTO MONTE;;;2774;;Atropelamento;;;;Meio de Quadra;;;0;2;0;0;0;0;0;0;0;1;0;0;-3,739351565;-38,56859761
342896;10;1;2019;19:18;154;RUA TOMAS RODRIGUES;RUA ANARIO BRAGA;;;;Colisão;;;;Cruz;Pare;Residencial;0;1;0;0;0;0;0;0;0;1;0;0;-3,736531;-38,594415
342897;10;1;2019;19:29;0;AV GAL OSORIO DE PAIVA;;;6400;;Colisão;;;;Meio de Quadra;;;0;1;0;0;0;0;0;0;0;1;0;0;-3,8073274;-38,6046949
342898;10;1;2019;19:45;25890;RUA BARRA VERMELHA;AV H CJ CEARA;;;;Colisão;;;;Cruz;Pare;Residencial;0;2;0;0;0;1;0;0;0;1;0;0;-3,775983;-38,611523
342899;10;1;2019;19:52;246;AV JOVITA FEITOSA;RUA DOM LINO;;;;Atropelamento;;;;Cruz;Semáforo;Comercial;0;1;1;0;0;0;0;0;0;0;0;0;-3,73985;-38,556413
342900;10;1;2019;22:22;0;RUA RUI MONTE;;;1220;;Queda;;;;Meio de Quadra;;;0;1;0;0;0;0;0;0;0;1;0;0;-3,74878;-38,58491
339393;10;1;2019;16:20;0;RD BR 116;;;5000;KM-05;Colisão;Luz do Dia;;Seca;Meio de Quadra;;;0;0;2;0;0;1;0;0;0;1;0;0;-3,796502;-38,506787
339450;10;1;2019;09:15;0;RD CE-040;;;;KM-08;Colisão;Luz do Dia;;Seca;Meio de Quadra;;;0;0;3;1;0;0;0;0;0;0;0;0;-3,825515822;-38,48153832
338889;11;1;2019;18:00;0;AV JOSE JATAHY;;;1012;;Colisão Lateral;Via Iluminada;Bom;Seca;Meio de Quadra;Não Há Controle;Comercial;0;0;2;1;0;0;1;0;0;0;0;0;-3,730165;-38,5449412
339399;11;1;2019;18:10;0;RD BR 020;;;;KM 429;Colisão;Anoitecer;;;Meio de Quadra;;;0;0;2;0;0;0;0;0;0;1;0;0;-3,869;-38,507
339400;11;1;2019;20:00;0;RD BR 116;;;2000;KM-02;Colisão Traseira;;Bom;Seca;Meio de Quadra;;;0;0;2;0;1;0;0;0;0;1;0;0;-3,771391;-38,51678
342901;11;1;2019;07:16;0;AV 20 DE JANEIRO;;;538;;Colisão;Luz do Dia;;;Meio de Quadra;;;0;2;0;0;0;0;0;0;0;1;0;0;-3,7091246;-38,5741737
342922;11;1;2019;18:52;0;RD BR 116;;;;;Colisão;;;;Meio de Quadra;;;0;1;0;0;0;0;0;0;0;1;0;0;;
342923;11;1;2019;19:05;0;RUA PAULO FIRMEZA;;;1122;;Queda;;;;Meio de Quadra;;;0;1;0;0;0;0;0;0;0;1;0;0;-3,756814759;-38,50928494
342924;11;1;2019;19:23;0;RUA ECA DE QUEIROZ;;;1591;;Colisão;;;;Meio de Quadra;;;0;1;0;0;0;0;0;0;0;1;0;0;-3,79437;-38,58991
342925;11;1;2019;19:29;0;RUA DES FROTA D71;;;1591;;Colisão;;;;Meio de Quadra;;;0;1;0;0;0;0;0;0;0;1;0;0;;
342926;11;1;2019;19:37;18545;RUA CEREJEIRAS;RUA UMARIZEIRA;;;;Colisão;;;;;;;0;1;0;0;0;0;0;0;0;1;0;0;-3,820829;-38,598589
342927;11;1;2019;20:19;0;RUA BERNARDO MANUEL;;;8796;;Colisão;;;;Meio de Quadra;;;0;1;0;0;0;0;0;0;0;1;0;0;-3,796660292;-38,55078879
342928;11;1;2019;21:53;19713;RUA DOM LINO;RUA AZEVEDO BOLAO;;;;Queda;;;;Cruz;Pare;Comercial;0;1;0;0;0;0;0;0;0;1;0;0;-3,736529;-38,557088
342903;11;1;2019;06:59;0;RUA WALDIR DIOGO;;;661;;Colisão;Luz do Dia;;;Meio de Quadra;;;0;1;0;0;0;0;0;0;0;1;0;0;-3,805338333;-38,583865
342904;11;1;2019;07:45;0;RUA VIRIATO RIBEIRO;;;295;;Colisão;Luz do Dia;;;Meio de Quadra;;;0;1;0;0;0;0;0;0;0;1;0;0;-3,753761714;-38,55780698
342905;11;1;2019;08:11;0;RUA RAIMUNDO PINHEIRO;;;422;;Colisão;Luz do Dia;;;Meio de Quadra;;;0;1;0;0;0;0;0;0;0;1;0;0;-3,78876;-38,59703
342906;11;1;2019;08:14;23606;RUA MAJ VERISSIMO;RUA BAR CRATO;;;;Colisão;Luz do Dia;;;Cruz;Pare;Residencial;0;1;0;0;0;0;0;0;0;1;0;0;-3,722084;-38,562705
342907;11;1;2019;10:32;0;AV GOV RAUL BARBOSA;;;;;Colisão;Luz do Dia;;;Meio de Quadra;;;0;1;0;0;0;0;0;0;0;1;0;0;;
342908;11;1;2019;11:52;0;AV GAL OSORIO DE PAIVA;;;;;Colisão;Luz do Dia;;;Meio de Quadra;;;0;1;0;0;0;0;0;0;0;1;0;0;;
342909;11;1;2019;13:43;0;RUA FRANCISCO GLICERIO;;;2145;;Colisão;Luz do Dia;;;Meio de Quadra;;;0;1;0;0;0;0;0;0;0;1;0;0;-3,794609188;-38,58055556
342910;11;1;2019;14:22;7787;RUA OSVALDO CRUZ (ALDEOTA);RUA MARCONDES PEREIRA;;;;Colisão;Luz do Dia;;;Cruz;Pare;Comercial;0;1;0;0;0;0;0;0;0;1;0;0;-3,750071;-38,504987
342911;11;1;2019;14:51;0;AV GAL OSORIO DE PAIVA;;;7815;;Colisão;Luz do Dia;;;Meio de Quadra;;;0;1;0;0;0;0;0;0;0;1;0;0;-3,82051924;-38,61737668
342912;11;1;2019;14:58;0;RUA FERNANDO FARIAS DE MELO (MANUEL SÁTIRO);;;10;;Colisão;Luz do Dia;;;Meio de Quadra;;;0;1;0;0;0;0;0;0;0;1;0;0;-3,79024;-38,5781314
342913;11;1;2019;15:36;0;AV DEP PAULINO ROCHA;;;1101;;Colisão;Luz do Dia;;;Meio de Quadra;;;0;1;0;0;0;0;0;0;0;1;0;0;-3,8088267;-38,508462
342914;11;1;2019;16:42;0;RUA GOV JOAO CARLOS;;;797;;Colisão;Luz do Dia;;;Meio de Quadra;;;0;2;0;0;0;0;0;0;0;1;0;0;-3,782094;-38,553174
342915;11;1;2019;16:42;0;RUA STA LIDUINA D42;;;71;;Atropelamento;Luz do Dia;;;Meio de Quadra;;;0;1;1;0;0;0;0;0;0;0;0;0;-3,798629643;-38,58505264
342916;11;1;2019;17:47;10081;RUA CEL VIRGILIO NOGUEIRA (BOM JARDIM);RUA JOAO VINTE TRES;;;;Colisão;Anoitecer;;;;;;0;3;0;0;0;0;0;0;0;1;0;0;;
342917;11;1;2019;18:05;0;RD BR 116;;;;;Colisão;Anoitecer;;;Meio de Quadra;;;0;1;0;0;0;0;0;0;0;1;0;0;;
342918;11;1;2019;18:10;13066;AV L CJ JOSE WALTER;RUA 34 CJ JOSE WALTER;;;;Colisão;Anoitecer;;;;;;0;1;0;0;0;0;0;0;0;1;0;0;-3,82742;-38,556429
342919;11;1;2019;18:12;0;AV L CJ JOSE WALTER;;;290;;Colisão;Anoitecer;;;Meio de Quadra;;;0;1;0;0;0;0;0;0;0;1;0;0;-3,82742;-38,556429
342920;11;1;2019;18:45;0;AV SEN CARLOS JEREISSATI (AEROPORTO);;;;;Colisão;;;;Meio de Quadra;;;0;1;0;0;0;0;0;0;0;1;0;0;;
339856;11;1;2019;08:30;0;AV PRS CASTELO BRANCO;;;;;Colisão;Luz do Dia;;;Meio de Quadra;;;0;0;1;0;0;0;0;0;0;0;0;0;;
339857;11;1;2019;23:40;0;RUA ARTUR DE CARVALHO;;;1400;;Colisão;;;;Meio de Quadra;;;0;0;2;0;0;0;0;0;0;1;0;0;-3,7532358;-38,5241455
340103;11;1;2019;07:43;19720;RUA AZEVEDO BOLAO;RUA GAL PIRAGIBE;;0;;Colisão Transversal;Luz do Dia;Bom;Seca;Cruz;Pare;Residencial;0;0;2;1;0;0;0;0;0;0;0;0;-3,736738;-38,558172
340104;11;1;2019;09:10;0;AV RUI BARBOSA;;;818;;Choque c/ Obstáculo Fixo;Luz do Dia;Bom;Seca;Meio de Quadra;Não Há Controle;Residencial;0;0;1;0;0;0;0;0;0;0;0;0;-3,730106;-38,507546
340105;11;1;2019;19:00;0;RUA ALFREDO WEYNE (A. WEYNE);RUA DR RATISBONA;;0;;Colisão Transversal;Luz do Dia;Bom;Seca;Cruz;Dê Preferência;Residencial;0;0;1;1;0;0;0;0;0;0;0;0;-3,7563823;-38,5316191
340106;11;1;2019;21:51;0;RUA DEUSDEDIT C SOUZA;;;115;;Colisão Frontal;Via Iluminada;Bom;Seca;Meio de Quadra;Pare;Residencial;0;1;0;0;0;0;0;0;0;1;0;0;-3,74849866;-38,4756227
340107;12;1;2019;08:15;0;AV GAL OSORIO DE PAIVA;;;2962;;Colisão Lateral;Luz do Dia;Bom;Seca;Meio de Quadra;Não Há Controle;Comercial;0;0;2;1;1;0;0;0;0;0;0;0;-3,788585;-38,5863515