COD_ACIDENTE;DIA;MES;ANO;HORA;INTERSECAO;LOG1;LOG2;LOG3;NUMERO;REFERENCIA;NATUREZA;ILUMINACAO;TEMPO;SUPERFICIEPISTA;TIPOCRUZAMENTO;CONTROLETRAFEGO;USOSOLO;MORTOS;FERIDOS;ILESOS;AUTOMOVEL;ONIBUS;BICICLETA;CAMINHAO;MICROONIBUS;CICLOMOTOR;MOTOCICLETA;TRACAOANIMAL;TREM;LATITUDE;LONGITUDE
340108;12;1;2019;16:00;0;AV BERNARDO MANUEL;;;9970;;Colisão Traseira;Luz do Dia;Bom;Seca;Meio de Quadra;Semáforo;Comercial;0;0;3;0;0;0;0;0;0;1;0;0;-3,8055348;-38,55347
340109;12;1;2019;19:20;3769;AV DOMINGOS OLIMPIO;RUA SEN POMPEU;;0;;Colisão Lateral;Via Iluminada;Bom;Seca;Cruz;Semáforo;Comercial;0;0;2;1;0;0;0;0;0;0;0;0;-3,736254;-38,532455
340110;12;1;2019;19:27;19833;AV JOVITA FEITOSA;AV ENG HUMBERTO MONTE;;;;Colisão Lateral;Via Iluminada;Bom;Seca;Cruz;Semáforo;Comercial;0;1;1;1;0;0;0;0;0;0;0;0;-3,741963;-38,566544
342932;12;1;2019;02:09;9054;RUA LAURO MAIA;RUA ARTHUR TEMOTEO;;;;Colisão;;;;Cruz;Pare;Residencial;0;1;0;1;0;0;0;0;0;0;0;0;-3,745539;-38,523244
342938;12;1;2019;07:56;0;AV SANTOS DUMONT;;;7700;;Colisão;Luz do Dia;;;Meio de Quadra;;;0;1;0;0;0;0;0;0;0;0;0;0;-3,74723;-38,4642195
342939;12;1;2019;08:04;5777;RUA CHICO LEMOS;RUA JOSE A CAVALCANTE;;;;Colisão;Luz do Dia;;;Cruz;Pare;Residencial;0;2;0;0;0;0;0;0;0;1;0;0;-3,790905;-38,499317
342940;12;1;2019;08:34;0;RD BR 116;;;7355;KM-04;Colisão;Luz do Dia;;;Meio de Quadra;;;0;2;0;0;0;0;0;0;0;1;0;0;-3,802354;-38,503869
342941;12;1;2019;09:29;0;AV A CJ CEARA;;;1025;;Atropelamento;Luz do Dia;;;Meio de Quadra;;;0;1;1;0;0;0;0;0;0;0;0;0;-3,76967;-38,6044
342942;12;1;2019;09:31;0;RUA CHICO FRANCA;;;758;;Colisão;Luz do Dia;;;Meio de Quadra;;;0;1;0;0;0;0;0;0;0;1;0;0;-3,789825;-38,5627297
342943;12;1;2019;10:57;0;AV ALM HENRIQUE SABOIA;;;;;Colisão;Luz do Dia;;;Meio de Quadra;;;0;1;0;0;0;0;0;0;0;0;0;0;;
342944;12;1;2019;11:19;0;RUA AUGUSTA BENEVIDES;;;1190;;Colisão;Luz do Dia;;;Meio de Quadra;;;0;1;0;0;0;0;0;0;0;1;0;0;-3,84988;-38,50247
342945;12;1;2019;11:42;0;RUA HENRIQUETA GALENO;;;960;;Queda;Luz do Dia;;;Meio de Quadra;;;0;1;0;0;0;0;0;0;0;1;0;0;-3,74781;-38,4915
342934;12;1;2019;02:39;0;RUA DECIO DE CASTRO;;;341;;Queda;;;;Meio de Quadra;;;0;1;0;0;0;0;0;0;0;1;0;0;-3,772211278;-38,59242651
342935;12;1;2019;05:12;0;RUA 309 CJ CEARA;;;115;;Queda;Amanhecer;;;Meio de Quadra;;;0;1;0;0;0;0;0;0;0;1;0;0;-3,775137242;-38,61497385
342936;12;1;2019;07:16;0;RUA PERNAMBUCO;;;1931;;Colisão;Luz do Dia;;;Meio de Quadra;;;0;1;0;0;0;0;0;0;0;1;0;0;-3,755182467;-38,57457107
342947;12;1;2019;12:21;6950;AV PENETRACAO OESTE I;AV C CJ ESPERANCA;;;;Queda;Luz do Dia;;;;;;0;1;0;0;0;1;0;0;0;0;0;0;-3,815622;-38,589362
342948;12;1;2019;12:27;0;RUA TEN JOSE NEWTON;;;187;;Colisão;Luz do Dia;;;Meio de Quadra;;;0;1;0;0;0;0;0;0;0;1;0;0;-3,824094135;-38,4915833
342949;12;1;2019;12:42;0;RUA ASTROGILDO FONTOURA;;;532;;Colisão;Luz do Dia;;;Meio de Quadra;;;0;1;0;0;0;0;0;0;0;1;0;0;-3,712116178;-38,58396949
342951;12;1;2019;13:15;25447;RUA HOLANDA;RUA FRANCISCO GLICERIO;;;;Colisão;Luz do Dia;;;T;Pare;Comercial;0;1;0;0;0;0;0;0;0;1;0;0;-3,798266;-38,562214
342952;12;1;2019;14:57;0;AV JOSE LEON;;;2690;;Colisão;Luz do Dia;;;Meio de Quadra;;;0;1;0;0;0;0;0;0;0;1;0;0;-3,790996;-38,488668
342953;12;1;2019;15:36;0;RUA BERNARDO MANUEL;;;9970;;Colisão;Luz do Dia;;;Meio de Quadra;;;0;3;0;0;0;0;0;0;0;1;0;0;-3,80460432;-38,55318024
342954;12;1;2019;16:00;0;RUA CARNAUBAL;;;185;;Colisão;Luz do Dia;;;Meio de Quadra;;;0;2;0;0;0;1;0;0;0;0;0;0;-3,722854;-38,579638
342955;12;1;2019;16:33;13304;AV I CJ JOSE WALTER;AV G CJ JOSE WALTER;;;;Queda;Luz do Dia;;;Cruz;Pare;Residencial;0;1;0;0;0;0;0;0;0;1;0;0;-3,839061;-38,554956
342956;12;1;2019;16:41;0;RUA MONTEVIDEU;;;200;;Colisão;Luz do Dia;;;Meio de Quadra;;;0;1;0;0;0;1;0;0;0;0;0;0;-3,787475349;-38,54377563
342957;12;1;2019;16:46;0;AV GOV RAUL BARBOSA;;;6782;;Colisão;Luz do Dia;;;Meio de Quadra;;;0;2;0;0;0;1;0;0;0;1;0;0;-3,773170615;-38,51260115
342958;12;1;2019;16:56;0;LOGRADOURO SEM NOME;;;;;Choque c/ Obstáculo Fixo;Luz do Dia;;;Meio de Quadra;;;0;1;0;0;0;0;0;0;0;1;0;0;;
342959;12;1;2019;17:47;0;AV GAL OSORIO DE PAIVA;;;;;Colisão;Anoitecer;;;Meio de Quadra;;;0;1;0;0;0;0;0;0;0;0;0;0;;
342965;12;1;2019;19:47;0;RUA TEODOMIRO DE CASTRO;;;4429;;Colisão;;;;Meio de Quadra;;;0;2;0;0;0;0;0;0;0;1;0;0;-3,718721385;-38,57239531
342966;12;1;2019;19:51;0;RUA OSCAR ARARIPE;;;368;;Colisão;;;;Meio de Quadra;;;0;2;0;0;0;0;0;0;0;1;0;0;-3,792701;-38,5946
342967;12;1;2019;20:34;0;AV PRS CASTELO BRANCO;;;7815;;Colisão;;;;Meio de Quadra;;;0;1;0;0;0;0;0;0;0;1;0;0;;
342968;12;1;2019;20:37;0;AV MOZART PINHEIRO DE LUCENA;;;2280;;Queda;;;;Meio de Quadra;;;0;1;0;0;0;0;0;0;0;1;0;0;-3,7229305;-38,5970495
342969;12;1;2019;21:37;0;AV FRANCISCO SA;;;770;;Queda;;;;Meio de Quadra;;;0;1;0;0;0;0;0;0;0;1;0;0;-3,71892;-38,5528
342970;12;1;2019;21:57;0;RUA CAP ARAGAO;;;427;;Atropelamento;;;;Meio de Quadra;;;0;1;1;0;0;0;0;0;0;0;0;0;-3,765075;-38,514122
342971;12;1;2019;22:54;0;AV WASHINGTON SOARES;;;;;Queda;;;;Meio de Quadra;;;0;1;0;0;0;0;0;0;0;1;0;0;;
342972;12;1;2019;22:56;0;AV CASTANHOLEIRAS;;;88;;Queda;;;;Meio de Quadra;;;0;1;0;0;0;0;0;0;0;1;0;0;-3,750395615;-38,46771608
342973;12;1;2019;23:27;0;RUA RORAIMA;;;49;;Colisão;;;;Meio de Quadra;;;0;1;0;0;0;0;0;0;0;0;0;0;-3,75314;-38,59127
342961;12;1;2019;17:56;0;RUA DIOGO CORREIA;;;329;;Colisão;Anoitecer;;;Meio de Quadra;;;0;1;0;0;0;0;0;0;0;1;0;0;-3,770996;-38,590102
342962;12;1;2019;18:01;0;AV SEN FERNANDES TAVORA;;;2433;;Queda;Anoitecer;;;Meio de Quadra;;;0;1;0;0;0;1;0;0;0;0;0;0;-3,755953;-38,593889
342963;12;1;2019;18:03;0;AV CASTELO DE CASTRO;;;464;;Colisão;Anoitecer;;;Meio de Quadra;;;0;1;0;0;0;0;0;0;0;1;0;0;-3,833182083;-38,52156275
338905;12;1;2019;18:30;9975;RUA CEL FABRICIANO;RUA PATO BRANCO;;;;Colisão Frontal;Anoitecer;Bom;Seca;Cruz;Outros;Residencial;1;0;1;1;0;0;0;0;0;1;0;0;-3,780554;-38,615878
339451;12;1;2019;11:40;0;RD CE-040;;;;KM-05;Colisão;Luz do Dia;;Seca;Meio de Quadra;;;0;0;2;1;0;0;0;0;0;1;0;0;-3,800595823;-38,47953463
339452;13;1;2019;17:00;0;RD CE-040;;;;KM-07;Engavetamento;Via Iluminada;;Seca;Meio de Quadra;;;0;0;3;1;0;0;0;0;0;0;0;0;-3,817159445;-38,48303286
339411;13;1;2019;17:55;0;RD BR 116;;;6000;KM-06;Colisão;Anoitecer;;;Meio de Quadra;;;0;0;2;0;0;0;0;0;0;1;0;0;-3,804691;-38,503053
338915;13;1;2019;19:00;1600;RUA LEONARDO MOTA;RUA GAL TERTULIANO POTYGUARA;;;;Colisão Lateral;Luz do Dia;Bom;Seca;Cruz;Semáforo;Residencial;0;1;1;1;0;0;0;0;0;1;0;0;-3,743762;-38,498626
340111;13;1;2019;06:00;83;RUA PDE PERDIGAO SAMPAIO;RUA SAO VICENTE DE PAULA D29;;;;Colisão Transversal;Luz do Dia;Nublado;Molhada;Cruz;Pare;Escola;0;1;1;1;0;0;0;0;0;1;0;0;-3,7389562;-38,594833
340112;13;1;2019;05:40;0;AV H CJ JOSE WALTER;LOGRADOURO SEM NOME;;0;;Colisão Transversal;Luz do Dia;Bom;Seca;Cruz;Pare;Residencial;0;0;1;1;0;0;0;0;0;1;0;0;-3,841713;-38,554016
340113;13;1;2019;20:20;9131;AV 13 DE MAIO;AV LUCIANO CARNEIRO;;0;;Queda;Via Iluminada;Bom;Seca;Cruz;Semáforo;Comercial;0;2;0;0;0;0;0;0;0;1;0;0;-3,747615;-38,531331
340114;13;1;2019;20:26;0;RUA CEL MATOS DOURADO;;;658;;Capotamento;Via Iluminada;Bom;Seca;Meio de Quadra;Não Há Controle;Residencial;0;1;2;1;0;0;0;0;0;0;0;0;-3,744771803;-38,58487839
339860;13;1;2019;10:00;10175;AV I CJ CEARA;AV H CJ CEARA;;;;Colisão;Luz do Dia;;;T;Não Há Controle;Residencial;0;0;1;0;0;0;0;0;0;0;0;0;-3,774525;-38,60156
339921;13;1;2019;12:05;0;AV JOAO PESSOA;;;6886;;Choque c/ Obstáculo Fixo;Luz do Dia;;;Meio de Quadra;;;0;0;1;0;0;0;0;0;0;0;0;0;-3,770275;-38,561062
339875;14;1;2019;19:10;9114;AV BORGES DE MELO;RUA DEP OSWALDO STUDART;;;;Colisão;;;;Cruz;Semáforo;Comercial;0;0;2;1;0;0;0;0;0;1;0;0;-3,758147;-38,532143
339861;14;1;2019;01:00;15251;RUA DEP MOREIRA DA ROCHA;RUA TIBURCIO CAVALCANTE;;;;Colisão;;;;Cruz;Pare;Residencial;0;0;2;1;0;0;0;0;0;0;0;0;-3,728066;-38,500041
340115;14;1;2019;07:31;0;AV PRO GOMES DE MATOS;;;1066;;Engavetamento;Luz do Dia;Chuva;Molhada;Meio de Quadra;Semáforo;Comercial;0;1;2;1;0;0;0;0;0;1;0;0;-3,76209;-38,546409
340116;14;1;2019;08:45;5396;RUA SEN POMPEU;RUA GAL CLARINDO DE QUEIROZ;;;;Atropelamento;Luz do Dia;Nublado;Molhada;Cruz;Semáforo;Comercial;0;2;0;0;0;0;0;0;0;1;0;0;-3,732353;-38,531279
340117;14;1;2019;14:48;0;AV DES MOREIRA;;;2509;;Colisão Lateral;Luz do Dia;Bom;Seca;Meio de Quadra;Semáforo;Comercial;0;0;2;1;0;0;0;0;0;1;0;0;-3,747526;-38,501963
340120;14;1;2019;07:58;5086;RUA PDE MORORO;RUA SAO PAULO;;0;;Choque c/ Obstáculo Fixo;Luz do Dia;Chuva;Molhada;Cruz;Semáforo;Comercial;0;0;1;1;0;0;0;0;0;0;0;0;-3,722996;-38,536741
338928;14;1;2019;17:15;0;AV PRS COSTA E SILVA;;;2527;;Colisão;Via Iluminada;Nublado;Seca;Meio de Quadra;Não Há Controle;Comercial;0;1;1;0;0;0;0;0;0;1;0;0;-3,820576;-38,55947616
339474;14;1;2019;07:00;0;ROD CE 010;;;3;;Choque c/ Obstáculo Fixo;Luz do Dia;;;Meio de Quadra;;;0;0;1;0;0;0;0;0;0;0;0;0;;
339412;15;1;2019;08:40;0;RD BR 020;;;;KM 429;Colisão;Luz do Dia;;;Meio de Quadra;;;0;0;2;1;0;0;0;0;0;1;0;0;-3,869;-38,507
343146;15;1;2019;17:10;0;ROD CE 010;;;6;;Colisão;Anoitecer;;;Meio de Quadra;;;0;1;0;0;0;0;0;0;0;0;0;0;;
340121;15;1;2019;08:10;5211;RUA LIBERATO BARROSO;AV IMPERADOR;;0;;Colisão Lateral;Luz do Dia;Bom;Seca;Cruz;Semáforo;Comercial;0;0;2;1;1;0;0;0;0;0;0;0;-3,726511;-38,534257
340122;15;1;2019;10:55;0;RUA JACINTO MATOS;;;859;;Atropelamento;Luz do Dia;Chuva;Molhada;Meio de Quadra;Não Há Controle;Residencial;0;2;0;0;0;0;0;0;0;1;0;0;-3,718146;-38,546658
340123;15;1;2019;11:00;0;AV JOAO PESSOA;;;6886;;Colisão Traseira;Luz do Dia;Chuva;Molhada;Meio de Quadra;Semáforo;Escola;0;0;2;0;0;0;0;0;0;1;0;0;-3,770275;-38,561062
340124;15;1;2019;15:00;0;RUA JOSE VILAR;;;911;;Não Informado;Luz do Dia;Bom;Seca;Meio de Quadra;Semáforo;Residencial;0;0;2;1;0;0;0;0;0;0;0;0;-3,733125;-38,5038125
340125;15;1;2019;18:58;0;AV DEP PAULINO ROCHA;;;1982;;Não Informado;Anoitecer;Nublado;Seca;Meio de Quadra;Não Há Controle;Comercial;0;1;1;0;0;0;0;0;0;1;0;0;-3,8111005;-38,5154
340118;15;1;2019;06:52;7622;RUA PERNAMBUCO;RUA STA CATARINA (BELA VISTA / PAN AMERICANO);;0;;Colisão Transversal;Luz do Dia;Nublado;Molhada;Cruz;Pare;Residencial;0;1;1;0;0;0;0;0;0;1;0;0;-3,759605;-38,569067
340119;15;1;2019;08:00;15136;AV MON TABOSA;RUA ANTONIO AUGUSTO;;0;;Colisão Transversal;Luz do Dia;Bom;Seca;Cruz;Pare;Comercial;0;0;2;0;0;0;0;0;0;1;0;0;-3,724092;-38,511469
340127;15;1;2019;18:30;0;RUA CON DE CASTRO;;;4068;;Colisão Transversal;Via Iluminada;Bom;Seca;Meio de Quadra;Não Há Controle;Residencial;0;1;1;1;0;0;0;0;0;1;0;0;-3,801454;-38,588763
340128;15;1;2019;07:23;0;AV BERNARDO MANUEL;;;9350;;Não Informado;Luz do Dia;Nublado;Seca;Outros;Semáforo;Escola;0;0;2;1;0;0;0;0;0;1;0;0;-3,8015418;-38,55242
340129;16;1;2019;05:49;15766;RUA MANUEL ARRUDA;RUA STA CLARA DE ASSIS;;;;Outros;Amanhecer;Nublado;Molhada;Cruz;Pare;Escola;0;1;0;0;0;0;0;0;0;1;0;0;-3,829579;-38,501355
340130;16;1;2019;11:17;0;AV MAE MANOEL MAVIGNIER;AV HERACLITO GRACA;;0;;Colisão Traseira;Luz do Dia;Bom;Seca;Cruz;Semáforo;Comercial;0;0;2;1;0;0;0;0;0;0;0;0;-3,7342284;-38,5229
340131;16;1;2019;13:23;0;AV SANTOS DUMONT;;;2829;;Colisão Transversal;Luz do Dia;Bom;Seca;Meio de Quadra;Não Há Controle;Comercial;0;0;2;1;0;0;0;0;0;0;0;0;-3,736027875;-38,49899375
340132;16;1;2019;13:49;0;RUA LAURO NOGUEIRA;;;1500;;Colisão Lateral;Luz do Dia;Bom;Seca;T;Semáforo;Comercial;0;0;2;1;0;0;0;0;0;1;0;0;-3,7417505;-38,47249
340133;16;1;2019;15:12;0;RUA SEN POMPEU;;;2610;;Colisão Transversal;Luz do Dia;Bom;Seca;Meio de Quadra;Não Há Controle;Escola;0;0;2;1;1;0;0;0;0;0;0;0;-3,741403904;-38,53401094
340134;16;1;2019;16:34;0;AV GOV RAUL BARBOSA;;;5350;;Colisão Transversal;Luz do Dia;Bom;Seca;Meio de Quadra;Não Há Controle;Residencial;0;0;2;1;0;0;0;0;0;0;0;0;-3,765805;-38,5090025
340135;16;1;2019;19:27;0;RUA BAR RIO BRANCO;;;1129;;Colisão Traseira;Via Iluminada;Bom;Seca;Meio de Quadra;Não Há Controle;Comercial;0;0;2;1;0;0;0;0;0;0;0;0;-3,729189;-38,529152
340136;16;1;2019;19:58;0;AV DOS EXPEDICIONARIOS;;;3226;;Colisão Traseira;Mal Iluminada;Bom;Seca;Meio de Quadra;Não Há Controle;Residencial;0;0;1;1;0;0;0;0;0;0;0;0;-3,746858;-38,5356795
340137;16;1;2019;10:30;9034;AV AGUANAMBI;RUA CEL SOLON;;;;Colisão Transversal;Luz do Dia;Bom;Seca;Cruz;Semáforo;Comercial;0;1;1;1;0;0;0;0;0;1;0;0;-3,742854;-38,525818
339879;16;1;2019;13:10;0;RUA PERNAMBUCO;;;3311;;Colisão;Luz do Dia;;;Meio de Quadra;;;0;0;2;1;0;0;0;0;0;0;0;0;-3,747733;-38,581559
339886;16;1;2019;12:33;23453;RUA PAULO FIRMEZA;RUA CAP MELO;;;;Colisão;Luz do Dia;;;Cruz;Pare;Residencial;0;0;2;1;0;0;0;0;0;1;0;0;-3,757131;-38,512966
339889;16;1;2019;23:30;0;AV JOR THOMAZ COELHO;;;;;Colisão;;;;Meio de Quadra;;;0;0;2;0;0;0;0;0;0;1;0;0;;
340126;16;1;2019;22:36;0;RUA DR JOSE LINO;;;941;;Colisão Transversal;Anoitecer;Bom;Seca;Cruz;Pare;Residencial;0;0;2;1;0;0;0;0;0;1;0;0;-3,730637778;-38,483073
339482;16;1;2019;16:40;0;RD CE-040;;;;KM-08;Colisão;Luz do Dia;;;Meio de Quadra;;;0;0;2;0;0;0;0;0;0;0;0;0;-3,825515822;-38,48153832
339401;16;1;2019;05:50;15766;RUA MANUEL ARRUDA;RUA STA CLARA DE ASSIS;;;;Colisão;Amanhecer;;;Cruz;Não Há Controle;Comercial;1;0;1;1;0;0;0;0;0;1;0;0;-3,829579;-38,501355
339475;16;1;2019;12:00;0;AV SEN CARLOS JEREISSATI (AEROPORTO);;;;KM 01;Colisão;Luz do Dia;;Seca;Meio de Quadra;;;0;0;2;1;0;0;0;0;0;0;0;0;-3,783753;-38,52685
339402;17;1;2019;18:10;0;RUA DO CRATO;;;115;;Atropelamento;Anoitecer;;;Meio de Quadra;;;1;0;1;1;0;0;0;0;0;0;0;0;-3,835908333;-38,52880583
338882;17;1;2019;06:30;0;RUA PERGENTINO MAIA;;;210;;Colisão;Luz do Dia;Bom;Seca;Meio de Quadra;;;1;1;0;0;0;0;0;0;0;1;0;0;-3,830863032;-38,49283803
339484;17;1;2019;08:05;0;RD CE-040;;;;KM-04;Colisão;Luz do Dia;;;Meio de Quadra;;;0;0;2;1;0;0;1;0;0;0;0;0;-3,791613156;-38,48033084
339413;17;1;2019;15:40;0;RD BR 116;;;5000;KM-05;Tombamento;Luz do Dia;;;Meio de Quadra;;;0;0;2;0;0;0;0;0;0;1;0;0;-3,796502;-38,506787
339906;17;1;2019;15:20;9034;AV AGUANAMBI;RUA CEL SOLON;;;;Colisão;Luz do Dia;;;Cruz;Não Há Controle;Comercial;0;0;2;0;1;0;0;0;0;1;0;0;-3,742854;-38,525818
339888;17;1;2019;05:20;0;AV JOSE BASTOS;;;;;Colisão;Amanhecer;;;Meio de Quadra;;;0;0;2;0;1;0;0;0;0;0;0;0;;
340138;17;1;2019;08:47;0;AV JOVITA FEITOSA;;;2720;;Queda;Luz do Dia;Bom;Seca;Meio de Quadra;Dê Preferência;Comercial;0;1;0;0;0;0;0;0;0;1;0;0;-3,740889556;-38,56160467
340139;17;1;2019;14:04;9034;AV AGUANAMBI;RUA CEL SOLON;;;;Colisão Lateral;Luz do Dia;Bom;Seca;Cruz;Semáforo;Comercial;0;1;1;0;1;0;0;0;0;1;0;0;-3,742854;-38,525818
340140;17;1;2019;13:40;24360;RUA ALM RUFINO;RUA SAO MATEUS D14;;1076;;Colisão Transversal;Luz do Dia;Bom;Seca;Cruz;Não Há Controle;Residencial;0;0;2;1;0;0;0;0;0;0;0;0;-3,76593;-38,539211
340141;17;1;2019;17:00;9073;RUA CEL JOSE EUCLIDES;RUA LAURO MAIA;;0;;Colisão Traseira;Luz do Dia;Bom;Seca;Cruz;Pare;Residencial;0;0;2;1;0;0;0;0;0;0;0;0;-3,752061;-38,521915
340142;17;1;2019;15:00;11254;AV GODOFREDO MACIEL;RUA MARIA J. PESSOA;;;;Colisão Lateral;Luz do Dia;Bom;Seca;T;Pare;Comercial;0;2;1;0;0;0;0;0;0;1;0;0;-3,800885;-38,571303
340143;17;1;2019;15:00;1232;RUA COSTA BARROS;RUA MON BRUNO;;;;Colisão;Luz do Dia;Bom;Seca;Cruz;Pare;Comercial;0;1;1;1;0;0;0;0;0;1;0;0;-3,731183;-38,50904
340144;17;1;2019;19:47;15136;AV MON TABOSA;RUA ANTONIO AUGUSTO;;;;Colisão Lateral;Via Iluminada;Bom;Seca;Cruz;Pare;Comercial;0;0;2;1;0;0;0;0;0;0;0;0;-3,724092;-38,511469
340145;17;1;2019;20:07;0;RUA DR JOSE LOURENCO;RUA GUSTAVO SAMPAIO;;0;;Colisão Transversal;Anoitecer;Bom;Seca;Cruz;Pare;Residencial;0;0;2;1;0;0;0;0;0;0;0;0;-3,7358579;-38,5595038
340146;17;1;2019;20:28;26083;AV JOSE JATAHY;AV BEZERRA DE MENEZES;;0;;Colisão Traseira;Via Iluminada;Bom;Seca;Outros;Semáforo;Residencial;0;0;2;1;0;0;0;0;0;1;0;0;-3,7315183;-38,5450206
340876;17;1;2019;18:09;0;AV MON TABOSA;;;;;Atropelamento;Anoitecer;;;Meio de Quadra;;;0;1;1;1;0;0;0;0;0;0;0;0;;
340853;17;1;2019;16:41;1294;RUA CARLOS VASCONCELOS;RUA TORRES CAMARA;;;;Queda;Luz do Dia;;;Cruz;Semáforo;Comercial;0;1;0;0;0;1;0;0;0;0;0;0;-3,734251;-38,511204
340854;17;1;2019;16:57;0;RUA NAPOLEAO LAUREANO;;;;;Colisão;Luz do Dia;;;Meio de Quadra;;;0;1;1;1;0;0;0;0;0;1;0;0;;
340851;17;1;2019;15:59;0;RUA CANDIDO MAIA;;;152;;Atropelamento;Luz do Dia;;;Meio de Quadra;;;0;1;1;1;0;0;0;0;0;0;0;0;-3,7357365;-38,5901574
340841;17;1;2019;06:18;0;RUA CEL FRANCISCO PEREIRA (MESSEJANA);;;;;Colisão;Luz do Dia;;;Meio de Quadra;;;0;0;1;0;0;0;0;0;0;0;0;0;;
340839;17;1;2019;06:09;0;RUA BAR RIO BRANCO;;;;;Queda;Luz do Dia;;;Meio de Quadra;;;0;1;0;0;0;0;0;0;0;1;0;0;;
340843;17;1;2019;06:51;0;AV GAL OSORIO DE PAIVA;;;4562;;Colisão;Luz do Dia;;;Meio de Quadra;;;0;0;2;0;0;0;0;0;0;1;0;0;-3,7989986;-38,5965088
340844;17;1;2019;07:17;0;RUA CEL MATOS DOURADO;;;;;Queda;Luz do Dia;;;Meio de Quadra;;;0;1;0;0;0;0;0;0;0;1;0;0;;
340845;17;1;2019;07:41;0;AV DOS JANGADEIROS;;;1111;;Colisão;Luz do Dia;;;Meio de Quadra;;;0;1;1;1;0;0;0;0;0;1;0;0;-3,72697;-38,47945
340846;17;1;2019;08:04;2436;AV PRS CASTELO BRANCO;RUA GRACA ARANHA;;;;Colisão;Luz do Dia;;;Cruz;Semáforo;Residencial;1;0;1;1;0;0;0;0;0;1;0;0;-3,706856;-38,572655
340847;17;1;2019;11:27;9578;RUA SOUSA CARVALHO;RUA SAO LUIZ DO OESTE;;;;Colisão;Luz do Dia;;;Cruz;Não Há Controle;Residencial;0;1;1;1;0;0;0;0;0;1;0;0;-3,777927;-38,608923
340848;17;1;2019;12:56;0;AV DR THEBERGE;;;788;;Colisão;Luz do Dia;;;Meio de Quadra;;;0;1;1;1;0;0;0;0;0;1;0;0;-3,710247;-38,5635085
340849;17;1;2019;13:39;17309;AV PRO GOMES DE MATOS;RUA ALFREDO DE CASTRO;;;;Colisão;Luz do Dia;;;T;Pare;Comercial;0;0;2;1;0;0;0;0;0;1;0;0;-3,764234;-38,548267
340878;17;1;2019;18:10;0;RUA BAR CRATO;;;115;;Atropelamento;Anoitecer;;;Meio de Quadra;;;0;1;1;0;0;0;0;0;0;1;0;0;;
340879;17;1;2019;19:19;0;AV FRE CIRILO;;;4785;;Colisão;;;;Meio de Quadra;;;0;1;0;0;0;0;0;0;0;0;0;0;-3,826682111;-38,49358789
340881;17;1;2019;20:11;0;RUA BERNARDO MANUEL;;;7592;;Atropelamento;;;;Meio de Quadra;;;0;1;1;1;0;0;0;0;0;0;0;0;-3,7846655;-38,547104
340882;17;1;2019;20:27;0;RUA EDUARDO PERDIGAO;;;120;;Queda;;;;Meio de Quadra;;;0;1;0;0;0;0;0;0;0;1;0;0;-3,775579;-38,564769
340884;17;1;2019;20:48;0;AV ANTONIO SALES;;;808;;Queda;;;;Meio de Quadra;;;0;1;0;0;0;1;0;0;0;0;0;0;-3,741676035;-38,51454565
340885;17;1;2019;21:27;0;AV ODILON GUIMARAES;;;1956;;Colisão;;;;Meio de Quadra;;;0;1;1;0;0;0;0;0;0;1;0;0;-3,821413192;-38,47648315
340886;17;1;2019;22:34;0;AV DR SILAS MUNGUBA;;;4411;;Colisão;;;;Meio de Quadra;;;0;1;1;1;0;0;0;0;0;1;0;0;-3,791983;-38,536419
340887;18;1;2019;06:07;0;RUA ENG LUIS MONTENEGRO;;;75;;Colisão;Luz do Dia;;;Meio de Quadra;;;0;1;0;0;0;0;0;0;0;0;0;0;-3,8156455;-38,6136994
340888;18;1;2019;06:07;0;AV ROGACIANO LEITE;;;4000;;Queda;Luz do Dia;;;Meio de Quadra;;;0;1;0;0;0;0;0;0;0;1;0;0;-3,75656;-38,49159
340890;18;1;2019;08:59;15255;RUA TEN BENEVOLO;RUA MON BRUNO;;;;Colisão;Luz do Dia;;;Cruz;Pare;Residencial;0;1;1;1;0;0;0;0;0;1;0;0;-3,728332;-38,508124
340891;18;1;2019;09:19;0;AV OLIVEIRA PAIVA;;;;;Queda;Luz do Dia;;;Meio de Quadra;;;0;1;0;0;0;0;0;0;0;1;0;0;;
340952;18;1;2019;09:26;0;RUA BERNARDO MANUEL;;;9370;;Colisão;Luz do Dia;;;Meio de Quadra;;;0;1;0;0;0;0;0;0;0;0;0;0;-3,802169667;-38,55247333
340954;18;1;2019;10:49;3819;RUA JUVENAL GALENO;AV CARAPINIMA;;;;Queda;Luz do Dia;;;Cruz;Semáforo;Comercial;0;1;0;0;0;0;0;0;0;1;0;0;-3,738998;-38,539176
341014;18;1;2019;16:58;5107;AV MON TABOSA;RUA SEN ALMINO;;;;Colisão;Luz do Dia;;;Cruz;Pare;Comercial;0;1;1;1;0;0;0;0;0;1;0;0;-3,723661;-38,518035
341015;18;1;2019;17:01;0;RUA BOA VISTA;;;747;;Atropelamento;Anoitecer;;;Meio de Quadra;;;0;1;1;1;0;0;0;0;0;0;0;0;-3,768742;-38,586594