COD_ACIDENTE;DIA;MES;ANO;HORA;INTERSECAO;LOG1;LOG2;LOG3;NUMERO;REFERENCIA;NATUREZA;ILUMINACAO;TEMPO;SUPERFICIEPISTA;TIPOCRUZAMENTO;CONTROLETRAFEGO;USOSOLO;MORTOS;FERIDOS;ILESOS;AUTOMOVEL;ONIBUS;BICICLETA;CAMINHAO;MICROONIBUS;CICLOMOTOR;MOTOCICLETA;TRACAOANIMAL;TREM;LATITUDE;LONGITUDE
341001;18;1;2019;16:52;0;RUA VITORIA;;;222;;Colisão;Luz do Dia;;;Meio de Quadra;;;0;1;1;1;0;0;0;0;0;1;0;0;-3,7614197;-38,5865454
340999;18;1;2019;16:17;0;AV PRS CASTELO BRANCO;;;;;Atropelamento de Animal;Luz do Dia;;;Meio de Quadra;;;0;1;0;0;0;0;0;0;0;1;0;0;;
341017;18;1;2019;17:12;0;AV GAL OSORIO DE PAIVA;;;;;Colisão;Anoitecer;;;Meio de Quadra;;;0;1;0;0;0;0;0;0;0;0;0;0;;
341019;18;1;2019;18:00;0;RUA SEN POMPEU;;;2364;;Colisão;Anoitecer;;;Meio de Quadra;;;0;1;1;1;0;0;0;0;0;1;0;0;-3,7391325;-38,533328
341020;18;1;2019;18:01;0;RD BR 116;;;;;Queda;Anoitecer;;;Meio de Quadra;;;0;1;0;0;0;0;0;0;0;1;0;0;;
341022;18;1;2019;18:02;0;AV ROGACIANO LEITE;;;900;;Colisão;Anoitecer;;;Meio de Quadra;;;0;1;0;0;0;0;0;0;0;0;0;0;-3,764977491;-38,49552761
341023;18;1;2019;18:17;13368;RUA JOAO BRIGIDO;RUA J DA PENHA;;;;Colisão;Anoitecer;;;Cruz;Pare;Comercial;0;1;1;1;0;1;0;0;0;0;0;0;-3,738925;-38,521117
340990;18;1;2019;15:28;0;RUA VALPARAISO;;;2050;;Colisão;Luz do Dia;;;Meio de Quadra;;;0;1;1;1;0;0;0;0;0;1;0;0;-3,846398;-38,5198565
340991;18;1;2019;16:11;0;AV ENG HUMBERTO MONTE;;;4400;;Colisão;Luz do Dia;;;Meio de Quadra;;;0;1;1;1;0;0;0;0;0;1;0;0;;
340984;18;1;2019;11:07;0;AV FRE CIRILO;;;;;Colisão;Luz do Dia;;;Meio de Quadra;;;0;1;1;1;0;0;0;0;0;1;0;0;;
340985;18;1;2019;12:08;0;AV GAL OSORIO DE PAIVA;;;929;;Colisão;Luz do Dia;;;Meio de Quadra;;;0;0;2;1;0;0;0;0;0;1;0;0;-3,778061;-38,57036
340986;18;1;2019;13:20;23309;RUA PARAISO VERDE;RUA TEBAS;;;;Colisão;Luz do Dia;;;;;;0;0;2;1;0;0;0;0;0;1;0;0;-3,813667;-38,620555
340987;18;1;2019;13:22;0;RUA CARLINDO CRUZ;;;157;;Colisão;Luz do Dia;;;Meio de Quadra;;;0;1;1;1;0;0;0;0;0;1;0;0;-3,72878587;-38,5746812
341090;18;1;2019;22:10;5346;RUA JOAO CORDEIRO;AV SANTOS DUMONT;;;;Atropelamento;;;;Cruz;Semáforo;Comercial;0;1;1;1;0;0;0;0;0;0;0;0;-3,730878;-38,514781
341091;18;1;2019;23:14;7433;RUA PEDRO DANTAS;RUA CLARIM;;;;Colisão;;;;T;Não Há Controle;Residencial;0;1;1;1;0;0;0;0;0;1;0;0;-3,785202;-38,525882
341051;18;1;2019;20:43;0;RUA ROSA CORDEIRO;;;420;;Colisão;;;;Meio de Quadra;;;0;1;1;1;0;0;0;0;0;1;0;0;-3,773836;-38,4649545
341048;18;1;2019;20:40;0;AV BORGES DE MELO;;;;;Colisão;;;;Meio de Quadra;;;0;1;1;1;0;0;0;0;0;1;0;0;;
341046;18;1;2019;20:24;10009;RUA ANTONIO NERY;RUA PRIMEIRO DE MAIO D34;;;;Colisão;;;;Cruz;Não Há Controle;Residencial;0;1;1;1;0;0;0;0;0;1;0;0;-3,779524;-38,600582
341043;18;1;2019;19:43;0;RUA JOAO FIRMINO;;;176;;Atropelamento;;;;Meio de Quadra;;;0;1;1;0;0;0;0;0;0;1;0;0;-3,7607675;-38,552504
341044;18;1;2019;19:48;0;RUA TAVARES COUTINHO;;;1764;;Queda;;;;Meio de Quadra;;;0;1;0;0;0;1;0;0;0;0;0;0;-3,73261373;-38,48722238
340147;18;1;2019;08:15;0;RUA JOAQUIM FELICIO;AV FRE CIRILO;;1;;Colisão Lateral;Luz do Dia;Chuva;Molhada;Cruz;Pare;Comercial;0;0;2;1;0;0;0;0;0;0;0;0;-3,829607;-38,4937
340148;18;1;2019;09:15;1485;RUA PDE VALDEVINO;RUA ANTONIO AUGUSTO;;;;Colisão Lateral;Luz do Dia;Chuva;Molhada;Cruz;Pare;Comercial;0;1;1;1;0;0;0;0;0;0;0;0;-3,739239;-38,516489
340149;18;1;2019;14:39;3778;AV DA UNIVERSIDADE;RUA ANTONIO POMPEU;;;;Colisão Transversal;Luz do Dia;Nublado;Seca;Cruz;Semáforo;Comercial;0;1;1;0;0;0;0;0;0;1;0;0;-3,734083;-38,532908
340150;18;1;2019;13:00;5107;AV MON TABOSA;RUA SEN ALMINO;;;;Choque c/ Obstáculo Fixo;Luz do Dia;Bom;Seca;Cruz;Pare;Comercial;0;1;1;0;0;0;0;0;0;1;0;0;-3,723661;-38,518035
340151;18;1;2019;16:25;5331;AV SANTOS DUMONT;RUA GONCALVES LEDO;;;;Colisão Transversal;Luz do Dia;Bom;Seca;Cruz;Pare;Comercial;0;2;1;1;0;0;0;0;0;1;0;0;-3,730535;-38,515848
340152;18;1;2019;19:07;0;RUA ANTONIO FIUZA;;;32;;Engavetamento;Via Iluminada;Bom;Seca;Meio de Quadra;Gesto;Comercial;0;0;3;1;0;0;0;0;0;0;0;0;-3,768452;-38,551577
340153;18;1;2019;19:09;0;AV ROGACIANO LEITE;;;900;;Colisão Frontal;Anoitecer;Bom;Seca;Meio de Quadra;Semáforo;Residencial;0;1;1;1;0;0;0;0;0;0;0;0;-3,764977491;-38,49552761
340154;18;1;2019;22:04;0;RUA CARLOS AMORA;;;0;;Colisão Lateral;Via Iluminada;Bom;Seca;Não Informado;Gesto;Comercial;0;0;2;1;0;0;0;0;0;0;0;0;;
340160;18;1;2019;14:22;0;RUA ANTONIO AUGUSTO;RUA MOMBACA;;0;;Colisão Transversal;Luz do Dia;Nublado;Seca;Outros;Pare;Residencial;0;0;2;1;0;0;0;0;0;1;0;0;-3,7290851;-38,5130626
339892;18;1;2019;02:00;0;RUA URUCUTUBA;;;2169;;Colisão;;;;Meio de Quadra;;;0;0;4;0;0;0;1;0;0;1;0;0;-3,79872;-38,616308
339913;18;1;2019;18:00;0;RUA TEN QUEIROZ;;;;;Colisão;Anoitecer;;;Meio de Quadra;;;0;0;3;0;0;0;0;0;0;0;0;0;;
339942;18;1;2019;11:30;25844;RUA TEODOMIRO DE CASTRO;RUA ALFREDO WEYNE (A. WEYNE);;;;Colisão;Luz do Dia;;;;;;0;0;2;0;0;0;0;0;0;1;0;0;-3,718462;-38,572879
339485;18;1;2019;20:20;0;AV SEN CARLOS JEREISSATI (AEROPORTO);;;;KM 03;Colisão;;;;Meio de Quadra;;;0;0;2;1;0;0;0;0;0;0;0;0;-3,779641;-38,544038
339403;18;1;2019;14:00;0;AV DR THEBERGE;;;1991;;Atropelamento;Luz do Dia;;;Meio de Quadra;;;1;0;1;0;0;0;0;0;0;1;0;0;-3,718007;-38,566062
339486;19;1;2019;11:40;0;RD CE-025;;;;KM-04;Choque c/ Obstáculo Fixo;Luz do Dia;;;Meio de Quadra;;;0;0;2;0;1;0;0;0;0;0;0;0;-3,805111679;-38,44333873
339508;19;1;2019;16:30;0;RD CE-040;;;;KM-11;Colisão;Luz do Dia;;;Meio de Quadra;;;0;0;1;0;0;0;0;0;0;0;0;0;-3,84962623;-38,47606989
341409;19;1;2019;16:32;0;AV CEL CARVALHO;;;2142;;Colisão;Luz do Dia;;;Meio de Quadra;;;0;2;0;1;0;0;0;0;0;0;0;0;-3,721065933;-38,58698173
339443;19;1;2019;15:28;0;RUA BERNARDO MANUEL;;;10241;;Colisão;Luz do Dia;;;Meio de Quadra;;;1;1;1;0;1;0;0;0;0;1;0;0;-3,808919973;-38,554551
339917;19;1;2019;00:23;0;AV BORGES DE MELO;;;;;Colisão;;;;Meio de Quadra;;;0;0;2;1;0;0;0;0;0;1;0;0;;
339938;19;1;2019;01:30;0;AV CONTORNO SUL;;;;;Colisão;;;;Meio de Quadra;;;0;0;2;1;0;0;1;0;0;0;0;0;;
340155;19;1;2019;07:39;0;AV JOR THOMAZ COELHO;;;1982;;Choque c/ Obstáculo Fixo;Amanhecer;Chuva;Molhada;Meio de Quadra;Não Há Controle;Comercial;0;1;0;0;0;0;0;0;0;1;0;0;-3,8284006;-38,51385
340156;19;1;2019;11:14;0;AV RUI BARBOSA;;;0;;Colisão Frontal;Luz do Dia;Chuva;Molhada;Meio de Quadra;Semáforo;Comercial;0;0;2;1;0;0;0;0;0;1;0;0;;
340157;19;1;2019;15:00;0;RUA MANUEL JESUINO;;;230;;Colisão Traseira;Luz do Dia;Bom;Molhada;Meio de Quadra;Não Há Controle;Residencial;0;1;2;1;0;0;0;0;0;1;0;0;-3,727620671;-38,48493216
340158;19;1;2019;16:36;0;AV ENG SANTANA JUNIOR;;;2591;;Tombamento;Luz do Dia;Chuva;Molhada;Meio de Quadra;Não Há Controle;Comercial;0;0;1;0;0;0;0;0;0;0;0;0;-3,7470365;-38,48961
340159;19;1;2019;19:30;0;AV SGT HERMINIO SAMPAIO;;;3342;;Colisão Frontal;Via Iluminada;Bom;Seca;Meio de Quadra;Não Há Controle;Residencial;0;1;1;1;0;0;0;0;1;0;0;0;-3,728096;-38,57034
341094;19;1;2019;01:29;0;RUA AMOR PERFEITO;;;;;Queda;;;;Meio de Quadra;;;0;1;0;0;0;1;0;0;0;0;0;0;;
341095;19;1;2019;02:29;0;RUA PDE ANCHIETA;;;1303;;Colisão;;;;Meio de Quadra;;;0;1;1;1;0;0;0;0;0;0;0;0;-3,731832;-38,552133
341096;19;1;2019;04:47;0;AV JOR THOMAZ COELHO;;;;;Colisão;;;;Meio de Quadra;;;0;1;0;0;0;0;0;0;0;0;0;0;;
341097;19;1;2019;06:19;0;AV HIS RAIMUNDO GIRAO;;;;;Colisão;Luz do Dia;;;Meio de Quadra;;;0;1;1;1;0;0;0;0;0;1;0;0;;
341098;19;1;2019;07:18;0;RUA GUILHERME PERDIGAO;;;69;;Colisão;Luz do Dia;;;Meio de Quadra;;;0;1;1;1;0;1;0;0;0;0;0;0;-3,774351333;-38,56996467
341113;19;1;2019;07:53;0;AV WASHINGTON SOARES;;;;;Colisão;Luz do Dia;;;Meio de Quadra;;;0;1;1;1;0;0;0;0;0;1;0;0;;
341114;19;1;2019;10:00;0;AV PRS CASTELO BRANCO;;;;;Queda;Luz do Dia;;;Meio de Quadra;;;0;1;0;0;0;1;0;0;0;0;0;0;;
341167;19;1;2019;12:39;0;AV JOVITA FEITOSA;;;;;Queda;Luz do Dia;;;Meio de Quadra;;;0;1;0;0;0;0;0;0;0;1;0;0;;
341168;19;1;2019;12:47;22055;AV JOSE BASTOS;RUA PDE CICERO;;;;Colisão;Luz do Dia;;;T;Não Há Controle;Residencial;0;1;1;1;0;0;0;0;0;1;0;0;-3,744462;-38,544887
341170;19;1;2019;12:56;0;RUA CREUSA ROCHA;;;1089;;Colisão;Luz do Dia;;;Meio de Quadra;;;0;1;1;1;0;0;0;0;0;1;0;0;-3,7310788;-38,4902426
341171;19;1;2019;14:31;0;AV DR SILAS MUNGUBA;;;557;;Colisão;Luz do Dia;;;Meio de Quadra;;;0;1;1;1;0;0;0;0;0;1;0;0;-3,78557;-38,55161
341173;19;1;2019;14:36;0;RUA ALFREDO MAMEDE;;;780;;Colisão;Luz do Dia;;;Meio de Quadra;;;0;1;1;1;0;0;0;0;0;1;0;0;-3,813167;-38,584194
341176;19;1;2019;15:01;0;AV DR SILAS MUNGUBA;;;;;Colisão;Luz do Dia;;;Meio de Quadra;;;0;1;1;1;0;0;0;0;0;1;0;0;;
341179;19;1;2019;15:28;0;AV SGT HERMINIO SAMPAIO;;;1122;;Colisão;Luz do Dia;;;Meio de Quadra;;;0;1;1;1;0;0;0;0;0;1;0;0;-3,724652808;-38,55060546
341180;19;1;2019;15:33;17429;RUA MIMOSA;RUA RAUL CABRAL;;;;Colisão;Luz do Dia;;;Cruz;Pare;Comercial;0;1;1;1;0;1;0;0;0;0;0;0;-3,76862;-38,545143
341184;19;1;2019;15:54;0;AV ENG SANTANA JUNIOR;;;3000;;Outros;Luz do Dia;;;Meio de Quadra;;;0;1;0;0;0;0;0;0;0;0;0;0;-3,7471625;-38,489573
341186;19;1;2019;18:53;0;AV ODILON GUIMARAES;;;;;Colisão;Anoitecer;;;Meio de Quadra;;;0;1;1;1;0;0;0;0;0;0;0;0;;
341188;19;1;2019;19:02;0;RUA TEODOMIRO DE CASTRO;;;4507;;Colisão;;;;Meio de Quadra;;;0;1;1;1;0;0;0;0;0;1;0;0;-3,718209;-38,573357
341191;19;1;2019;19:12;0;RUA URUCUTUBA;;;;;Colisão;;;;Meio de Quadra;;;0;1;1;0;0;0;0;0;0;1;0;0;;
341193;19;1;2019;19:29;7751;RUA ESTADO DO RIO;RUA CEARA;;;;Colisão;;;;Cruz;Pare;Residencial;0;1;1;1;0;0;0;0;0;1;0;0;-3,756475;-38,569606
341120;19;1;2019;12:09;0;AV SEN FERNANDES TAVORA;;;;;Colisão;Luz do Dia;;;Meio de Quadra;;;0;1;1;1;0;0;0;0;0;1;0;0;;
341116;19;1;2019;10:31;0;RUA CEL ANTONIO SAMPAIO;;;875;;Queda;Luz do Dia;;;Meio de Quadra;;;0;1;0;0;0;0;0;0;0;1;0;0;-3,86158;-38,49502
341117;19;1;2019;11:54;0;RUA PRO DIAS DA ROCHA;;;1300;;Colisão;Luz do Dia;;;Meio de Quadra;;;0;1;1;1;0;0;0;0;0;1;0;0;-3,740103;-38,493139
341204;19;1;2019;22:05;0;AV BAR STUDART;;;2000;;Colisão;;;;Meio de Quadra;;;0;1;1;1;0;0;0;0;0;1;0;0;-3,7412115;-38,5087175
341205;19;1;2019;22:37;0;RD CE-040;;;10555;;Queda;;;;Meio de Quadra;;;0;1;0;0;0;1;0;0;0;0;0;0;;
341206;19;1;2019;23:29;0;RUA RAIMUNDO NERY;;;495;;Atropelamento;;;;Meio de Quadra;;;0;1;1;1;0;0;0;0;0;0;0;0;-3,793293714;-38,58678349
341199;19;1;2019;19:47;0;RUA VIRIATO RIBEIRO;;;520;;Colisão;;;;Meio de Quadra;;;0;1;1;1;0;1;0;0;0;0;0;0;-3,752218;-38,55934
341202;19;1;2019;21:22;0;RUA BERNARDO MANUEL;;;;;Colisão;;;;Meio de Quadra;;;0;1;1;1;0;0;0;0;0;1;0;0;;
341214;20;1;2019;05:52;0;RUA ALAN KARDEC;;;1125;;Colisão;Amanhecer;;;Meio de Quadra;;;0;1;1;1;0;0;0;0;0;1;0;0;-3,766436;-38,54790473
341215;20;1;2019;06:28;0;RUA MON AGOSTINHO;;;872;;Atropelamento;Luz do Dia;;;Meio de Quadra;;;0;1;1;0;0;0;0;0;0;0;0;0;-3,79138;-38,58672
341216;20;1;2019;09:25;0;RUA VITAL BRASIL;;;1523;;Colisão;Luz do Dia;;;Meio de Quadra;;;0;1;1;1;0;0;0;0;0;1;0;0;-3,7790519;-38,5943782
341217;20;1;2019;10:49;0;AV CASTELO DE CASTRO;;;1570;;Colisão;Luz do Dia;;;Meio de Quadra;;;0;1;1;1;0;0;0;0;0;1;0;0;-3,843547;-38,52154
341207;20;1;2019;00:13;0;AV CEL CARVALHO;;;;;Queda;;;;Meio de Quadra;;;0;1;0;0;0;0;0;0;0;1;0;0;;
341208;20;1;2019;00:24;0;RUA DEMETRIO MENEZES;;;;;Queda;;;;Meio de Quadra;;;0;1;0;0;0;0;0;0;0;1;0;0;;
341209;20;1;2019;02:11;0;RUA PRO EDGAR DE ARRUDA;;;2060;;Colisão;;;;Meio de Quadra;;;0;1;1;1;0;0;0;0;0;1;0;0;-3,754080333;-38,59250967
341210;20;1;2019;02:45;0;RUA JOSE HIPOLITO;;;790;;Colisão;;;;Meio de Quadra;;;0;1;1;1;0;0;0;0;0;1;0;0;-3,834348;-38,48881
341241;20;1;2019;17:47;0;RUA BAR AQUIRAZ;;;1836;;Colisão;Anoitecer;;;Meio de Quadra;;;0;1;0;0;0;0;0;0;0;1;0;0;-3,84279224;-38,4829982
341242;20;1;2019;18:03;0;AV AGUANAMBI;;;195;;Colisão;Anoitecer;;;Meio de Quadra;;;0;1;1;1;0;0;0;0;0;1;0;0;-3,7388587;-38,5245249
341243;20;1;2019;19:19;0;RUA AMARO JOSE DE SOUZA;;;87;;Colisão;;;;Meio de Quadra;;;0;1;1;1;0;0;0;0;0;1;0;0;-3,8236181;-38,4855635
341244;20;1;2019;19:45;0;RUA VALPARAISO;;;;;Colisão;;;;Meio de Quadra;;;0;1;0;0;0;0;0;0;0;0;0;0;;
341245;20;1;2019;19:51;0;AV SEN FERNANDES TAVORA;;;972;;Queda;;;;Meio de Quadra;;;0;1;0;0;0;0;0;0;0;1;0;0;-3,762394833;-38,58178167
341233;20;1;2019;12:30;0;RUA SGT JOAO PINHEIRO;;;;;Colisão;Luz do Dia;;;Meio de Quadra;;;0;1;1;1;0;0;0;0;0;1;0;0;;
341249;20;1;2019;22:57;0;AV PRS CASTELO BRANCO;;;248;;Queda;;;;Meio de Quadra;;;0;1;0;0;0;0;0;0;0;1;0;0;-3,6999019;-38,5878007
341268;20;1;2019;23:31;15292;AV ANTONIO JUSTA;RUA FRE MANSUETO;;;;Colisão;;;;Cruz;Pare;Comercial;0;1;0;0;0;0;0;0;0;0;0;0;-3,729381;-38,48895
341269;20;1;2019;23:36;12699;AV MAJ ASSIS;AV CEL CARVALHO;;;;Atropelamento;;;;Cruz;Semáforo;Comercial;0;1;1;0;0;0;0;0;0;0;0;0;-3,723796;-38,586255
341247;20;1;2019;21:15;0;AV ROGACIANO LEITE;;;2795;;Colisão;;;;Meio de Quadra;;;0;1;1;1;0;1;0;0;0;0;0;0;-3,783629815;-38,5025063
341212;20;1;2019;03:55;0;AV I CJ CEARA;;;200;;Atropelamento;;;;Meio de Quadra;;;0;1;1;1;0;0;0;0;0;0;0;0;-3,81351;-38,59005
341237;20;1;2019;13:31;0;RUA EQUADOR;;;726;;Colisão;Luz do Dia;;;Meio de Quadra;;;0;1;1;0;0;0;0;0;0;1;0;0;-3,773482;-38,552222
340801;20;1;2019;08:20;10935;RUA ELCIAS LOPES;RUA BAR CANINDE;;;;Colisão;Luz do Dia;;;Cruz;Pare;Comercial;0;0;2;1;0;0;1;0;0;0;0;0;-3,770473;-38,557426
340161;20;1;2019;11:15;0;RUA PAU BRASIL;AV PRS COSTA E SILVA;;0;;Colisão Transversal;Luz do Dia;Bom;Seca;T;Semáforo;Comercial;0;0;1;0;0;0;0;0;0;1;0;0;-3,8238203;-38,5483579
340162;20;1;2019;13:15;7623;RUA PERNAMBUCO;RUA RIO GRANDE DO SUL;;;;Colisão Transversal;Luz do Dia;Bom;Seca;Cruz;Pare;Residencial;0;1;1;1;0;0;0;0;0;1;0;0;-3,760011;-38,568467
340163;20;1;2019;16:14;0;AV PDE ANTONIO TOMAS;;;630;;Capotamento;Via Iluminada;Bom;Seca;Meio de Quadra;Não Há Controle;Residencial;0;1;0;1;0;0;0;0;0;0;0;0;-3,7406846;-38,4980448
340164;20;1;2019;18:30;3209;RUA VITAL BRASIL;RUA ANSELMO NOGUEIRA;;0;;Colisão Lateral;Anoitecer;Bom;Seca;Cruz;Semáforo;Comercial;0;1;1;1;0;0;0;0;0;1;0;0;-3,781072;-38,587181
340165;20;1;2019;19:28;11160;RUA JOSE MENELEU D41;RUA SUECIA;;0;;Colisão Transversal;Via Iluminada;Bom;Seca;Cruz;Pare;Residencial;0;0;2;1;0;0;0;0;0;0;0;0;-3,782586;-38,559334
340166;20;1;2019;19:30;0;RUA GUSTAVO BARROSO;;;1;;Colisão Lateral;Via Iluminada;Bom;Seca;Meio de Quadra;Não Há Controle;Escola;0;0;2;1;0;0;0;0;0;0;0;0;-3,7237892;-38,54103
340167;20;1;2019;21:03;5504;RUA PDE VALDEVINO;RUA JOAO CORDEIRO;;;;Colisão Transversal;Via Iluminada;Bom;Seca;Cruz;Semáforo;Residencial;0;1;1;1;0;0;0;0;0;1;0;0;-3,738896;-38,51755
340168;20;1;2019;21:21;0;AV DR SILAS MUNGUBA;;;4410;;Colisão Traseira;Via Iluminada;Bom;Seca;T;Semáforo;Comercial;0;0;2;1;0;0;0;0;0;0;0;0;-3,792791875;-38,53533791
340169;20;1;2019;22:03;1716;AV GAL MURILO BORGES;AV GOV RAUL BARBOSA;;0;;Colisão Transversal;Mal Iluminada;Bom;Seca;Rotatória;Pare;Comercial;0;0;2;1;0;0;0;0;0;0;0;0;-3,763977;-38,508802
339932;20;1;2019;01:00;0;AV L CJ CEARA;;;;;Choque c/ Obstáculo Fixo;;;;Meio de Quadra;;;0;0;1;0;0;0;0;0;0;0;0;0;;
339933;20;1;2019;14:00;7623;RUA PERNAMBUCO;RUA RIO GRANDE DO SUL;;;;Colisão;Luz do Dia;;;Cruz;Pare;Residencial;0;0;2;0;0;0;0;0;0;0;0;0;-3,760011;-38,568467
340225;20;1;2019;03:24;1576;AV PDE ANTONIO TOMAS;RUA CEL JUCA;;0;;Colisão Transversal;Via Iluminada;Bom;Seca;Cruz;Semáforo;Comercial;0;0;1;1;0;0;0;0;0;0;0;0;-3,742392;-38,492803
339414;20;1;2019;04:50;0;RD BR 222;;;;KM-03;Atropelamento;;;;Meio de Quadra;;;0;2;0;1;0;0;0;0;0;0;0;0;-3,740300848;-38,59594097
339415;20;1;2019;10:00;0;RD BR 222;;;;KM-02;Colisão;Luz do Dia;;;Meio de Quadra;;;0;1;1;1;0;0;0;0;0;1;0;0;-3,7403624;-38,5969961
338966;20;1;2019;20:50;2822;AV GAL OSORIO DE PAIVA;RUA OSCAR ARARIPE;;;;Colisão Lateral;Via Iluminada;Bom;Inundada;T;Semáforo;Comercial;1;0;1;0;1;1;0;0;0;0;0;0;-3,794165;-38,591823
352957;20;1;2019;01:40;0;RUA BERNARDO MANUEL;;;7151;RENT A CAR;Colisão;;;;Meio de Quadra;;;1;1;0;0;0;1;0;0;0;1;0;0;-3,780109333;-38,54573067
339416;21;1;2019;07:30;0;RD BR 116;;;6000;KM-06;Colisão;Luz do Dia;;;Meio de Quadra;;;0;1;1;0;0;0;0;1;0;1;0;0;-3,804691;-38,503053
339511;21;1;2019;07:00;0;AV SEN CARLOS JEREISSATI (AEROPORTO);;;;KM 03;Colisão;Luz do Dia;;;Meio de Quadra;;;0;0;3;1;0;0;0;0;0;1;0;0;-3,779641;-38,544038
340170;21;1;2019;04:58;5413;RUA GAL SAMPAIO;RUA METON DE ALENCAR;;;;Colisão Transversal;Amanhecer;Chuva;Molhada;Cruz;Semáforo;Escola;0;1;1;1;0;0;0;0;0;0;0;0;-3,733033;-38,5326
340171;21;1;2019;07:50;0;AV GOV RAUL BARBOSA;;;7310;;Engavetamento;Luz do Dia;Nublado;Seca;Meio de Quadra;Não Há Controle;Comercial;0;0;3;1;0;0;0;0;0;0;0;0;-3,776031889;-38,51309952
340172;21;1;2019;08:20;0;AV JOR THOMAZ COELHO;;;609;;Colisão Lateral;Luz do Dia;Nublado;Seca;Meio de Quadra;Não Há Controle;Comercial;0;1;1;1;0;0;0;0;0;1;0;0;-3,832182156;-38,5013988
340173;21;1;2019;10:37;743;AV PRS CASTELO BRANCO;AV PASTEUR;;0;;Colisão Traseira;Luz do Dia;Nublado;Seca;Cruz;Semáforo;Comercial;0;0;2;1;0;0;0;0;0;0;0;0;-3,711181;-38,558856
340174;21;1;2019;14:03;5434;AV DOM MANUEL;AV HERACLITO GRACA;;;;Colisão Lateral;Luz do Dia;Bom;Seca;Cruz;Semáforo;Comercial;0;1;1;0;0;0;0;0;0;1;0;0;-3,734013;-38,522952
340175;21;1;2019;14:09;23458;RUA PAULO FIRMEZA;RUA PRO CARVALHO;;;;Colisão Transversal;Luz do Dia;Bom;Seca;Cruz;Pare;Residencial;0;1;1;1;1;0;0;0;0;0;0;0;-3,757232;-38,514078
340176;21;1;2019;15:27;5407;RUA SOLON PINHEIRO;AV DUQ CAXIAS;;0;;Colisão Transversal;Luz do Dia;Bom;Seca;Cruz;Semáforo;Comercial;0;1;1;1;0;0;0;0;0;1;0;0;-3,732704;-38,527034
340177;21;1;2019;14:40;0;RUA PEREIRA FILGUEIRAS;;;183;;Choque c/ Obstáculo Fixo;Luz do Dia;Bom;Seca;Meio de Quadra;Pare;Residencial;0;0;1;1;0;0;0;0;0;0;0;0;-3,7257562;-38,52081
340178;21;1;2019;19:26;5188;RUA TEN BENEVOLO;RUA NOGUEIRA ACIOLI;;0;;Colisão Lateral;Via Iluminada;Bom;Seca;Cruz;Pare;Comercial;0;0;2;1;0;0;0;0;0;0;0;0;-3,725858;-38,515591
340179;21;1;2019;18:30;15152;AV MON TABOSA;AV BAR STUDART;;;;Colisão Traseira;Anoitecer;Bom;Seca;Cruz;Semáforo;Comercial;0;0;2;1;0;0;0;0;0;0;0;0;-3,724762;-38,503445
340180;21;1;2019;19:54;23606;RUA BAR CRATO;RUA MAJ VERISSIMO;;;;Colisão Lateral;Via Iluminada;Bom;Seca;Cruz;Pare;Residencial;0;1;1;1;0;0;0;0;0;1;0;0;-3,722084;-38,562705
340184;21;1;2019;09:50;8014;RUA MACHADO DE ASSIS;RUA PRO COSTA MENDES;;0;;Colisão Lateral;Luz do Dia;Bom;Seca;Cruz;Semáforo;Residencial;0;0;2;1;0;0;0;0;0;0;0;0;-3,751652;-38,550288
339990;21;1;2019;18:15;0;RUA VIRIATO RIBEIRO;;;1552;;Colisão;Anoitecer;;;Meio de Quadra;;;0;0;2;0;0;0;0;0;0;0;0;0;-3,745355;-38,566071
341270;21;1;2019;02:21;0;RUA CAP GUSTAVO;;;4354;;Choque c/ Obstáculo Fixo;;;;Meio de Quadra;;;0;1;0;1;0;0;0;0;0;0;0;0;-3,759674273;-38,515825
341271;21;1;2019;05:54;0;RUA CON DE CASTRO;;;4051;;Colisão;Amanhecer;;;Meio de Quadra;;;0;1;0;0;0;0;0;0;0;0;0;0;;
341273;21;1;2019;06:10;25519;AV ALM HENRIQUE SABOIA;AV GOV RAUL BARBOSA;;;;Queda;Luz do Dia;;;Y;Não Há Controle;Residencial;0;1;0;0;0;0;0;0;0;1;0;0;-3,758466;-38,50458
341286;21;1;2019;10:12;5255;AV TRISTAO GONCALVES;RUA PEDRO PEREIRA;;;;Atropelamento;Luz do Dia;;;Cruz;Semáforo;Comercial;0;1;1;0;0;0;0;0;0;1;0;0;-3,728075;-38,533489
341287;21;1;2019;10:33;0;AV I CJ JOSE WALTER;;;;;Colisão;Luz do Dia;;;Meio de Quadra;;;0;1;1;1;0;0;0;0;0;1;0;0;;
341288;21;1;2019;11:58;0;RUA JACINTO MATOS;;;;;Colisão;Luz do Dia;;;Meio de Quadra;;;0;1;1;1;0;0;0;0;0;1;0;0;;
341289;21;1;2019;12:03;0;RUA C CJ VILA VELHA;;;970;;Colisão;Luz do Dia;;;Meio de Quadra;;;0;1;1;1;0;0;0;0;0;1;0;0;-3,8298361;-38,5899486