COD_ACIDENTE;DIA;MES;ANO;HORA;INTERSECAO;LOG1;LOG2;LOG3;NUMERO;REFERENCIA;NATUREZA;ILUMINACAO;TEMPO;SUPERFICIEPISTA;TIPOCRUZAMENTO;CONTROLETRAFEGO;USOSOLO;MORTOS;FERIDOS;ILESOS;AUTOMOVEL;ONIBUS;BICICLETA;CAMINHAO;MICROONIBUS;CICLOMOTOR;MOTOCICLETA;TRACAOANIMAL;TREM;LATITUDE;LONGITUDE
341290;21;1;2019;12:36;0;RUA SAO PAULO;;;944;;Queda;Luz do Dia;;;Meio de Quadra;;;0;1;0;0;0;0;0;0;0;1;0;0;-3,723940707;-38,53384307
341291;21;1;2019;12:53;0;AV PONTES VIEIRA;;;1127;;Colisão;Luz do Dia;;;Meio de Quadra;;;0;1;1;1;0;0;0;0;0;1;0;0;-3,752526;-38,511793
341292;21;1;2019;13:30;0;AV MR HULL;;;;;Atropelamento;Luz do Dia;;;Meio de Quadra;;;0;1;1;0;0;0;0;0;0;0;0;0;;
341293;21;1;2019;13:34;5434;AV DOM MANUEL;AV HERACLITO GRACA;;;;Colisão;Luz do Dia;;;Cruz;Semáforo;Comercial;0;1;1;1;0;0;0;0;0;1;0;0;-3,734013;-38,522952
341294;21;1;2019;13:45;0;RUA GUIMARAES PASSOS;;;655;;Colisão;Luz do Dia;;;Meio de Quadra;;;0;1;1;1;0;0;0;0;0;1;0;0;-3,746715;-38,5827324
341295;21;1;2019;14:10;0;AV GOV RAUL BARBOSA;;;;;Queda;Luz do Dia;;;Meio de Quadra;;;0;1;0;0;0;0;0;0;0;1;0;0;;
341296;21;1;2019;14:17;0;AV JOSE JATAHY;;;608;;Colisão;Luz do Dia;;;Meio de Quadra;;;0;1;1;1;0;0;0;0;0;1;0;0;-3,7248757;-38,5458612
341275;21;1;2019;07:53;0;AV PERIMETRAL;;;;;Queda;Luz do Dia;;;Meio de Quadra;;;0;1;0;0;0;0;0;0;0;1;0;0;;
341276;21;1;2019;07:54;0;RUA ANTONIO BARROS;;;436;;Colisão;Luz do Dia;;;Meio de Quadra;;;0;1;0;0;0;0;0;0;0;0;0;0;;
341277;21;1;2019;07:59;0;RUA JOAQUIM NABUCO;;;1650;;Queda;Luz do Dia;;;Meio de Quadra;;;0;1;0;0;0;0;0;0;0;1;0;0;-3,73972;-38,502727
341282;21;1;2019;09:44;7875;AV SEN VIRGILIO TAVORA;AV PONTES VIEIRA;;;;Queda;Luz do Dia;;;T;Semáforo;Comercial;0;1;0;0;0;1;0;0;0;0;0;0;-3,750886;-38,497652
341308;21;1;2019;15:52;1496;RUA ILDEFONSO ALBANO;RUA PDE VALDEVINO;;;;Atropelamento;Luz do Dia;;;Cruz;Semáforo;Comercial;0;1;1;1;0;0;0;0;0;0;0;0;-3,739573;-38,515423
341309;21;1;2019;16:11;0;AV DA INDEPENDENCIA;;;2345;;Colisão;Luz do Dia;;;Meio de Quadra;;;0;1;1;1;0;0;0;0;0;1;0;0;-3,724027577;-38,60075996
341310;21;1;2019;18:22;0;AV BORGES DE MELO;;;;;Colisão;Anoitecer;;;Meio de Quadra;;;0;1;1;1;0;0;0;0;0;1;0;0;;
341311;21;1;2019;18:30;0;RD BR 116;;;5000;KM-05;Colisão;Anoitecer;;;Meio de Quadra;;;0;1;1;1;0;0;0;0;0;1;0;0;-3,796502;-38,506787
341312;21;1;2019;18:32;5188;RUA NOGUEIRA ACIOLI;RUA TEN BENEVOLO;;;;Colisão;;;;Cruz;Pare;Comercial;0;1;1;1;0;0;0;0;0;1;0;0;-3,725858;-38,515591
341314;21;1;2019;18:51;0;RUA AFONSO LOPES;;;472;;Colisão;;;;Meio de Quadra;;;0;1;1;1;0;1;0;0;0;0;0;0;-3,78636;-38,54647
341315;21;1;2019;19:05;0;RUA EVILASIO A MIRANDA;;;1687;;Colisão;;;;Meio de Quadra;;;0;1;1;1;0;0;0;0;0;1;0;0;;
341318;21;1;2019;19:26;6439;RUA 1002 CJ CEARA;AV J CJ CEARA;;;;Colisão;;;;;;;0;1;0;0;0;0;0;0;0;0;0;0;-3,772885;-38,619286
341319;21;1;2019;21:17;0;RUA JORGE FIGUEIREDO (ANCURI);;;2741;;Colisão;;;;Meio de Quadra;;;0;1;0;0;0;0;0;0;0;1;0;0;-3,7417813;-38,5621821
341320;21;1;2019;21:56;0;AV PRS COSTA E SILVA;;;;;Queda;;;;Meio de Quadra;;;0;1;0;0;0;0;0;0;0;1;0;0;;
341351;22;1;2019;06:50;0;AV ENG LEAL LIMA VERDE (SAPIRANGA/COITE);;;;;Colisão;Luz do Dia;;;Meio de Quadra;;;0;1;0;0;0;0;0;0;0;0;0;0;;
341334;22;1;2019;06:32;0;AV VICENTE DE CASTRO;;;5301;;Queda;Luz do Dia;;;Meio de Quadra;;;0;1;0;0;0;0;0;0;0;1;0;0;-3,718825523;-38,47517813
341335;22;1;2019;06:39;16039;AV PRS COSTA E SILVA;RUA CEL TIBURCIO;;;;Colisão;Luz do Dia;;;Cruz;Semáforo;Comercial;0;1;0;0;0;0;0;0;0;0;0;0;-3,812167;-38,573703
341359;22;1;2019;09:19;0;AV DA INDEPENDENCIA;;;2279;;Atropelamento;Luz do Dia;;;Meio de Quadra;;;0;1;1;0;0;0;0;0;0;1;0;0;-3,724237;-38,600042
341360;22;1;2019;09:21;0;AV BEZERRA DE MENEZES;;;2034;;Colisão;Luz do Dia;;;Meio de Quadra;;;0;1;1;1;0;0;0;0;0;1;0;0;-3,735357;-38,562991
341361;22;1;2019;10:48;0;RUA PORTO VELHO;;;1828;;Colisão;Luz do Dia;;;Meio de Quadra;;;0;1;1;0;0;0;1;0;0;1;0;0;-3,761962113;-38,59468846
341363;22;1;2019;11:43;0;RUA TEODOMIRO DE CASTRO;;;;;Colisão;Luz do Dia;;;Meio de Quadra;;;0;1;1;1;0;0;0;0;0;1;0;0;;
341364;22;1;2019;12:42;12559;RUA CREUSA ROCHA;RUA GEORGE CAVALCANTE;;;;Colisão;Luz do Dia;;;;;;0;1;1;1;0;0;0;0;0;1;0;0;-3,721231;-38,592133
341365;22;1;2019;13:20;0;AV DA INDEPENDENCIA;;;1148;;Colisão;Luz do Dia;;;Meio de Quadra;;;0;1;1;1;0;0;0;0;0;1;0;0;-3,726899077;-38,59100996
341367;22;1;2019;15:07;0;RD BR 116;;;7000;KM-07;Colisão;Luz do Dia;;;Meio de Quadra;;;0;1;1;1;0;0;0;0;0;1;0;0;-3,786276359;-38,5115614
341368;22;1;2019;15:54;0;RUA BRUNO VALENTE;;;732;;Colisão;Luz do Dia;;;Meio de Quadra;;;0;1;1;1;0;0;0;0;0;1;0;0;-3,78832;-38,53927
341369;22;1;2019;17:09;10300;AV SEN FERNANDES TAVORA;RUA JOSE MENDONCA;;;;Colisão;Anoitecer;;;Cruz;Pare;Comercial;0;1;1;1;0;1;0;0;0;0;0;0;-3,754492;-38,601696
341370;22;1;2019;17:46;0;AV DR SILAS MUNGUBA;;;;;Colisão;Anoitecer;;;Meio de Quadra;;;0;1;1;0;0;0;0;0;0;1;0;0;;
341371;22;1;2019;18:26;0;RUA CAIO CID;;;262;;Colisão;Anoitecer;;;Meio de Quadra;;;0;1;1;1;0;0;0;0;0;1;0;0;-3,77315;-38,48463
341372;22;1;2019;18:38;0;RUA NOSSA SRA DAS GRACAS;;;961;;Atropelamento;;;;Meio de Quadra;;;0;1;1;0;0;0;0;0;0;1;0;0;-3,709340848;-38,55654561
341373;22;1;2019;19:47;0;AV GODOFREDO MACIEL;;;4848;;Queda;;;;Meio de Quadra;;;0;1;0;0;0;1;0;0;0;0;0;0;-3,818399;-38,575727
341374;22;1;2019;20:12;0;AV ENG LEAL LIMA VERDE (SAPIRANGA/COITE);;;42;;Colisão;;;;Meio de Quadra;;;0;1;1;1;0;0;0;0;0;1;0;0;-3,7876524;-38,4763106
341375;22;1;2019;20:18;0;AV DR THEBERGE;;;;;Queda;;;;Meio de Quadra;;;0;1;0;0;0;1;0;0;0;0;0;0;;
341356;22;1;2019;07:20;0;AV ODILON GUIMARAES;;;2280;;Colisão;Luz do Dia;;;Meio de Quadra;;;0;1;0;0;0;0;0;0;0;0;0;0;-3,818564104;-38,47441609
341357;22;1;2019;07:21;0;AV DR SILAS MUNGUBA;;;5700;;Colisão;Luz do Dia;;;Meio de Quadra;;;0;1;1;1;0;0;0;0;0;1;0;0;-3,804268;-38,5274935
341377;22;1;2019;20:43;7884;AV ANTONIO SALES;RUA VICENTE LEITE;;;;Colisão;;;;Cruz;Pare;Comercial;0;1;0;0;0;0;0;0;0;0;0;0;-3,746656;-38,498468
341378;22;1;2019;22:51;0;RUA CEL JOAQUIM FRANKLIN;;;860;;Queda;;;;Meio de Quadra;;;0;1;0;0;0;0;0;0;0;1;0;0;-3,7434395;-38,594516
340185;22;1;2019;14:51;9039;RUA BAR RIO BRANCO;RUA PDE MIGUELINHO;;;;Colisão Transversal;Luz do Dia;Bom;Seca;Cruz;Pare;Escola;0;1;0;0;0;0;0;0;0;1;0;0;-3,742749;-38,53346
340186;22;1;2019;14:32;0;RUA SEN POMPEU;;;2205;;Choque c/ Obstáculo Fixo;Luz do Dia;Bom;Seca;Meio de Quadra;Não Há Controle;Residencial;0;1;0;0;0;0;0;0;0;1;0;0;-3,737771;-38,53291225
340187;22;1;2019;18:31;0;RUA COSTA BARROS;;;922;;Colisão Traseira;Via Iluminada;Bom;Seca;Meio de Quadra;Não Há Controle;Comercial;0;0;2;1;0;0;0;0;0;0;0;0;-3,729088;-38,515426
340188;22;1;2019;19:11;10300;AV SEN FERNANDES TAVORA;RUA JOSE MENDONCA;;;;Atropelamento;Via Iluminada;Nublado;Seca;Cruz;Pare;Comercial;0;1;1;0;0;0;0;0;0;0;0;0;-3,754492;-38,601696
340189;22;1;2019;20:50;5711;AV OLIVEIRA PAIVA;RUA CHICO LEMOS;;;;Colisão Lateral;Via Iluminada;Bom;Seca;Cruz;Semáforo;Comercial;0;1;1;1;0;0;0;0;0;1;0;0;-3,795857;-38,497091
340181;22;1;2019;05:15;0;AV GAL OSORIO DE PAIVA;;;5360;;Colisão;Amanhecer;Bom;Seca;Meio de Quadra;Não Há Controle;Comercial;0;1;1;1;0;0;0;0;0;0;0;0;-3,8041435;-38,60151025
340182;22;1;2019;07:00;0;AV GAL OSORIO DE PAIVA;;;6700;;Colisão Traseira;Luz do Dia;Bom;Seca;Meio de Quadra;Semáforo;Comercial;0;1;0;0;0;0;0;0;0;1;0;0;-3,812543;-38,609619
340183;22;1;2019;06:40;16039;AV PRS COSTA E SILVA;RUA CEL TIBURCIO;;;;Colisão Lateral;Luz do Dia;Bom;Seca;Cruz;Semáforo;Comercial;0;1;1;0;0;1;0;0;0;0;0;0;-3,812167;-38,573703
339993;22;1;2019;10:25;0;AV PRO GOMES DE MATOS;;;409;;Atropelamento;Luz do Dia;;;Meio de Quadra;;;0;1;1;0;1;0;0;0;0;0;0;0;-3,757627;-38,542589
339512;22;1;2019;16:25;0;RD CE-025;;;;KM-01;Colisão;Luz do Dia;;;Meio de Quadra;;;0;0;2;1;0;0;0;0;0;0;0;0;-3,807811443;-38,4700486
341379;22;1;2019;22:53;19364;RUA JULIO BRAGA;TR JULIO BRAGA;;;;Colisão;;;;;;;0;1;1;0;0;0;0;0;0;1;0;0;-3,777004;-38,575594
339417;22;1;2019;15:15;0;RD BR 116;;;7000;KM-07;Colisão;Luz do Dia;;;Meio de Quadra;;;0;0;2;0;0;0;0;0;0;1;0;0;-3,786276359;-38,5115614
339418;23;1;2019;19:40;0;RD BR 116;;;2100;DNER;Colisão;;;;Meio de Quadra;;;0;0;2;0;0;0;0;0;0;1;0;0;;
335940;23;1;2019;15:00;0;RD BR 020;;;;KM 428;Colisão Traseira;Luz do Dia;;;Meio de Quadra;;;1;0;1;0;0;0;1;0;0;1;0;0;-3,869;-38,507
339404;23;1;2019;10:00;0;AV I CJ JOSE WALTER;;;710;;Choque c/ Obstáculo Fixo;Luz do Dia;;;Meio de Quadra;;;1;0;0;0;0;0;0;0;0;1;0;0;-3,830511;-38,552372
341400;23;1;2019;07:08;0;RUA PRO HERIBALDO COSTA;;;1402;;Colisão;Luz do Dia;;;Meio de Quadra;;;0;1;1;1;0;0;0;0;0;1;0;0;-3,763983;-38,585962
341401;23;1;2019;07:13;22110;RUA TAVARES IRACEMA;RUA MON FURTADO;;;;Colisão;Luz do Dia;;;Cruz;Pare;Residencial;0;1;1;1;0;0;0;0;0;1;0;0;-3,751292;-38,553916
341402;23;1;2019;07:24;11160;RUA SUECIA;RUA JOSE MENELEU D41;;;;Colisão;Luz do Dia;;;Cruz;Pare;Residencial;0;1;1;1;0;0;0;0;0;1;0;0;-3,782586;-38,559334
341403;23;1;2019;07:36;0;RUA CEL FRANCISCO ALVES RIBEIRO;;;233;;Colisão;Luz do Dia;;;Meio de Quadra;;;0;1;1;1;0;0;0;0;0;1;0;0;-3,83183776;-38,50961136
341406;23;1;2019;07:59;7629;RUA STA CATARINA (BELA VISTA / PAN AMERICANO);RUA ALAGOAS;;;;Colisão;Luz do Dia;;;Cruz;Pare;Residencial;0;2;1;0;0;0;0;0;0;1;0;0;-3,760356;-38,56955
339518;23;1;2019;12:00;0;RD CE-040;;;;KM-07;Colisão;Luz do Dia;;;Meio de Quadra;;;0;0;2;1;0;0;0;0;0;0;0;0;-3,817159445;-38,48303286
339519;23;1;2019;09:50;0;RD CE-040;;;;KM-12;Colisão;Luz do Dia;;;Meio de Quadra;;;0;0;2;0;0;0;0;0;0;1;0;0;-3,857690949;-38,47204254
339520;23;1;2019;14:50;0;RD CE-040;;;;KM-07;Colisão;Luz do Dia;;;Meio de Quadra;;;0;0;2;0;0;0;0;0;0;1;0;0;-3,817159445;-38,48303286
339516;23;1;2019;07:40;0;RD CE-060;;;;KM-01;Colisão;Luz do Dia;;;Meio de Quadra;;;0;0;2;1;0;0;0;1;0;0;0;0;-3,826136;-38,5795
341454;23;1;2019;08:07;0;RUA MON DANTAS;;;348;;Colisão;Luz do Dia;;;Meio de Quadra;;;0;1;1;1;0;0;0;0;0;1;0;0;-3,71898;-38,54954
341456;23;1;2019;08:08;0;RD DR MENDEL STEINBRUCH;;;;;Colisão;Luz do Dia;;;Meio de Quadra;;;0;1;1;1;0;0;0;0;0;1;0;0;;
341457;23;1;2019;09:53;0;AV J CJ JOSE WALTER;;;710;;Colisão;Luz do Dia;;;Meio de Quadra;;;0;1;1;1;0;0;0;0;0;1;0;0;;
341458;23;1;2019;10:33;0;AV SEN FERNANDES TAVORA;;;137;;Queda;Luz do Dia;;;Meio de Quadra;;;0;1;0;0;0;0;0;0;0;1;0;0;-3,766094;-38,574916
341460;23;1;2019;12:56;0;RUA CON DE CASTRO;;;;;Colisão;Luz do Dia;;;Meio de Quadra;;;0;1;0;0;0;0;0;0;0;0;0;0;;
341461;23;1;2019;14:06;0;RUA PEDRO I;;;;;Atropelamento;Luz do Dia;;;Meio de Quadra;;;0;1;1;0;1;0;0;0;0;0;0;0;;
341463;23;1;2019;14:22;0;AV PERIMETRAL;;;;;Colisão;Luz do Dia;;;Meio de Quadra;;;0;1;0;1;0;0;1;0;0;0;0;0;;
341465;23;1;2019;16:42;0;RUA PEDRO CARDONIO UCHOA;;;9;;Queda;Luz do Dia;;;Meio de Quadra;;;0;1;0;0;0;0;0;0;0;1;0;0;-3,791942438;-38,59054993
341467;23;1;2019;18:05;7888;AV DES MOREIRA;RUA TOMAS ACIOLI;;;;Colisão;Anoitecer;;;;;;0;1;1;1;0;0;0;0;0;1;0;0;-3,747526;-38,501963
341469;23;1;2019;18:24;0;RD BR 116;;;;;Queda;Anoitecer;;;Meio de Quadra;;;0;1;0;0;0;0;0;0;0;1;0;0;;
341470;23;1;2019;18:51;0;AV AGUANAMBI;;;1370;;Queda;;;;Meio de Quadra;;;0;1;0;0;0;0;0;0;0;1;0;0;-3,748634;-38,524049
341471;23;1;2019;19:07;0;RUA CAP ARAGAO;;;630;;Atropelamento;;;;Meio de Quadra;;;0;1;1;0;0;0;0;0;0;1;0;0;-3,764803;-38,512472
341472;23;1;2019;20:29;0;RUA PERNAMBUCO;;;3271;;Colisão;;;;Meio de Quadra;;;0;1;1;1;0;0;0;0;0;1;0;0;-3,747977;-38,581326
341473;23;1;2019;20:57;0;RUA TAQUATIARA;;;527;;Colisão;;;;Meio de Quadra;;;0;1;1;1;0;0;0;0;0;1;0;0;-3,829702483;-38,50472172
341475;23;1;2019;20:59;0;RUA 1020 CJ CEARA;;;;;Colisão;;;;Meio de Quadra;;;0;1;0;0;0;0;0;0;0;0;0;0;;
341476;23;1;2019;21:40;0;RUA DJALMA PETIT;;;917;;Queda;;;;Meio de Quadra;;;0;1;0;0;0;0;0;0;0;1;0;0;-3,7650962;-38,5102932
343484;23;1;2019;10:07;17364;RUA TEODORICO BARROSO;RUA ANTONIO CORREIA LIMA;;0;;Colisão Transversal;Luz do Dia;Bom;Seca;Cruz;Pare;Residencial;0;0;2;0;0;0;0;0;0;0;0;0;-3,766212;-38,543087
339986;23;1;2019;13:24;0;RUA ALFREDO MAMEDE;;;250;;Colisão;Luz do Dia;;;Meio de Quadra;;;0;1;1;1;0;0;0;0;0;1;0;0;-3,80781;-38,5804
339987;23;1;2019;16:35;25851;RUA JOSE MONTEIRO DOS SANTOS;RUA MACHADO DE ASSIS;;;;Choque c/ Obstáculo Fixo;Luz do Dia;;;;Pare;Residencial;0;0;1;0;0;0;0;0;0;0;0;0;-3,751055;-38,549741
339944;23;1;2019;10:50;17364;RUA TEODORICO BARROSO;RUA ANTONIO CORREIA LIMA;;;;Colisão;Luz do Dia;;;Cruz;Não Há Controle;Residencial;0;0;2;0;0;0;0;0;0;0;0;0;-3,766212;-38,543087
340190;23;1;2019;07:35;0;RUA ALVES RIBEIRO;RUA CIBELE;;0;;Colisão Transversal;Luz do Dia;Bom;Seca;Meio de Quadra;Pare;Comercial;0;1;1;1;0;0;0;0;0;1;0;0;-3,8213902;-38,49745
340191;23;1;2019;08:47;22110;RUA MON FURTADO;RUA TAVARES IRACEMA;;;;Colisão Transversal;Luz do Dia;Bom;Seca;Cruz;Pare;Residencial;0;1;1;1;0;0;0;0;1;0;0;0;-3,751292;-38,553916
340192;23;1;2019;10:02;17315;RUA DES PRAXEDES;RUA JOAQUIM PIMENTA;;;;Colisão Transversal;Luz do Dia;Bom;Seca;Cruz;Pare;Residencial;0;1;1;1;0;0;0;0;0;1;0;0;-3,762866;-38,543546
340193;23;1;2019;14:30;0;AV PERIMETRAL;;;4777;;Colisão Frontal;Luz do Dia;Bom;Seca;Meio de Quadra;Não Há Controle;Residencial;0;0;3;1;0;0;0;0;0;0;0;0;-3,825957;-38,53814
340194;24;1;2019;07:44;25067;AV DOS EXPEDICIONARIOS;RUA DES PRAXEDES;;;;Colisão Transversal;Luz do Dia;Nublado;Seca;Cruz;Semáforo;Comercial;0;1;1;0;1;0;0;0;0;1;0;0;-3,763679;-38,540839
340195;24;1;2019;08:45;0;AV DR SILAS MUNGUBA;;;2555;;Não Informado;Luz do Dia;Chuva;Molhada;Meio de Quadra;Semáforo;Residencial;0;1;0;0;0;0;0;0;0;1;0;0;-3,7863386;-38,55028872
340196;24;1;2019;08:40;15157;RUA MON BRUNO;RUA ANTONELE BEZERRA;;;;Colisão Transversal;Luz do Dia;Bom;Seca;Cruz;Não Há Controle;Residencial;0;1;1;1;0;0;0;0;0;1;0;0;-3,724949;-38,507034
340197;24;1;2019;10:31;1443;RUA BAR ARACATI;RUA BARBARA DE ALENCAR;;;;Colisão;Luz do Dia;Bom;Seca;Cruz;Pare;Residencial;0;1;1;1;0;1;0;0;0;0;0;0;-3,738162;-38,513608
340198;24;1;2019;16:20;15531;RUA PAULO SETUBAL;AV FRE CIRILO;;0;;Colisão Transversal;Luz do Dia;Bom;Seca;T;Semáforo;Comercial;0;0;2;1;0;0;0;0;0;0;0;0;-3,820502;-38,496028
340199;24;1;2019;16:39;0;AV DR SILAS MUNGUBA;;;1700;;Colisão Transversal;Luz do Dia;Bom;Seca;Meio de Quadra;Semáforo;Escola;0;2;0;1;0;0;0;0;0;0;0;0;-3,784816031;-38,55302357
340200;24;1;2019;15:50;347;RUA PRO COSTA MENDES;RUA FRANCISCA CLOTILDE;;0;;Colisão Lateral;Luz do Dia;Bom;Seca;Cruz;Pare;Comercial;0;0;1;1;0;0;0;0;0;1;0;0;-3,746335;-38,556137
340201;24;1;2019;19:08;20042;AV ALBERTO CRAVEIRO;AV DEP PAULINO ROCHA;;;;Colisão Lateral;Via Iluminada;Bom;Seca;Rotatória;Pare;Residencial;0;1;0;0;0;0;0;0;0;1;0;0;-3,807229;-38,524782
340202;24;1;2019;21:55;0;RUA CEL JUCA;;;510;;Colisão Traseira;Via Iluminada;Bom;Seca;Meio de Quadra;Não Há Controle;Residencial;0;1;2;1;0;0;0;0;0;1;0;0;-3,736456;-38,490901
339991;24;1;2019;01:30;14723;RUA UIRAPURU;RUA FRANCFORT;;;;Colisão;;;;;;;0;0;2;1;0;0;0;0;0;0;0;0;-3,79549;-38,581627
340032;24;1;2019;11:25;0;RUA PERNAMBUCO;;;1961;;Colisão;Luz do Dia;;;Meio de Quadra;;;0;1;1;1;0;0;0;0;0;1;0;0;-3,755072167;-38,57467617
340023;24;1;2019;16:00;347;RUA FRANCISCA CLOTILDE;RUA PRO COSTA MENDES;;;;Colisão;Luz do Dia;;;Cruz;Pare;Comercial;0;1;1;1;0;0;0;0;0;1;0;0;-3,746335;-38,556137
340005;24;1;2019;19:53;17951;RUA JOAQUIM ALBANO;RUA DRACON BARRETO;;;;Colisão;;;;Cruz;Pare;Residencial;0;1;1;1;0;0;0;0;1;0;0;0;-3,735122;-38,57899
341511;24;1;2019;06:17;25067;AV DOS EXPEDICIONARIOS;RUA DES PRAXEDES;;;;Colisão;Luz do Dia;;;Cruz;Semáforo;Comercial;0;1;0;0;0;0;0;0;0;0;0;0;-3,763679;-38,540839
341526;24;1;2019;07:25;0;AV D CJ JOSE WALTER;;;;;Colisão;Luz do Dia;;;Meio de Quadra;;;0;1;1;0;0;0;0;0;0;1;0;0;;
341478;24;1;2019;00:35;0;RUA CANTAREIRA;;;1691;;Queda;;;;Meio de Quadra;;;0;1;0;0;0;0;0;0;0;1;0;0;-3,84821;-38,52891
341523;24;1;2019;07:05;0;AV ODILON GUIMARAES;;;1357;;Atropelamento;Luz do Dia;;;Meio de Quadra;;;0;1;1;1;0;0;0;0;0;0;0;0;-3,825933833;-38,47973083
341524;24;1;2019;07:15;0;AV CARNEIRO DE MENDONCA;;;;;Colisão;Luz do Dia;;;Meio de Quadra;;;0;1;1;1;0;0;0;0;0;1;0;0;;
341583;24;1;2019;08:16;0;AV DR SILAS MUNGUBA;;;;;Queda;Luz do Dia;;;Meio de Quadra;;;0;1;0;0;0;0;0;0;0;1;0;0;;
341584;24;1;2019;09:22;0;AV SANTOS DUMONT;;;6911;;Colisão;Luz do Dia;;;Meio de Quadra;;;0;1;0;0;0;0;0;0;0;0;0;0;-3,744896;-38,471503
341585;24;1;2019;11:05;0;RUA BARBOSA DE FREITAS;;;123;;Queda;Luz do Dia;;;Meio de Quadra;;;0;1;0;0;0;0;0;0;0;1;0;0;-3,7281305;-38,49466438
341586;24;1;2019;12:19;17416;RUA ELVIRA PINHO;RUA EDITE BRAGA;;;;Colisão;Luz do Dia;;;Cruz;Pare;Residencial;0;2;1;1;0;0;0;0;0;1;0;0;-3,768064;-38,553552
341587;24;1;2019;13:16;0;RUA PRIMEIRO DE MAIO D34;;;;;Colisão;Luz do Dia;;;Meio de Quadra;;;0;1;1;1;0;0;0;0;0;1;0;0;;
341588;24;1;2019;15:11;0;RUA MON CARNEIRO DA CUNHA;;;;;Colisão;Luz do Dia;;;Meio de Quadra;;;0;1;1;1;0;0;0;0;0;1;0;0;;
341595;24;1;2019;18:21;0;AV BEIRA MAR;;;;;Outros;Anoitecer;;;Meio de Quadra;;;0;1;0;0;0;0;0;0;0;0;0;1;;
341596;24;1;2019;18:24;0;AV ALBERTO CRAVEIRO;;;;;Colisão;Anoitecer;;;Meio de Quadra;;;0;1;1;1;0;0;0;0;0;1;0;0;;
341597;24;1;2019;18:26;0;RD BR 116;;;10000;KM-10;Colisão;Anoitecer;;;Meio de Quadra;;;0;1;0;0;0;0;0;0;0;0;0;0;-3,834435;-38,503373
341598;24;1;2019;20:57;11338;AV GODOFREDO MACIEL;RUA FRANCISCO GLICERIO;;;;Queda;;;;Cruz;Semáforo;Comercial;0;1;0;0;0;0;0;0;0;1;0;0;-3,795981;-38,569757
341599;24;1;2019;22:16;0;RUA PORFIRIO SAMPAIO;;;1608;;Queda;;;;Meio de Quadra;;;0;1;0;0;0;1;0;0;0;0;0;0;-3,743761173;-38,54855853
341590;24;1;2019;16:35;0;RD BR 116;;;3000;KM-03;Colisão;Luz do Dia;;;Meio de Quadra;;;0;1;1;1;0;0;0;0;0;1;0;0;-3,779838;-38,514372
341593;24;1;2019;17:53;0;RUA GUERRA JUNQUEIRO;;;1038;;Colisão;Anoitecer;;;Meio de Quadra;;;0;1;1;0;0;0;0;0;0;1;0;0;-3,780102615;-38,55206331
339522;24;1;2019;14:30;0;RD CE-060;;;;KM-01;Colisão;Luz do Dia;;;Meio de Quadra;;;0;0;2;1;0;0;0;0;0;0;0;0;-3,826136;-38,5795
339419;24;1;2019;17:20;0;RD BR 116;;;3000;KM-03;Colisão;Anoitecer;;;Meio de Quadra;;;0;0;2;0;0;0;0;1;0;1;0;0;-3,779838;-38,514372
339420;25;1;2019;06:20;0;RD BR 116;;;2000;KM-02;Colisão;Luz do Dia;;;Meio de Quadra;;;0;0;2;0;0;0;0;0;0;1;0;0;-3,771391;-38,51678
339421;25;1;2019;08:11;0;RD BR 116;;;5000;KM-05;Colisão;Luz do Dia;;;Meio de Quadra;;;0;2;1;1;0;0;0;0;0;1;0;0;-3,796502;-38,506787
339423;25;1;2019;14:30;0;RD BR 116;;;8000;KM-08;Colisão;Luz do Dia;;;Meio de Quadra;;;0;0;2;1;0;0;0;0;0;1;0;0;-3,822018;-38,503269
338929;25;1;2019;19:00;0;RUA VIA LACTEA;;;;;Colisão Transversal;Via Iluminada;Bom;Seca;Meio de Quadra;Outros;Residencial;0;2;1;0;0;0;0;0;0;1;0;0;;
339539;25;1;2019;18:30;0;RD CE-040;;;;KM-10;Colisão;Anoitecer;;;Meio de Quadra;;;0;2;1;1;0;0;0;0;0;0;0;0;-3,84257666;-38,48088284
339524;25;1;2019;07:00;0;AV GODOFREDO MACIEL;;;;;Colisão;Luz do Dia;;;Meio de Quadra;;;0;2;1;1;0;0;0;0;0;1;0;0;;
340203;25;1;2019;09:41;19561;AV GODOFREDO MACIEL;RUA ANTONIO BANDEIRA D41;;0;;Colisão Lateral;Luz do Dia;Chuva;Molhada;T;Semáforo;Comercial;0;0;2;0;1;0;0;1;0;0;0;0;-3,783278;-38,565838
340204;25;1;2019;08:32;6724;AV SANTOS DUMONT;AV ENG SANTANA JUNIOR;;;;Colisão Lateral;Luz do Dia;Nublado;Seca;Cruz;Não Há Controle;Comercial;0;1;1;0;1;0;0;0;0;1;0;0;-3,740506;-38,485132
340205;25;1;2019;11:09;0;AV JULIO VENTURA;RUA 8 DE SETEMBRO;;0;;Colisão Traseira;Luz do Dia;Bom;Seca;Meio de Quadra;Semáforo;Escola;0;0;2;1;0;0;0;0;0;0;0;0;-3,7359006;-38,48678
340206;25;1;2019;16:05;0;AV SANTOS DUMONT;;;5570;;Colisão;Luz do Dia;Bom;Seca;Meio de Quadra;Não Há Controle;Comercial;0;1;1;1;0;0;0;0;0;1;0;0;-3,7414495;-38,48218617