COD_ACIDENTE;DIA;MES;ANO;HORA;INTERSECAO;LOG1;LOG2;LOG3;NUMERO;REFERENCIA;NATUREZA;ILUMINACAO;TEMPO;SUPERFICIEPISTA;TIPOCRUZAMENTO;CONTROLETRAFEGO;USOSOLO;MORTOS;FERIDOS;ILESOS;AUTOMOVEL;ONIBUS;BICICLETA;CAMINHAO;MICROONIBUS;CICLOMOTOR;MOTOCICLETA;TRACAOANIMAL;TREM;LATITUDE;LONGITUDE
340207;25;1;2019;13:10;0;AV DR SILAS MUNGUBA;;;3497;;Colisão;Luz do Dia;Bom;Seca;Meio de Quadra;Não Há Controle;Comercial;0;1;1;0;1;0;0;0;0;0;0;0;-3,789739778;-38,54220119
340208;25;1;2019;20:04;0;AV JOAO PESSOA;;;4900;;Colisão Lateral;Via Iluminada;Bom;Seca;Meio de Quadra;Semáforo;Comercial;0;1;1;1;0;0;0;0;0;1;0;0;-3,755045;-38,5518
340210;25;1;2019;19:30;0;AV AUGUSTO DOS ANJOS;;;1755;;Colisão Transversal;Via Iluminada;Bom;Seca;Meio de Quadra;Pare;Comercial;0;1;1;1;0;0;0;0;0;1;0;0;-3,781512;-38,580334
340211;25;1;2019;21:18;1564;RUA LEONARDO MOTA;RUA CAROLINA SUCUPIRA;;0;;Colisão Lateral;Via Iluminada;Bom;Seca;Cruz;Pare;Residencial;0;1;1;1;0;0;0;0;0;0;0;0;-3,741825;-38,497995
340715;25;1;2019;11:20;0;AV GODOFREDO MACIEL;;;3440;;Colisão;Luz do Dia;;;Meio de Quadra;;;0;1;0;1;0;0;0;0;0;1;0;0;-3,805644;-38,57278
340720;25;1;2019;12:12;0;RUA CON DE CASTRO;;;3850;;Colisão;Luz do Dia;;;Meio de Quadra;;;0;1;0;1;0;0;0;0;0;1;0;0;-3,800375696;-38,5877083
340721;25;1;2019;13:22;0;AV FRE CIRILO;;;;;Atropelamento;Luz do Dia;;;Meio de Quadra;;;0;1;0;0;1;0;0;0;0;0;0;0;;
340725;25;1;2019;13:49;15203;RUA MON BRUNO;RUA DEP MOREIRA DA ROCHA;;;;Colisão;Luz do Dia;;;Cruz;Pare;Residencial;0;2;0;1;0;0;0;0;0;1;0;0;-3,726659;-38,507591
340723;25;1;2019;13:45;0;RUA CON DE CASTRO;;;2346;;Colisão;Luz do Dia;;;Meio de Quadra;;;0;1;0;0;0;0;0;0;0;1;0;0;-3,79018965;-38,57823698
340729;25;1;2019;14:02;0;RD BR 116;;;12000;KM-12;Colisão;Luz do Dia;;;Meio de Quadra;;;0;1;0;1;0;0;0;0;0;1;0;0;-3,85574;-38,496066
340750;25;1;2019;21:42;0;RUA BENTO ALBUQUERQUE;;;29;;Queda;;;;Meio de Quadra;;;0;1;0;0;0;0;0;0;0;1;0;0;-3,74925;-38,46621
340748;25;1;2019;19:31;0;RUA DOM HENRIQUE;;;465;;Colisão;;;;Meio de Quadra;;;0;2;0;0;0;0;0;0;0;1;0;0;-3,7874735;-38,5816282
340742;25;1;2019;18:21;10999;RUA ALBERTO MAGNO;RUA 15 DE NOVEMBRO;;;;Colisão;Anoitecer;;;Cruz;Pare;Residencial;0;1;0;1;0;0;0;0;0;1;0;0;-3,769909;-38,553169
340743;25;1;2019;18:24;0;AV CASTELO DE CASTRO;;;474;;Queda;Anoitecer;;;Meio de Quadra;;;0;1;0;0;0;0;0;0;0;1;0;0;-3,8334125;-38,5215715
340744;25;1;2019;18:31;0;AV SGT HERMINIO SAMPAIO;;;3552;;Queda;;;;Meio de Quadra;;;0;1;0;0;0;0;0;0;0;1;0;0;-3,728713;-38,572183
340733;25;1;2019;15:36;0;AV BEZERRA DE MENEZES;;;;;Atropelamento;Luz do Dia;;;Meio de Quadra;;;0;1;0;0;1;0;0;0;0;0;0;0;;
340734;25;1;2019;16:00;0;RUA FAUSTO CABRAL;;;1120;;Colisão;Luz do Dia;;;Meio de Quadra;;;0;1;0;1;0;0;0;0;0;1;0;0;-3,735188;-38,47117
340735;25;1;2019;16:02;0;AV JOSE BASTOS;;;1755;;Colisão;Luz do Dia;;;Meio de Quadra;;;0;1;1;0;0;0;0;0;0;0;0;0;-3,7420673;-38,5424327
340736;25;1;2019;16:16;0;AV UM (ARVOREDO);;;50;;Acidente Pessoal;Luz do Dia;;;Meio de Quadra;;;0;1;0;0;0;0;0;0;0;1;0;0;-3,81832;-38,56548
340737;25;1;2019;16:29;0;RUA BOA ESPERANCA D43;;;1213;;Acidente Pessoal;Luz do Dia;;;Meio de Quadra;;;0;1;0;0;0;0;0;0;0;1;0;0;;
340738;25;1;2019;16:37;0;AV DEP PAULINO ROCHA;;;46;;Queda;Luz do Dia;;;Meio de Quadra;;;0;1;0;0;0;0;0;0;0;1;0;0;-3,801738;-38,507487
340758;25;1;2019;23:48;0;RUA TERRA E MAR;;;725;;Queda;;;;Meio de Quadra;;;0;1;0;0;0;0;0;0;0;1;0;0;;
340752;25;1;2019;22:12;0;RUA DOM JOAQUIM;;;217;;Colisão;;;;Meio de Quadra;;;0;1;0;1;0;0;0;0;0;1;0;0;-3,725630435;-38,51670052
340753;25;1;2019;22:13;0;AV DEP PAULINO ROCHA;;;46;;Queda;;;;Meio de Quadra;;;0;1;0;0;0;0;0;0;0;1;0;0;-3,801738;-38,507487
340754;25;1;2019;22:17;0;AV GODOFREDO MACIEL;;;2401;;Queda;;;;Meio de Quadra;;;0;1;0;0;0;1;0;0;0;0;0;0;-3,796415;-38,569897
340755;25;1;2019;22:34;0;RUA ANTONIO BARBOSA;;;917;;Queda;;;;Meio de Quadra;;;0;1;0;0;0;0;0;0;0;1;0;0;-3,828596926;-38,56371787
340756;25;1;2019;22:41;11187;RUA TOMAS EDSON;RUA ALEMANHA;;;;Colisão;;;;;;;0;1;0;1;0;0;0;0;0;1;0;0;-3,783001;-38,557109
340712;25;1;2019;10:56;0;RUA HIL MORAES;;;180;;Colisão;Luz do Dia;;;Meio de Quadra;;;0;1;0;1;0;0;0;0;0;1;0;0;-3,772006091;-38,47464485
340713;25;1;2019;11:07;0;RUA PRO JOSE HENRIQUE;;;283;;Colisão;Luz do Dia;;;Meio de Quadra;;;0;1;0;1;0;0;0;0;0;1;0;0;-3,829711591;-38,48709186
340710;25;1;2019;09:49;0;AV OLAVO BILAC;;;1571;;Colisão;Luz do Dia;;;Meio de Quadra;;;0;1;0;1;0;0;0;0;0;1;0;0;-3,733447;-38,564485
340707;25;1;2019;08:39;0;RD BR 116;;;7000;KM-07;Queda;Luz do Dia;;;Meio de Quadra;;;0;1;0;0;0;0;0;0;0;1;0;0;-3,786276359;-38,5115614
340708;25;1;2019;09:38;0;AV FRANCISCO SA;;;5481;;Colisão;Luz do Dia;;;Meio de Quadra;;;0;1;0;1;0;0;0;0;0;1;0;0;-3,711949;-38,573313
340700;25;1;2019;06:00;0;RD BR 116;;;2000;KM-02;Colisão;Luz do Dia;;;Meio de Quadra;;;0;3;0;0;0;0;0;0;0;0;0;0;-3,771391;-38,51678
340701;25;1;2019;06:52;0;AV GODOFREDO MACIEL;;;5642;;Colisão;Luz do Dia;;;Meio de Quadra;;;0;2;0;0;0;0;0;0;0;0;0;0;-3,824379153;-38,57879612
340702;25;1;2019;07:12;0;RUA RIO GRANDE DO SUL;;;1556;;Colisão;Luz do Dia;;;Meio de Quadra;;;0;1;0;1;0;0;0;0;0;1;0;0;-3,761478;-38,56946894
340704;25;1;2019;08:35;0;AV MR HULL;;;;;Queda;Luz do Dia;;;Meio de Quadra;;;0;1;0;0;0;0;0;0;0;1;0;0;;
340763;26;1;2019;00:06;0;RUA CLARINDO;;;51;;Queda;;;;Meio de Quadra;;;0;1;0;0;0;0;0;0;0;1;0;0;-3,7344893;-38,5247861
340769;26;1;2019;01:49;0;RUA CEL JUCA;;;;;Colisão;;;;Meio de Quadra;;;0;1;0;1;0;0;0;0;0;1;0;0;;
340770;26;1;2019;02:52;0;RUA JUVENAL DE CARVALHO;;;;;Queda;;;;Meio de Quadra;;;0;1;0;0;0;0;0;0;0;1;0;0;;
340771;26;1;2019;07:55;0;AV GAL OSORIO DE PAIVA;;;1185;;Colisão;Luz do Dia;;;Meio de Quadra;;;0;1;0;0;0;0;0;0;0;0;0;0;-3,779369661;-38,57242635
340772;26;1;2019;08:05;0;RUA MANOEL PEREIRA;;;146;;Atropelamento;Luz do Dia;;;Meio de Quadra;;;0;1;0;1;0;0;0;0;0;0;0;0;;
340767;26;1;2019;00:42;0;RUA CUIABA;;;2156;;Queda;;;;Meio de Quadra;;;0;1;0;0;0;1;0;0;0;0;0;0;-3,76182;-38,59241
340783;26;1;2019;12:16;0;AV JOSE LEON;;;1078;;Colisão;Luz do Dia;;;Meio de Quadra;;;0;1;0;1;0;0;0;0;0;1;0;0;-3,787712;-38,502231
340775;26;1;2019;10:12;0;AV PRO JOSE ARTHUR CARVALHO;;;2209;;Colisão;Luz do Dia;;;Meio de Quadra;;;0;2;0;1;0;0;0;0;0;1;0;0;-3,82452716;-38,4592666
340776;26;1;2019;10:30;0;AV CAP WALDEMAR PAULA LIMA;;;668;;Colisão;Luz do Dia;;;Meio de Quadra;;;0;2;0;0;0;0;0;0;0;1;0;0;-3,8188495;-38,507991
340777;26;1;2019;10:45;0;RUA MARIA JULIA;;;1225;;Colisão;Luz do Dia;;;Meio de Quadra;;;0;2;0;1;0;0;0;0;0;1;0;0;-3,7959831;-38,60089
340778;26;1;2019;10:52;0;RUA ERICO MOTA;;;1165;;Colisão;Luz do Dia;;;Meio de Quadra;;;0;1;0;1;0;1;0;0;0;0;0;0;-3,74768;-38,56046
340779;26;1;2019;11:15;0;AV CEL CARVALHO;;;215;;Colisão;Luz do Dia;;;Meio de Quadra;;;0;4;0;1;1;0;0;0;0;0;0;0;-3,704926855;-38,59117419
340789;26;1;2019;12:35;0;AV AUGUSTO DOS ANJOS;;;2384;;Colisão;Luz do Dia;;;Meio de Quadra;;;0;1;0;0;0;0;0;0;0;1;0;0;-3,7869465;-38,5846965
340790;26;1;2019;13:24;0;RUA POMPILIO GOMES;;;1682;;Colisão;Luz do Dia;;;Meio de Quadra;;;0;1;0;1;0;0;0;0;0;1;0;0;-3,8265054;-38,52118525
340791;26;1;2019;13:39;0;RUA EQUADOR;;;680;;Colisão;Luz do Dia;;;Meio de Quadra;;;0;1;0;1;0;0;0;0;0;1;0;0;-3,773029;-38,552073
340792;26;1;2019;13:47;0;AV JOAO PESSOA;;;6000;;Colisão;Luz do Dia;;;Meio de Quadra;;;0;1;0;1;0;0;0;0;0;1;0;0;-3,763056857;-38,55808857
340793;26;1;2019;14:04;22951;AV DR SILAS MUNGUBA;RUA DR JUSTA ARAUJO D45;;;;Queda;Luz do Dia;;;Cruz;Semáforo;Comercial;0;1;0;0;0;0;0;0;0;1;0;0;-3,784586;-38,553426
340794;26;1;2019;14:19;0;RUA CAROLINA SUCUPIRA;;;;;Colisão;Luz do Dia;;;Meio de Quadra;;;0;2;0;0;0;0;0;0;0;0;0;0;;
340795;26;1;2019;15:23;0;AV ANTONIO SALES;;;1800;;Choque c/ Obstáculo Fixo;Luz do Dia;;;Meio de Quadra;;;0;1;0;1;0;0;0;0;0;1;0;0;-3,743706333;-38,508023
340796;26;1;2019;15:58;0;RUA MARANHAO;;;368;;Colisão;Luz do Dia;;;Meio de Quadra;;;0;1;0;1;0;0;0;0;0;1;0;0;-3,7560062;-38,5652114
340797;26;1;2019;16:23;0;RUA JOSE MENDONCA;;;410;;Colisão;Luz do Dia;;;Meio de Quadra;;;0;2;0;1;0;0;0;0;0;1;0;0;-3,7589025;-38,6025185
340798;26;1;2019;17:07;12804;RUA PRE NOVE;RUA JORGE DUMAR;;;;Atropelamento;Anoitecer;;;Cruz;Pare;Comercial;0;1;0;0;0;0;0;0;0;1;0;0;-3,754631;-38,539818
340799;26;1;2019;17:33;0;AV PRS CASTELO BRANCO;;;2815;;Colisão;Anoitecer;;;Meio de Quadra;;;0;2;0;0;0;0;0;0;0;0;0;0;-3,712437348;-38,55291213
340802;26;1;2019;17:36;0;AV CASTELO DE CASTRO;;;2220;;Colisão;Anoitecer;;;Meio de Quadra;;;0;1;0;1;0;1;0;0;0;0;0;0;-3,84649;-38,52203
340805;26;1;2019;17:50;0;RUA ANA GONCALVES;;;;;Colisão;Anoitecer;;;Meio de Quadra;;;0;1;0;1;0;0;0;0;0;1;0;0;;
340787;26;1;2019;12:32;13304;AV I CJ JOSE WALTER;AV G CJ JOSE WALTER;;;;Colisão;Luz do Dia;;;Cruz;Pare;Residencial;0;1;0;1;0;0;0;0;0;1;0;0;-3,839061;-38,554956
340807;26;1;2019;18:20;24837;RUA MORAUJO;RUA GEORGE CAVALCANTE;;;;Colisão;Anoitecer;;;;;;0;1;0;1;0;1;0;0;0;0;0;0;-3,719178;-38,591548
340808;26;1;2019;18:46;0;AV BORGES DE MELO;;;;;Queda;;;;Meio de Quadra;;;0;1;0;0;0;0;0;0;0;1;0;0;;
340809;26;1;2019;19:09;0;RUA BERNARDO MANUEL;;;8099;;Colisão;;;;Meio de Quadra;;;0;1;0;1;0;0;0;0;0;1;0;0;-3,790331333;-38,54886212
340810;26;1;2019;19:53;0;RUA ANARIO BRAGA;;;820;;Atropelamento;;;;Meio de Quadra;;;0;1;0;1;0;0;0;0;0;0;0;0;-3,736853158;-38,59350995
340814;26;1;2019;20:20;0;RUA ERETIDES ALENCAR;;;1145;;Colisão;;;;Meio de Quadra;;;0;1;0;1;0;0;0;0;0;0;0;0;;
340815;26;1;2019;20:28;0;RUA NUNES FEIJO;;;1712;;Colisão;;;;Meio de Quadra;;;0;1;0;0;0;0;0;0;0;1;0;0;-3,84521;-38,5098
340816;26;1;2019;20:36;0;AV CONTORNO NORTE D71;;;1285;;Colisão;;;;Meio de Quadra;;;0;1;0;1;0;0;0;0;0;1;0;0;-3,81230675;-38,58907725
340817;26;1;2019;20:46;0;AV PERIMETRAL;;;;;Capotamento;;;;Meio de Quadra;;;0;1;0;1;0;0;0;0;0;0;0;0;;
340818;26;1;2019;21:24;0;RUA TUPI D35;;;1391;;Queda;;;;Meio de Quadra;;;0;1;0;0;0;0;0;0;0;1;0;0;-3,769336626;-38,58367307
340819;26;1;2019;22:13;0;RUA CIRCULACAO;;;;;Capotamento;;;;Meio de Quadra;;;0;2;0;1;0;0;0;0;0;0;0;0;;
340812;26;1;2019;20:08;0;RUA BERNARDO MANUEL;;;8297;;Colisão;;;;Meio de Quadra;;;0;3;0;1;0;0;0;0;0;1;0;0;-3,792478;-38,549517
340821;26;1;2019;23:32;14421;AV SGT HERMINIO SAMPAIO;RUA PDE ANCHIETA;;;;Colisão;;;;Cruz;Semáforo;Comercial;0;1;0;1;0;0;0;0;0;1;0;0;-3,724693;-38,551079
340822;26;1;2019;00:15;0;RUA CAP VASCONCELOS D46;;;65;;Colisão;;;;Meio de Quadra;;;0;1;0;1;0;0;0;0;0;1;0;0;-3,762103027;-38,51761608
340212;26;1;2019;07:28;25006;RUA LEONARDO MOTA;RUA BENI DE CARVALHO;;0;;Colisão Transversal;Amanhecer;Nublado;Seca;Cruz;Semáforo;Residencial;0;0;2;1;0;0;0;0;0;0;0;0;-3,744739;-38,498931
340213;26;1;2019;09:45;0;RUA METON DE ALENCAR;;;1807;;Colisão Traseira;Luz do Dia;Bom;Seca;Meio de Quadra;Não Há Controle;Comercial;0;0;2;1;0;0;0;0;0;0;0;0;-3,7307596;-38,53967
340214;26;1;2019;12:45;25464;RUA JOAO IVO;RUA ANTONIO GADELHA;;0;;Acidente Pessoal;Luz do Dia;Bom;Seca;Cruz;Pare;Comercial;0;0;2;0;1;0;0;0;0;0;0;0;-3,832661;-38,497515
340215;26;1;2019;14:00;0;AV DOM MANUEL;;;1063;;Choque c/ Obstáculo Fixo;Luz do Dia;Nublado;Seca;Meio de Quadra;Não Há Controle;Comercial;0;1;0;1;0;0;0;0;0;0;0;0;-3,733392286;-38,52274771
340216;26;1;2019;14:14;2411;AV CEL CARVALHO;RUA AMADEU DE CASTRO;;;;Colisão Traseira;Luz do Dia;Bom;Seca;Duplo T;Não Há Controle;Comercial;0;1;1;1;1;0;0;0;0;0;0;0;-3,706322;-38,590807
340217;26;1;2019;19:37;0;AV GODOFREDO MACIEL;;;4076;;Colisão Traseira;Via Iluminada;Bom;Seca;Meio de Quadra;Não Há Controle;Comercial;0;0;2;1;0;0;0;0;0;0;0;0;-3,810965;-38,574471
340218;26;1;2019;20:33;0;AV ANTONIO SALES;;;1540;;Colisão Lateral;Via Iluminada;Bom;Seca;Meio de Quadra;Gesto;Comercial;0;1;1;1;0;0;0;0;0;0;0;0;-3,743288;-38,509378
340219;26;1;2019;21:10;5200;RUA TEN BENEVOLO;RUA GONCALVES LEDO;;;;Colisão Lateral;Via Iluminada;Bom;Seca;Cruz;Pare;Residencial;0;1;0;1;0;0;0;0;0;1;0;0;-3,726183;-38,514537
340479;26;1;2019;16:35;0;AV ANTONIO SALES;;;1795;;Colisão Lateral;Luz do Dia;Nublado;Seca;Meio de Quadra;Não Há Controle;Comercial;0;1;1;1;0;0;0;0;0;1;0;0;-3,743702357;-38,50803586
340027;26;1;2019;18:01;10392;RUA JOSE MENDONCA;RUA STA ADELIA;;;;Colisão;Anoitecer;;;Cruz;Não Há Controle;Residencial;0;0;2;0;0;0;0;0;0;1;0;0;-3,759043;-38,602545
338937;26;1;2019;14:00;22845;RUA GOV JOAO CARLOS;RUA CON LIMA SUCUPIRA;;;;Colisão Lateral;Luz do Dia;Bom;Seca;Cruz;Pare;Residencial;0;2;1;0;0;0;1;0;0;1;0;0;-3,777951;-38,551518
338940;27;1;2019;19:00;15349;RUA VICENTE LEITE;RUA REPUBLICA DO LIBANO;;;;Colisão Frontal;Via Iluminada;Bom;Seca;Cruz;Pare;Residencial;0;0;2;1;0;0;0;0;0;1;0;0;-3,732224;-38,493841
339405;27;1;2019;16:00;0;AV GODOFREDO MACIEL;;;4701;;Colisão;Luz do Dia;;;Meio de Quadra;;;1;1;0;0;0;1;0;0;0;1;0;0;-3,816194;-38,574527
340028;27;1;2019;01:20;20034;AV PALESTINA D68;RUA DOS SABIAS;;;;Colisão;;;;Cruz;Pare;Residencial;0;0;2;1;0;0;0;0;0;1;0;0;-3,805219;-38,538452
340029;27;1;2019;03:15;0;AV PRS CASTELO BRANCO;;;;;Colisão;;;;Meio de Quadra;;;0;0;2;1;0;0;0;0;0;0;0;0;;
340033;27;1;2019;23:50;0;AV AMERICO BARREIRA;;;6510;;Choque c/ Obstáculo Fixo;;;;Meio de Quadra;;;0;0;1;0;0;0;0;0;0;0;0;0;-3,76717;-38,56941
340220;27;1;2019;05:08;0;AV ALBERTO CRAVEIRO;;;;;Choque c/ Obstáculo Fixo;Amanhecer;Nublado;Molhada;Meio de Quadra;Não Há Controle;Lazer;0;1;0;1;0;0;0;0;0;0;0;0;;
340221;27;1;2019;14:15;5483;RUA BARBARA DE ALENCAR;RUA NOGUEIRA ACIOLI;;0;;Colisão Transversal;Luz do Dia;Bom;Seca;Cruz;Pare;Residencial;0;1;1;1;0;0;0;0;0;0;0;0;-3,73639;-38,518995
340222;27;1;2019;20:43;9041;RUA ASSUNCAO;RUA PDE MIGUELINHO;;0;;Colisão Transversal;Via Iluminada;Bom;Seca;Cruz;Pare;Residencial;0;0;2;1;0;0;0;0;0;0;0;0;-3,743337;-38,531602
340223;27;1;2019;22:02;0;RUA STA TEREZINHA DO MEN JES E DA SAG FACE;;;0;;Colisão Traseira;Via Iluminada;Bom;Seca;Meio de Quadra;Pare;Residencial;0;0;2;1;0;0;0;0;0;1;0;0;;
340224;27;1;2019;21:25;0;AV BORGES DE MELO;;;1301;;Choque c/ Obstáculo Fixo;Via Iluminada;Bom;Seca;Meio de Quadra;Não Há Controle;Comercial;0;2;0;1;0;0;0;0;0;0;0;0;-3,759499926;-38,53056207
340823;27;1;2019;02:18;0;AV DR SILAS MUNGUBA;;;3903;;Colisão;;;;Meio de Quadra;;;0;1;0;1;0;0;0;0;0;1;0;0;-3,790736;-38,539291
340824;27;1;2019;02:34;0;AV JOSE BASTOS;;;6360;;Atropelamento;;;;Meio de Quadra;;;0;1;0;1;0;0;0;0;0;0;0;0;-3,7671225;-38,569313
340826;27;1;2019;03:05;0;RUA ARAGUAIA (PL. AIRTON SENNA);;;1800;;Atropelamento;;;;Meio de Quadra;;;0;2;0;1;0;0;0;0;0;0;0;0;-3,83744;-38,57104
340834;27;1;2019;12:18;0;RUA JOR CESAR MAGALHAES;;;1070;;Colisão;Luz do Dia;;;Meio de Quadra;;;0;1;0;1;0;0;0;0;0;1;0;0;-3,768825017;-38,48890375
340835;27;1;2019;12:26;0;RUA VITAL BRASIL;;;1364;;Colisão;Luz do Dia;;;Meio de Quadra;;;0;1;0;1;0;0;0;0;0;1;0;0;-3,7793166;-38,5934421
340831;27;1;2019;09:30;3883;RUA COSTA SOUZA;AV DOS EXPEDICIONARIOS;;;;Colisão;Luz do Dia;;;Cruz;Não Há Controle;Residencial;0;1;0;1;0;0;0;0;0;1;0;0;-3,747745;-38,535932
340828;27;1;2019;04:06;5086;RUA PDE MORORO;RUA SAO PAULO;;;;Colisão;;;;Cruz;Semáforo;Comercial;0;1;0;1;0;1;0;0;0;0;0;0;-3,722996;-38,536741
340829;27;1;2019;08:08;0;RUA PRA FRANCISCA ALMEIDA DE SOUSA;;;330;;Queda;Luz do Dia;;;Meio de Quadra;;;0;1;0;0;0;0;0;0;0;1;0;0;-3,7523;-38,45537
340840;27;1;2019;13:33;0;RUA BAR RIO BRANCO;;;1816;;Acidente Pessoal;Luz do Dia;;;Meio de Quadra;;;0;1;0;0;0;0;0;0;0;1;0;0;-3,734707;-38,530891
340838;27;1;2019;13:16;1316;RUA TIBURCIO CAVALCANTE;AV SANTOS DUMONT;;;;Colisão;Luz do Dia;;;Cruz;Semáforo;Residencial;0;1;0;1;0;0;0;0;0;1;0;0;-3,734979;-38,502259
340842;27;1;2019;14:03;3030;RUA ANDRE REBOUCAS;RUA DIOGO CORREIA;;;;Colisão;Luz do Dia;;;Outros;Semáforo;Comercial;0;1;0;1;0;0;0;0;0;1;0;0;-3,774008;-38,588606
340856;27;1;2019;17:51;0;RUA ARARIUS;;;108;;Colisão;Anoitecer;;;Meio de Quadra;;;0;1;0;0;0;0;0;0;0;0;0;0;-3,7207595;-38,5136475
340857;27;1;2019;18:08;0;AV SGT HERMINIO SAMPAIO;;;2038;;Colisão;Anoitecer;;;Meio de Quadra;;;0;1;0;1;0;0;0;0;0;1;0;0;-3,7261805;-38,5594235
340877;27;1;2019;22:38;0;RUA SABIAGUABA;;;733;;Atropelamento;;;;Meio de Quadra;;;0;1;0;1;0;0;0;0;0;0;0;0;-3,78113;-38,43533
340868;27;1;2019;21:06;0;RUA STO ANTONIO;;;74;;Queda;;;;Meio de Quadra;;;0;1;0;0;0;0;0;0;0;1;0;0;-3,7339966;-38,5930532
340869;27;1;2019;21:27;13470;RUA PINHO PESSOA;RUA PDE ANTONIINO D13;;;;Colisão;;;;Cruz;Pare;Residencial;0;2;0;1;0;0;0;0;0;1;0;0;-3,744361;-38,520432
340873;27;1;2019;21:53;0;RUA CONDE D´EU;;;484;;Queda;;;;Meio de Quadra;;;0;1;0;0;0;0;0;0;0;1;0;0;-3,72515;-38,52526
340874;27;1;2019;22:13;0;AV CONTORNO NORTE D71;;;1026;;Colisão;;;;Meio de Quadra;;;0;1;0;1;0;1;0;0;0;0;0;0;-3,8146215;-38,5868665
340875;27;1;2019;22:25;0;RUA BOM JESUS (GRANJA LISBOA);;;2035;;Queda;;;;Meio de Quadra;;;0;1;0;0;0;0;0;0;0;1;0;0;-3,791107791;-38,61143919
340859;27;1;2019;19:04;12601;RUA ANTONIETA CLOTILDE;RUA TULIPA;;;;Colisão;;;;;;;0;2;0;0;0;0;0;0;0;1;0;0;-3,717444;-38,580646
340860;27;1;2019;19:26;0;AV DEP PAULINO ROCHA;;;;;Queda;;;;Meio de Quadra;;;0;1;0;0;0;0;0;0;0;1;0;0;;
340861;27;1;2019;19:33;10999;RUA ALBERTO MAGNO;RUA 15 DE NOVEMBRO;;;;Colisão;;;;Cruz;Pare;Residencial;0;1;0;1;0;0;0;0;0;1;0;0;-3,769909;-38,553169
340862;27;1;2019;19:49;0;RUA TEODOMIRO DE CASTRO;;;6280;;Atropelamento;;;;Meio de Quadra;;;0;1;0;0;0;0;0;0;0;1;0;0;-3,717003;-38,57641
340863;27;1;2019;20:30;0;RD QUARTO ANEL VIARIO;;;;;Queda;;;;Meio de Quadra;;;0;2;0;0;0;0;0;0;0;1;0;0;;
340864;27;1;2019;20:33;0;RUA ARTUR DE SOUZA;;;2011;;Colisão;;;;Meio de Quadra;;;0;1;0;1;0;0;0;0;0;1;0;0;-3,8236412;-38,5783888
340865;27;1;2019;20:50;0;RUA SAO ROQUE;;;147;;Colisão;;;;Meio de Quadra;;;0;2;0;0;0;0;0;0;0;1;0;0;-3,71707;-38,57118
340866;27;1;2019;21:02;0;RUA EUCLIDES O DE SOUSA;;;;;Colisão;;;;Meio de Quadra;;;0;1;0;1;0;1;0;0;0;0;0;0;;
340883;27;1;2019;22:55;25231;AV I CJ JOSE WALTER;AV PRS COSTA E SILVA;;;;Colisão;;;;T;Semáforo;Comercial;0;2;0;0;0;0;0;0;0;1;0;0;-3,823494;-38,550232
340893;28;1;2019;01:00;0;AV GODOFREDO MACIEL;;;;;Queda;;;;Meio de Quadra;;;0;1;0;0;0;0;0;0;0;1;0;0;;
340894;28;1;2019;01:20;0;AV CASTELO DE CASTRO;;;;;Queda;;;;Meio de Quadra;;;0;1;0;0;0;1;0;0;0;0;0;0;;
340895;28;1;2019;02:50;0;RUA SEN ALENCAR;;;1330;;Queda;;;;Meio de Quadra;;;0;1;0;0;0;0;0;0;0;1;0;0;-3,721862704;-38,53736793
340896;28;1;2019;07:05;0;RUA CON DE CASTRO;;;;;Atropelamento;Luz do Dia;;;Meio de Quadra;;;0;1;0;0;0;0;0;0;0;0;0;0;;
340915;28;1;2019;11:31;0;RUA JOAQUIM FELICIO;;;201;;Atropelamento;Luz do Dia;;;Meio de Quadra;;;0;1;0;1;0;0;0;0;0;0;0;0;-3,829820361;-38,4931498
340916;28;1;2019;12:13;0;AV GAL MURILO BORGES;;;;;Colisão;Luz do Dia;;;Meio de Quadra;;;0;1;0;1;0;0;0;0;0;1;0;0;;
340917;28;1;2019;12:36;0;AV GOV PARSIFAL BARROSO;;;116;;Colisão;Luz do Dia;;;Meio de Quadra;;;0;1;0;1;0;0;0;0;0;1;0;0;-3,7289;-38,56935
340911;28;1;2019;10:56;0;RD BR 116;;;4000;KM-04;Colisão;Luz do Dia;;;Meio de Quadra;;;0;1;0;1;0;0;0;0;0;1;0;0;-3,802354;-38,503869
340912;28;1;2019;11:19;0;AV DA INDEPENDENCIA;;;2314;;Atropelamento;Luz do Dia;;;Meio de Quadra;;;0;1;0;0;0;0;0;0;0;1;0;0;-3,724057;-38,60065909
340913;28;1;2019;11:30;0;AV MR HULL;;;;;Atropelamento;Luz do Dia;;;Meio de Quadra;;;0;1;0;1;0;0;0;0;0;0;0;0;;
340909;28;1;2019;10:50;0;RUA FRANCISCO XAVIER;;;1244;;Queda;Luz do Dia;;;Meio de Quadra;;;0;1;0;0;0;0;0;0;0;1;0;0;-3,84034;-38,48619
340900;28;1;2019;07:14;0;RUA FRANCISCO JOSE A PEREIRA;;;635;;Colisão;Luz do Dia;;;Meio de Quadra;;;0;2;0;0;0;0;0;0;0;1;0;0;-3,811879;-38,506476