COD_ACIDENTE;DIA;MES;ANO;HORA;INTERSECAO;LOG1;LOG2;LOG3;NUMERO;REFERENCIA;NATUREZA;ILUMINACAO;TEMPO;SUPERFICIEPISTA;TIPOCRUZAMENTO;CONTROLETRAFEGO;USOSOLO;MORTOS;FERIDOS;ILESOS;AUTOMOVEL;ONIBUS;BICICLETA;CAMINHAO;MICROONIBUS;CICLOMOTOR;MOTOCICLETA;TRACAOANIMAL;TREM;LATITUDE;LONGITUDE
340901;28;1;2019;07:23;0;AV PRS COSTA E SILVA;;;;;Atropelamento;Luz do Dia;;;Meio de Quadra;;;0;1;0;1;0;0;0;0;0;0;0;0;;
340904;28;1;2019;10:08;0;AV MR HULL;;;;;Queda;Luz do Dia;;;Meio de Quadra;;;0;1;0;0;0;1;0;0;0;0;0;0;;
340927;28;1;2019;17:40;0;AV WASHINGTON SOARES;;;3777;;Colisão;Anoitecer;;;Meio de Quadra;;;0;1;0;1;0;0;0;0;0;1;0;0;-3,789444;-38,480489
340928;28;1;2019;18:58;0;AV DR THEBERGE;;;486;;Colisão;;;;Meio de Quadra;;;0;1;0;1;0;0;0;0;0;1;0;0;-3,708348423;-38,56286688
340929;28;1;2019;18:59;614;RUA ANA FACO;AV DR THEBERGE;;;;Colisão;;;;Duplo T;Pare;Residencial;0;1;0;1;0;0;0;0;0;1;0;0;-3,712143;-38,564134
340932;28;1;2019;19:00;0;AV GAL OSORIO DE PAIVA;;;426;;Colisão;;;;Meio de Quadra;;;0;1;0;0;0;0;0;0;0;0;0;0;-3,776069;-38,567183
340933;28;1;2019;19:04;0;AV BENJAMIM BRASIL;;;2340;;Colisão;;;;Meio de Quadra;;;0;1;0;0;0;0;0;0;0;0;0;0;-3,809073;-38,556174
340934;28;1;2019;19:09;0;AV ENG HUMBERTO MONTE;;;1680;;Colisão;;;;Meio de Quadra;;;0;1;0;1;0;1;0;0;0;0;0;0;-3,746008;-38,56309
340935;28;1;2019;21:00;0;RUA BAR RIO BRANCO;;;;;Colisão;;;;Meio de Quadra;;;0;1;0;0;0;0;0;0;0;1;0;0;;
340936;28;1;2019;21:54;25231;AV I CJ JOSE WALTER;AV PRS COSTA E SILVA;;;;Colisão;;;;T;Semáforo;Comercial;0;1;0;0;0;0;0;0;0;0;0;0;-3,823494;-38,550232
340937;28;1;2019;22:47;0;RUA MES ANDRE;;;218;;Atropelamento;;;;Meio de Quadra;;;0;1;0;1;0;0;0;0;0;0;0;0;-3,75074;-38,60086
340923;28;1;2019;17:16;12648;RUA RIO ARAGUAIA;RUA MARIA CLARA;;;;Colisão;Anoitecer;;;Cruz;Não Há Controle;Comercial;0;1;0;1;0;0;0;0;0;1;0;0;-3,725741;-38,582119
340924;28;1;2019;17:18;0;AV PRS COSTA E SILVA;;;;;Queda;Anoitecer;;;Meio de Quadra;;;0;1;0;0;0;0;0;0;0;1;0;0;;
340925;28;1;2019;17:19;0;RUA DOM LINO;;;700;;Colisão;Anoitecer;;;Meio de Quadra;;;0;1;0;1;0;0;0;0;0;1;0;0;-3,740582;-38,556267
340921;28;1;2019;14:49;2766;RUA BOM JESUS (GRANJA LISBOA);RUA ZACARIAS FLORINDO;;;;Colisão;Luz do Dia;;;Cruz;Pare;Residencial;0;1;0;1;0;0;0;0;0;1;0;0;-3,792274;-38,607869
340800;28;1;2019;22:05;0;RD BR 116;;;;;Colisão;;;;Meio de Quadra;;;0;0;2;0;1;0;1;0;0;0;0;0;;
340226;28;1;2019;01:24;0;AV EDILSON B SOARES;;;1005;;Choque c/ Obstáculo Fixo;Via Iluminada;Bom;Seca;Meio de Quadra;Semáforo;Comercial;0;1;0;0;0;0;0;0;0;0;0;0;-3,789155;-38,477116
340227;28;1;2019;08:01;1333;RUA BARBOSA DE FREITAS;RUA MARIA TOMASIA;;;;Colisão Transversal;Luz do Dia;Bom;Seca;Cruz;Pare;Comercial;0;2;1;0;0;0;0;0;0;1;0;0;-3,735546;-38,497042
340228;28;1;2019;08:50;24331;AV LUCIANO CARNEIRO;RUA ARMANDO MONTEIRO;;0;;Colisão Transversal;Luz do Dia;Bom;Seca;Cruz;Pare;Residencial;0;0;2;1;0;0;0;0;0;0;0;0;-3,763454;-38,536219
340229;28;1;2019;10:00;0;RUA OSVALDO CRUZ;AV PDE ANTONIO TOMAS;;0;;Colisão Transversal;Luz do Dia;Bom;Seca;Meio de Quadra;Semáforo;Comercial;0;2;0;0;0;0;0;0;0;1;0;0;-3,7395327;-38,5015466
340230;28;1;2019;10:22;25548;AV JOAO PESSOA;RUA VILA LOBOS;;0;;Colisão Transversal;Luz do Dia;Bom;Seca;T;Pare;Comercial;0;0;2;1;0;0;0;0;0;0;0;0;-3,771198;-38,561439
340231;28;1;2019;11:00;3767;AV IMPERADOR;AV DOMINGOS OLIMPIO;;;;Colisão Lateral;Luz do Dia;Bom;Seca;Cruz;Semáforo;Comercial;0;1;1;0;0;0;0;0;0;1;0;0;-3,73479;-38,536697
340232;28;1;2019;13:15;0;AV PRO GOMES DE MATOS;;;1547;;Colisão Traseira;Luz do Dia;Bom;Seca;Meio de Quadra;Não Há Controle;Comercial;0;0;2;0;1;0;0;0;0;0;0;0;-3,765321;-38,549213
340233;28;1;2019;16:48;0;AV PRO JOSE ARTHUR CARVALHO;;;1001;;Colisão Lateral;Luz do Dia;Bom;Seca;Meio de Quadra;Pare;Industrial;0;2;1;0;0;0;0;0;0;1;0;0;-3,827135;-38,469975
340234;28;1;2019;20:22;0;RUA BARBOSA DE FREITAS;;;2121;;Colisão Traseira;Mal Iluminada;Bom;Seca;Meio de Quadra;Não Há Controle;Residencial;0;0;2;1;0;0;0;0;0;0;0;0;-3,74511;-38,500101
340235;28;1;2019;22:44;0;RUA CARLOS AMORA;;;150;;Colisão Lateral;Via Iluminada;Bom;Seca;Meio de Quadra;Não Há Controle;Comercial;0;0;2;1;0;0;0;0;0;1;0;0;-3,7750345;-38,563769
340035;28;1;2019;14:30;0;RUA VIRGILIO NOGUEIRA PAES;;;1355;;Choque c/ Obstáculo Fixo;Luz do Dia;;;Meio de Quadra;;;0;0;1;0;0;0;0;0;0;0;0;0;-3,79517136;-38,61080476
340031;28;1;2019;01:00;0;RUA CAP JOAO FERREIRA LIMA;;;;;Choque c/ Obstáculo Fixo;;;;Meio de Quadra;;;0;0;1;0;0;0;0;0;0;0;0;0;;
338948;28;1;2019;16:00;8947;RUA GAL CLARINDO DE QUEIROZ;RUA EURICO FACO;;;;Colisão Transversal;Luz do Dia;Bom;Seca;Cruz;Pare;Residencial;0;0;2;1;0;0;0;0;0;1;0;0;-3,729201;-38,541099
339424;28;1;2019;10:43;0;RD BR 116;;;6000;KM-06;Tombamento;Luz do Dia;;;Meio de Quadra;;;0;0;2;1;0;0;0;0;0;1;0;0;-3,804691;-38,503053
339425;28;1;2019;11:30;0;RD BR 222;;;;KM-03;Atropelamento;Luz do Dia;;;Meio de Quadra;;;0;1;1;0;0;0;0;0;0;1;0;0;-3,740300848;-38,59594097
339543;28;1;2019;15:20;0;AV SEN CARLOS JEREISSATI (AEROPORTO);;;;KM 01;Engavetamento;Luz do Dia;;;Meio de Quadra;;;0;0;4;1;0;0;0;0;0;0;0;0;-3,783753;-38,52685
339546;29;1;2019;05:22;0;AV SEN CARLOS JEREISSATI (AEROPORTO);;;;KM 04;Colisão;Amanhecer;;;Meio de Quadra;;;0;1;1;0;0;0;0;0;0;1;0;0;-3,77402;-38,550907
338967;29;1;2019;13:00;10944;RUA ZACARIAS GONDIM;RUA LIVINO DE CARVALHO;;;;Colisão Transversal;Luz do Dia;Bom;Seca;Cruz;Pare;Residencial;0;1;1;1;0;0;0;0;0;0;0;0;-3,770836;-38,559435
340236;29;1;2019;01:31;15121;RUA JOAO CORDEIRO;RUA DR ATUALPA BARBOSA LIMA (P. IRACEMA);;0;;Colisão Lateral;Via Iluminada;Bom;Seca;Cruz;Não Há Controle;Residencial;0;0;2;1;1;0;0;0;0;0;0;0;-3,723378;-38,512434
340237;29;1;2019;07:00;12846;RUA BAR RIO BRANCO;RUA SALDANHA MARINHO;;1;;Colisão Lateral;Luz do Dia;Bom;Seca;T;Pare;Comercial;0;0;2;1;0;0;0;0;0;0;0;0;-3,741709;-38,533128
340238;29;1;2019;08:04;5420;RUA METON DE ALENCAR;RUA SEN POMPEU;;;;Colisão Lateral;Luz do Dia;Bom;Seca;Cruz;Semáforo;Comercial;0;1;1;1;0;0;0;0;0;1;0;0;-3,733376;-38,531575
340239;29;1;2019;09:09;0;RUA EQUADOR;;;1828;;Colisão Transversal;Luz do Dia;Bom;Seca;Meio de Quadra;Não Há Controle;Comercial;0;1;1;1;0;0;0;0;0;1;0;0;-3,78337736;-38,55623284
340240;29;1;2019;07:22;0;RUA BAR CANINDE;;;0;;Colisão Transversal;Luz do Dia;Bom;Seca;Meio de Quadra;;;0;2;1;1;0;1;0;0;0;0;0;0;;
340241;29;1;2019;11:45;0;RUA CEL MATOS DOURADO;;;1280;;Colisão Traseira;Luz do Dia;Bom;Seca;Meio de Quadra;Não Há Controle;Comercial;0;1;1;0;1;0;0;0;0;1;0;0;-3,749716;-38,584391
340242;29;1;2019;13:56;15204;AV ABOLICAO;RUA JULIO IBIAPINA;;;;Colisão;Luz do Dia;Bom;Seca;Cruz;Semáforo;Residencial;0;1;1;1;0;0;0;0;0;0;0;0;-3,726679;-38,49129
340243;29;1;2019;18:50;0;RUA DR JOSE LOURENCO;RUA EDUARDO SALGADO;;0;;Colisão Transversal;Via Iluminada;Bom;Seca;Cruz;Pare;Residencial;0;0;2;1;0;0;0;0;0;0;0;0;-3,7343353;-38,5077003
340244;29;1;2019;20:32;0;RUA CHICO FRANCA;;;1294;;Choque c/ Obstáculo Fixo;Luz do Dia;Bom;Seca;Meio de Quadra;Não Há Controle;Residencial;0;1;0;1;0;0;0;0;0;0;0;0;-3,834735;-38,501736
340245;29;1;2019;17:30;0;AV ENG SANTANA JUNIOR;RUA ENG PLACIDO C JUNIOR D56;;0;;Colisão Traseira;Anoitecer;Bom;Seca;;;;0;0;2;1;0;0;0;0;0;1;0;0;-3,7296507;-38,478256
340302;29;1;2019;06:50;21545;RUA TULIPA NEGRA;RUA ALCINO GUANABARA;;;;Colisão;Luz do Dia;Bom;Seca;Cruz;Pare;Comercial;0;1;2;1;0;1;0;0;0;0;0;0;-3,81901;-38,598248
340813;29;1;2019;18:15;0;ET DO JATOBA;;;3603;;Colisão;Anoitecer;;;Meio de Quadra;;;0;1;1;1;0;0;0;0;0;1;0;0;-3,803838;-38,628103
340806;29;1;2019;22:12;4155;RUA TIROL;TR ROSINHA D35;;;;Atropelamento;;;;;;;0;1;1;1;0;0;0;0;0;0;0;0;-3,716126;-38,552765
340803;29;1;2019;12:00;19696;RUA DOM JOSE LOURENCO  D27;RUA GUSTAVO SAMPAIO;;;;Colisão;Luz do Dia;;;Cruz;Pare;Comercial;0;0;2;1;0;0;0;0;0;0;0;0;-3,73588;-38,559501
340938;29;1;2019;06:24;0;AV MR HULL;;;;;Colisão;Luz do Dia;;;Meio de Quadra;;;0;1;0;1;0;0;0;0;0;1;0;0;;
340939;29;1;2019;06:59;0;RUA GAL CLARINDO DE QUEIROZ;;;;;Colisão;Luz do Dia;;;Meio de Quadra;;;0;1;0;1;0;0;0;0;0;1;0;0;;
340941;29;1;2019;10:47;0;RUA PDE PEDRO DE ALENCAR;;;1620;;Atropelamento;Luz do Dia;;;Meio de Quadra;;;0;1;0;1;0;0;0;0;0;0;0;0;-3,842251;-38,494322
340942;29;1;2019;11:40;0;RUA POMPILIO GOMES;;;1550;;Colisão;Luz do Dia;;;Meio de Quadra;;;0;1;0;0;0;0;0;0;0;0;0;0;;
340943;29;1;2019;12:33;0;AV PRS COSTA E SILVA;;;7771;;Queda;Luz do Dia;;;Meio de Quadra;;;0;2;0;0;0;0;0;0;0;1;0;0;;
340945;29;1;2019;12:57;0;AV JULIO VENTURA;;;1820;;Colisão;Luz do Dia;;;Meio de Quadra;;;0;1;0;1;0;0;0;0;0;1;0;0;-3,7401186;-38,5056393
340951;29;1;2019;16:42;0;RUA MENINO JESUS DE PRAGA;;;40;;Colisão;Luz do Dia;;;Meio de Quadra;;;0;2;0;0;0;0;0;0;0;0;0;0;-3,772619741;-38,58299416
340947;29;1;2019;13:33;0;RUA ANDRE REBOUCAS;;;135;;Colisão;Luz do Dia;;;Meio de Quadra;;;0;1;0;0;0;0;0;0;0;1;0;0;-3,774730242;-38,58960048
340948;29;1;2019;13:37;0;RUA 1018 CJ CEARA;;;148;;Queda;Luz do Dia;;;Meio de Quadra;;;0;1;0;0;0;0;0;0;0;1;0;0;-3,770211333;-38,61644367
340949;29;1;2019;13:44;0;AV ANTONIO SALES;;;;;Colisão;Luz do Dia;;;Meio de Quadra;;;0;1;0;1;0;0;0;0;0;1;0;0;;
340957;29;1;2019;17:57;0;RUA SEN ROBERT KENNEDY;;;101;;Colisão;Anoitecer;;;Meio de Quadra;;;0;1;0;1;0;0;0;0;0;1;0;0;-3,699737;-38,576994
340958;29;1;2019;18:13;0;RUA CHILE;;;1476;;Colisão;Anoitecer;;;Meio de Quadra;;;0;1;0;1;0;0;0;0;0;1;0;0;-3,7473;-38,56652
340959;29;1;2019;20:07;0;RUA JULIO BRAGA;;;1635;;Colisão;;;;Meio de Quadra;;;0;1;0;0;0;0;0;0;0;0;0;0;-3,773151468;-38,58510548
340960;29;1;2019;21:05;0;AV CONTORNO NORTE D71;;;1211;;Atropelamento;;;;Meio de Quadra;;;0;1;0;1;0;0;0;0;0;0;0;0;-3,8137972;-38,5878756
340961;29;1;2019;21:10;0;AV PRS CASTELO BRANCO;;;;;Colisão;;;;Meio de Quadra;;;0;1;0;1;0;1;0;0;0;0;0;0;;
340962;29;1;2019;22:05;0;RUA CAP JOAO FERREIRA LIMA;;;23;;Queda;;;;Meio de Quadra;;;0;1;0;0;0;0;0;0;0;1;0;0;-3,7873812;-38,5195392
340963;29;1;2019;22:17;0;AV CESAR CALS;;;;;Atropelamento;;;;Meio de Quadra;;;0;1;0;0;0;0;1;0;0;0;0;0;;
340964;29;1;2019;23:15;0;AV BEZERRA DE MENEZES;;;2516;;Queda;;;;Meio de Quadra;;;0;1;0;0;0;0;0;0;0;1;0;0;-3,736264;-38,56727
340974;30;1;2019;08:00;0;RUA GAMA;;;;;Colisão;Luz do Dia;;;Meio de Quadra;;;0;1;0;0;0;0;0;0;0;0;0;0;;
340976;30;1;2019;09:00;0;AV BORGES DE MELO;;;;;Colisão;Luz do Dia;;;Meio de Quadra;;;0;1;0;1;0;0;0;0;0;1;0;0;;
340977;30;1;2019;11:15;0;RUA DES PRAXEDES;;;520;;Atropelamento;Luz do Dia;;;Meio de Quadra;;;0;1;0;0;0;0;0;0;0;1;0;0;-3,759515182;-38,54903036
340978;30;1;2019;11:21;0;RUA BARBARA DE ALENCAR;;;616;;Colisão;Luz do Dia;;;Meio de Quadra;;;0;1;0;1;0;0;0;0;0;1;0;0;-3,7347903;-38,5238447
341003;30;1;2019;15:37;0;AV PERIMETRAL;;;264;;Colisão;Luz do Dia;;;Meio de Quadra;;;0;1;0;1;0;0;0;0;0;1;0;0;;
340993;30;1;2019;12:41;0;RUA BAR RIO BRANCO;;;;;Colisão;Luz do Dia;;;Meio de Quadra;;;0;1;0;0;0;0;0;0;0;0;0;0;;
340996;30;1;2019;12:42;0;RUA CANDIDO MAIA;;;;;Acidente Pessoal;Luz do Dia;;;Meio de Quadra;;;0;1;0;0;0;0;0;0;0;1;0;0;;
340997;30;1;2019;15:19;0;RUA PRO VIRGILIO DE MORAIS;;;614;;Colisão;Luz do Dia;;;Meio de Quadra;;;0;1;0;1;0;0;0;0;0;1;0;0;-3,753974323;-38,5971769
341006;30;1;2019;16:01;0;RUA BAR RIO BRANCO;;;1816;;Colisão;Luz do Dia;;;Meio de Quadra;;;0;1;0;1;0;0;0;0;0;1;0;0;-3,734707;-38,530891
341007;30;1;2019;16:15;0;AV MIN JOSE AMERICO;;;709;;Colisão;Luz do Dia;;;Meio de Quadra;;;0;1;0;0;0;0;0;0;0;1;0;0;-3,81055;-38,494252
341008;30;1;2019;17:37;0;RUA TOMAS RODRIGUES;;;1546;;Colisão;Anoitecer;;;Meio de Quadra;;;0;1;0;1;0;1;0;0;0;0;0;0;;
341009;30;1;2019;19:24;0;AV JOAO PESSOA;;;5123;;Atropelamento;;;;Meio de Quadra;;;0;1;0;1;0;0;0;0;0;0;0;0;-3,7566276;-38,5532408
341010;30;1;2019;20:20;0;AV ALANIS MARIA LAURINDO DE OLIVEIRA;;;461;;Colisão;;;;Meio de Quadra;;;0;1;0;1;0;1;0;0;0;0;0;0;;
341011;30;1;2019;21:05;0;RUA MANUEL MOURA;;;165;;Colisão;;;;Meio de Quadra;;;0;2;0;1;0;0;0;0;0;1;0;0;-3,7993677;-38,4996315
340811;30;1;2019;20:05;0;RUA NEREU RAMOS;;;170;;Colisão;;;;Meio de Quadra;;;0;0;2;1;0;0;0;0;0;1;0;0;-3,786708;-38,5683075
340346;30;1;2019;09:31;0;AV DES GONZAGA;;;380;;Atropelamento;Luz do Dia;Bom;Seca;Meio de Quadra;Não Há Controle;Comercial;0;1;1;1;0;0;0;0;0;0;0;0;-3,790056;-38,5031885
340246;30;1;2019;02:06;12867;RUA JAIME BENEVOLO;RUA JOAQUIM MAGALHAES;;;;Colisão Lateral;Via Iluminada;Bom;Seca;Cruz;Não Há Controle;Comercial;0;0;1;1;0;0;0;0;0;0;0;0;-3,739942;-38,527961
340247;30;1;2019;07:28;12819;AV PRO GOMES DE MATOS;RUA ANDRE CHAVES;;0;;Não Informado;Luz do Dia;Bom;Seca;Cruz;Semáforo;Comercial;0;0;2;1;0;0;0;0;0;0;0;0;-3,756396;-38,541533
340248;30;1;2019;09:18;11199;AV DR SILAS MUNGUBA;RUA JOSE PEDRA;;;;Atropelamento;Luz do Dia;Bom;Seca;T;Pare;Comercial;0;1;1;0;1;0;0;0;0;0;0;0;-3,787882;-38,547359
340249;30;1;2019;10:30;0;RUA CEL PERGENTINO FERREIRA;;;182;;Engavetamento;Luz do Dia;Bom;Seca;Meio de Quadra;Não Há Controle;Residencial;0;1;3;1;0;0;0;0;0;0;0;0;-3,748335;-38,5233925
340250;30;1;2019;14:10;7256;AV ODILON GUIMARAES;RUA AMBROSIO DE CARVALHO;;;;Colisão Transversal;Luz do Dia;Bom;Seca;Cruz;Pare;Residencial;0;1;1;1;0;0;0;0;0;0;0;0;-3,823786;-38,478195
340251;30;1;2019;15:20;1358;AV SANTOS DUMONT;AV DES MOREIRA;;0;;Não Informado;Luz do Dia;Bom;Seca;Cruz;Semáforo;Comercial;0;0;2;1;1;0;0;0;0;0;0;0;-3,736226;-38,498365
340252;30;1;2019;15:32;12925;AV AGUANAMBI;AV DOMINGOS OLIMPIO;;0;;Choque c/ Obstáculo Fixo;Luz do Dia;Bom;Seca;Cruz;Semáforo;Comercial;0;1;0;1;0;0;0;0;0;0;0;0;-3,738683;-38,524628
340253;30;1;2019;15:47;0;RUA VIS MAUA;;;0;;Não Informado;Luz do Dia;Bom;Seca;Meio de Quadra;Não Há Controle;Comercial;0;0;2;1;0;0;0;0;0;0;0;0;;
340254;30;1;2019;19:28;17291;RUA ALAN KARDEC;RUA ALM RUBIM;;0;;Colisão Lateral;Via Iluminada;Bom;Seca;Cruz;Pare;Comercial;0;0;2;1;0;0;0;0;0;0;0;0;-3,763241;-38,552031
340255;30;1;2019;21:26;0;AV GODOFREDO MACIEL;;;0;;Colisão Traseira;Via Iluminada;Bom;Seca;Cruz;Pare;Comercial;0;0;2;1;0;0;0;0;0;0;0;0;;
340261;30;1;2019;19:08;5187;RUA BAR RIO BRANCO;RUA SAO PAULO;;0;;Colisão Lateral;Via Iluminada;Bom;Seca;Cruz;Semáforo;Comercial;0;0;2;1;1;0;0;0;0;0;0;0;-3,725856;-38,528071
340966;30;1;2019;05:27;0;RUA EDUARDO PORTO;;;55;;Queda;Amanhecer;;;Meio de Quadra;;;0;1;0;0;0;0;0;0;0;1;0;0;-3,8327234;-38,4971949
338985;30;1;2019;00:05;19692;RUA AZEVEDO BOLAO;RUA PRO ANACLETO;;;;Colisão Lateral;Via Iluminada;Bom;Seca;Cruz;Pare;Residencial;0;0;2;1;0;0;0;0;0;0;0;0;-3,73564;-38,552765
339426;30;1;2019;08:50;0;RD BR 116;;;1000;KM-01;Colisão;Luz do Dia;;;Meio de Quadra;;;0;0;2;0;0;0;0;0;0;1;0;0;-3,762554;-38,518702
339427;30;1;2019;11:30;0;RD BR 116;;;5000;KM-05;Colisão;Luz do Dia;;;Meio de Quadra;;;0;0;2;1;0;0;0;0;0;1;0;0;-3,796502;-38,506787
339556;30;1;2019;08:50;0;RD CE-040;;;;KM-04;Colisão;Luz do Dia;;;Meio de Quadra;;;0;0;2;1;1;0;0;0;0;0;0;0;-3,791613156;-38,48033084
339557;30;1;2019;07:00;0;AV SEN CARLOS JEREISSATI (AEROPORTO);;;;KM 02;Colisão;Luz do Dia;;;Meio de Quadra;;;0;1;1;1;0;0;0;0;0;1;0;0;-3,782194;-38,535424
339558;31;1;2019;21:30;0;RD CE-025;;;;KM-01;Atropelamento;;;;Meio de Quadra;;;0;2;0;0;0;0;0;0;0;1;0;0;-3,807811443;-38,4700486
338988;31;1;2019;11:21;5109;RUA DR JOAO MOREIRA;AV ALBERTO NEPOMUCENO;;;;Atropelamento;Luz do Dia;Bom;Seca;T;Semáforo;Comercial;0;2;1;1;0;0;0;0;0;0;0;0;-3,723737;-38,524608
338989;31;1;2019;09:34;15170;AV ABOLICAO;RUA JOSE VILAR;;;;Colisão Transversal;Luz do Dia;Bom;Seca;Outros;Pare;Residencial;0;1;1;1;0;0;0;0;1;0;0;0;-3,725435;-38,501373
340262;31;1;2019;20:34;0;RUA DEMETRIO MENEZES;;;134;;Não Informado;Via Iluminada;Bom;Seca;Meio de Quadra;Não Há Controle;Residencial;0;0;2;1;0;0;0;0;0;1;0;0;-3,7367463;-38,584812
340263;31;1;2019;21:15;0;AV PRS CASTELO BRANCO;;;0;;Atropelamento;Mal Iluminada;Bom;Seca;Meio de Quadra;Não Há Controle;Residencial;0;1;1;0;0;0;0;0;0;1;0;0;;
340256;31;1;2019;06:45;0;AV PRS COSTA E SILVA;;;3243;;Choque c/ Obstáculo Fixo;Via Iluminada;Nublado;Seca;Meio de Quadra;Não Há Controle;Comercial;0;1;0;1;0;0;0;0;0;0;0;0;-3,82936;-38,524662
340257;31;1;2019;07:45;0;RUA DR JOSE LOURENCO;AV JULIO VENTURA;;0;;Colisão Transversal;Luz do Dia;Bom;Seca;Cruz;Semáforo;Comercial;0;2;1;1;0;0;0;0;0;1;0;0;-3,7387441;-38,5090914
340258;31;1;2019;08:43;0;AV DOMINGOS OLIMPIO;;;1112;;Colisão Traseira;Luz do Dia;Bom;Seca;Meio de Quadra;Não Há Controle;Comercial;0;0;2;1;0;0;0;0;0;0;0;0;-3,735847;-38,53336
340259;31;1;2019;09:51;0;RUA EDITE BRAGA;;;1232;;Choque c/ Obstáculo Fixo;Luz do Dia;Bom;Seca;Meio de Quadra;Pare;Residencial;0;0;1;1;0;0;0;0;0;0;0;0;-3,7604473;-38,547337
340260;31;1;2019;09:47;0;AV JOR THOMAZ COELHO;;;3391;;Colisão Traseira;Luz do Dia;Nublado;Seca;Meio de Quadra;Não Há Controle;Comercial;0;0;1;1;0;0;0;0;0;0;0;0;-3,829408364;-38,52674128
341012;31;1;2019;07:06;0;RUA PEDRO DANTAS;;;466;;Queda;Luz do Dia;;;Meio de Quadra;;;0;1;0;0;0;0;0;0;0;1;0;0;-3,785934455;-38,52179448
341013;31;1;2019;07:20;0;AV JANGADEIROS (MUCURIPE);;;;;Colisão;Luz do Dia;;;Meio de Quadra;;;0;1;0;1;0;0;0;0;0;1;0;0;;
341016;31;1;2019;07:23;0;AV PRS COSTA E SILVA;;;1151;;Colisão;Luz do Dia;;;Meio de Quadra;;;0;1;0;0;0;0;0;0;0;0;0;0;-3,814345154;-38,56963008
341024;31;1;2019;07:44;0;RUA BERNARDO MANUEL;;;10913;;Colisão;Luz do Dia;;;Meio de Quadra;;;0;1;0;0;0;0;1;0;0;1;0;0;-3,814338;-38,556173
341025;31;1;2019;08:02;0;RUA BEIJA FLOR;;;83;;Queda;Luz do Dia;;;Meio de Quadra;;;0;1;0;0;0;0;0;0;0;1;0;0;-3,785178818;-38,50694245
341026;31;1;2019;08:40;0;RUA DOM HENRIQUE;;;562;;Colisão;Luz do Dia;;;Meio de Quadra;;;0;1;0;1;0;0;0;0;0;1;0;0;-3,786486538;-38,58262462
341027;31;1;2019;09:19;0;AV JOR THOMAZ COELHO;;;3407;;Colisão;Luz do Dia;;;Meio de Quadra;;;0;2;0;1;0;0;1;0;0;0;0;0;-3,829429323;-38,52696154
341021;31;1;2019;07:26;2523;AV FRANCISCO SA;RUA TULIPA;;;;Colisão;Luz do Dia;;;T;Pare;Comercial;0;1;0;1;0;0;0;0;0;1;0;0;-3,710359;-38,577954
341018;31;1;2019;07:25;0;AV CEL CARVALHO;;;;;Colisão;Luz do Dia;;;Meio de Quadra;;;0;1;0;1;0;0;0;0;0;1;0;0;;
341100;31;1;2019;22:45;0;ROD CE 010;;;;;Atropelamento;;;;Meio de Quadra;;;0;2;0;0;0;0;0;0;0;1;0;0;;
341089;31;1;2019;20:19;0;AV PRS CASTELO BRANCO;;;;;Colisão;;;;Meio de Quadra;;;0;2;0;0;0;0;0;0;0;0;0;0;;
341080;31;1;2019;18:33;0;AV OLIVEIRA PAIVA;;;;;Colisão;;;;Meio de Quadra;;;0;1;0;1;0;0;0;0;0;1;0;0;;
341081;31;1;2019;19:00;0;RUA CEL FRANCISCO ALVES RIBEIRO;;;727;;Colisão;;;;Meio de Quadra;;;0;2;0;1;0;0;0;0;0;0;0;0;-3,8382623;-38,5122549
341074;31;1;2019;18:18;0;AV PERIMETRAL;;;3435;;Colisão;Anoitecer;;;Meio de Quadra;;;0;3;0;0;0;0;0;0;0;0;0;0;;
341042;31;1;2019;15:57;0;AV B CJ JOSE WALTER;;;200;;Colisão;Luz do Dia;;;Meio de Quadra;;;0;1;0;0;0;0;0;0;0;1;0;0;-3,827201;-38,553577
341049;31;1;2019;15:59;0;AV RECREIO D64;;;1303;;Queda;Luz do Dia;;;Meio de Quadra;;;0;1;0;0;0;0;0;0;0;1;0;0;-3,81737912;-38,45047384
341036;31;1;2019;11:27;0;RUA PRO HERIBALDO COSTA;;;1264;;Colisão;Luz do Dia;;;Meio de Quadra;;;0;3;0;0;0;0;0;0;0;1;0;0;-3,763125615;-38,58550103
341037;31;1;2019;13:05;0;RUA PEDRO DANTAS;;;334;;Colisão;Luz do Dia;;;Meio de Quadra;;;0;1;0;1;0;0;0;0;0;1;0;0;-3,786094;-38,520909
341038;31;1;2019;15:30;0;RUA ARISTIDES B NETO;;;215;;Queda;Luz do Dia;;;Meio de Quadra;;;0;1;0;0;0;0;0;0;0;1;0;0;-3,727364;-38,555629
341039;31;1;2019;15:34;0;RUA BOA VISTA;;;1617;;Colisão;Luz do Dia;;;Meio de Quadra;;;0;1;0;1;0;0;0;0;0;1;0;0;-3,7647544;-38,5939684
341030;31;1;2019;10:38;0;AV PRS CASTELO BRANCO;;;1000;;Queda;Luz do Dia;;;Meio de Quadra;;;0;1;0;0;0;0;0;0;0;1;0;0;-3,71801;-38,53548