COD_ACIDENTE;DIA;MES;ANO;HORA;INTERSECAO;LOG1;LOG2;LOG3;NUMERO;REFERENCIA;NATUREZA;ILUMINACAO;TEMPO;SUPERFICIEPISTA;TIPOCRUZAMENTO;CONTROLETRAFEGO;USOSOLO;MORTOS;FERIDOS;ILESOS;AUTOMOVEL;ONIBUS;BICICLETA;CAMINHAO;MICROONIBUS;CICLOMOTOR;MOTOCICLETA;TRACAOANIMAL;TREM;LATITUDE;LONGITUDE
341031;31;1;2019;10:55;0;AV JOVITA FEITOSA;;;482;;Colisão;Luz do Dia;;;Meio de Quadra;;;0;1;0;1;0;0;0;0;0;1;0;0;-3,738094;-38,548012
341070;31;1;2019;17:58;0;AV PRS COSTA E SILVA;;;;;Colisão;Anoitecer;;;Meio de Quadra;;;0;1;0;1;0;0;0;0;0;1;0;0;;
341062;31;1;2019;17:22;0;AV CEL CARVALHO;;;;;Colisão;Anoitecer;;;Meio de Quadra;;;0;2;0;1;0;0;0;0;0;1;0;0;;
341058;31;1;2019;17:19;0;RUA BAR AQUIRAZ;;;1324;;Queda;Anoitecer;;;Meio de Quadra;;;0;1;0;0;0;0;0;0;0;1;0;0;-3,839802;-38,486066
341104;1;2;2019;00:42;0;RUA CAP OLAVO;;;232;;Colisão;;;;Meio de Quadra;;;0;2;0;1;0;0;0;0;0;1;0;0;-3,7716143;-38,5148346
341106;1;2;2019;05:25;0;AV ALBERTO CRAVEIRO;;;1240;;Atropelamento;Amanhecer;;;Meio de Quadra;;;0;1;0;1;0;0;0;0;0;0;0;0;-3,791548833;-38,51727317
341107;1;2;2019;07:17;0;RUA JOSE FACANHA;;;726;;Queda;Luz do Dia;;;;;;0;1;0;0;0;0;0;0;0;1;0;0;-3,751770375;-38,55767398
341121;1;2;2019;07:20;21382;AV JOVITA FEITOSA;RUA PRO ANACLETO;;;;Queda;Luz do Dia;;;T;Não Há Controle;Residencial;0;1;0;0;0;0;0;0;0;1;0;0;-3,738978;-38,552078
341122;1;2;2019;07:37;0;AV CEL CARVALHO;;;3643;;Queda;Luz do Dia;;;Meio de Quadra;;;0;1;0;0;0;0;0;0;0;1;0;0;-3,7035023;-38,5915453
341130;1;2;2019;12:08;388;RUA VIRGILIO BRANDAO;RUA JOSE CARVALHO;;;;Colisão;Luz do Dia;;;;;;0;2;0;0;0;0;0;0;0;1;0;0;-3,75078;-38,595808
341131;1;2;2019;12:28;0;RUA CEL MANUEL ALBANO;;;549;;Colisão;Luz do Dia;;;Meio de Quadra;;;0;1;0;1;0;0;0;0;0;0;0;0;-3,80615;-38,57119
341132;1;2;2019;12:52;1337;AV SANTOS DUMONT;RUA OSVALDO CRUZ (ALDEOTA);;;;Queda;Luz do Dia;;;Cruz;Semáforo;Comercial;0;1;0;0;0;0;0;0;0;1;0;0;-3,735602;-38,500317
341125;1;2;2019;10:27;579;AV FRANCISCO SA;RUA CRUZEIRO DO SUL;;;;Atropelamento;Luz do Dia;;;Cruz;Pare;Comercial;0;1;0;1;0;0;0;0;0;0;0;0;-3,715499;-38,563034
341126;1;2;2019;10:41;0;RUA NELSON MANDELA;;;129;;Atropelamento;Luz do Dia;;;Meio de Quadra;;;0;1;0;1;0;0;0;0;0;0;0;0;-3,8505934;-38,4745223
341127;1;2;2019;11:06;0;AV JOR THOMAZ COELHO;;;1578;;Atropelamento;Luz do Dia;;;Meio de Quadra;;;0;1;0;1;0;0;0;0;0;0;0;0;-3,829904271;-38,50913561
341128;1;2;2019;11:15;0;AV 13 DE MAIO;;;;;Colisão;Luz do Dia;;;Meio de Quadra;;;0;1;0;0;0;0;0;0;0;0;0;0;;
341144;1;2;2019;16:29;0;RUA BAR SOBRAL;;;318;;Colisão;Luz do Dia;;;Meio de Quadra;;;0;1;0;0;0;0;0;0;0;1;0;0;-3,7681625;-38,552105
341145;1;2;2019;17:05;0;AV PRS COSTA E SILVA;;;1068;;Colisão;Anoitecer;;;Meio de Quadra;;;0;2;0;0;0;0;0;0;0;1;0;0;-3,8137516;-38,5701041
341146;1;2;2019;17:15;19891;RUA PDE AMBROSIO MACHADO;RUA CONEGUNDES RODRIGUES;;;;Colisão;Anoitecer;;;;;;0;1;0;1;0;1;0;0;0;0;0;0;-3,760196;-38,542005
341147;1;2;2019;18:25;0;AV JOAO PESSOA;;;4414;;Colisão;Anoitecer;;;Meio de Quadra;;;0;1;0;0;0;0;0;0;0;0;0;0;-3,751769;-38,548869
341148;1;2;2019;18:26;19746;RUA ARMANDO OLIVEIRA;RUA GUSTAVO SAMPAIO;;;;Colisão;Anoitecer;;;Cruz;Pare;Residencial;0;1;0;0;0;0;0;0;0;0;0;0;-3,737521;-38,567382
341149;1;2;2019;21:11;0;AV GAL OSORIO DE PAIVA;;;;;Colisão;;;;Meio de Quadra;;;0;2;0;1;0;0;0;0;0;1;0;0;;
341150;1;2;2019;21:51;0;RUA 23 DE JUNHO;;;1838;;Atropelamento;;;;Meio de Quadra;;;0;1;0;0;0;0;1;0;0;0;0;0;-3,78228;-38,60693
341151;1;2;2019;22:09;0;RUA JOAO VINTE TRES;;;633;;Queda;;;;Meio de Quadra;;;0;1;0;0;0;0;0;0;0;1;0;0;-3,7889569;-38,5968358
341152;1;2;2019;22:48;0;RUA ALAGOAS;;;61;;Queda;;;;Meio de Quadra;;;0;1;0;0;0;1;0;0;0;0;0;0;-3,76649;-38,5603
341153;1;2;2019;23:46;0;AV JOAO PESSOA;;;;;Queda;;;;Meio de Quadra;;;0;1;0;0;0;1;0;0;0;0;0;0;;
341141;1;2;2019;16:29;0;AV DR THEBERGE;;;1297;;Colisão;Luz do Dia;;;Meio de Quadra;;;0;1;0;0;0;0;0;0;0;1;0;0;-3,713762;-38,564669
341139;1;2;2019;13:43;0;RUA CARDOSO DE BARROS;;;415;;Queda;Luz do Dia;;;Meio de Quadra;;;0;1;0;0;0;1;0;0;0;0;0;0;-3,788831326;-38,58226009
340264;1;2;2019;06:50;0;AV I CJ JOSE WALTER;;;140;;Colisão Traseira;Luz do Dia;Chuva;Molhada;Meio de Quadra;Não Há Controle;Residencial;0;0;2;1;0;0;0;0;0;0;0;0;-3,8252905;-38,5507695
340265;1;2;2019;13:57;5442;RUA BARBARA DE ALENCAR;AV VIS RIO BRANCO;;0;;Colisão Transversal;Luz do Dia;Chuva;Molhada;Cruz;Gesto;Comercial;0;0;2;1;0;0;0;0;0;0;0;0;-3,734584;-38,524385
340266;1;2;2019;13:00;3969;RUA PRO COSTA MENDES;RUA FRE ORLANDO;;;;Colisão Transversal;Luz do Dia;Nublado;Molhada;Cruz;Pare;Comercial;0;2;1;1;0;0;0;0;0;1;0;0;-3,755259;-38,546297
340267;1;2;2019;15:50;14667;RUA JUIZ DE FORA;RUA DES AVELAR;;0;;Colisão Transversal;Via Iluminada;Nublado;Seca;Cruz;Pare;Residencial;0;0;2;1;0;0;0;0;0;0;0;0;-3,7945699;-38,4887756
340268;1;2;2019;19:30;0;RUA PRO GOMES BRASIL;;;555;;Colisão Transversal;Via Iluminada;Nublado;Seca;Meio de Quadra;;;0;1;1;0;1;0;0;0;0;1;0;0;-3,7705245;-38,570328
339958;1;2;2019;06:50;0;RD BR 116;;;4000;KM-04;Capotamento;Luz do Dia;Chuva;Molhada;Meio de Quadra;;;0;0;1;1;0;0;0;0;0;0;0;0;-3,802354;-38,503869
339965;1;2;2019;20:00;0;RD BR 116;;;4000;KM-04;Colisão;;Nublado;Seca;Meio de Quadra;;;0;0;1;1;0;0;0;0;0;0;0;0;-3,802354;-38,503869
339979;1;2;2019;13:00;0;LOGRADOURO SEM NOME;;;;;Colisão;Luz do Dia;;;Meio de Quadra;;;0;1;1;0;0;0;0;0;0;0;0;0;;
338999;1;2;2019;23:44;0;AV SORIANO ALBUQUERQUE;;;440;;Colisão Lateral;Via Iluminada;Bom;Seca;Meio de Quadra;Não Há Controle;Residencial;0;0;2;1;0;0;0;0;0;0;0;0;-3,74856;-38,5166
339431;1;2;2019;17:00;0;RUA EMILIA GONCALVES;;;628;;Atropelamento;Anoitecer;;;Meio de Quadra;;;1;0;0;1;0;0;0;0;0;0;0;0;-3,728959442;-38,59455377
339456;1;2;2019;16:30;0;AV MIN JOSE AMERICO;;;3000;;Colisão;Luz do Dia;;Seca;Meio de Quadra;;;0;0;2;1;0;0;0;0;0;0;0;0;;
339708;1;2;2019;11:20;0;RUA NELSON MANDELA;;;183;;Choque c/ Obstáculo Fixo;Luz do Dia;;;Meio de Quadra;;;0;2;0;0;0;0;0;0;0;0;0;0;-3,85054;-38,47424
339709;1;2;2019;18:20;0;AV PRS CASTELO BRANCO;;;;;Atropelamento;Anoitecer;;;Meio de Quadra;;;0;1;1;0;1;0;0;0;0;0;0;0;;
339711;2;2;2019;17:35;21545;RUA TULIPA NEGRA;RUA ALCINO GUANABARA;;;;Colisão;Anoitecer;;;Cruz;Pare;Rural;0;1;1;0;0;0;0;0;0;1;0;0;-3,81901;-38,598248
339712;2;2;2019;20:05;7710;RUA PEDRO MUNIZ;AV CARNEIRO DE MENDONCA;;;;Colisão;;;;Cruz;Pare;Comercial;0;1;1;1;0;0;0;0;0;1;0;0;-3,765627;-38,563646
339458;2;2;2019;10:30;0;RD CE-040;;;6000;KM-06;Colisão;Luz do Dia;;Seca;Meio de Quadra;;;0;0;3;1;0;0;0;0;0;0;0;0;-3,809596804;-38,47873348
339465;2;2;2019;18:40;0;AV ENG SANTANA JUNIOR;;;1000;IGUATEMI;Colisão;Mal Iluminada;;Seca;Meio de Quadra;;;0;0;3;1;0;0;0;0;0;0;0;0;-3,736968;-38,482901
339746;2;2;2019;11:30;0;LOGRADOURO SEM NOME;;;;;Colisão;Luz do Dia;;;Meio de Quadra;;;0;1;1;0;0;1;1;0;0;0;0;0;;
340269;2;2;2019;11:40;15302;RUA PEREIRA FILGUEIRAS;RUA MON BRUNO;;;;Colisão Transversal;Luz do Dia;Bom;Seca;Cruz;Pare;Residencial;0;1;1;1;0;0;0;0;0;1;0;0;-3,729763;-38,50858
341177;2;2;2019;17:00;0;AV DES MOREIRA;;;177;;Queda;Anoitecer;;;Meio de Quadra;;;0;1;0;0;0;1;0;0;0;0;0;0;-3,728353;-38,495795
341174;2;2;2019;16:20;25345;RUA PORTO VELHO;RUA VITORIA (AV. PERIMETRAL);;;;Colisão;Luz do Dia;;;Cruz;Semáforo;Comercial;0;1;0;1;0;0;0;0;0;1;0;0;-3,76517;-38,588528
341175;2;2;2019;16:24;0;AV I CJ CEARA;;;924;;Colisão;Luz do Dia;;;Meio de Quadra;;;0;1;0;1;0;0;0;0;0;1;0;0;-3,8322499;-38,5529606
341172;2;2;2019;15:40;0;AV ALBERTO CRAVEIRO;;;;;Queda;Luz do Dia;;;Meio de Quadra;;;0;1;0;0;0;0;0;0;0;1;0;0;;
341169;2;2;2019;15:34;0;RUA MARTINS NETO;;;317;;Colisão;Luz do Dia;;;Meio de Quadra;;;0;1;0;1;0;0;0;0;0;1;0;0;-3,740201;-38,587841
341194;2;2;2019;22:13;0;AV GAL OSORIO DE PAIVA;;;5699;;Atropelamento;;;;Meio de Quadra;;;0;1;0;1;0;0;0;0;0;0;0;0;-3,806796632;-38,60409416
341195;2;2;2019;22:52;0;RUA MAISA;;;470;;Colisão;;;;Meio de Quadra;;;0;3;0;0;0;0;0;0;0;1;0;0;-3,849411118;-38,52618155
341196;2;2;2019;23:35;0;RUA ROSA CORDEIRO;;;950;;Atropelamento;;;;Meio de Quadra;;;0;1;0;1;0;0;0;0;0;0;0;0;-3,774205439;-38,4610891
341192;2;2;2019;20:44;0;RUA EVILASIO A MIRANDA;;;1068;;Colisão;;;;Meio de Quadra;;;0;1;0;0;0;0;0;0;0;0;0;0;;
341189;2;2;2019;19:59;0;RUA MARIA JULIA;;;328;;Colisão;;;;Meio de Quadra;;;0;2;0;0;0;0;0;0;0;1;0;0;-3,788596333;-38,598712
341190;2;2;2019;20:14;0;AV GAL OSORIO DE PAIVA;;;;;Colisão;;;;Meio de Quadra;;;0;1;0;1;0;0;0;0;0;1;0;0;;
341187;2;2;2019;19:17;0;RUA ALFREDO MAMEDE;;;530;;Queda;;;;Meio de Quadra;;;0;1;0;0;0;0;0;0;0;1;0;0;-3,810011606;-38,58176055
341185;2;2;2019;19:01;13490;AV RUI BARBOSA;RUA PINHO PESSOA;;;;Colisão;;;;Cruz;Pare;Comercial;0;1;0;1;0;0;0;0;0;1;0;0;-3,745389;-38,512465
341181;2;2;2019;17:39;0;RUA BRAGANCA;;;874;;Atropelamento;Anoitecer;;;Meio de Quadra;;;0;1;0;0;0;0;0;0;0;0;0;0;-3,781357;-38,596732
341182;2;2;2019;18:03;0;RUA HUMBERTO LOMEU;;;1075;;Colisão;Anoitecer;;;Meio de Quadra;;;0;1;0;0;0;0;0;0;0;0;0;0;-3,7822458;-38,6017148
341183;2;2;2019;18:46;0;AV IMPERADOR;;;950;;Colisão;;;;Meio de Quadra;;;0;2;0;1;0;0;0;0;0;1;0;0;-3,729886727;-38,53524936
341154;2;2;2019;00:24;0;AV PRS CASTELO BRANCO;;;4000;;Queda;;;;Meio de Quadra;;;0;1;0;0;0;0;0;0;0;1;0;0;-3,7084405;-38,568298
341155;2;2;2019;03:02;0;AL BOAS NOITES;;;104;;Queda;;;;Meio de Quadra;;;0;1;0;0;0;0;0;0;0;1;0;0;-3,74896764;-38,47383569
341156;2;2;2019;05:26;0;AV JOAO PESSOA;;;4322;;Colisão;Amanhecer;;;Meio de Quadra;;;0;1;0;1;0;0;0;0;0;1;0;0;-3,751089;-38,548267
341157;2;2;2019;06:02;0;RUA DEMETRIO MENEZES;;;;;Queda;Luz do Dia;;;Meio de Quadra;;;0;1;0;0;0;0;0;0;0;1;0;0;;
341158;2;2;2019;09:28;15326;AV BAR STUDART;RUA PEREIRA FILGUEIRAS;;;;Colisão;Luz do Dia;;;Cruz;Semáforo;Comercial;0;1;0;0;0;0;0;0;0;1;0;0;-3,73081;-38,505361
341159;2;2;2019;09:36;0;AV CASTELO DE CASTRO;;;;;Queda;Luz do Dia;;;Meio de Quadra;;;0;1;0;0;0;0;0;0;0;1;0;0;;
341160;2;2;2019;09:50;3219;RUA ANSELMO NOGUEIRA;RUA EMILIO DE MENESES;;;;Colisão;Luz do Dia;;;Cruz;Semáforo;Residencial;0;1;0;0;0;0;0;0;0;1;0;0;-3,78176;-38,587374
341161;2;2;2019;10:47;0;AV H CJ CEARA;;;1916;;Colisão;Luz do Dia;;;Meio de Quadra;;;0;1;0;1;0;0;0;0;0;1;0;0;-3,776383;-38,615228
341162;2;2;2019;11:11;0;RUA JOAQUIM ALBANO;;;780;;Colisão;Luz do Dia;;;Meio de Quadra;;;0;1;0;0;0;0;0;0;0;0;0;0;-3,735593;-38,58213
341163;2;2;2019;12:50;0;AV B CJ ESPERANCA;;;235;;Queda;Luz do Dia;;;Meio de Quadra;;;0;1;0;0;0;0;0;0;0;1;0;0;-3,818809553;-38,58711766
341164;2;2;2019;14:13;0;AV JOAO PESSOA;;;6643;;Colisão;Luz do Dia;;;Meio de Quadra;;;0;1;0;1;0;0;0;0;0;0;0;0;-3,768608414;-38,56037203
341165;2;2;2019;14:13;0;RUA MUNDICA PAULA;;;38;;Colisão;Luz do Dia;;;Meio de Quadra;;;0;1;0;1;0;0;0;0;0;1;0;0;-3,773851706;-38,55461535
341166;2;2;2019;15:30;0;RD BR 116;;;3000;KM-03;Colisão;Luz do Dia;;;Meio de Quadra;;;0;2;0;0;0;0;0;0;0;1;0;0;-3,779838;-38,514372
341197;3;2;2019;00:34;0;RUA JULIO SILVA;;;;;Capotamento;;;;Meio de Quadra;;;0;1;0;1;0;0;0;0;0;0;0;0;;
341198;3;2;2019;00:58;0;RUA PRO VIRGILIO DE MORAIS;;;1005;;Colisão;;;;Meio de Quadra;;;0;1;0;1;0;0;0;0;0;1;0;0;-3,7516336;-38,5966803
340270;3;2;2019;08:27;0;RUA PRO VIRGILIO DE MORAIS;;;1003;;Queda;Luz do Dia;Nublado;Seca;Meio de Quadra;Não Há Controle;Residencial;0;1;0;0;0;0;0;0;0;1;0;0;-3,7595441;-38,596066
340271;3;2;2019;14:17;13537;AV SORIANO ALBUQUERQUE;RUA ILDEFONSO ALBANO;;;;Colisão Transversal;Luz do Dia;Bom;Seca;Cruz;Semáforo;Comercial;0;0;2;1;0;0;0;0;0;0;0;0;-3,748124;-38,518063
340272;3;2;2019;05:00;0;AV ARY THIERS;RUA 41 CJ NOVA ASSUNCAO;;0;;Choque c/ Obstáculo Fixo;Luz do Dia;Bom;Seca;Cruz;Pare;Residencial;0;1;0;1;0;0;0;0;0;0;0;0;-3,7155646;-38,5993991
340273;3;2;2019;15:00;19224;AV SANTOS DUMONT;RUA FRANCISCO MATOS;;;;Colisão Traseira;Mal Iluminada;Bom;Seca;Cruz;Semáforo;Comercial;0;2;1;1;0;0;0;0;0;1;0;0;-3,745497;-38,469675
340274;3;2;2019;15:40;18410;AV SGT HERMINIO SAMPAIO;RUA SAO DAMIAO;;;;Colisão Lateral;Luz do Dia;Bom;Seca;T;Não Há Controle;Residencial;0;1;1;1;0;0;0;0;0;1;0;0;-3,728287;-38,57096
340275;3;2;2019;19:10;4621;RUA CRISANTO M DA ROCHA;RUA WALDEMAR ALCANTARA;;;;Colisão Transversal;Via Iluminada;Bom;Seca;Cruz;Pare;Comercial;0;2;1;1;0;0;0;0;0;0;0;0;-3,799223;-38,480813
340276;3;2;2019;22:23;26209;AV ROGACIANO LEITE;AV CHANC EDSON QUEIROZ;;;;Colisão Lateral;Via Iluminada;Bom;Seca;T;Semáforo;Residencial;0;1;1;1;0;0;0;0;0;1;0;0;-3,7641835;-38,495102
339731;3;2;2019;02:03;0;RUA MARIA JULIA ROCHA;;;;;Colisão;;;;Meio de Quadra;;;0;1;1;0;0;0;0;0;0;1;0;0;;
339715;3;2;2019;20:15;0;AV PERIMETRAL;;;;;Colisão;;;;Meio de Quadra;;;0;1;1;1;0;0;0;0;0;1;0;0;;
339984;3;2;2019;08:10;0;RD BR 222;;;;KM-02;Colisão Transversal;Luz do Dia;Nublado;Seca;Meio de Quadra;;;0;1;1;1;0;0;0;0;0;1;0;0;-3,7403624;-38,5969961
339967;3;2;2019;08:00;0;RD BR 222;;;;KM-03;Queda;Luz do Dia;Outros;Seca;Meio de Quadra;;;0;1;0;0;0;0;0;0;0;1;0;0;-3,740300848;-38,59594097
339992;3;2;2019;23:00;0;RD BR 116;;;8000;KM-08;Outros;;Bom;Seca;Meio de Quadra;;;0;2;0;0;0;0;0;0;0;0;0;0;-3,822018;-38,503269
341307;3;2;2019;13:37;0;AV DES FAUSTINO ALBUQUERQUE;;;194;;Atropelamento;Luz do Dia;;;Meio de Quadra;;;0;2;0;1;0;0;0;0;0;0;0;0;-3,780987538;-38,49804685
341321;3;2;2019;16:59;4319;AV VICENTE DE CASTRO;AV JOSE SABOIA;;;;Queda;Luz do Dia;;;Cruz;Gesto;Comercial;0;1;0;0;0;0;0;0;0;1;0;0;-3,713785;-38,4732
341322;3;2;2019;18:56;0;AV BORGES DE MELO;;;;;Atropelamento;;;;Meio de Quadra;;;0;1;0;1;0;0;0;0;0;0;0;0;;
341336;3;2;2019;22:16;0;RUA GOV JOAO CARLOS;;;557;;Colisão;;;;Meio de Quadra;;;0;1;0;1;0;0;0;0;0;1;0;0;-3,779592643;-38,55216981
341337;3;2;2019;23:16;0;RUA PAULO SETUBAL;;;;;Colisão;;;;Meio de Quadra;;;0;1;0;0;0;0;0;0;0;0;0;0;;
341324;3;2;2019;20:15;0;RUA OSCAR ARARIPE;;;1699;;Colisão;;;;Meio de Quadra;;;0;2;0;1;0;0;0;0;0;0;0;0;-3,788809;-38,606766
341316;3;2;2019;16:17;0;RUA G CJ VILA VELHA;;;9;;Atropelamento;Luz do Dia;;;Meio de Quadra;;;0;1;0;0;0;0;0;0;0;1;0;0;-3,7164966;-38,6015946
341317;3;2;2019;16:33;0;RUA 7 DE ABRIL;;;396;;Queda;Luz do Dia;;;Meio de Quadra;;;0;1;0;0;0;1;0;0;0;0;0;0;;
341313;3;2;2019;13:41;0;RUA MARIA LUIZA;;;;;Queda;Luz do Dia;;;Meio de Quadra;;;0;1;0;0;0;0;0;0;0;1;0;0;;
341297;3;2;2019;08:35;0;AV PRS COSTA E SILVA;;;;;Queda;Luz do Dia;;;Meio de Quadra;;;0;1;0;0;0;0;0;0;0;1;0;0;;
341298;3;2;2019;09:48;0;AV FRE CIRILO;;;4154;;Colisão;Luz do Dia;;;Meio de Quadra;;;0;1;0;1;0;0;0;0;0;1;0;0;-3,820502;-38,496028
341299;3;2;2019;10:09;0;RUA EMILIA GONCALVES;;;615;;Queda;Luz do Dia;;;Meio de Quadra;;;0;1;0;0;0;0;0;0;0;1;0;0;-3,727892;-38,595036
341300;3;2;2019;10:10;183;AV SGT HERMINIO SAMPAIO;AV CEL CARVALHO;;;;Atropelamento;Luz do Dia;;;;;;0;1;0;0;0;0;0;0;0;1;0;0;-3,7338104;-38,5842851
341301;3;2;2019;10:22;0;RUA GAL RABELO;;;506;;Colisão;Luz do Dia;;;Meio de Quadra;;;0;1;0;1;0;1;0;0;0;0;0;0;-3,807612;-38,607189
341302;3;2;2019;13:22;0;RUA G CJ VILA VELHA;;;9;;Atropelamento;Luz do Dia;;;Meio de Quadra;;;0;1;0;0;0;0;0;0;0;1;0;0;-3,7164966;-38,6015946
341213;3;2;2019;05:53;0;RUA PEDRO ARTUR;;;964;;Queda;Amanhecer;;;Meio de Quadra;;;0;2;0;0;0;0;0;0;0;1;0;0;-3,712822063;-38,55365312
341211;3;2;2019;02:32;0;RUA PDE PEDRO DE ALENCAR;;;;;Queda;;;;Meio de Quadra;;;0;1;0;0;0;0;0;0;0;1;0;0;;
341218;3;2;2019;06:39;0;AV DA INDEPENDENCIA;;;84;;Queda;Luz do Dia;;;Meio de Quadra;;;0;1;0;0;0;0;0;0;0;1;0;0;-3,729202123;-38,58331325
341219;3;2;2019;06:54;0;AV PRS CASTELO BRANCO;;;4000;;Colisão;Luz do Dia;;;Meio de Quadra;;;0;1;0;1;0;0;0;0;0;0;0;0;-3,7084405;-38,568298
341203;3;2;2019;01:28;0;AV GOV RAUL BARBOSA;;;6955;;Colisão;;;;Meio de Quadra;;;0;1;0;1;0;1;0;0;0;0;0;0;-3,77411072;-38,51281344
341200;3;2;2019;01:02;24235;RUA JULIO AZEVEDO;RUA FAUSTO CABRAL;;;;Colisão;;;;Cruz;Pare;Residencial;0;1;0;1;0;0;0;0;0;1;0;0;-3,733662;-38,476448
341201;3;2;2019;01:16;9653;RUA BOM JESUS (GRANJA LISBOA);RUA FRANCISCO PAIVA;;;;Colisão;;;;Cruz;Pare;Residencial;0;1;0;0;0;0;0;0;0;0;0;0;-3,790241;-38,614088
339466;3;2;2019;19:40;0;ROD CE 010;;;7000;;Engavetamento;Via Iluminada;;Seca;Meio de Quadra;;;0;0;2;1;0;0;0;0;0;0;0;0;;
339467;3;2;2019;18:15;0;RD CE-025;;;1000;KM-01;Colisão;Anoitecer;;;Meio de Quadra;;;0;1;1;1;0;0;0;0;0;1;0;0;-3,807811443;-38,4700486
339468;3;2;2019;21:30;0;AV SEN CARLOS JEREISSATI (AEROPORTO);;;3000;KM 03;Colisão;Via Iluminada;;Seca;Meio de Quadra;;;0;0;2;1;0;0;0;0;0;0;0;0;-3,779641;-38,544038
339432;3;2;2019;20:00;0;AV PRS COSTA E SILVA;;;2768;;Colisão;;;;Meio de Quadra;;;1;0;1;1;0;1;0;0;0;0;0;0;-3,825358;-38,5411423
339433;3;2;2019;16:30;0;AV JOSE BASTOS;;;2790;;Choque c/ Obstáculo Fixo;Luz do Dia;;;Meio de Quadra;;;1;1;0;0;0;0;0;0;0;1;0;0;-3,7451565;-38,545579
339434;3;2;2019;14:50;670;RUA GOMES PASSOS;RUA PRO JOSE BONIFACIO;;;;Colisão Transversal;Luz do Dia;;;Cruz;Pare;Residencial;1;0;1;1;0;0;0;0;0;1;0;0;-3,710794;-38,562431
339713;3;2;2019;01:40;9257;AV AGUANAMBI;RUA CEL PERGENTINO FERREIRA;;;;Colisão;;;;Cruz;Semáforo;Comercial;0;1;1;0;0;0;0;0;0;0;0;0;-3,748634;-38,524049
339714;3;2;2019;03:50;0;RUA PRO VIRGILIO DE MORAIS;;;;;Colisão;;;;Meio de Quadra;;;0;1;1;1;0;0;0;0;0;1;0;0;;
341380;4;2;2019;13:49;0;RUA ARACAJU;;;1065;;Atropelamento;Luz do Dia;;;Meio de Quadra;;;0;1;0;1;0;0;0;0;0;0;0;0;-3,761775806;-38,58863745
341381;4;2;2019;14:29;0;AV WASHINGTON SOARES;;;3737;;Colisão;Luz do Dia;;;Meio de Quadra;;;0;1;0;1;0;0;0;0;0;0;0;0;-3,788169;-38,480604
341382;4;2;2019;15:51;0;AV PASTEUR;;;1004;;Colisão;Luz do Dia;;;Meio de Quadra;;;0;1;0;1;0;0;0;0;0;1;0;0;-3,71489;-38,560089
341383;4;2;2019;16:59;0;AV ABOLICAO;;;3340;;Colisão;Luz do Dia;;;Meio de Quadra;;;0;1;0;1;0;0;0;0;0;1;0;0;-3,726432;-38,489788
341384;4;2;2019;18:03;0;AV PRS CASTELO BRANCO;;;3410;;Colisão;Anoitecer;;;Meio de Quadra;;;0;1;0;1;0;0;0;0;0;1;0;0;-3,71031651;-38,56173178
341385;4;2;2019;18:39;0;AV SEN CARLOS JEREISSATI (AEROPORTO);;;;;Queda;;;;Meio de Quadra;;;0;1;0;0;0;1;0;0;0;0;0;0;;
341386;4;2;2019;18:40;0;RUA SABINO MONTE;;;;;Atropelamento;;;;Meio de Quadra;;;0;1;0;0;0;0;0;0;0;1;0;0;;
341387;4;2;2019;19:44;0;RUA OITICICAS;;;401;;Queda;;;;Meio de Quadra;;;0;1;0;0;0;0;0;0;0;1;0;0;-3,806988929;-38,53633236
341388;4;2;2019;20:03;0;AV OLIVEIRA PAIVA;;;1350;;Atropelamento;;;;Meio de Quadra;;;0;1;0;0;0;0;0;0;0;1;0;0;-3,795480471;-38,49430361
341389;4;2;2019;20:04;0;RUA DECIO DE CASTRO;;;153;;Colisão;;;;Meio de Quadra;;;0;1;0;0;0;0;0;0;0;0;0;0;-3,774140136;-38,5900381
341390;4;2;2019;23:27;0;RUA SEN ALMINO;;;421;;Queda;;;;Meio de Quadra;;;0;1;0;0;0;1;0;0;0;0;0;0;-3,724240459;-38,51804192
339435;4;2;2019;23:52;0;AV DR SILAS MUNGUBA;;;5700;;Colisão;;;;Meio de Quadra;;;1;0;1;0;1;0;0;0;0;1;0;0;-3,804268;-38,5274935
339471;4;2;2019;20:20;0;RD CE-040;;;8000;KM-08;Colisão;Via Iluminada;;Seca;Meio de Quadra;;;0;0;3;0;0;0;1;0;0;0;0;0;-3,825515822;-38,48153832
339005;4;2;2019;19:40;0;RUA PRC ISABEL;;;;;Colisão Lateral;Via Iluminada;Bom;Seca;Meio de Quadra;Outros;Comercial;0;0;2;1;0;0;0;0;0;0;0;0;;
341338;4;2;2019;05:21;0;AV SGT HERMINIO SAMPAIO;;;3100;;Atropelamento;Amanhecer;;;Meio de Quadra;;;0;1;0;0;0;0;0;0;0;1;0;0;-3,727754529;-38,568349
341344;4;2;2019;05:22;0;RUA ULLISSES GUIMARAES;;;1020;;Colisão;Amanhecer;;;Meio de Quadra;;;0;2;0;0;0;0;0;0;0;0;0;0;-3,71954;-38,57577
341353;4;2;2019;07:50;0;AV GAL OSORIO DE PAIVA;;;;;Queda;Luz do Dia;;;Meio de Quadra;;;0;1;0;0;0;1;0;0;0;0;0;0;;
341346;4;2;2019;06:38;0;RUA CATOLE;;;2883;;Queda;Luz do Dia;;;Meio de Quadra;;;0;1;0;0;0;0;0;0;0;1;0;0;;
341347;4;2;2019;06:42;0;RUA MENOR JERONIMO;;;3008;;Colisão;Luz do Dia;;;Meio de Quadra;;;0;1;0;1;0;0;0;0;0;1;0;0;-3,81329;-38,53617