COD_ACIDENTE;DIA;MES;ANO;HORA;INTERSECAO;LOG1;LOG2;LOG3;NUMERO;REFERENCIA;NATUREZA;ILUMINACAO;TEMPO;SUPERFICIEPISTA;TIPOCRUZAMENTO;CONTROLETRAFEGO;USOSOLO;MORTOS;FERIDOS;ILESOS;AUTOMOVEL;ONIBUS;BICICLETA;CAMINHAO;MICROONIBUS;CICLOMOTOR;MOTOCICLETA;TRACAOANIMAL;TREM;LATITUDE;LONGITUDE
341348;4;2;2019;07:23;0;AV BORGES DE MELO;;;;;Colisão;Luz do Dia;;;Meio de Quadra;;;0;1;0;1;0;0;0;0;0;1;0;0;;
341349;4;2;2019;07:30;0;RUA ENG LUIS MONTENEGRO;;;;;Queda;Luz do Dia;;;Meio de Quadra;;;0;1;0;0;0;1;0;0;0;0;0;0;;
341350;4;2;2019;07:42;0;RUA PORTO VELHO;;;768;;Colisão;Luz do Dia;;;Meio de Quadra;;;0;1;0;1;0;0;0;0;0;1;0;0;-3,7656484;-38,5876268
341358;4;2;2019;08:33;0;AV E CJ JOSE WALTER;;;780;;Colisão;Luz do Dia;;;Meio de Quadra;;;0;1;0;1;0;0;0;0;0;1;0;0;-3,833425435;-38,56026226
341376;4;2;2019;10:38;0;RUA ERICO MOTA;;;2065;;Queda;Luz do Dia;;;Meio de Quadra;;;0;1;0;0;0;0;0;0;0;1;0;0;;
341366;4;2;2019;09:43;0;AV D CJ ESPERANCA;;;104;;Colisão;Luz do Dia;;;Meio de Quadra;;;0;1;0;1;0;0;0;0;0;1;0;0;-3,8158765;-38,58833725
341362;4;2;2019;09:32;0;RUA SOUSA GIRAO;;;260;;Colisão;Luz do Dia;;;Meio de Quadra;;;0;1;0;1;0;0;0;0;0;1;0;0;-3,742317104;-38,52505487
339982;4;2;2019;15:30;0;LOGRADOURO SEM NOME;;;;;Colisão;Luz do Dia;;;Meio de Quadra;;;0;0;2;1;0;0;0;0;0;0;0;0;;
339996;4;2;2019;19:00;0;RD BR 116;;;3000;KM-03;Colisão Lateral;;Bom;Seca;;;;0;2;1;0;0;0;0;0;1;0;0;0;-3,779838;-38,514372
339722;4;2;2019;12:00;0;RD CE-090;;;;KM-05;Colisão;Luz do Dia;;;Meio de Quadra;;;0;1;1;1;0;0;0;0;0;1;0;0;;
339723;4;2;2019;17:30;17370;RUA ALM RUBIM;RUA BAR SOBRAL;;;;Colisão;Anoitecer;;;Cruz;Semáforo;Residencial;0;1;1;1;0;0;0;0;0;0;0;0;-3,766572;-38,554972
339726;4;2;2019;01:20;0;RUA DEMETRIO MENEZES;;;3693;;Choque c/ Obstáculo Fixo;;;;Meio de Quadra;;;0;0;1;0;0;0;0;0;0;0;0;0;-3,7372287;-38,583621
340277;4;2;2019;03:43;0;AV SEN VIRGILIO TAVORA;;;1085;;Choque c/ Obstáculo Fixo;Via Iluminada;Bom;Seca;Meio de Quadra;Não Há Controle;Comercial;0;0;1;1;0;0;0;0;0;0;0;0;-3,736801;-38,49315
340278;4;2;2019;08:03;0;AV CANAL D71;;;0;;Colisão Transversal;Luz do Dia;Bom;Seca;Meio de Quadra;Não Há Controle;Residencial;0;1;1;1;0;0;0;0;0;1;0;0;;
340279;4;2;2019;14:25;0;RUA CON LIMA SUCUPIRA;;;1983;;Colisão;Luz do Dia;Bom;Seca;Meio de Quadra;;;0;1;1;0;0;0;0;0;0;1;0;0;-3,777301063;-38,55351919
340280;4;2;2019;14:25;24224;RUA JULIO AZEVEDO;RUA PASCOAL CASTRO ALVES;;;;Colisão Transversal;Luz do Dia;Nublado;Seca;Cruz;Pare;Residencial;0;1;1;1;0;0;0;0;0;1;0;0;-3,733056;-38,47607
340281;4;2;2019;14:53;15901;RUA BAR AQUIRAZ;RUA PDE SEVERIANO;;;;Colisão Frontal;Luz do Dia;Bom;Seca;T;Não Há Controle;Comercial;0;1;1;1;0;0;0;0;0;1;0;0;-3,835823;-38,489026
340282;4;2;2019;15:49;5281;RUA PEDRO PEREIRA;RUA GAL SAMPAIO;;0;;Não Informado;Luz do Dia;Bom;Seca;Cruz;Semáforo;Comercial;0;0;2;0;1;0;0;0;0;0;0;0;-3,728779;-38,531335
340283;4;2;2019;19:04;0;AV SANTOS DUMONT;;;2825;;Colisão Traseira;Via Iluminada;Bom;Seca;Meio de Quadra;Gesto;Comercial;0;0;2;1;1;0;0;0;0;0;0;0;-3,73598825;-38,4991195
340284;4;2;2019;19:09;0;RUA PEDRO PEREIRA;;;380;;Não Informado;Via Iluminada;Bom;Seca;Meio de Quadra;Semáforo;Comercial;0;0;3;1;0;0;0;0;0;1;0;0;-3,72957;-38,528875
340285;4;2;2019;19:55;0;RUA MARIA ALICE FERRAZ;AV NORTE;;480;;Colisão Lateral;Via Iluminada;Bom;Seca;Meio de Quadra;Pare;Residencial;0;1;1;1;0;0;0;0;0;1;0;0;-3,7753056;-38,4930589
340286;4;2;2019;15:57;0;AV ABOLICAO;;;3806;;Colisão Lateral;Luz do Dia;Bom;Seca;Meio de Quadra;Não Há Controle;Comercial;0;1;1;1;0;0;0;0;0;1;0;0;-3,72561178;-38,48539616
340287;4;2;2019;20:16;15244;RUA JOSE VILAR;RUA DEP MOREIRA DA ROCHA;;0;;Colisão Lateral;Mal Iluminada;Bom;Seca;Cruz;Pare;Comercial;0;0;2;1;0;0;0;0;0;1;0;0;-3,727832;-38,502113
340288;5;2;2019;07:00;14506;AV ALBERTO CRAVEIRO;RUA ADELIA FEIJO;;;;Queda;Luz do Dia;Chuva;Molhada;T;Não Há Controle;Comercial;0;1;0;0;0;0;0;0;0;1;0;0;-3,80217;-38,520707
340289;5;2;2019;07:51;0;AV GAL OSORIO DE PAIVA;;;6395;;Colisão Frontal;Luz do Dia;Chuva;Molhada;Meio de Quadra;Semáforo;Comercial;0;2;3;0;1;0;1;0;0;0;0;0;-3,81109;-38,60821
340290;5;2;2019;09:58;1341;RUA MON BRUNO;RUA AFONSO CELSO;;;;Colisão Transversal;Luz do Dia;Bom;Seca;Cruz;Pare;Residencial;0;1;1;0;0;0;0;0;0;1;0;0;-3,735734;-38,510519
340291;5;2;2019;14:31;6724;AV ENG SANTANA JUNIOR;AV SANTOS DUMONT;;;;Colisão Transversal;Luz do Dia;Bom;Seca;Cruz;Não Há Controle;Comercial;0;0;2;0;1;0;0;0;0;0;0;0;-3,740506;-38,485132
340292;5;2;2019;18:57;0;AV VIS RIO BRANCO;;;2090;;Colisão Traseira;Via Iluminada;Bom;Seca;Meio de Quadra;Não Há Controle;Residencial;0;0;2;1;0;0;0;0;0;0;0;0;-3,738897721;-38,52352086
340293;5;2;2019;19:20;0;RUA ANTONIO POMPEU;;;2037;;Colisão Traseira;Via Iluminada;Bom;Seca;Meio de Quadra;Pare;Residencial;0;2;0;0;0;0;0;0;0;1;0;0;-3,731979591;-38,54241523
340294;5;2;2019;20:32;7718;AV JOSE BASTOS;AV CARNEIRO DE MENDONCA;;0;;Colisão Traseira;Via Iluminada;Bom;Seca;Cruz;Semáforo;Comercial;0;0;2;1;0;0;0;0;0;0;0;0;-3,764109;-38,566759
340295;5;2;2019;22:37;13145;AV D CJ JOSE WALTER;AV L CJ JOSE WALTER;;;;Colisão Lateral;Via Iluminada;Bom;Seca;Rotatória;Dê Preferência;Comercial;0;2;0;1;0;0;0;0;0;1;0;0;-3,831074;-38,557526
339734;5;2;2019;18:35;0;AV FILOMENO GOMES;;;664;;Choque c/ Obstáculo Fixo;;;;Meio de Quadra;;;0;1;0;0;0;0;0;0;0;0;0;0;-3,72053;-38,54133
339735;5;2;2019;01:18;0;LOGRADOURO SEM NOME;;;;;Colisão;;;;Meio de Quadra;;;0;1;1;0;1;0;0;0;0;1;0;0;;
339736;5;2;2019;20:00;0;LOGRADOURO SEM NOME;;;;;Atropelamento;;;;Meio de Quadra;;;0;1;1;1;0;0;0;0;0;0;0;0;;
339737;5;2;2019;20:48;0;LOGRADOURO SEM NOME;;;;;Atropelamento;;;;Meio de Quadra;;;0;1;1;0;0;0;0;0;0;1;0;0;;
339739;5;2;2019;01:30;6580;AV H CJ CEARA;RUA 922 CJ CEARA;;;;Capotamento;;;;T;Outros;Residencial;0;3;0;1;0;0;0;0;0;0;0;0;-3,776811;-38,619386
339007;5;2;2019;17:10;0;RUA PDE PEDRO DE ALENCAR;;;2230;;Queda;Anoitecer;Nublado;Seca;Meio de Quadra;Não Há Controle;Residencial;0;0;2;1;0;0;0;0;0;0;0;0;-3,84754047;-38,49472202
339010;5;2;2019;20:30;1321;RUA MARCOS MACEDO;RUA VICENTE LEITE;;;;Colisão Lateral;Via Iluminada;Bom;Seca;Cruz;Pare;Residencial;0;0;2;1;0;0;0;0;0;0;0;0;-3,735201;-38,494787
339011;5;2;2019;21:00;12482;RUA DES GOMES PARENTE;TR BENTIVI;;;;Colisão Transversal;Via Iluminada;Bom;Seca;Cruz;Outros;Residencial;0;1;1;1;0;0;0;0;0;0;0;0;-3,774209;-38,575187
339472;5;2;2019;18:00;0;RD CE-040;;;8000;KM-02;Colisão;Anoitecer;;;Meio de Quadra;;;0;0;2;1;0;0;0;0;0;1;0;0;-3,773616148;-38,4817994
339436;5;2;2019;18:32;0;AV JOSE BASTOS;;;4700;HABBIB'S;Atropelamento;;;;Meio de Quadra;;;1;0;1;1;0;0;0;0;0;0;0;0;-3,75683;-38,557447
339442;5;2;2019;14:20;0;AV GODOFREDO MACIEL;;;4795;;Choque c/ Obstáculo Fixo;Luz do Dia;;Seca;Meio de Quadra;;;1;3;2;0;1;0;1;0;0;0;0;0;-3,8179495;-38,57526225
341404;5;2;2019;06:21;0;AV ALM HENRIQUE SABOIA;;;;;Colisão;Luz do Dia;;;Meio de Quadra;;;0;1;0;0;0;0;0;0;0;1;0;0;;
341393;5;2;2019;00:27;0;RUA ALM RUFINO;;;420;;Colisão;;;;Meio de Quadra;;;0;1;0;1;0;0;0;0;0;1;0;0;-3,76803;-38,5334645
341394;5;2;2019;00:51;0;AV PRS COSTA E SILVA;;;691;;Queda;;;;Meio de Quadra;;;0;1;0;0;0;0;0;0;0;1;0;0;-3,812167;-38,573703
341410;5;2;2019;07:25;0;AV FRE CIRILO;;;;;Queda;Luz do Dia;;;Meio de Quadra;;;0;1;0;0;0;0;0;0;0;1;0;0;;
341407;5;2;2019;07:10;0;RUA DJALMA BENEVIDES;;;142;;Colisão;Luz do Dia;;;Meio de Quadra;;;0;2;0;1;0;0;0;0;0;1;0;0;-3,8091;-38,58455
341421;5;2;2019;09:12;0;RUA JULIO IBIAPINA;;;280;;Colisão;Luz do Dia;;;Meio de Quadra;;;0;1;0;0;0;0;0;0;0;1;0;0;-3,727708042;-38,49110083
341422;5;2;2019;10:00;0;TR PARIS;;;45;;Colisão;Luz do Dia;;;Meio de Quadra;;;0;1;0;1;0;0;0;0;0;1;0;0;-3,73785;-38,48308
341425;5;2;2019;11:09;0;AV PRS CASTELO BRANCO;;;4000;;Queda;Luz do Dia;;;Meio de Quadra;;;0;1;0;0;0;1;0;0;0;0;0;0;-3,7084405;-38,568298
341428;5;2;2019;11:21;0;AV GODOFREDO MACIEL;;;2640;;Colisão;Luz do Dia;;;Meio de Quadra;;;0;1;0;0;0;0;0;0;0;0;0;0;-3,798614;-38,57057
341430;5;2;2019;11:34;0;AV RAD JOSE LIMA VERDE;;;540;;Colisão;Luz do Dia;;;Meio de Quadra;;;0;1;0;1;0;0;0;0;0;1;0;0;-3,696423;-38,586423
341431;5;2;2019;12:47;0;AV AUGUSTO DOS ANJOS;;;812;;Colisão;Luz do Dia;;;Meio de Quadra;;;0;1;0;1;0;0;0;0;0;1;0;0;-3,775105237;-38,57468871
341432;5;2;2019;13:38;0;AV WASHINGTON SOARES;;;6600;;Colisão;Luz do Dia;;;Meio de Quadra;;;0;1;0;0;0;0;0;0;0;0;0;0;-3,815763;-38,482025
341442;5;2;2019;16:32;0;AV SEN FERNANDES TAVORA;;;2540;;Colisão;Luz do Dia;;;Meio de Quadra;;;0;1;0;0;0;0;0;0;0;1;0;0;-3,7557428;-38,5948435
341440;5;2;2019;14:19;17341;AV JOSE DO PATROCINIO;RUA EDUARDO ANGELIM;;;;Colisão;Luz do Dia;;;Cruz;Pare;Residencial;0;1;0;1;0;0;0;0;0;1;0;0;-3,7652896;-38,5461636
341446;5;2;2019;17:18;0;RUA ARI MAIA;;;3356;;Colisão;Anoitecer;;;Meio de Quadra;;;0;1;0;1;0;0;0;0;0;1;0;0;;
341479;5;2;2019;21:49;0;AV PALMEIRAS DOS INDIOS;;;;;Queda;;;;Meio de Quadra;;;0;2;0;0;0;0;0;0;0;1;0;0;;
341474;5;2;2019;18:55;0;RUA RIO ARAGUAIA;;;412;;Atropelamento;;;;Meio de Quadra;;;0;1;0;0;0;0;0;0;0;0;0;0;-3,720468484;-38,5816543
341464;5;2;2019;18:39;0;AV D CJ JOSE WALTER;;;;;Colisão;;;;Meio de Quadra;;;0;2;0;1;0;0;0;0;0;1;0;0;;
341453;5;2;2019;18:05;0;RUA BERNARDO MANUEL;;;7525;;Colisão;Anoitecer;;;Meio de Quadra;;;0;1;0;0;0;0;0;0;0;0;0;0;-3,784073;-38,546927
341448;5;2;2019;17:19;0;RUA ALAGOAS;;;3941;;Colisão;Anoitecer;;;Meio de Quadra;;;0;2;0;0;0;0;0;0;0;1;0;0;-3,749325;-38,580772
341450;5;2;2019;17:55;0;RUA PRO HERIBALDO COSTA;;;435;;Colisão;Anoitecer;;;Meio de Quadra;;;0;1;0;1;0;0;0;0;0;1;0;0;-3,760151;-38,5838624
341451;5;2;2019;18:01;0;RUA PERNAMBUCO;;;2481;;Colisão;Anoitecer;;;Meio de Quadra;;;0;1;0;1;0;1;0;0;0;0;0;0;-3,752728;-38,576898
341477;5;2;2019;20:40;0;AV GODOFREDO MACIEL;;;;;Queda;;;;Meio de Quadra;;;0;1;0;0;0;0;0;0;0;1;0;0;;
341503;6;2;2019;12:49;0;AV H CJ CEARA;;;2344;;Atropelamento;Luz do Dia;;;Meio de Quadra;;;0;2;0;0;0;0;0;0;0;1;0;0;-3,776847;-38,619834
341499;6;2;2019;12:05;0;RUA ILDEFONSO ALBANO;;;527;;Colisão;Luz do Dia;;;Meio de Quadra;;;0;1;0;1;0;0;0;0;0;1;0;0;-3,72549;-38,51075
341490;6;2;2019;11:34;25287;AV AUGUSTO DOS ANJOS;RUA PRIMEIRO DE MAIO D34;;;;Colisão;Luz do Dia;;;T;Pare;Residencial;0;1;0;1;0;0;0;0;0;1;0;0;-3,78449;-38,582915
341491;6;2;2019;11:55;0;AV ALBERTO CRAVEIRO;;;;;Colisão;Luz do Dia;;;Meio de Quadra;;;0;1;0;1;0;0;0;0;0;1;0;0;;
341527;6;2;2019;21:32;0;RUA MARANHAO;;;486;;Colisão;;;;Meio de Quadra;;;0;2;0;1;0;0;0;0;0;1;0;0;-3,7555724;-38,5659002
341516;6;2;2019;17:58;0;RUA MIN ABNER VASCONCELOS;;;52;;Colisão;Anoitecer;;;Meio de Quadra;;;0;1;0;1;0;0;0;0;0;1;0;0;-3,789578917;-38,47960017
341517;6;2;2019;18:32;0;RD BR 116;;;3000;KM-03;Colisão;;;;Meio de Quadra;;;0;1;0;0;1;1;0;0;0;0;0;0;-3,779838;-38,514372
341518;6;2;2019;18:37;0;RUA GOV SAMPAIO;;;293;;Atropelamento;;;;Meio de Quadra;;;0;1;0;0;0;0;0;0;0;1;0;0;-3,72797;-38,524268
341519;6;2;2019;19:07;0;AV PDE ANTONIO TOMAS;;;299;;Queda;;;;Meio de Quadra;;;0;1;0;0;0;0;0;0;0;1;0;0;-3,739719;-38,50102
341520;6;2;2019;19:15;0;AV PRS CASTELO BRANCO;;;5810;;Colisão;;;;Meio de Quadra;;;0;1;0;0;0;0;0;0;0;0;0;0;-3,7026497;-38,5821406
341521;6;2;2019;20:07;0;AV PERIMETRAL;;;;;Queda;;;;Meio de Quadra;;;0;1;0;0;0;1;0;0;0;0;0;0;;
341513;6;2;2019;16:26;0;AV LUCIANO CARNEIRO;;;1620;;Atropelamento;Luz do Dia;;;Meio de Quadra;;;0;1;0;1;0;0;0;0;0;0;0;0;-3,762579;-38,5359663
341514;6;2;2019;16:51;0;RUA CEL MATOS DOURADO;;;540;;Colisão;Luz do Dia;;;Meio de Quadra;;;0;2;0;0;0;0;0;0;0;1;0;0;-3,743403169;-38,58501966
341506;6;2;2019;12:54;5322;AV IMPERADOR;AV DUQ CAXIAS;;;;Queda;Luz do Dia;;;Cruz;Semáforo;Comercial;0;1;0;0;0;0;0;0;0;1;0;0;-3,730048;-38,535297
341508;6;2;2019;13:12;0;RUA LUIZ FCO XAVIER;;;530;;Colisão;Luz do Dia;;;Meio de Quadra;;;0;1;0;0;0;0;0;0;0;1;0;0;-3,8437002;-38,4867691
341509;6;2;2019;13:37;0;RUA ANTONIO IVO;;;440;;Colisão;Luz do Dia;;;Meio de Quadra;;;0;1;0;1;0;0;0;0;0;1;0;0;-3,759578577;-38,58096992
341510;6;2;2019;14:19;0;AV ALM HENRIQUE SABOIA;;;;;Queda;Luz do Dia;;;Meio de Quadra;;;0;1;0;0;0;1;0;0;0;0;0;0;;
341480;6;2;2019;03:11;0;RUA TIBURCIO ALBANO;;;289;;Queda;;;;Meio de Quadra;;;0;1;0;0;0;0;0;0;0;1;0;0;-3,7551006;-38,5787398
341481;6;2;2019;07:26;0;AV MAE LISBOA;;;4880;;Queda;Luz do Dia;;;Meio de Quadra;;;0;1;0;0;0;0;0;0;0;1;0;0;;
341482;6;2;2019;08:29;0;AV IMPERADOR;;;546;;Colisão;Luz do Dia;;;Meio de Quadra;;;0;1;0;1;0;0;0;0;0;1;0;0;-3,726511;-38,534257
341483;6;2;2019;08:31;0;AV B CJ CEARA;;;289;;Queda;Luz do Dia;;;Meio de Quadra;;;0;1;0;0;0;0;0;0;0;1;0;0;-3,7660713;-38,6057687
341484;6;2;2019;09:47;0;AV MON TABOSA;;;;;Colisão;Luz do Dia;;;Meio de Quadra;;;0;1;0;1;0;0;0;0;0;1;0;0;;
341485;6;2;2019;11:00;0;RUA JOSE PEDRA;;;760;;Colisão;Luz do Dia;;;Meio de Quadra;;;0;1;0;1;0;0;0;0;0;1;0;0;-3,794115;-38,549239
341525;6;2;2019;21:25;0;AV SEN FERNANDES TAVORA;;;1955;;Colisão;;;;Meio de Quadra;;;0;1;0;0;0;0;0;0;0;0;0;0;-3,75820725;-38,58962425
341540;6;2;2019;22:11;0;RUA BERNARDO MANUEL;;;8600;;Queda;;;;Meio de Quadra;;;0;1;0;0;0;1;0;0;0;0;0;0;-3,795274;-38,55037
341531;6;2;2019;21:35;0;AV BENJAMIM BRASIL;;;;;Colisão;;;;Meio de Quadra;;;0;1;0;1;0;0;0;0;0;1;0;0;;
341542;6;2;2019;22:18;0;AV ALM HENRIQUE SABOIA;;;;;Colisão;;;;Meio de Quadra;;;0;1;0;0;0;0;0;0;0;1;0;0;;
339476;6;2;2019;21:47;0;RD CE-060;;;4289;KM-02;Atropelamento;Via Iluminada;;Seca;Meio de Quadra;;;0;3;0;0;0;0;0;0;0;1;0;0;-3,834064;-38,582111
339473;6;2;2019;08:15;0;RD CE-040;;;2000;KM-02;Colisão;Luz do Dia;;Seca;Meio de Quadra;;;0;0;2;1;0;0;0;0;0;0;0;0;-3,773616148;-38,4817994
339741;6;2;2019;21:15;0;AV MAE LISBOA;;;2730;;Outros;;;;Meio de Quadra;;;0;1;0;0;0;0;0;0;0;1;0;0;-3,806256;-38,454778
339747;6;2;2019;18:40;0;RUA STO AMARO DO PICI;;;303;;Colisão;;;;Meio de Quadra;;;0;1;1;1;0;0;0;0;0;1;0;0;-3,8401877;-38,5719483
339821;6;2;2019;01:00;22661;AV COS GOMES DE FREITAS (SAPIRANGA/COITE);RUA BILL CARTAXO;;;;Colisão;;;;;;;0;0;2;0;0;0;0;0;0;0;0;0;-3,795186;-38,47402
339997;6;2;2019;20:00;0;RD BR 222;;;;KM-01;Choque c/ Obstáculo Fixo;;Bom;Seca;Meio de Quadra;;;0;1;1;0;0;0;0;0;0;1;0;0;-3,737698444;-38,57814693
339998;6;2;2019;18:00;0;RD BR 116;;;3000;KM-03;Colisão Lateral;Anoitecer;Nublado;Seca;Meio de Quadra;;;0;1;1;0;0;1;1;0;0;0;0;0;-3,779838;-38,514372
340297;6;2;2019;08:30;0;AV AMERICO BARREIRA;;;5572;;Colisão Traseira;Luz do Dia;Bom;Molhada;Meio de Quadra;Semáforo;Comercial;0;0;2;1;0;0;0;0;0;0;0;0;-3,7603743;-38,56444
340298;6;2;2019;11:00;1322;AV DOM LUIS;RUA VICENTE LEITE;;0;;Colisão Traseira;Luz do Dia;Bom;Seca;Cruz;Semáforo;Comercial;0;1;1;1;0;0;0;0;0;0;0;0;-3,734197;-38,494467
340299;6;2;2019;15:19;0;AV ALBERTO NEPOMUCENO;;;78;;Colisão Traseira;Luz do Dia;Bom;Seca;Meio de Quadra;Não Há Controle;Comercial;0;0;2;0;0;0;0;0;0;1;0;0;-3,722081;-38,523662
340300;6;2;2019;19:34;7821;RUA NUNES VALENTE;RUA JULIO SIQUEIRA;;0;;Colisão Transversal;Via Iluminada;Bom;Seca;Cruz;Gesto;Comercial;0;1;1;1;0;0;0;0;0;1;0;0;-3,749819;-38,5081
340301;6;2;2019;17:30;9099;AV EDUARDO GIRAO;RUA MIN JOAQUIM BASTOS D14;;;;Colisão Transversal;Via Iluminada;Bom;Seca;Cruz;Pare;Comercial;0;2;1;1;0;0;0;0;0;1;0;0;-3,7557;-38,525973
340308;6;2;2019;16:30;7897;RUA MON CATAO;RUA HENRIQUETA GALENO;;;;Colisão Lateral;Mal Iluminada;Bom;Seca;Cruz;Pare;Comercial;0;1;1;0;0;0;0;0;0;1;0;0;-3,747287;-38,493338
340309;7;2;2019;16:10;0;AV GODOFREDO MACIEL;;;1041;;Colisão Traseira;Luz do Dia;Nublado;Molhada;Meio de Quadra;Não Há Controle;Comercial;0;1;1;1;0;0;0;0;0;1;0;0;-3,785214;-38,56642086
340310;7;2;2019;21:58;0;AV VICENTE DE CASTRO;;;4421;;Queda;Via Iluminada;Bom;Seca;Meio de Quadra;Não Há Controle;Comercial;0;1;0;0;0;0;0;0;0;1;0;0;-3,7202535;-38,476597
340314;7;2;2019;19:29;24886;AV MOZART PINHEIRO DE LUCENA;AV MAJ ASSIS;;0;;Não Informado;Via Iluminada;Nublado;Molhada;Cruz;Semáforo;Comercial;0;0;2;1;0;0;0;0;0;0;0;0;-3,7214444;-38,5966762
340303;7;2;2019;10:20;26121;AV ROGACIANO LEITE;RUA LAGO DAS ORQUIDEAS;;0;;Colisão Frontal;Luz do Dia;Chuva;Molhada;T;Não Há Controle;Comercial;0;1;1;1;0;0;0;0;0;1;0;0;-3,7824247;-38,502113
340304;7;2;2019;10:42;3419;AV JOAO PESSOA;RUA MIGUEL GONCALVES;;;;Colisão Transversal;Luz do Dia;Chuva;Molhada;Cruz;Pare;Comercial;0;1;1;0;1;0;0;0;0;0;0;0;-3,75871;-38,55508
340305;7;2;2019;10:59;0;RUA MON CATAO;;;1655;;Acidente Pessoal;Luz do Dia;Chuva;Molhada;Meio de Quadra;Não Há Controle;Escola;0;1;0;1;0;0;0;0;0;0;0;0;-3,74564;-38,492797
340306;7;2;2019;13:45;14564;RUA JOAO REGINO;RUA ENG ANTONIO F ANTERO;;0;;Colisão Lateral;Luz do Dia;Chuva;Molhada;Cruz;Pare;Residencial;0;1;1;1;0;0;0;0;0;0;0;0;-3,788379;-38,483131
340307;7;2;2019;13:58;0;AV SEN CARLOS JEREISSATI (AEROPORTO);;;0;;Colisão Lateral;Luz do Dia;Bom;Molhada;Meio de Quadra;Não Há Controle;Comercial;0;0;2;0;1;0;0;1;0;0;0;0;;
340337;7;2;2019;21:16;0;RUA FRE MANSUETO;;;780;;Colisão Lateral;Mal Iluminada;Bom;Seca;Meio de Quadra;Semáforo;Residencial;0;0;2;1;0;0;0;0;0;1;0;0;-3,7312255;-38,488792
340316;7;2;2019;18:55;15224;AV BAR STUDART;RUA DEP MOREIRA DA ROCHA;;;;Colisão;Luz do Dia;Nublado;Molhada;Cruz;Semáforo;Comercial;0;1;1;1;0;0;0;0;0;1;0;0;-3,727254;-38,504238
339866;7;2;2019;10:00;0;AV JOVITA FEITOSA;;;;;Colisão;Luz do Dia;;;Meio de Quadra;;;0;1;1;1;0;0;0;0;0;0;0;0;;
339744;7;2;2019;11:10;0;RUA ONZE (PLANALTO AIRTON SENA);;;71;;Colisão;Luz do Dia;;;Meio de Quadra;;;0;1;2;1;0;0;0;0;0;1;0;0;-3,7268304;-38,5729117
339745;7;2;2019;15:30;0;AV OLIVEIRA PAIVA;;;2133;;Colisão;Luz do Dia;;;Meio de Quadra;;;0;1;1;0;0;0;0;0;0;0;0;0;-3,79627;-38,487516
339488;7;2;2019;07:20;0;RD CE-040;;;8000;KM-08;Colisão;Luz do Dia;;Seca;Meio de Quadra;;;0;1;1;0;0;1;0;0;0;1;0;0;-3,825515822;-38,48153832
339490;7;2;2019;18:00;0;RD CE-040;;;3000;KM-03;Colisão;Via Iluminada;;Seca;Meio de Quadra;;;0;0;2;1;0;0;0;0;0;0;0;0;-3,782614325;-38,4810839
341543;7;2;2019;00:01;0;RUA L CJ VILA VELHA;;;741;;Queda;;;;Meio de Quadra;;;0;1;0;0;0;1;0;0;0;0;0;0;-3,8018;-38,5416684
341544;7;2;2019;00:36;0;AV ABOLICAO;;;2324;;Colisão;;;;Meio de Quadra;;;0;1;0;1;0;0;0;0;0;1;0;0;-3,72642813;-38,49826365
341545;7;2;2019;04:20;0;AV DA UNIVERSIDADE;;;2106;;Capotamento;;;;Meio de Quadra;;;0;1;0;0;0;0;0;0;0;0;0;0;-3,736338857;-38,53489657
341546;7;2;2019;07:21;0;AV ALBERTO CRAVEIRO;;;3327;;Queda;Luz do Dia;;;Meio de Quadra;;;0;2;0;0;0;0;0;0;0;1;0;0;;
341547;7;2;2019;08:41;0;RUA 11 CJ ST CORREGO;;;65;;Colisão;Luz do Dia;;;Meio de Quadra;;;0;1;0;1;0;0;0;0;0;1;0;0;-3,80034;-38,5641
341550;7;2;2019;11:40;0;AV 20 DE JANEIRO;;;1595;;Atropelamento;Luz do Dia;;;Meio de Quadra;;;0;1;0;0;0;0;0;0;0;1;0;0;-3,705913;-38,58067057
341551;7;2;2019;12:02;0;AV DOMINGOS OLIMPIO;;;228;;Queda;Luz do Dia;;;Meio de Quadra;;;0;1;0;0;0;0;0;0;0;1;0;0;-3,73794;-38,52669
341555;7;2;2019;12:28;0;RUA CON DE CASTRO;;;163;;Queda;Luz do Dia;;;Meio de Quadra;;;0;1;0;0;0;0;0;0;0;1;0;0;-3,775579;-38,564769
341560;7;2;2019;12:52;0;RUA MEXICO;;;216;;Colisão;Luz do Dia;;;Meio de Quadra;;;0;1;0;1;0;0;0;0;0;1;0;0;-3,735;-38,57496
341562;7;2;2019;13:44;5965;AV C CJ CEARA;AV F CJ CEARA;;;;Colisão;Luz do Dia;;;Rotatória;Dê Preferência;Residencial;0;2;0;1;0;0;0;0;0;1;0;0;;
341563;7;2;2019;13:49;0;RUA BETEL;;;;;Atropelamento;Luz do Dia;;;Meio de Quadra;;;0;1;0;0;0;0;1;0;0;0;0;0;;
341591;7;2;2019;18:27;0;RUA DOM SEBASTIAO LEME;;;655;;Queda;Anoitecer;;;Meio de Quadra;;;0;1;0;0;0;0;0;0;0;1;0;0;-3,74732;-38,52608
341592;7;2;2019;18:32;0;AV PRS COSTA E SILVA;;;1251;;Colisão;;;;Meio de Quadra;;;0;1;0;1;0;0;0;0;0;1;0;0;-3,815069;-38,569052