COD_ACIDENTE;DIA;MES;ANO;HORA;INTERSECAO;LOG1;LOG2;LOG3;NUMERO;REFERENCIA;NATUREZA;ILUMINACAO;TEMPO;SUPERFICIEPISTA;TIPOCRUZAMENTO;CONTROLETRAFEGO;USOSOLO;MORTOS;FERIDOS;ILESOS;AUTOMOVEL;ONIBUS;BICICLETA;CAMINHAO;MICROONIBUS;CICLOMOTOR;MOTOCICLETA;TRACAOANIMAL;TREM;LATITUDE;LONGITUDE
341574;7;2;2019;15:53;0;RUA RAIMUNDO PINHEIRO;;;663;;Colisão;Luz do Dia;;;Meio de Quadra;;;0;1;0;0;0;0;1;0;0;1;0;0;-3,7932577;-38,5984126
341575;7;2;2019;16:18;0;AV I CJ JOSE WALTER;;;380;;Colisão;Luz do Dia;;;Meio de Quadra;;;0;1;0;0;0;0;0;0;0;0;0;0;-3,827322;-38,5513935
341603;7;2;2019;20:10;0;AV CEL CARVALHO;;;858;;Atropelamento;;;;Meio de Quadra;;;0;1;0;1;0;0;0;0;0;0;0;0;-3,710000743;-38,58981194
341604;7;2;2019;21:04;0;RUA VALPARAISO;;;830;;Colisão;;;;Meio de Quadra;;;0;1;0;1;0;0;0;0;0;1;0;0;-3,843026;-38,527203
341600;7;2;2019;19:28;1297;AV SANTOS DUMONT;RUA JOSE VILAR;;;;Colisão;;;;Cruz;Semáforo;Comercial;0;1;0;1;0;1;0;0;0;0;0;0;-3,734337;-38,504194
341589;7;2;2019;18:03;0;AV IMPERADOR;;;831;;Atropelamento;Anoitecer;;;Meio de Quadra;;;1;0;1;0;0;0;0;0;0;1;0;0;-3,728611506;-38,53487323
341577;7;2;2019;17:08;11009;RUA JULIO VERNE;RUA EQUADOR;;;;Colisão;Anoitecer;;;Cruz;Pare;Residencial;0;1;0;1;0;0;0;0;0;1;0;0;-3,775427;-38,552843
341578;7;2;2019;18:02;0;AV JOVITA FEITOSA;;;125;;Colisão;Anoitecer;;;Meio de Quadra;;;0;1;0;1;0;0;0;0;0;1;0;0;-3,737437;-38,544748
341565;7;2;2019;13:52;0;AV OLIVEIRA PAIVA;;;2288;;Colisão;Luz do Dia;;;Meio de Quadra;;;0;1;0;1;0;0;0;0;0;1;0;0;-3,79621;-38,4858
341566;7;2;2019;14:11;0;AV LUCIANO CARNEIRO;;;841;;Colisão;Luz do Dia;;;Meio de Quadra;;;0;1;0;0;0;0;0;0;0;0;0;0;-3,754682;-38,533556
341569;7;2;2019;14:14;0;AV ENG HUMBERTO MONTE;;;2930;;Colisão;Luz do Dia;;;Meio de Quadra;;;0;1;0;1;0;0;0;0;0;1;0;0;-3,737224;-38,569075
341570;7;2;2019;15:03;0;RUA EMILIO DE MENESES;;;2063;;Colisão;Luz do Dia;;;Meio de Quadra;;;0;1;0;0;0;0;0;0;0;1;0;0;-3,778278842;-38,59977958
341594;7;2;2019;19:21;0;RUA EMILIA GONCALVES;;;1137;;Colisão;;;;Meio de Quadra;;;0;1;0;0;0;0;0;0;0;0;0;0;-3,731997;-38,593202
341607;7;2;2019;22:11;0;RUA BAR RIO BRANCO;;;1816;IJF;Queda;;;;Meio de Quadra;;;0;1;0;0;0;0;0;0;0;1;0;0;-3,734707;-38,530891
341608;7;2;2019;23:12;0;RUA SIDNEY NETO;;;;;Colisão;;;;Meio de Quadra;;;0;1;0;0;0;0;0;0;0;0;0;0;;
341610;7;2;2019;23:45;0;AV GAL OSORIO DE PAIVA;;;6654;;Queda;;;;Meio de Quadra;;;0;1;0;0;0;0;0;0;0;1;0;0;-3,811718;-38,608824
339014;8;2;2019;19:01;19852;RUA ESPERANTO D14;RUA STA QUITERIA;;;;Colisão Frontal;Via Iluminada;Bom;Seca;T;Não Há Controle;Residencial;0;1;1;1;0;0;0;0;0;1;0;0;-3,759688;-38,538046
339748;8;2;2019;15:21;15778;RUA STA CLARA DE ASSIS;RUA TAQUATIARA;;;;Colisão;Luz do Dia;;;Cruz;Pare;Comercial;0;1;1;0;0;0;0;0;0;1;0;0;-3,830267;-38,502459
339749;8;2;2019;12:15;0;RUA PRO GOMES BRASIL;;;;;Colisão;Luz do Dia;;;Meio de Quadra;;;0;1;1;1;0;0;0;0;0;1;0;0;;
339824;8;2;2019;13:30;11768;AV FILOMENO GOMES;AV PRS CASTELO BRANCO;;;;Colisão;Luz do Dia;;;T;Semáforo;Comercial;0;1;1;1;0;0;0;0;0;0;0;0;-3,715542;-38,541982
339999;8;2;2019;02:30;0;RD BR 116;;;7000;KM-07;Choque c/ Obstáculo Fixo;;Nublado;Seca;Meio de Quadra;;;0;0;1;1;0;0;0;0;0;0;0;0;-3,786276359;-38,5115614
340000;8;2;2019;10:40;0;RD BR 222;;;;KM-03;Colisão;Luz do Dia;Bom;Seca;Meio de Quadra;;;0;0;2;0;0;0;1;0;0;0;0;0;-3,740300848;-38,59594097
340001;8;2;2019;10:50;0;RD BR 222;;;;KM-03;Queda;Luz do Dia;Bom;Seca;Meio de Quadra;;;0;2;0;0;0;0;0;0;0;1;0;0;-3,740300848;-38,59594097
340317;8;2;2019;16:27;0;AV JOSE BASTOS;;;5190;;Colisão Transversal;Luz do Dia;Bom;Seca;Não Informado;Semáforo;Residencial;0;3;1;0;0;0;0;0;0;1;0;0;-3,757818;-38,562353
340315;8;2;2019;14:38;25071;AV DOS EXPEDICIONARIOS;RUA TEODORICO BARROSO;;;;Colisão Transversal;Luz do Dia;Bom;Seca;Cruz;Pare;Comercial;0;1;1;1;0;0;0;0;0;1;0;0;-3,766646;-38,541696
340311;8;2;2019;06:38;0;AV JOSE JATAHY;;;2114;;Colisão Lateral;Luz do Dia;Nublado;Molhada;;;;0;1;1;1;0;0;0;0;0;1;0;0;-3,738720507;-38,54365378
340312;8;2;2019;10:17;8652;AV EDILSON B SOARES;RUA MARIO ALENCAR ARARIPE;;;;Colisão;Luz do Dia;Bom;Seca;T;Pare;Comercial;0;1;1;1;0;0;0;0;0;1;0;0;-3,789298;-38,478792
340313;8;2;2019;11:00;0;AV AUGUSTO DOS ANJOS;;;1962;;Colisão Lateral;Luz do Dia;Bom;Seca;Meio de Quadra;Não Há Controle;Comercial;0;1;1;1;0;0;0;0;0;0;0;0;-3,782734;-38,581387
341323;8;2;2019;16:00;17605;RUA MARANHAO;RUA ACRE;;;;Colisão;Luz do Dia;;;Cruz;Pare;Residencial;0;1;1;1;0;0;0;0;0;1;0;0;-3,757241;-38,563292
341325;8;2;2019;17:44;0;ET DO FIO (MESSEJANA);;;;;Colisão;Anoitecer;;;Meio de Quadra;;;0;1;1;1;0;0;0;0;0;0;0;0;;
341326;8;2;2019;18:22;4619;AV WASHINGTON SOARES;RUA JONAS T. CARNEIRO;;;;Colisão;Anoitecer;;;;;;0;1;1;0;0;0;0;0;0;1;0;0;-3,798655;-38,479714
341327;8;2;2019;18:23;0;AV GAL OSORIO DE PAIVA;;;;;Colisão;Anoitecer;;;Meio de Quadra;;;0;1;1;0;0;1;0;0;0;1;0;0;;
341328;8;2;2019;18:30;0;AV FRE CIRILO;;;4454;;Colisão;Anoitecer;;;Meio de Quadra;;;0;1;1;1;0;0;0;0;0;1;0;0;-3,822257;-38,495262
341329;8;2;2019;18:39;0;AV JOSE BASTOS;;;4160;;Atropelamento;;;;Meio de Quadra;;;0;1;1;1;0;0;0;0;0;0;0;0;-3,754006;-38,5544675
341330;8;2;2019;20:22;0;RUA BERNARDO MANUEL;;;;;Colisão;;;;Meio de Quadra;;;0;1;1;1;0;0;0;0;0;1;0;0;;
341331;8;2;2019;22:03;23591;RUA ISRAEL BEZERRA;AV ENG SANTANA JUNIOR;;;;Colisão;;;;Meio de Quadra;Não Há Controle;Comercial;0;1;1;1;0;0;0;0;0;1;0;0;-3,751428;-38,490505
341332;8;2;2019;23:14;0;RUA JOSE VILAR DE ANDRADE;;;2028;;Queda;;;;Meio de Quadra;;;0;2;0;0;0;0;0;0;0;1;0;0;-3,7426898;-38,5068437
341333;8;2;2019;23:57;1596;RUA PDE VALDEVINO;RUA OSVALDO CRUZ (ALDEOTA);;;;Colisão;;;;Cruz;Semáforo;Residencial;0;1;1;1;0;0;0;0;0;1;0;0;-3,743492;-38,502862
341303;8;2;2019;13:02;0;AV CONTORNO NORTE D71;;;1800;;Colisão;Luz do Dia;;;Meio de Quadra;;;0;1;1;1;0;0;0;0;0;0;0;0;-3,8096236;-38,591634
341304;8;2;2019;13:41;0;AV WASHINGTON SOARES;;;55;;Colisão;Luz do Dia;;;Meio de Quadra;;;0;1;1;0;0;0;0;0;0;0;0;0;-3,81974;-38,4817
341305;8;2;2019;13:44;0;AV C CJ CEARA;;;1763;;Colisão;Luz do Dia;;;Meio de Quadra;;;0;1;1;1;0;0;0;0;0;1;0;0;-3,773914;-38,615688
341306;8;2;2019;15:57;0;LOGRADOURO SEM NOME;;;;;Colisão;Luz do Dia;;;Meio de Quadra;;;0;1;1;1;0;0;0;0;0;1;0;0;;
341283;8;2;2019;11:33;0;AV ISABEL BEZERRA;;;515;;Colisão;Luz do Dia;;;Meio de Quadra;;;0;2;0;1;0;0;0;0;0;1;0;0;-3,804919;-38,6293937
341284;8;2;2019;12:04;0;AV LINEU MACHADO;;;1111;;Colisão;Luz do Dia;;;Meio de Quadra;;;0;2;1;1;0;0;0;0;0;1;0;0;-3,769181;-38,57862
341285;8;2;2019;12:23;0;RUA ANTONIO GADELHA;;;197;;Queda;Luz do Dia;;;Meio de Quadra;;;0;2;0;0;0;0;0;0;0;1;0;0;-3,832999452;-38,50494942
341278;8;2;2019;11:12;0;AV GODOFREDO MACIEL;;;760;;Queda;Luz do Dia;;;Meio de Quadra;;;0;1;0;0;0;1;0;0;0;0;0;0;-3,782743;-38,5655972
341279;8;2;2019;11:20;21316;RUA GUSTAVO SAMPAIO;RUA PDE GRACA;;;;Colisão;Luz do Dia;;;Cruz;Pare;Residencial;0;1;1;1;0;0;0;0;0;1;0;0;-3,73305;-38,545863
341280;8;2;2019;11:23;0;RUA TEODOMIRO DE CASTRO;;;6376;;Atropelamento;Luz do Dia;;;Meio de Quadra;;;0;1;1;0;0;0;0;0;0;1;0;0;-3,716619;-38,577425
341281;8;2;2019;11:29;0;RUA SGT JOAO PINHEIRO;;;194;;Colisão;Luz do Dia;;;Meio de Quadra;;;0;3;0;1;0;0;0;0;0;1;0;0;-3,7786075;-38,621623
341274;8;2;2019;10:50;23568;RUA DO CANAL (TAUAPE);RUA ASP MENDES;;;;Colisão;Luz do Dia;;;Com Via Férrea;Não Há Controle;Residencial;0;1;1;1;0;0;0;0;0;1;0;0;-3,761747;-38,515488
341272;8;2;2019;10:49;0;AV PRS JUSCELINO KUBITSCHEK (PASSARÉ);;;;;Colisão;Luz do Dia;;;Meio de Quadra;;;0;1;1;0;0;0;0;0;0;0;0;0;;
341261;8;2;2019;05:25;0;AV DR SILAS MUNGUBA;;;1700;;Queda;Amanhecer;;;Meio de Quadra;;;0;1;0;0;0;0;0;0;0;1;0;0;-3,784816031;-38,55302357
341262;8;2;2019;07:25;0;RUA CEL MANUEL ANTONIO LEITE;;;197;;Atropelamento;Luz do Dia;;;Meio de Quadra;;;0;1;1;0;0;0;0;0;0;1;0;0;-3,773600538;-38,59224723
341263;8;2;2019;08:39;0;RUA DOS ENCONTROS;;;1800;;Queda;Luz do Dia;;;Meio de Quadra;;;0;1;0;0;0;1;0;0;0;0;0;0;;
341264;8;2;2019;09:54;0;AV FELINO BARROSO;;;61;;Colisão;Luz do Dia;;;Meio de Quadra;;;0;1;1;1;0;0;0;0;0;1;0;0;-3,743767677;-38,52857971
341265;8;2;2019;09:57;0;RUA MANAUS;;;346;;Queda;Luz do Dia;;;Meio de Quadra;;;0;1;0;0;0;1;0;0;0;0;0;0;-3,75097;-38,58985
341266;8;2;2019;10:05;0;RUA PDE IBIAPINA;;;1664;;Atropelamento;Luz do Dia;;;Meio de Quadra;;;0;1;1;0;1;0;0;0;0;0;0;0;-3,730033;-38,5400285
341267;8;2;2019;10:05;9094;AV SORIANO ALBUQUERQUE;AV VIS RIO BRANCO;;;;Colisão;Luz do Dia;;;Cruz;Semáforo;Residencial;0;1;1;1;0;0;0;0;0;1;0;0;-3,747601;-38,521682
341339;9;2;2019;00:13;3869;RUA MAL DEODORO;RUA JOAQUIM MAGALHAES;;;;Colisão;;;;Cruz;Pare;Residencial;0;1;1;1;0;0;0;0;0;1;0;0;-3,737883;-38,534258
341340;9;2;2019;00:46;0;AV GOV RAUL BARBOSA;;;3800;;Queda;;;;Meio de Quadra;;;0;1;0;0;0;0;0;0;0;1;0;0;-3,759723;-38,504629
341341;9;2;2019;02:15;0;LOGRADOURO SEM NOME;;;2205;;Queda;;;;Meio de Quadra;;;0;1;0;0;0;1;0;0;0;0;0;0;;
341342;9;2;2019;02:59;0;RUA TULIPA NEGRA;;;2058;;Queda;;;;Meio de Quadra;;;0;1;0;0;0;0;0;0;0;1;0;0;-3,81901;-38,598248
341345;9;2;2019;03:40;0;RUA DA MANGUEIRA;;;176;;Não Informado;;;;Meio de Quadra;;;0;1;0;0;0;0;0;0;0;1;0;0;-3,732727333;-38,60103567
341354;9;2;2019;07:23;23749;RUA LINS DO REGO;RUA CON DE CASTRO;;;;Colisão;Luz do Dia;;;T;Pare;Comercial;0;1;1;1;0;0;0;0;0;1;0;0;-3,785389;-38,573794
341355;9;2;2019;09:11;0;RUA DALVA DE OLIVEIRA;;;811;;Queda;Luz do Dia;;;Meio de Quadra;;;0;1;0;0;0;0;0;0;0;1;0;0;-3,845421097;-38,528021
341352;9;2;2019;05:33;0;AV LINEU MACHADO;;;1451;;Queda;Amanhecer;;;Meio de Quadra;;;1;1;0;0;0;0;0;0;0;1;0;0;-3,772388681;-38,58027126
340318;9;2;2019;03:19;0;AV AMERICO BARREIRA;;;5373;;Choque c/ Obstáculo Fixo;Via Iluminada;Bom;Seca;Meio de Quadra;Não Há Controle;Comercial;0;1;0;0;0;0;0;0;0;1;0;0;-3,759073;-38,563538
340319;9;2;2019;09:19;19689;RUA DOM LINO;RUA GUSTAVO SAMPAIO;;;;Colisão Transversal;Luz do Dia;Bom;Seca;Cruz;Pare;Residencial;0;2;1;1;0;0;0;0;0;1;0;0;-3,735435;-38,557313
340002;9;2;2019;18:24;0;RD BR 222;;;5498;KM-02;Atropelamento;Anoitecer;Bom;Seca;Meio de Quadra;;;0;1;1;0;1;0;0;0;0;0;0;0;-3,7403624;-38,5969961
339762;9;2;2019;11:38;23727;RUA MON AGOSTINHO;RUA GABRIEL FIUZA;;;;Colisão;Luz do Dia;;;Cruz;Pare;Residencial;0;1;1;1;0;0;0;0;0;1;0;0;-3,786587;-38,580412
339017;9;2;2019;08:40;10752;RUA JOCKEY CLUBE;RUA ANTONIO IVO;;;;Colisão Transversal;Luz do Dia;Bom;Seca;Cruz;Pare;Residencial;0;1;1;1;0;0;0;0;0;1;0;0;-3,761104;-38,581779
339018;9;2;2019;14:30;15126;AV HIS RAIMUNDO GIRAO;AV RUI BARBOSA;;;;Colisão Traseira;Luz do Dia;Bom;Seca;Cruz;Semáforo;Comercial;0;0;2;0;0;0;1;0;0;0;0;0;-3,723546;-38,505405
341433;9;2;2019;20:32;0;AV CEL CARVALHO;;;2472;;Colisão;;;;Meio de Quadra;;;0;1;1;1;0;1;0;0;0;0;0;0;-3,724400693;-38,58609044
341434;9;2;2019;21:34;0;LOGRADOURO SEM NOME;;;;;Colisão;;;;Meio de Quadra;;;0;1;2;0;0;0;0;0;0;1;0;0;;
341435;9;2;2019;22:25;12529;AV HILDEBRANDO DE MELO;RUA CARNAUBAL;;;;Colisão;;;;;;;0;1;1;1;0;0;0;0;0;1;0;0;-3,721999;-38,588956
341429;9;2;2019;20:32;0;RUA BAR AQUIRAZ;;;823;;Atropelamento de Animal;;;;Meio de Quadra;;;0;1;0;1;0;0;0;0;0;0;0;0;-3,7596783;-38,5483788
341426;9;2;2019;19:29;0;RUA DR FERNANDO HUGO;;;336;;Queda;;;;Meio de Quadra;;;0;1;0;0;0;0;0;0;0;1;0;0;-3,82875;-38,46409
341427;9;2;2019;19:55;3219;RUA ANSELMO NOGUEIRA;RUA EMILIO DE MENESES;;;;Colisão;;;;Cruz;Semáforo;Residencial;0;1;1;0;0;0;0;0;0;1;0;0;-3,78176;-38,587374
341423;9;2;2019;17:54;15120;RUA ANTONIO AUGUSTO;RUA DR ATUALPA BARBOSA LIMA (P. IRACEMA);;;;Colisão;Anoitecer;;;Cruz;Pare;Residencial;0;1;1;1;0;0;0;0;0;0;0;0;-3,723259;-38,511198
341424;9;2;2019;18:50;17621;RUA JOSE LITO OLIVEIRA;RUA JOSE PEDRA;;;;Colisão;;;;Cruz;Pare;Residencial;0;1;1;1;0;0;0;0;0;1;0;0;-3,794115;-38,549239
341408;9;2;2019;11:42;0;AV TRISTAO GONCALVES;;;;;Colisão;Luz do Dia;;;Meio de Quadra;;;0;1;1;0;0;0;0;0;0;0;0;0;;
341420;9;2;2019;17:11;0;AV EDUARDO GIRAO;;;318;;Colisão;Anoitecer;;;Meio de Quadra;;;0;1;1;1;0;0;0;0;0;1;0;0;-3,7559645;-38,5265245
341398;9;2;2019;11:33;0;AV GAL OSORIO DE PAIVA;;;4848;;Colisão;Luz do Dia;;;Meio de Quadra;;;0;1;1;1;0;0;0;0;0;1;0;0;-3,801526723;-38,5989667
341411;9;2;2019;12:13;0;RUA BAR RIO BRANCO;;;1816;;Colisão;Luz do Dia;;;Meio de Quadra;;;0;1;1;0;0;0;0;0;0;1;0;0;-3,734707;-38,530891
341412;9;2;2019;12:37;15394;RUA ALMEIDA REGO;RUA DOMINGOS RAIOL;;;;Colisão;Luz do Dia;;;Cruz;Pare;Residencial;0;1;1;1;0;0;0;0;0;1;0;0;-3,814505;-38,497417
341413;9;2;2019;13:51;0;AV SEN FERNANDES TAVORA;;;1367;;Colisão;Luz do Dia;;;Meio de Quadra;;;0;1;1;1;0;0;0;0;0;1;0;0;-3,760639824;-38,58506518
341414;9;2;2019;14:05;0;AV BEZERRA DE MENEZES;;;2375;;Colisão;Luz do Dia;;;Meio de Quadra;;;0;1;1;1;0;0;0;0;0;1;0;0;-3,735962952;-38,56583495
341415;9;2;2019;14:12;0;AV WASHINGTON SOARES;;;851;;Colisão;Luz do Dia;;;Meio de Quadra;;;0;1;1;1;0;0;0;0;0;1;0;0;-3,76129;-38,48282
341416;9;2;2019;14:36;0;RUA GRACA ARANHA;;;305;;Colisão;Luz do Dia;;;Meio de Quadra;;;0;2;0;0;0;0;0;0;0;1;0;0;-3,707896;-38,573028
341417;9;2;2019;16:16;0;AV PRS COSTA E SILVA;;;;;Colisão;Luz do Dia;;;Meio de Quadra;;;0;1;1;0;0;0;0;0;0;1;0;0;;
341395;9;2;2019;10:18;8951;RUA ANTONIO POMPEU;RUA RUBIA SAMPAIO;;;;Atropelamento;Luz do Dia;;;Cruz;Pare;Comercial;0;1;1;0;0;0;0;0;0;1;0;0;-3,731652;-38,540544
341396;9;2;2019;10:39;0;AV CONTORNO NORTE D71;;;1395;;Colisão;Luz do Dia;;;Meio de Quadra;;;0;1;1;1;0;0;0;0;0;1;0;0;-3,811796;-38,589473
341391;9;2;2019;09:56;0;AV GODOFREDO MACIEL;;;6348;;Atropelamento;Luz do Dia;;;Meio de Quadra;;;0;2;0;0;0;0;0;0;0;1;0;0;-3,8319885;-38,5812855
341436;10;2;2019;00:32;9154;AV 13 DE MAIO;RUA MARTINHO RODRIGUES;;;;Colisão;;;;;;;0;1;1;1;0;0;0;0;0;1;0;0;-3,752832;-38,525221
341437;10;2;2019;02:13;0;RUA GRACO CARDOSO;;;137;;Atropelamento;;;;Meio de Quadra;;;0;2;0;0;0;0;0;0;0;1;0;0;-3,752304897;-38,59402517
341438;10;2;2019;03:07;0;RUA ROMEU MARTINS;;;852;;Queda;;;;Meio de Quadra;;;0;1;0;0;0;1;0;0;0;0;0;0;-3,7671805;-38,5513905
341439;10;2;2019;03:14;0;LOGRADOURO SEM NOME;;;;;Queda;;;;Meio de Quadra;;;0;1;0;0;0;0;0;0;0;1;0;0;;
341447;10;2;2019;10:11;0;RUA SAO FRANCISCO D34;;;881;;Colisão;Luz do Dia;;;Meio de Quadra;;;0;1;1;0;0;0;0;0;0;1;0;0;-3,7518202;-38,5798443
341441;10;2;2019;03:53;0;RUA EPIFANIO LEITE;;;133;;Queda;;;;Meio de Quadra;;;0;1;0;0;0;0;0;0;0;1;0;0;-3,728036051;-38,54409337
341443;10;2;2019;07:05;0;AV MOZART PINHEIRO DE LUCENA;;;;;Atropelamento;Luz do Dia;;;Meio de Quadra;;;0;1;1;1;0;0;0;0;0;0;0;0;;
341444;10;2;2019;08:20;0;RUA PEROLINA DE MORAIS;;;405;;Queda;Luz do Dia;;;Meio de Quadra;;;0;1;0;0;0;0;0;0;0;1;0;0;-3,7162922;-38,5490132
341445;10;2;2019;10:03;14721;RUA CON DE CASTRO;RUA UIRAPURU;;;;Colisão;Luz do Dia;;;Cruz;Pare;Residencial;0;1;1;1;0;0;0;0;0;1;0;0;-3,795407;-38,583046
339491;10;2;2019;08:20;0;RD CE-040;;;8000;KM-08;Colisão;Luz do Dia;;Seca;Meio de Quadra;;;0;0;2;1;0;0;0;0;0;0;0;0;-3,825515822;-38,48153832
339494;10;2;2019;17:30;0;AV SEN CARLOS JEREISSATI (AEROPORTO);;;1000;KM 01;Colisão;Via Iluminada;;Seca;Meio de Quadra;;;0;1;1;1;0;0;0;0;0;1;0;0;-3,783753;-38,52685
339499;10;2;2019;20:40;0;RD CE-040;;;9000;KM-09;Colisão;Via Iluminada;;Seca;Meio de Quadra;;;0;1;1;1;0;0;0;0;0;0;0;0;-3,834450897;-38,48246582
339437;10;2;2019;06:00;0;AV SEN CARLOS JEREISSATI (AEROPORTO);;;2000;;Atropelamento;Luz do Dia;;Seca;Meio de Quadra;;;1;0;1;1;0;0;0;0;0;0;0;0;-3,782194;-38,535424
341486;10;2;2019;12:06;9671;RUA OSCAR FRANCA;RUA ARI MAIA;;;;Colisão;Luz do Dia;;;Cruz;Pare;Residencial;0;1;1;1;0;0;0;0;0;1;0;0;-3,784963;-38,621799
341487;10;2;2019;14:03;0;RUA BERNARDO MANUEL;;;9403;;Colisão;Luz do Dia;;;Meio de Quadra;;;0;1;1;1;0;0;0;0;0;1;0;0;-3,802632063;-38,55261541
341488;10;2;2019;14:18;10416;RUA LUIZ MARIANO;RUA PERILIO TEIXEIRA;;;;Queda;Luz do Dia;;;Cruz;Pare;Comercial;0;1;0;0;0;0;0;0;0;1;0;0;-3,761521;-38,602264
341489;10;2;2019;15:04;11635;RUA BOA VISTA;RUA JOAQUIM M DE MACEDO;;;;Colisão;Luz do Dia;;;Cruz;Pare;Residencial;0;1;1;1;0;0;0;0;0;1;0;0;-3,768326;-38,587375
341468;10;2;2019;11:22;0;RUA 735 CJ CEARA;;;390;;Queda;Luz do Dia;;;Meio de Quadra;;;0;1;0;0;0;0;0;0;0;1;0;0;-3,7735555;-38,6039447
341466;10;2;2019;11:21;18423;RUA FRE ODILON;AV SGT HERMINIO SAMPAIO;;;;Queda;Luz do Dia;;;Cruz;Não Há Controle;Comercial;0;1;0;0;0;0;0;0;0;1;0;0;-3,728921;-38,572692
341452;10;2;2019;10:46;0;AV CASTELO DE CASTRO;;;738;;Queda;Luz do Dia;;;Meio de Quadra;;;0;1;0;0;0;0;0;0;0;1;0;0;-3,8360795;-38,52166425
341449;10;2;2019;10:18;0;AV WASHINGTON SOARES;;;;;Queda;Luz do Dia;;;Meio de Quadra;;;0;1;0;0;0;1;0;0;0;0;0;0;;
341455;10;2;2019;10:59;17360;RUA ELVIRA PINHO;RUA ZACARIAS GONDIM;;;;Colisão;Luz do Dia;;;Cruz;Pare;Residencial;0;2;0;1;0;0;0;0;0;1;0;0;-3,766122;-38,557766
341462;10;2;2019;11:14;21603;RUA LUIS VIEIRA;RUA DOM XISTO ALBANO;;;;Colisão;Luz do Dia;;;Cruz;Pare;Comercial;0;1;1;1;0;1;0;0;0;0;0;0;-3,797519;-38,585988
341459;10;2;2019;11:09;0;RUA VALPARAISO;;;1352;;Colisão;Luz do Dia;;;Meio de Quadra;;;0;1;1;1;0;0;0;0;0;1;0;0;-3,840404894;-38,53041642
341507;10;2;2019;19:06;0;AV BEIRA MAR;;;;;Colisão;;;;Meio de Quadra;;;0;1;1;0;0;0;0;0;0;0;0;0;;
341515;10;2;2019;21:21;0;LOGRADOURO SEM NOME;;;;;Queda;;;;Meio de Quadra;;;0;1;0;0;0;0;0;0;0;1;0;0;;
341512;10;2;2019;21:08;0;RUA VILEBALDO AGUIAR;;;539;;Colisão;;;;Meio de Quadra;;;0;1;1;1;0;0;0;0;0;1;0;0;-3,742118778;-38,48297189
341522;10;2;2019;22:23;0;RUA MIN ALBUQUERQUE LIMA;;;218;;Colisão;;;;Meio de Quadra;;;0;1;1;1;0;0;0;0;0;1;0;0;-3,767601712;-38,60926869
341528;10;2;2019;23:28;0;AV FRANCISCO SA;;;7700;;Queda;;;;Meio de Quadra;;;0;1;0;0;0;0;0;0;0;1;0;0;-3,705954;-38,5867465
341529;10;2;2019;23:30;0;AV CEL CARVALHO;;;937;;Queda;;;;Meio de Quadra;;;0;1;0;0;0;0;0;0;0;1;0;0;-3,710729211;-38,58963013
341492;10;2;2019;15:33;0;AV SEN FERNANDES TAVORA;;;2433;;Atropelamento;Luz do Dia;;;Meio de Quadra;;;0;1;1;0;0;0;1;0;0;0;0;0;-3,755953;-38,593889
341493;10;2;2019;16:58;0;RUA DR JUSTA ARAUJO D45;;;87;;Colisão;Luz do Dia;;;Meio de Quadra;;;0;1;1;1;0;0;0;0;0;1;0;0;-3,77663;-38,55031
341494;10;2;2019;16:59;0;RUA JOSE MOREIRA;;;452;;Queda;Luz do Dia;;;Meio de Quadra;;;0;1;0;0;0;0;0;0;0;1;0;0;-3,8578265;-38,5004265
341495;10;2;2019;17:08;0;AV BEZERRA DE MENEZES;;;;;Queda;Anoitecer;;;Meio de Quadra;;;0;1;0;0;0;0;0;0;0;1;0;0;;
341496;10;2;2019;17:21;0;RUA NOSSA SRA DAS GRACAS;;;644;;Colisão;Anoitecer;;;Meio de Quadra;;;0;1;1;0;0;1;0;0;0;1;0;0;-3,709878568;-38,55417011
341497;10;2;2019;17:23;0;AV ENG HUMBERTO MONTE;;;944;;Colisão;Anoitecer;;;Meio de Quadra;;;0;1;1;1;0;0;0;0;0;1;0;0;-3,750494;-38,559425
341498;10;2;2019;17:49;0;RUA MON ROSA D20/21;;;1107;;Atropelamento;Anoitecer;;;Meio de Quadra;;;0;1;1;1;0;0;0;0;0;0;0;0;-3,712568947;-38,55567237
341500;10;2;2019;17:57;0;AV CARNEIRO DE MENDONCA;;;485;;Atropelamento;Anoitecer;;;Meio de Quadra;;;0;1;1;1;0;0;0;0;0;0;0;0;-3,765627;-38,563646
341501;10;2;2019;18:13;0;AV JOSE LEON;;;777;;Colisão;Anoitecer;;;Meio de Quadra;;;0;1;1;0;0;0;0;0;0;0;0;0;-3,787044648;-38,5046397
341502;10;2;2019;18:20;0;AV JOR THOMAZ COELHO;;;;;Queda;Anoitecer;;;Meio de Quadra;;;0;1;0;0;0;0;0;0;0;1;0;0;;
341504;10;2;2019;18:56;0;RUA BAR AQUIRAZ;;;30;;Colisão;;;;Meio de Quadra;;;0;1;1;1;0;0;0;0;0;1;0;0;-3,7548749;-38,5448949
341505;10;2;2019;18:57;0;AV WASHINGTON SOARES;;;2761;;Colisão;;;;Meio de Quadra;;;0;1;1;1;0;0;0;0;0;1;0;0;-3,8270721;-38,4820123