COD_ACIDENTE;DIA;MES;ANO;HORA;INTERSECAO;LOG1;LOG2;LOG3;NUMERO;REFERENCIA;NATUREZA;ILUMINACAO;TEMPO;SUPERFICIEPISTA;TIPOCRUZAMENTO;CONTROLETRAFEGO;USOSOLO;MORTOS;FERIDOS;ILESOS;AUTOMOVEL;ONIBUS;BICICLETA;CAMINHAO;MICROONIBUS;CICLOMOTOR;MOTOCICLETA;TRACAOANIMAL;TREM;LATITUDE;LONGITUDE
339757;10;2;2019;15:30;0;AV MAJ ASSIS;;;125;;Outros;Luz do Dia;;;Meio de Quadra;;;0;0;1;0;0;0;0;0;0;0;0;0;-3,724477415;-38,57813883
339758;10;2;2019;22:30;1432;AV SANTOS DUMONT;AV SEN VIRGILIO TAVORA;;;;Colisão;;;;Cruz;Semáforo;Residencial;0;1;2;1;0;0;0;0;0;0;0;0;-3,737828;-38,493482
339778;10;2;2019;18:35;0;RD BR 116;;;1000;KM-01;Atropelamento;;;;Meio de Quadra;;;0;2;0;0;0;0;0;0;0;1;0;0;-3,762554;-38,518702
339750;10;2;2019;02:45;5030;AV ALM BARROSO;RUA ALM JACEGUAI;;;;Colisão;;;;T;Semáforo;Comercial;0;0;2;0;0;0;0;0;0;0;0;0;-3,720749;-38,519363
339751;10;2;2019;10:45;0;AV SEN CARLOS JEREISSATI (AEROPORTO);;;;KM 01;Colisão;Luz do Dia;;;Meio de Quadra;;;0;1;1;0;0;0;0;0;0;0;0;0;-3,783753;-38,52685
340320;10;2;2019;13:00;19328;RUA EDUARDO PERDIGAO;RUA CON DE CASTRO;;;;Colisão Transversal;Luz do Dia;Bom;Seca;Cruz;Pare;Residencial;0;4;0;0;0;0;0;0;0;1;0;0;-3,775579;-38,564769
340321;10;2;2019;17:15;7733;RUA BAR SOBRAL;AV JOAO PESSOA;;0;;Colisão Traseira;Via Iluminada;Bom;Seca;Outros;Semáforo;Comercial;0;0;2;1;0;0;0;0;0;0;0;0;-3,7645096;-38,5587057
340322;10;2;2019;20:43;11851;AV FRANCISCO SA;RUA DNA MAROQUINHA;;;;Colisão Transversal;Mal Iluminada;Bom;Seca;T;Pare;Comercial;0;2;1;1;0;0;0;0;0;1;0;0;-3,72108;-38,546177
340323;10;2;2019;21:42;15317;RUA TEN BENEVOLO;RUA NUNES VALENTE;;;;Colisão;Via Iluminada;Bom;Seca;Cruz;Pare;Lazer;0;1;1;0;1;0;0;0;0;1;0;0;-3,730365;-38,501859
340325;10;2;2019;20:28;22069;AV ENG HUMBERTO MONTE;RUA PAPI JUNIOR;;;;Colisão Transversal;Via Iluminada;Nublado;Molhada;Cruz;Pare;Comercial;0;2;1;0;1;0;0;0;0;1;0;0;-3,752552;-38,557697
340345;10;2;2019;08:54;0;RUA DR MANOEL RODRIGUES MONTEIRO;;;920;;Não Informado;Luz do Dia;Bom;Seca;Meio de Quadra;Não Há Controle;Residencial;0;0;2;1;0;0;0;0;0;0;0;0;-3,725562;-38,46576
340326;11;2;2019;07:43;1649;RUA CEL JUCA;RUA GAL TERTULIANO POTYGUARA;;;;Colisão Transversal;Luz do Dia;Nublado;Seca;Cruz;Pare;Residencial;0;1;1;1;0;0;0;0;0;1;0;0;-3,745325;-38,493766
340327;11;2;2019;07:00;3993;RUA ALBERTO MAGNO;RUA DULCINEIA GONDIM;;0;;Colisão Transversal;Luz do Dia;Bom;Seca;Cruz;Pare;Residencial;0;0;2;1;0;0;0;0;0;0;0;0;-3,759321;-38,54512
340328;11;2;2019;09:15;1512;AV RUI BARBOSA;RUA ROCHA LIMA;;;;Colisão Transversal;Luz do Dia;Bom;Seca;T;Pare;Comercial;0;0;4;1;0;0;0;0;0;1;0;0;-3,740096;-38,510753
340329;11;2;2019;08:15;7819;RUA JOAQUIM NABUCO;RUA FRANCISCO HOLANDA;;;;Colisão Transversal;Luz do Dia;Bom;Seca;Cruz;Pare;Comercial;0;0;2;0;0;0;0;0;0;0;0;0;-3,748406;-38,505505
340330;11;2;2019;09:38;0;AV PRO GOMES DE MATOS;;;1181;;Choque c/ Obstáculo Fixo;Luz do Dia;Bom;Seca;Meio de Quadra;Semáforo;Comercial;0;0;2;0;1;0;0;0;0;0;0;0;-3,762855714;-38,54706814
340331;11;2;2019;12:59;13534;AV SORIANO ALBUQUERQUE;RUA JOAO CORDEIRO;;;;Colisão Lateral;Luz do Dia;Bom;Seca;Cruz;Não Há Controle;Comercial;0;1;1;1;0;0;0;0;0;1;0;0;-3,747871;-38,519458
340332;11;2;2019;15:16;12814;RUA ALBERTO MAGNO;RUA DELMIRO FARIAS;;;;Choque c/ Obstáculo Fixo;Luz do Dia;Bom;Seca;Cruz;Pare;Comercial;0;0;1;1;0;0;0;0;0;0;0;0;-3,755375;-38,541633
340333;11;2;2019;15:38;17899;AV SGT HERMINIO SAMPAIO;RUA EVANDRO LUZ;;;;Colisão Lateral;Luz do Dia;Bom;Seca;T;Não Há Controle;Comercial;0;1;1;1;0;0;0;0;0;1;0;0;-3,730841;-38,577549
340334;11;2;2019;19:22;7983;AV JOAO PESSOA;RUA JOAO SORONGO;;;;Colisão;Via Iluminada;Bom;Seca;Cruz;Pare;Residencial;0;1;1;1;1;0;0;0;0;0;0;0;-3,748663;-38,546069
340335;11;2;2019;20:06;0;AV DOS EXPEDICIONARIOS;;;0;;Colisão Traseira;Via Iluminada;Nublado;Seca;Meio de Quadra;Não Há Controle;Residencial;0;1;1;1;0;0;0;0;0;1;0;0;;
340336;11;2;2019;18:33;9200;RUA JAIME BENEVOLO;RUA DEP JOAO PONTES;;;;Colisão Lateral;Via Iluminada;Bom;Seca;Cruz;Pare;Residencial;0;1;1;1;0;0;0;0;0;1;0;0;-3,74614;-38,530076
340357;11;2;2019;21:47;19374;RUA JULIO BRAGA;RUA PAU BRASIL;;0;;Colisão Transversal;Via Iluminada;Nublado;Seca;Cruz;Pare;Residencial;0;0;2;1;0;0;0;0;0;0;0;0;-3,7777378;-38,5737938
339753;11;2;2019;01:49;0;RUA JULIO VERNE;;;83;;Colisão;;;;Meio de Quadra;;;0;1;1;0;0;0;0;0;0;1;0;0;-3,776498462;-38,55037908
340003;11;2;2019;08:40;0;RD BR 116;;;4000;KM-04;Colisão Traseira;Luz do Dia;Bom;Seca;Meio de Quadra;;;0;2;1;1;0;0;0;0;0;1;0;0;-3,802354;-38,503869
340004;11;2;2019;22:05;0;RD BR 222;;;4771;KM-02;Atropelamento;;Bom;Seca;Meio de Quadra;;;0;2;0;0;0;0;0;0;0;1;0;0;-3,7403624;-38,5969961
341530;11;2;2019;00:19;0;AV IMPERADOR;;;852;;Atropelamento;;;;Meio de Quadra;;;0;1;1;1;0;0;0;0;0;0;0;0;-3,728738958;-38,53491075
341571;11;2;2019;18:32;0;RUA CEL MATOS DOURADO;;;685;;Queda;;;;Meio de Quadra;;;0;1;0;0;0;0;0;0;0;1;0;0;-3,744946845;-38,58487183
341572;11;2;2019;20:34;0;RUA DOM HENRIQUE;;;153;;Atropelamento;;;;Meio de Quadra;;;0;2;0;0;0;0;0;0;0;1;0;0;-3,789481;-38,57945333
341573;11;2;2019;21:59;0;AV 13 DE MAIO;;;2991;;Atropelamento;;;;Meio de Quadra;;;0;1;1;1;0;0;0;0;0;0;0;0;-3,738286;-38,54216
341567;11;2;2019;17:29;0;RUA AMARO JOSE DE SOUZA;;;182;;Colisão;Anoitecer;;;Meio de Quadra;;;0;1;1;1;0;1;0;0;0;0;0;0;-3,827175;-38,564795
341568;11;2;2019;17:51;0;RUA CAP HUGO BEZERRA;;;75;;Queda;Anoitecer;;;Meio de Quadra;;;0;1;0;0;0;1;0;0;0;0;0;0;-3,821251667;-38,50378333
341576;11;2;2019;22:00;0;AV PONTES VIEIRA;;;;;Colisão;;;;Meio de Quadra;;;0;1;1;1;0;0;0;0;0;1;0;0;;
341564;11;2;2019;17:15;0;RUA SEN ROBERT KENNEDY;;;129;;Atropelamento;Anoitecer;;;Meio de Quadra;;;0;1;1;1;0;0;0;0;0;0;0;0;-3,700358429;-38,57728886
341561;11;2;2019;16:59;0;AV DOM MANUEL;;;909;;Colisão;Luz do Dia;;;Meio de Quadra;;;0;1;1;0;0;0;0;0;0;0;0;0;-3,7319232;-38,52226896
341556;11;2;2019;16:17;0;AV BEIRA MAR;;;4753;;Colisão;Luz do Dia;;;Meio de Quadra;;;0;1;1;1;0;0;0;0;0;1;0;0;-3,721576;-38,478759
341557;11;2;2019;16:46;22112;RUA TAVARES IRACEMA;RUA FRE MARCELINO;;;;Atropelamento;Luz do Dia;;;Cruz;Pare;Escola;0;1;1;1;0;0;0;0;0;0;0;0;-3,748625;-38,556845
341559;11;2;2019;16:52;0;RUA CEL FRANCISCO PEREIRA (MESSEJANA);;;300;;Atropelamento;Luz do Dia;;;Meio de Quadra;;;0;1;1;0;0;0;0;0;0;1;0;0;-3,83113;-38,49288
341552;11;2;2019;14:51;0;AV ANTONIO SALES;;;3443;;Outros;Luz do Dia;;;Meio de Quadra;;;0;2;0;0;0;0;0;0;0;1;0;0;-3,748462;-38,492552
341553;11;2;2019;15:05;0;AV PERIMETRAL;;;3000;;Colisão;Luz do Dia;;;Meio de Quadra;;;0;1;1;0;0;0;0;0;0;0;0;0;;
341554;11;2;2019;15:35;22070;RUA PAPI JUNIOR;RUA JOSE FACANHA;;;;Colisão;Luz do Dia;;;Cruz;Pare;Residencial;0;1;1;0;0;0;0;0;0;1;0;0;-3,752136;-38,557265
341541;11;2;2019;11:10;16067;RUA RAIMUNDO MAIA;RUA CRISTIANO OTONE;;;;Colisão;Luz do Dia;;;;;;0;1;1;1;0;0;0;0;0;1;0;0;-3,814928;-38,560582
341548;11;2;2019;13:03;0;RUA SEN POMPEU;;;2324;;Choque c/ Obstáculo Fixo;Luz do Dia;;;Meio de Quadra;;;0;1;0;0;0;0;0;0;0;1;0;0;-3,738953;-38,533274
341549;11;2;2019;14:09;0;AV MIN JOSE AMERICO;;;1281;;Queda;Luz do Dia;;;Meio de Quadra;;;0;1;0;0;0;0;0;0;0;1;0;0;-3,8081;-38,48912
341532;11;2;2019;06:33;0;AV DEP PAULINO ROCHA;;;;;Queda;Luz do Dia;;;Meio de Quadra;;;0;1;0;0;0;0;0;0;0;1;0;0;;
341533;11;2;2019;06:45;0;AV GODOFREDO MACIEL;;;6090;;Colisão;Luz do Dia;;;Meio de Quadra;;;0;1;1;1;0;0;0;0;0;1;0;0;-3,827603786;-38,57986364
341534;11;2;2019;07:13;0;AV L CJ JOSE WALTER;;;401;;Colisão;Luz do Dia;;;Meio de Quadra;;;0;1;1;0;0;0;0;0;0;1;0;0;-3,828371158;-38,55672079
341535;11;2;2019;08:35;0;RUA DES FELIX CANDIDO;;;1177;;Colisão;Luz do Dia;;;Meio de Quadra;;;0;1;1;0;0;0;0;0;0;1;0;0;-3,774979596;-38,58050321
341536;11;2;2019;09:07;0;RUA EMILIO DE MENESES;;;2608;;Colisão;Luz do Dia;;;Meio de Quadra;;;0;1;1;1;0;0;0;0;0;1;0;0;-3,77704175;-38,60415875
341537;11;2;2019;10:12;7694;RUA RIO GRANDE DO SUL;RUA RIO GRANDE DO NORTE;;;;Colisão;Luz do Dia;;;Cruz;Semáforo;Comercial;0;1;1;1;0;0;0;0;0;1;0;0;-3,758617;-38,567559
341538;11;2;2019;10:20;0;AV GAL OSORIO DE PAIVA;;;5751;;Colisão;Luz do Dia;;;Meio de Quadra;;;0;1;1;0;0;0;0;0;0;1;0;0;-3,807292;-38,604569
341539;11;2;2019;10:43;0;AV FRANCISCO SA;;;;;Colisão;Luz do Dia;;;Meio de Quadra;;;0;1;1;1;0;0;0;0;0;1;0;0;;
339500;11;2;2019;15:15;0;RD CE-040;;;4000;KM-04;Colisão;Luz do Dia;;Seca;Meio de Quadra;;;0;0;2;1;0;0;0;0;0;0;0;0;-3,791613156;-38,48033084
339019;11;2;2019;20:27;5150;RUA BAR RIO BRANCO;RUA SEN ALENCAR;;;;Colisão Lateral;Via Iluminada;Bom;Seca;Cruz;Pare;Comercial;0;1;1;1;0;0;0;0;0;1;0;0;-3,724879;-38,527752
339020;11;2;2019;16:45;17261;RUA EDITE BRAGA;RUA EUGENIO GADELHA;;;;Colisão Traseira;Luz do Dia;Bom;Seca;Cruz;Pare;Residencial;0;0;3;1;0;0;0;0;0;0;0;0;-3,761638;-38,548426
339027;11;2;2019;13:30;0;AV BENJAMIM BRASIL;;;2350;;Colisão Transversal;Luz do Dia;Bom;Seca;Meio de Quadra;Pare;Comercial;0;2;1;1;0;0;0;0;0;1;0;0;-3,809073;-38,556174
339032;12;2;2019;21:24;454;RUA PORTO ALEGRE;RUA SAO LUIS D30;;;;Colisão Lateral;Via Iluminada;Nublado;Seca;Cruz;Pare;Residencial;0;1;1;1;0;0;0;0;0;1;0;0;-3,759246;-38,592481
339033;12;2;2019;14:30;0;AV HERACLITO GRACA;;;826;;Colisão Lateral;Luz do Dia;Bom;Seca;Meio de Quadra;Não Há Controle;Comercial;0;1;1;1;0;0;0;0;0;1;0;0;-3,735774;-38,517456
339501;12;2;2019;07:00;0;RD CE-060;;;1000;KM-01;Colisão;Luz do Dia;;Seca;Meio de Quadra;;;0;0;2;1;0;0;0;0;0;0;0;0;-3,826136;-38,5795
339502;12;2;2019;07:30;0;RD CE-025;;;3000;KM-03;Colisão;Luz do Dia;;Seca;Meio de Quadra;;;0;0;2;1;0;0;0;0;0;0;0;0;-3,805889179;-38,45224656
339503;12;2;2019;08:15;0;AV SEN CARLOS JEREISSATI (AEROPORTO);;;1000;KM 01;Colisão;Luz do Dia;;Seca;Meio de Quadra;;;0;0;2;1;0;0;0;0;0;0;0;0;-3,783753;-38,52685
341605;12;2;2019;07:23;0;RUA BERNARDO MANUEL;;;7997;;Atropelamento;Luz do Dia;;;Meio de Quadra;;;0;1;1;0;0;0;0;0;0;1;0;0;-3,789374935;-38,54856874
341606;12;2;2019;07:32;0;AV DES MOREIRA;;;2222;;Atropelamento;Luz do Dia;;;Meio de Quadra;;;0;1;1;1;0;0;0;0;0;0;0;0;-3,744577;-38,5010305
341579;12;2;2019;01:29;0;RUA ANITA GARIBALDI;;;529;;Colisão;;;;Meio de Quadra;;;0;1;1;1;0;0;0;0;0;1;0;0;-3,788168655;-38,53937862
341580;12;2;2019;06:37;0;RUA FRANCISCO PAIVA;;;1106;;Colisão;Luz do Dia;;;Meio de Quadra;;;0;1;1;1;0;0;0;0;0;1;0;0;-3,7835745;-38,4570171
341581;12;2;2019;06:44;4621;RUA WALDEMAR ALCANTARA;RUA CRISANTO M DA ROCHA;;;;Colisão;Luz do Dia;;;Cruz;Pare;Comercial;0;1;1;1;0;0;0;0;0;1;0;0;-3,799223;-38,480813
341582;12;2;2019;06:56;0;RUA CESAR CORREIA;;;242;;Colisão;Luz do Dia;;;Meio de Quadra;;;0;1;1;1;0;0;0;0;0;1;0;0;-3,70769;-38,57181
341612;12;2;2019;08:13;0;RUA CIDADE ECOLOGICA;;;420;;Colisão;Luz do Dia;;;Meio de Quadra;;;0;1;1;1;0;0;0;0;0;1;0;0;-3,804;-38,60639
341609;12;2;2019;07:59;10951;RUA EQUADOR;RUA DOM CARLOTO TAVORA;;;;Atropelamento;Luz do Dia;;;Cruz;Pare;Comercial;0;1;1;1;0;0;0;0;0;0;0;0;-3,7715;-38,551645
341623;12;2;2019;15:49;5140;AV DOM MANUEL;RUA TEN BENEVOLO;;;;Colisão;Luz do Dia;;;Cruz;Semáforo;Comercial;0;1;1;0;0;0;0;0;0;0;0;0;-3,72454;-38,519888
341624;12;2;2019;16:00;0;AV PERIMETRAL;;;;;Queda;Luz do Dia;;;Meio de Quadra;;;0;1;0;0;0;0;0;0;0;1;0;0;;
341625;12;2;2019;16:46;0;RUA 22 CJ BEIRA RIO;;;451;;Queda;Luz do Dia;;;Meio de Quadra;;;0;1;0;0;0;1;0;0;0;0;0;0;-3,71712;-38,59949
341627;12;2;2019;16:50;26247;RUA JOSE ABILIO;RUA DUAS NACOES;;;;Colisão;Luz do Dia;;;Cruz;Pare;Residencial;0;1;1;1;0;0;0;0;0;0;0;0;-3,7824353;-38,6036023
341628;12;2;2019;18:09;10863;RUA PRO HERIBALDO COSTA;RUA PORTO VELHO;;;;Colisão;Anoitecer;;;Cruz;Semáforo;Residencial;0;1;1;1;0;0;0;0;0;1;0;0;-3,765974;-38,587014
341629;12;2;2019;19:19;0;RUA VITAL BRASIL;;;1127;;Atropelamento;;;;Meio de Quadra;;;0;2;0;0;0;0;0;0;0;1;0;0;-3,779896833;-38,59132167
341616;12;2;2019;11:22;0;AV GODOFREDO MACIEL;;;5131;;Queda;Luz do Dia;;;Meio de Quadra;;;0;1;0;0;0;1;0;0;0;0;0;0;-3,812726;-38,5749953
341617;12;2;2019;11:51;15245;AV ANTONIO JUSTA;RUA LEONARDO MOTA;;;;Colisão;Luz do Dia;;;Cruz;Pare;Comercial;0;1;1;1;0;0;0;0;0;1;0;0;-3,727945;-38,493542
341618;12;2;2019;12:13;4054;AV JOSE BASTOS;RUA MARANHAO;;;;Colisão;Luz do Dia;;;Cruz;Pare;Comercial;0;1;1;1;0;0;0;0;0;1;0;0;-3,757818;-38,562353
341619;12;2;2019;13:03;0;RUA FRANCISCO ALMEIDA;;;206;;Colisão;Luz do Dia;;;Meio de Quadra;;;0;1;1;0;0;0;1;0;0;1;0;0;-3,81715763;-38,59079082
341620;12;2;2019;14:06;0;TR CAP ARAGAO;;;;;Queda;Luz do Dia;;;Meio de Quadra;;;0;1;0;0;0;0;0;0;0;1;0;0;;
341621;12;2;2019;14:58;0;RUA CEL JOAO OLIVEIRA;;;;;Queda;Luz do Dia;;;Meio de Quadra;;;0;1;0;0;0;0;0;0;0;1;0;0;;
341614;12;2;2019;10:53;0;RUA DOM LINO;;;426;;Atropelamento;Luz do Dia;;;Meio de Quadra;;;0;1;1;1;0;0;0;0;0;0;0;0;-3,738176;-38,556754
341844;12;2;2019;21:38;0;AV ENG SANTANA JUNIOR;;;;;Colisão;;;;Meio de Quadra;;;0;2;0;1;0;0;0;0;0;1;0;0;;
341842;12;2;2019;20:53;0;AV GAL OSORIO DE PAIVA;;;5914;;Atropelamento;;;;Meio de Quadra;;;0;1;1;1;0;0;0;0;0;0;0;0;-3,808013;-38,605249
340006;12;2;2019;20:40;0;RD BR 116;;;9000;KM-09;Colisão Transversal;;Bom;Seca;Meio de Quadra;;;0;2;1;1;0;0;0;0;0;1;0;0;-3,830837;-38,504865
340007;12;2;2019;22:00;0;RD BR 116;;;11000;KM-11;Atropelamento de Animal;;Bom;Seca;Meio de Quadra;;;0;1;0;0;0;0;0;0;0;1;0;0;-3,84716;-38,497176
340364;12;2;2019;20:16;0;RUA DR JUSTA ARAUJO D45;;;0;;Colisão;Via Iluminada;Bom;Seca;Meio de Quadra;Não Há Controle;Residencial;0;0;2;1;0;0;0;0;0;0;0;0;;
340338;12;2;2019;07:45;5437;RUA METON DE ALENCAR;RUA FLORIANO PEIXOTO;;0;;Colisão Transversal;Luz do Dia;Bom;Seca;Cruz;Pare;Comercial;0;1;1;0;1;0;0;0;0;1;0;0;-3,734071;-38,529358
340339;12;2;2019;06:23;577;AV DR THEBERGE;AV FRANCISCO SA;;;;Colisão Lateral;Luz do Dia;Bom;Seca;Cruz;Semáforo;Comercial;0;2;1;0;1;0;0;0;0;1;0;0;-3,714822;-38,565016
340340;12;2;2019;08:22;0;AV ABOLICAO;;;0;;Colisão Traseira;Luz do Dia;Bom;Seca;Meio de Quadra;Não Há Controle;Comercial;0;0;2;0;0;0;0;0;0;1;0;0;;
340341;12;2;2019;07:56;4219;RUA BAR CRATO;RUA DR ALMEIDA FILHO;;;;Colisão Transversal;Luz do Dia;Bom;Seca;Cruz;Pare;Comercial;0;1;1;1;0;0;0;0;0;1;0;0;-3,721259;-38,559614
340342;12;2;2019;07:50;15623;RUA VASCO DE ATAIDE;RUA VICENTE NOBRE MACEDO;;;;Colisão Transversal;Luz do Dia;Bom;Seca;Cruz;Pare;Residencial;0;1;1;0;1;0;0;0;0;1;0;0;-3,824367;-38,484238
340343;12;2;2019;07:30;17957;RUA JOAQUIM ALBANO;RUA ALCANTARA BILHAR;;0;;Colisão Transversal;Luz do Dia;Bom;Seca;Cruz;Pare;Comercial;0;0;2;1;0;0;0;0;0;0;0;0;-3,735593;-38,58213
340344;12;2;2019;09:46;0;AV PONTES VIEIRA;;;450;;Colisão Traseira;Luz do Dia;Bom;Seca;Meio de Quadra;Não Há Controle;Comercial;0;0;2;1;0;0;0;0;0;0;0;0;-3,75305;-38,516289
340347;12;2;2019;10:58;24261;RUA MANUEL JESUINO;RUA REPUBLICA DO LIBANO;;;;Atropelamento;Luz do Dia;Bom;Seca;Cruz;Pare;Residencial;0;1;1;1;0;0;0;0;0;0;0;0;-3,733603;-38,484913
340348;12;2;2019;09:08;657;AV DR THEBERGE;RUA RAUL POMPEIA;;;;Colisão Transversal;Luz do Dia;Bom;Seca;T;Pare;Comercial;0;1;1;1;0;0;0;0;0;1;0;0;-3,713564;-38,564605
340349;12;2;2019;15:17;0;AV VICENTE DE CASTRO;;;4813;;Colisão Lateral;Luz do Dia;Bom;Seca;Meio de Quadra;Não Há Controle;Industrial;0;1;1;1;0;0;0;0;0;1;0;0;-3,7209928;-38,477875
340350;12;2;2019;19:35;0;RUA MALMEQUER;;;570;;Não Informado;Anoitecer;Bom;Seca;Meio de Quadra;Não Há Controle;Comercial;0;0;1;1;0;0;0;0;0;0;0;0;-3,791857;-38,538852
340352;12;2;2019;19:57;0;RUA PRO JOSE HENRIQUE;RUA DIONISIO ALENCAR FILHO;;0;;Não Informado;Via Iluminada;Bom;Seca;Cruz;Pare;Residencial;0;0;2;1;0;0;0;0;0;0;0;0;-3,8299766;-38,4850622
340353;12;2;2019;18:18;15743;RUA MANUEL ARRUDA;RUA HERBENE;;;;Colisão;Anoitecer;Bom;Seca;Cruz;Pare;Comercial;0;1;1;1;0;0;0;0;0;1;0;0;-3,828948;-38,504019
340354;13;2;2019;09:45;0;AV 13 DE MAIO;;;139;;Colisão Transversal;Luz do Dia;Bom;Seca;Meio de Quadra;Não Há Controle;Comercial;0;0;2;1;1;0;0;0;0;0;0;0;-3,753700222;-38,52194089
340355;13;2;2019;11:35;0;RUA ARISTOBULO QUEVEDO;;;195;;Colisão Transversal;Luz do Dia;Bom;Seca;Meio de Quadra;Pare;Comercial;0;1;1;1;0;0;0;0;0;0;0;0;-3,8030171;-38,573112
340356;13;2;2019;15:26;0;AV LUCIANO CARNEIRO;;;840;;Queda;Luz do Dia;Nublado;Molhada;Meio de Quadra;Não Há Controle;Comercial;0;2;0;0;0;0;0;0;0;1;0;0;-3,7552466;-38,533745
340358;13;2;2019;20:28;22069;AV ENG HUMBERTO MONTE;RUA PAPI JUNIOR;;0;;Colisão Transversal;Via Iluminada;Bom;Molhada;Cruz;Gesto;Comercial;0;0;2;1;0;0;0;0;0;0;0;0;-3,752552;-38,557697
340359;13;2;2019;16:58;0;AV ANTONIO JUSTA;;;3300;;Colisão Lateral;Luz do Dia;Bom;Seca;Meio de Quadra;Não Há Controle;Comercial;0;1;1;1;1;0;0;0;0;0;0;0;-3,728586;-38,491594
340360;13;2;2019;21:58;0;AV FILOMENO GOMES;;;430;;Colisão Traseira;Via Iluminada;Chuva;Molhada;Meio de Quadra;Gesto;Comercial;0;1;1;1;0;0;0;0;0;1;0;0;-3,718784;-38,54165
339788;13;2;2019;10:30;0;AV SEN CARLOS JEREISSATI (AEROPORTO);;;4000;KM 04;Colisão;Luz do Dia;;;Meio de Quadra;;;0;1;1;1;0;0;0;0;0;0;0;0;-3,77402;-38,550907
339792;13;2;2019;22:14;0;AV DIOGUINHO;;;;;Choque c/ Obstáculo Fixo;;;;Meio de Quadra;;;0;3;0;0;0;0;0;0;0;0;0;0;;
339811;13;2;2019;17:43;0;AV CARNEIRO DE MENDONCA;;;1850;;Colisão;Anoitecer;;;Meio de Quadra;;;0;2;1;1;0;0;0;0;0;1;0;0;-3,760006;-38,574887
339813;13;2;2019;17:11;0;AV SEN CARLOS JEREISSATI (AEROPORTO);;;4000;KM 04;Atropelamento;Anoitecer;;;Meio de Quadra;;;0;3;0;0;0;0;0;0;0;1;0;0;-3,77402;-38,550907
341852;13;2;2019;08:04;0;AV ABOLICAO;;;2300;;Atropelamento;Luz do Dia;;;Meio de Quadra;;;0;1;1;0;1;0;0;0;0;0;0;0;-3,726373;-38,498436
341853;13;2;2019;08:06;0;RUA VERDE 4 CJ ST S.JOAO;;;;;Queda;Luz do Dia;;;Meio de Quadra;;;0;1;0;0;0;0;0;0;0;1;0;0;;
341854;13;2;2019;08:09;12479;AV AUGUSTO DOS ANJOS;RUA PERDIGAO DE OLIVEIRA;;;;Colisão;Luz do Dia;;;Cruz;Semáforo;Comercial;0;1;1;0;0;0;0;0;0;0;0;0;-3,775131;-38,574712
341855;13;2;2019;10:48;0;AV SANTOS DUMONT;;;;;Atropelamento;Luz do Dia;;;Meio de Quadra;;;0;1;1;1;0;0;0;0;0;0;0;0;;
341856;13;2;2019;11:00;0;RUA FAUSTO CABRAL;;;975;;Queda;Luz do Dia;;;Meio de Quadra;;;0;1;0;0;0;0;0;0;0;1;0;0;-3,734895556;-38,47217053
341872;13;2;2019;11:49;0;AV IMPERADOR;;;1055;;Queda;Luz do Dia;;;Meio de Quadra;;;0;1;0;0;0;0;0;0;0;1;0;0;-3,730331655;-38,53538048
341873;13;2;2019;12:03;0;AV CEL CARVALHO;;;938;;Colisão;Luz do Dia;;;Meio de Quadra;;;0;3;0;0;0;0;0;0;0;1;0;0;-3,7103546;-38,5897223
341874;13;2;2019;12:48;5903;AV C CJ CEARA;RUA 410 CJ CEARA;;;;Colisão;Luz do Dia;;;T;Outros;Rural;0;1;1;0;0;0;0;0;0;1;0;0;-3,760403;-38,608656
341876;13;2;2019;12:49;5460;AV HERACLITO GRACA;RUA NOGUEIRA ACIOLI;;;;Colisão;Luz do Dia;;;Cruz;Semáforo;Comercial;0;1;1;1;0;0;0;0;0;1;0;0;-3,7354313;-38,5186861
341881;13;2;2019;14:57;0;RUA EMILIO DE MENESES;;;1827;;Colisão;Luz do Dia;;;Meio de Quadra;;;0;1;1;1;0;0;0;0;0;1;0;0;-3,778899;-38,59753085
341886;13;2;2019;15:35;0;AV PERIMETRAL;;;;;Colisão;Luz do Dia;;;Meio de Quadra;;;0;2;0;0;0;0;0;0;0;1;0;0;;
341887;13;2;2019;15:39;0;RUA JOSE FACANHA;;;376;;Atropelamento;Luz do Dia;;;Meio de Quadra;;;0;1;1;0;0;0;0;0;0;0;0;0;-3,7538575;-38,555387
341888;13;2;2019;15:52;17013;RUA COSME JERONIMO;RUA MARIA GOMES DE SA;;;;Colisão;Luz do Dia;;;Y;Semáforo;Residencial;0;1;1;1;0;0;0;0;0;1;0;0;-3,821854;-38,585268
341895;13;2;2019;17:52;1819;RUA MARIA QUINTINO;RUA JOCENO MONTEIRO;;;;Colisão;Anoitecer;;;;;;0;3;0;1;0;0;0;0;0;1;0;0;-3,8568712;-38,501061
341896;13;2;2019;19:21;0;AV DOMINGOS OLIMPIO;;;1607;;Queda;;;;Meio de Quadra;;;0;1;0;0;0;0;0;0;0;1;0;0;-3,7368094;-38,5309019
341897;13;2;2019;19:28;0;RUA ARI MAIA;;;1672;;Queda;;;;Meio de Quadra;;;0;1;0;0;0;0;0;0;0;1;0;0;-3,78803;-38,62265