COD_ACIDENTE;DIA;MES;ANO;HORA;INTERSECAO;LOG1;LOG2;LOG3;NUMERO;REFERENCIA;NATUREZA;ILUMINACAO;TEMPO;SUPERFICIEPISTA;TIPOCRUZAMENTO;CONTROLETRAFEGO;USOSOLO;MORTOS;FERIDOS;ILESOS;AUTOMOVEL;ONIBUS;BICICLETA;CAMINHAO;MICROONIBUS;CICLOMOTOR;MOTOCICLETA;TRACAOANIMAL;TREM;LATITUDE;LONGITUDE
341898;13;2;2019;19:33;0;RUA BERNARDO MANUEL;;;7142;VIADUTO DO AEROPORTO;Queda;;;;Meio de Quadra;;;0;1;0;0;0;0;0;0;0;1;0;0;-3,779874;-38,545656
341899;13;2;2019;20:16;0;AV PRS CASTELO BRANCO;;;;;Atropelamento;;;;Meio de Quadra;;;0;1;1;0;0;0;0;0;0;1;0;0;;
341903;13;2;2019;20:37;8698;AV ENG LEAL LIMA VERDE (SAPIRANGA/COITE);RUA RANGEL PESTANA;;;;Colisão;;;;;;;0;1;1;1;0;0;0;0;0;1;0;0;-3,790357;-38,476147
341930;13;2;2019;21:19;0;AV ALBERTO CRAVEIRO;;;5800;;Atropelamento;;;;Meio de Quadra;;;0;1;1;1;0;0;0;0;0;0;0;0;;
341931;13;2;2019;21:32;5406;RUA ANTONIO POMPEU;RUA PRC ISABEL;;;;Colisão;;;;Cruz;Pare;Comercial;0;1;1;0;0;0;0;0;0;0;0;0;-3,732693;-38,537283
341892;13;2;2019;17:42;0;AV DO PASSARE;;;600;;Atropelamento;Anoitecer;;;Meio de Quadra;;;0;1;1;1;0;0;0;0;0;0;0;0;;
341938;13;2;2019;21:38;0;AV SGT HERMINIO SAMPAIO;;;2305;;Colisão;;;;Meio de Quadra;;;0;1;1;0;0;0;0;0;0;1;0;0;-3,726462833;-38,56101973
341944;13;2;2019;21:54;12863;AV DOMINGOS OLIMPIO;RUA FLORIANO PEIXOTO;;;;Queda;;;;Cruz;Não Há Controle;Comercial;0;1;0;0;0;0;0;0;0;1;0;0;-3,736976;-38,530313
341946;13;2;2019;22:11;0;AV JOVITA FEITOSA;;;3164;;Queda;;;;Meio de Quadra;;;0;1;0;0;0;0;0;0;0;1;0;0;-3,741791;-38,565869
339504;13;2;2019;07:15;0;RD CE-060;;;2000;KM-02;Colisão;Luz do Dia;;Seca;Meio de Quadra;;;0;0;3;1;0;0;0;0;0;0;0;0;-3,834064;-38,582111
339505;13;2;2019;13:40;0;RD CE-040;;;12000;KM-12;Colisão;Luz do Dia;;Seca;Meio de Quadra;;;0;1;1;0;1;0;0;0;0;1;0;0;-3,857690949;-38,47204254
339015;13;2;2019;11:20;5122;AV IMPERADOR;RUA SAO PAULO;;;;Colisão Transversal;Luz do Dia;Chuva;Seca;Cruz;Semáforo;Comercial;0;2;1;1;0;0;0;0;0;1;0;0;-3,724049;-38,533522
339016;13;2;2019;06:01;0;AV ENG LEAL LIMA VERDE (SAPIRANGA/COITE);;;1650;;Colisão Traseira;Luz do Dia;Bom;;Meio de Quadra;Pare;Comercial;0;1;1;1;0;0;0;0;0;1;0;0;-3,805152333;-38,47488317
339012;13;2;2019;17:45;0;AV ALM BARROSO;;;911;;Colisão Transversal;Anoitecer;Nublado;Seca;Outros;Não Há Controle;Comercial;0;0;2;1;0;0;0;0;0;0;0;0;-3,720145038;-38,51476617
339021;13;2;2019;19:25;0;RUA GERMANO FRANCK;;;;;Colisão Lateral;Via Iluminada;Bom;Seca;Meio de Quadra;Outros;Comercial;0;0;2;1;1;0;0;0;0;0;0;0;;
339022;13;2;2019;21:44;5194;RUA SAO PAULO;RUA MAJ FACUNDO;;;;Colisão Lateral;Via Iluminada;Bom;Seca;Cruz;Semáforo;Comercial;0;1;1;1;0;0;0;0;0;0;0;0;-3,726091;-38,527355
339006;13;2;2019;13:20;15005;AV GODOFREDO MACIEL;RUA SUICA;;;;Colisão Transversal;Luz do Dia;Chuva;Molhada;Duplo T;Pare;Outros;0;0;1;1;0;0;0;0;0;1;0;0;-3,792859;-38,568361
339023;14;2;2019;14:40;0;AV FRANCISCO SA;;;;;Colisão Lateral;Luz do Dia;Bom;Seca;Meio de Quadra;Semáforo;Comercial;0;0;2;0;0;0;0;0;0;1;0;0;;
339024;14;2;2019;06:25;0;AV JOR THOMAZ COELHO;;;575;;Colisão Traseira;Luz do Dia;Chuva;Seca;Meio de Quadra;Outros;Comercial;0;2;1;1;0;0;0;0;0;1;0;0;-3,832383;-38,500218
339507;14;2;2019;15:55;0;RD CE-040;;;4000;KM-04;Colisão;Luz do Dia;;;Meio de Quadra;;;0;0;2;0;1;0;1;0;0;0;0;0;-3,791613156;-38,48033084
339509;14;2;2019;23:30;0;RD CE-040;;;4000;KM-04;Choque c/ Obstáculo Fixo;Via Iluminada;;Seca;Meio de Quadra;;;0;0;1;1;0;0;0;0;0;0;0;0;-3,791613156;-38,48033084
341948;14;2;2019;01:34;0;AV JOSE BASTOS;;;5190;;Colisão;;;;Meio de Quadra;;;0;1;1;0;0;0;0;0;0;0;0;0;-3,757818;-38,562353
341949;14;2;2019;06:16;0;AV FRANCISCO SA;;;5130;;Queda;Luz do Dia;;;Meio de Quadra;;;0;2;0;0;0;0;0;0;0;1;0;0;-3,7131925;-38,569705
341952;14;2;2019;06:44;0;AV N CJ JOSE WALTER;;;1470;;Colisão;Luz do Dia;;;Meio de Quadra;;;0;1;1;0;0;0;0;0;0;0;0;0;-3,775693;-38,4922076
341953;14;2;2019;06:57;0;RUA JOSE HIPOLITO;;;1129;;Colisão;Luz do Dia;;;Meio de Quadra;;;0;2;0;1;0;0;0;0;0;1;0;0;-3,835739;-38,486088
341954;14;2;2019;07:43;0;AV SGT HERMINIO SAMPAIO;;;35;;Colisão;Luz do Dia;;;Meio de Quadra;;;0;2;1;1;0;0;0;0;0;1;0;0;-3,72832;-38,57106
341955;14;2;2019;08:14;15840;RUA STA ROSALIA;RUA CONRADO MALTA;;;;Colisão;Luz do Dia;;;;;;0;1;1;1;0;0;0;0;0;1;0;0;-3,833271;-38,502069
341957;14;2;2019;08:16;0;RUA VALDEMAR HOLANDA;;;473;;Colisão;Luz do Dia;;;Meio de Quadra;;;0;1;1;1;0;0;0;0;0;1;0;0;-3,771197;-38,592499
341972;14;2;2019;09:26;0;RUA LUCIANO DE QUEIROS;;;1605;;Atropelamento;Luz do Dia;;;Meio de Quadra;;;0;1;1;0;0;0;0;0;0;1;0;0;-3,770880081;-38,58531301
341973;14;2;2019;09:38;0;AV GAL OSORIO DE PAIVA;;;;;Atropelamento;Luz do Dia;;;Meio de Quadra;;;0;1;1;0;0;0;0;0;0;1;0;0;;
341974;14;2;2019;13:42;0;RUA COS LAFAYETE;;;932;;Colisão;Luz do Dia;;;Meio de Quadra;;;0;2;0;0;0;0;0;0;0;0;0;0;-3,71762763;-38,5865927
341975;14;2;2019;14:03;16057;AV PRS COSTA E SILVA;AV GODOFREDO MACIEL;;;;Atropelamento;Luz do Dia;;;;;;0;2;0;0;0;0;0;0;0;1;0;0;-3,811743;-38,574739
341983;14;2;2019;16:48;0;RUA BERNARDO MANUEL;;;9977;;Queda;Luz do Dia;;;Meio de Quadra;;;0;1;0;0;0;1;0;0;0;0;0;0;-3,803888;-38,552962
341984;14;2;2019;17:09;7911;AV ANTONIO SALES;RUA OSVALDO CRUZ (ALDEOTA);;;;Colisão;Anoitecer;;;Cruz;Semáforo;Comercial;0;1;1;1;0;1;0;0;0;0;0;0;-3,7451565;-38,5032887
341985;14;2;2019;17:12;19676;RUA PEDRO DE QUEIROZ;AV BEZERRA DE MENEZES;;;;Colisão;Anoitecer;;;Cruz;Não Há Controle;Comercial;0;1;1;1;0;0;0;0;0;1;0;0;-3,734912;-38,560822
341986;14;2;2019;17:17;0;AV PERIMETRAL;;;;JOSE WALTER;Colisão;Anoitecer;;;Meio de Quadra;;;0;1;1;1;0;0;0;0;0;1;0;0;;
341987;14;2;2019;17:34;0;LOGRADOURO SEM NOME;;;;;Queda;Anoitecer;;;Meio de Quadra;;;0;1;0;0;0;1;0;0;0;0;0;0;;
341988;14;2;2019;17:53;0;RUA ASTROGILDO FONTOURA;;;251;;Colisão;Anoitecer;;;Meio de Quadra;;;0;1;1;0;0;0;0;0;0;0;0;0;-3,7121715;-38,58124289
341981;14;2;2019;16:39;0;AV ALBERTO CRAVEIRO;;;;;Colisão;Luz do Dia;;;Meio de Quadra;;;0;1;1;0;0;0;0;0;0;1;0;0;;
341994;14;2;2019;18:52;2750;RUA VALDEMAR PAES;RUA OSCAR FRANCA;;;;Colisão;;;;Cruz;Pare;Residencial;0;1;1;1;0;0;0;0;0;1;0;0;-3,791393;-38,60117
341995;14;2;2019;19:12;0;RUA CAPISTRANO DE ABREU;;;;;Atropelamento;;;;Meio de Quadra;;;0;1;1;0;1;0;0;0;0;0;0;0;;
341996;14;2;2019;19:30;0;AV CARNEIRO DE MENDONCA;;;1304;;Atropelamento;;;;Meio de Quadra;;;0;1;1;1;0;0;0;0;0;0;0;0;-3,761949;-38,570794
341991;14;2;2019;18:30;0;RUA UM (SUMARE);;;140;;Colisão;Anoitecer;;;Meio de Quadra;;;0;1;1;1;0;1;0;0;0;0;0;0;-3,82229;-38,53228
341992;14;2;2019;18:35;0;RUA GERMANO FRANCK;;;475;;Colisão;;;;Meio de Quadra;;;0;1;1;1;0;0;0;0;0;1;0;0;-3,776690056;-38,56135106
341999;14;2;2019;20:17;0;AV DOS EXPEDICIONARIOS;;;3260;;Colisão;;;;Meio de Quadra;;;0;1;1;1;0;0;0;0;0;1;0;0;-3,74726;-38,53577
342004;14;2;2019;21:22;0;AV FRANCISCO SA;;;4633;;Colisão;;;;Meio de Quadra;;;0;1;1;1;0;0;0;0;0;1;0;0;-3,714432;-38,566115
342002;14;2;2019;20:54;0;RUA SGT JOAO PINHEIRO;;;665;;Colisão;;;;Meio de Quadra;;;0;1;1;1;0;0;0;0;0;1;0;0;-3,781242889;-38,62235433
339818;14;2;2019;11:15;19683;RUA PRO JOSE DE BARCELOS;RUA AZEVEDO BOLAO;;;;Colisão;Luz do Dia;;;Cruz;Pare;Residencial;0;1;1;1;0;0;0;0;0;0;0;0;-3,735196;-38,55061
339825;14;2;2019;18:30;0;AV WASHINGTON SOARES;;;7263;CASA JOSE DE ALENCAR;Colisão;Anoitecer;;;Meio de Quadra;;;0;1;1;1;0;0;0;0;0;1;0;0;-3,819771;-38,481891
339832;14;2;2019;07:00;0;RUA GURGEL DO AMARAL;;;1135;;Colisão;Luz do Dia;;;Meio de Quadra;;;0;1;1;0;0;0;0;0;0;1;0;0;-3,83566;-38,48621
339796;14;2;2019;03:45;11723;RUA CACILDA BECKER;RUA JOSE GASPAR;;;;Colisão;;;;Cruz;Pare;Comercial;0;0;2;1;0;0;0;0;0;0;0;0;-3,77323;-38,588227
339983;14;2;2019;11:00;1583;RUA LEONARDO MOTA;RUA VICENTE LINHARES;;;;Colisão;Luz do Dia;;;Cruz;Semáforo;Residencial;0;0;2;1;0;0;0;0;0;0;0;0;-3,742785;-38,498309
340361;14;2;2019;15:58;15201;RUA DEP MOREIRA DA ROCHA;RUA VIRGILIO VASCONCELOS;;0;;Colisão Transversal;Luz do Dia;Nublado;Seca;T;Pare;Residencial;0;0;1;1;1;0;0;0;0;0;0;0;-3,726569;-38,509232
340362;14;2;2019;12:00;18445;AV SGT HERMINIO SAMPAIO;RUA PDE MAXIMO FEITOSA;;;;Colisão Lateral;Luz do Dia;Bom;Seca;Cruz;Pare;Comercial;0;0;2;1;0;0;0;0;0;1;0;0;-3,729827;-38,57493
340363;14;2;2019;16:24;0;RUA JULIO CESAR D04;RUA ANTENOR FROTA WANDERLEY;;0;;Colisão Transversal;Luz do Dia;Bom;Seca;Cruz;Pare;Residencial;0;1;1;1;0;0;0;0;0;0;0;0;-3,7468388;-38,53995
340365;14;2;2019;18:52;5159;RUA GUILHERME ROCHA;AV IMPERADOR;;;;Atropelamento;Via Iluminada;Bom;Seca;Cruz;Semáforo;Comercial;0;1;1;0;1;0;0;0;0;0;0;0;-3,725081;-38,533829
340366;14;2;2019;20:27;3883;AV DOS EXPEDICIONARIOS;RUA COSTA SOUZA;;0;;Não Informado;Via Iluminada;Bom;Seca;Cruz;Não Há Controle;Residencial;0;1;1;1;0;0;0;0;0;1;0;0;-3,747745;-38,535932
340367;14;2;2019;21:32;7833;AV BAR STUDART;RUA CEL ALVES TEIXEIRA;;0;;Colisão Transversal;Via Iluminada;Bom;Seca;Cruz;Semáforo;Comercial;0;0;2;1;0;0;0;0;0;0;0;0;-3,7464;-38,510368
340368;14;2;2019;14:00;0;RUA ARTUR DE SOUZA;RUA UMARI;;1575;;Colisão Frontal;Luz do Dia;Bom;Seca;Meio de Quadra;Não Há Controle;Lazer;0;1;1;1;0;0;0;0;0;1;0;0;-3,8252978;-38,575993
340369;15;2;2019;01:05;0;AV SEN CARLOS JEREISSATI (AEROPORTO);;;0;;Colisão Traseira;Via Iluminada;Bom;Seca;Meio de Quadra;Semáforo;Comercial;0;0;1;1;0;0;0;0;0;0;0;0;;
340370;15;2;2019;06:15;0;AV DIOGUINHO;;;2690;;Choque c/ Obstáculo Fixo;Amanhecer;Bom;Seca;Meio de Quadra;Não Há Controle;Residencial;0;1;0;1;0;0;0;0;0;0;0;0;-3,7396935;-38,4543765
340371;15;2;2019;08:06;22143;RUA ANTONIO MARTINS;RUA PAPI JUNIOR;;;;Colisão;Luz do Dia;Bom;Seca;Cruz;Pare;Residencial;0;2;1;1;0;0;0;0;0;1;0;0;-3,751375;-38,556608
340372;15;2;2019;07:40;15104;AV HIS RAIMUNDO GIRAO;RUA ILDEFONSO ALBANO;;0;;Colisão Lateral;Luz do Dia;Bom;Seca;Cruz;Semáforo;Lazer;0;0;2;1;1;0;0;0;0;0;0;0;-3,721603;-38,509542
340373;15;2;2019;12:58;9250;RUA PDE MATOS SERRA;AV FELINO BARROSO;;0;;Colisão Transversal;Luz do Dia;Bom;Seca;Outros;Pare;Residencial;0;0;2;1;0;0;0;0;0;1;0;0;-3,744343;-38,528511
340374;15;2;2019;13:21;0;AV C CJ JOSE WALTER;;;621;;Colisão Traseira;Luz do Dia;Bom;Seca;Cruz;Pare;Residencial;0;1;1;1;0;0;0;0;0;1;0;0;-3,828279;-38,557167
340376;15;2;2019;07:56;0;AV JOR THOMAZ COELHO;;;1475;;Colisão Lateral;Luz do Dia;Nublado;Seca;Meio de Quadra;Não Há Controle;Comercial;0;1;1;0;0;0;1;0;0;1;0;0;-3,830107639;-38,50835547
339885;15;2;2019;17:40;0;LOGRADOURO SEM NOME;;;;;Colisão;Anoitecer;;;Meio de Quadra;;;0;1;1;1;0;0;0;0;0;0;0;0;;
339868;15;2;2019;14:10;0;AV MR HULL;;;2997;;Colisão;Luz do Dia;;;Meio de Quadra;;;0;1;1;0;0;0;0;0;0;1;0;0;-3,7369097;-38,5700078
339869;15;2;2019;21:00;0;AV H CJ JOSE WALTER;;;290;;Colisão;;;;Meio de Quadra;;;0;1;1;0;0;0;0;0;0;0;0;0;-3,84147187;-38,55796413
339865;15;2;2019;12:30;0;RUA IRM BAZET;;;;;Colisão;Luz do Dia;;;Meio de Quadra;;;0;1;1;0;0;0;0;0;0;0;0;0;;
340008;15;2;2019;07:55;0;RD BR 116;;;3000;KM-03;Colisão Traseira;Luz do Dia;Bom;Seca;Meio de Quadra;;;0;1;1;1;0;0;0;0;0;1;0;0;-3,779838;-38,514372
340009;15;2;2019;08:05;0;RD BR 116;;;3000;KM-03;Engavetamento;Luz do Dia;Bom;Seca;Meio de Quadra;;;0;0;4;1;0;0;0;0;0;0;0;0;-3,779838;-38,514372
339510;15;2;2019;17:46;0;RD CE-040;;;12000;KM-12;Colisão;Via Iluminada;;Seca;Meio de Quadra;;;0;0;2;1;0;0;0;0;0;0;0;0;-3,857690949;-38,47204254
339026;15;2;2019;11:40;0;RUA FELIPE CAMARAO;;;;;Colisão Transversal;Luz do Dia;Bom;Seca;Meio de Quadra;Pare;Residencial;0;1;1;0;0;0;0;0;0;1;0;0;;
341615;15;2;2019;07:18;9155;AV LUCIANO CARNEIRO;AV EDUARDO GIRAO;;;;Colisão;Luz do Dia;;;Cruz;Semáforo;Comercial;0;1;0;1;0;0;0;0;0;1;0;0;-3,752275;-38,532811
341622;15;2;2019;07:30;0;RUA WALDIR DIOGO;;;565;;Colisão;Luz do Dia;;;Meio de Quadra;;;0;1;0;1;0;0;0;0;0;0;0;0;-3,805872103;-38,58302921
341660;15;2;2019;18:43;0;RUA MEXICO;;;216;;Colisão;;;;Meio de Quadra;;;0;1;0;0;0;0;0;0;0;0;0;0;-3,735;-38,57496
341661;15;2;2019;18:54;0;AV AGUANAMBI;;;669;;Colisão;;;;Meio de Quadra;;;0;1;0;0;0;0;0;0;0;1;0;0;-3,74275;-38,52571
341662;15;2;2019;19:04;0;RUA SILVA ROMÉRIO;;;212;;Colisão;;;;Meio de Quadra;;;0;1;0;0;0;0;0;0;0;1;0;0;-3,72876;-38,52743
341663;15;2;2019;20:44;1496;RUA ILDEFONSO ALBANO;RUA PDE VALDEVINO;;;;Colisão;;;;Cruz;Semáforo;Comercial;0;1;0;0;0;0;0;0;0;1;0;0;-3,739573;-38,515423
341664;15;2;2019;22:06;0;RUA MONTE LIBANO;;;338;;Colisão;;;;Meio de Quadra;;;0;1;0;1;0;0;0;0;0;1;0;0;-3,8232366;-38,5608146
341630;15;2;2019;09:27;0;AV IMPERADOR;;;1600;;Colisão;Luz do Dia;;;Meio de Quadra;;;0;2;0;1;0;0;0;0;0;1;0;0;-3,73479;-38,536697
341631;15;2;2019;09:36;0;AV PERIMETRAL;;;1251;;Queda;Luz do Dia;;;Meio de Quadra;;;0;1;0;0;0;0;0;0;0;1;0;0;;
341632;15;2;2019;12:21;0;AV 13 DE MAIO;;;2936;;Atropelamento;Luz do Dia;;;Meio de Quadra;;;0;1;0;1;0;0;0;0;0;0;0;0;-3,739075429;-38,54131143
341633;15;2;2019;12:35;0;AV MR HULL;;;;;Atropelamento;Luz do Dia;;;Meio de Quadra;;;0;1;0;0;0;0;0;0;0;1;0;0;;
341634;15;2;2019;13:28;0;RUA TEODOMIRO DE CASTRO;;;6423;;Colisão;Luz do Dia;;;Meio de Quadra;;;0;1;0;1;0;0;0;0;0;1;0;0;-3,716494714;-38,57774643
341635;15;2;2019;14:10;0;AV SIQUEIRA CAMPOS;;;836;;Colisão;Luz do Dia;;;Meio de Quadra;;;0;1;0;1;0;0;0;0;0;1;0;0;-3,817615642;-38,62288918
341636;15;2;2019;14:17;0;AV SANTOS DUMONT;;;;;Colisão;Luz do Dia;;;Meio de Quadra;;;0;1;0;1;0;0;0;0;0;1;0;0;;
341637;15;2;2019;14:47;0;AV ENG SANTANA JUNIOR;;;743;;Queda;Luz do Dia;;;Meio de Quadra;;;0;1;0;0;0;1;0;0;0;0;0;0;-3,734652457;-38,48144693
341638;15;2;2019;16:45;0;AV H CJ CEARA;;;1580;;Colisão;Luz do Dia;;;Meio de Quadra;;;0;1;0;0;0;0;0;0;0;1;0;0;-3,776062583;-38,61220258
341639;15;2;2019;17:45;12871;RUA BAR ARATANHA;RUA JOAQUIM MAGALHAES;;;;Colisão;Anoitecer;;;Cruz;Pare;Comercial;0;1;0;1;0;0;0;0;0;1;0;0;-3,739716;-38,528666
341613;15;2;2019;07:14;22886;RUA BERNARDO MANUEL;RUA INACIO PARENTE;;;;Colisão;Luz do Dia;;;Cruz;Não Há Controle;Comercial;0;1;0;1;0;1;0;0;0;0;0;0;-3,781268;-38,546074
341611;15;2;2019;00:33;0;AV CEL CARVALHO;;;738;;Colisão;;;;Meio de Quadra;;;0;1;0;1;0;0;0;0;0;1;0;0;-3,7066739;-38,590689
341651;15;2;2019;18:00;4531;AV DEP PAULINO ROCHA;RUA ENF JOAQUIM PINTO;;;;Colisão;Anoitecer;;;Cruz;Não Há Controle;Comercial;0;1;0;1;0;0;0;0;0;1;0;0;-3,803203;-38,507774
341652;15;2;2019;18:08;0;RUA TEN WILSON  D46;;;520;;Colisão;Anoitecer;;;Meio de Quadra;;;0;1;0;0;0;0;0;0;0;0;0;0;-3,76920816;-38,51259376
341653;15;2;2019;18:26;0;AV BEZERRA DE MENEZES;;;2034;;Colisão;Anoitecer;;;Meio de Quadra;;;0;1;0;0;0;0;0;0;0;0;0;0;-3,735357;-38,562991
341665;16;2;2019;06:54;0;AV JOSE BASTOS;;;;;Queda;Luz do Dia;;;Meio de Quadra;;;0;1;0;0;0;0;0;0;0;1;0;0;;
341667;16;2;2019;07:51;7718;AV JOSE BASTOS;AV CARNEIRO DE MENDONCA;;;;Colisão;Luz do Dia;;;Cruz;Semáforo;Comercial;0;1;0;1;0;1;0;0;0;0;0;0;-3,764109;-38,566759
341668;16;2;2019;08:30;0;RUA JOAO CORDEIRO;;;2676;;Colisão;Luz do Dia;;;Meio de Quadra;;;0;1;0;1;0;0;0;0;0;1;0;0;-3,74361;-38,519042
341669;16;2;2019;09:06;0;AV JOSE BASTOS;;;5592;;Colisão;Luz do Dia;;;Meio de Quadra;;;0;2;0;1;0;0;0;0;0;0;0;0;-3,760562;-38,564477
341670;16;2;2019;09:14;0;AV JOAO PESSOA;;;4901;;Colisão;Luz do Dia;;;Meio de Quadra;;;0;1;0;0;0;0;0;0;0;0;0;0;-3,755443;-38,552153
341671;16;2;2019;09:35;0;RUA JATOBA D64;;;138;;Colisão;Luz do Dia;;;Meio de Quadra;;;0;1;0;0;0;0;0;0;0;0;0;0;-3,7988728;-38,6194582
341672;16;2;2019;10:33;0;RUA CON LIMA SUCUPIRA;;;;;Colisão;Luz do Dia;;;Meio de Quadra;;;0;1;0;0;0;0;0;0;0;0;0;0;;
341673;16;2;2019;11:18;0;RUA ANTONIO CARNEIRO;;;542;;Colisão;Luz do Dia;;;Meio de Quadra;;;0;1;0;1;0;1;0;0;0;0;0;0;-3,72599;-38,4655
341674;16;2;2019;11:48;0;AV ALBERTO CRAVEIRO;;;1111;;Colisão;Luz do Dia;;;Meio de Quadra;;;0;1;0;1;0;0;0;0;0;1;0;0;-3,788055;-38,517162
341675;16;2;2019;12:02;0;RUA BERNARDO MANUEL;;;;;Atropelamento;Luz do Dia;;;Meio de Quadra;;;0;3;0;0;0;0;0;0;0;1;0;0;;
341676;16;2;2019;13:14;0;RUA EUCLIDES O DE SOUSA;;;415;;Queda;Luz do Dia;;;Meio de Quadra;;;0;1;0;0;0;1;0;0;0;0;0;0;-3,797948;-38,476365
341681;16;2;2019;13:26;0;AV PINTO BANDEIRA D56;;;636;;Colisão;Luz do Dia;;;Meio de Quadra;;;0;1;0;0;0;0;0;0;0;0;0;0;-3,771972429;-38,48633218
341683;16;2;2019;15:20;0;AV DR SILAS MUNGUBA;;;;;Colisão;Luz do Dia;;;Meio de Quadra;;;0;1;0;0;0;0;0;0;0;0;0;0;;
341684;16;2;2019;15:33;0;AV H CJ CEARA;;;1456;;Colisão;Luz do Dia;;;Meio de Quadra;;;0;2;0;1;0;0;0;0;0;1;0;0;-3,775901;-38,610914
341685;16;2;2019;16:13;0;RUA DR QUIXADA FELICIO;;;421;;Colisão;Luz do Dia;;;Meio de Quadra;;;0;1;0;1;0;0;0;0;0;1;0;0;-3,7096;-38,59693
341696;16;2;2019;22:05;0;AV PONTES VIEIRA;;;711;;Atropelamento;;;;Meio de Quadra;;;0;1;0;0;0;0;0;0;0;1;0;0;-3,75287;-38,51489
341689;16;2;2019;21:46;0;AV HEROIS DO ACRE;;;294;;Colisão;;;;Meio de Quadra;;;0;1;0;1;0;0;0;0;0;1;0;0;-3,803107;-38,530368
341687;16;2;2019;17:47;0;AV ADENANTERAS;;;600;;Queda;Anoitecer;;;Meio de Quadra;;;0;1;0;0;0;1;0;0;0;0;0;0;-3,754239667;-38,47115936
339438;16;2;2019;19:30;0;AV DIOGUINHO;;;5521;;Queda;;;;Meio de Quadra;;;1;0;0;0;0;0;0;0;0;1;0;0;-3,7623;-38,4429
339876;16;2;2019;20:41;0;LOGRADOURO SEM NOME;;;;;Colisão;;;;Meio de Quadra;;;0;0;2;0;0;0;0;0;0;0;0;0;;
340377;16;2;2019;09:48;0;AV AMERICO BARREIRA;RUA RIO GRANDE DO NORTE;;0;;Colisão Transversal;Luz do Dia;Chuva;Molhada;Cruz;Semáforo;Comercial;0;1;1;1;0;0;0;0;0;0;0;0;-3,7605982;-38,5644408
340378;16;2;2019;10:59;246;AV JOVITA FEITOSA;RUA DOM LINO;;;;Colisão Transversal;Luz do Dia;Nublado;Seca;Cruz;Semáforo;Comercial;0;1;1;0;0;0;0;0;0;1;0;0;-3,73985;-38,556413
340379;16;2;2019;13:20;0;AV NORTE;;;2266;;Choque c/ Obstáculo Fixo;Luz do Dia;Bom;Seca;Meio de Quadra;Não Há Controle;Residencial;0;0;1;1;0;0;0;0;0;0;0;0;-3,7767265;-38,488758
340380;16;2;2019;14:45;15392;RUA ARAUJO TORREAO;RUA INACIO VASCONCELOS;;0;;Colisão Transversal;Luz do Dia;Nublado;Seca;Cruz;Pare;Residencial;0;0;1;1;0;0;0;0;0;0;0;0;-3,812994;-38,496873
340381;16;2;2019;16:04;0;AV AMERICO BARREIRA;;;5355;;Engavetamento;Luz do Dia;Bom;Seca;Meio de Quadra;Não Há Controle;Comercial;0;1;2;1;0;0;0;0;0;0;0;0;-3,7588696;-38,563564
340382;16;2;2019;13:00;21522;RUA EDUARDO ARAUJO;RUA VICENTE CELESTINO;;;;Colisão Transversal;Luz do Dia;Nublado;Seca;Cruz;Pare;Residencial;0;1;1;0;0;0;0;0;0;1;0;0;-3,819976;-38,594424
340375;16;2;2019;06:45;0;RUA LUIS VIEIRA;;;992;;Colisão;Amanhecer;Chuva;Molhada;Meio de Quadra;Semáforo;Comercial;0;1;1;0;0;0;0;0;0;1;0;0;-3,789731;-38,589087
340384;16;2;2019;06:27;10740;RUA PORTO ALEGRE;RUA AUDISIO PINHEIRO;;;;Colisão Lateral;Anoitecer;Bom;Seca;Cruz;Pare;Residencial;0;1;1;1;0;0;0;0;0;1;0;0;-3,760602;-38,589942
340483;16;2;2019;08:49;7866;RUA LEONARDO MOTA;RUA ISRAEL BEZERRA;;0;;Colisão Transversal;Luz do Dia;Nublado;Molhada;Cruz;Pare;Residencial;0;0;2;1;0;0;0;0;0;0;0;0;-3,748267;-38,500054
340385;17;2;2019;09:02;0;AV SANTOS DUMONT;;;7580;;Colisão Transversal;Luz do Dia;Nublado;Seca;Meio de Quadra;Pare;Comercial;0;0;2;1;0;0;0;0;0;0;0;0;-3,7466285;-38,466157
340386;17;2;2019;16:19;22840;RUA DR JUSTA ARAUJO D45;RUA GALILEU;;;;Colisão Transversal;Luz do Dia;Bom;Seca;Cruz;Pare;Residencial;0;1;1;1;0;0;0;0;0;0;0;0;-3,777127;-38,550424
340387;17;2;2019;16:24;17562;RUA ESPIRITO SANTO;RUA PARA;;;;Colisão Transversal;Luz do Dia;Bom;Seca;Cruz;Pare;Residencial;0;1;1;1;0;0;0;0;0;1;0;0;-3,752593;-38,567954
340388;17;2;2019;19:30;7710;AV CARNEIRO DE MENDONCA;RUA PEDRO MUNIZ;;0;;Choque c/ Obstáculo Fixo;Via Iluminada;Bom;Seca;Cruz;Pare;Residencial;0;0;2;1;0;0;0;0;0;0;0;0;-3,765627;-38,563646