COD_ACIDENTE;DIA;MES;ANO;HORA;INTERSECAO;LOG1;LOG2;LOG3;NUMERO;REFERENCIA;NATUREZA;ILUMINACAO;TEMPO;SUPERFICIEPISTA;TIPOCRUZAMENTO;CONTROLETRAFEGO;USOSOLO;MORTOS;FERIDOS;ILESOS;AUTOMOVEL;ONIBUS;BICICLETA;CAMINHAO;MICROONIBUS;CICLOMOTOR;MOTOCICLETA;TRACAOANIMAL;TREM;LATITUDE;LONGITUDE
340389;17;2;2019;20:09;0;RUA SUICA;;;1037;;Colisão Transversal;Anoitecer;Bom;Seca;Meio de Quadra;Pare;Residencial;0;0;2;1;0;0;0;0;0;0;0;0;-3,793777557;-38,578807
340390;17;2;2019;22:00;0;RUA AFONSO LOPES;RUA PEDRO WILSON (ITAPERI);;;;Colisão Transversal;Via Iluminada;Chuva;Molhada;Meio de Quadra;Pare;Residencial;0;1;1;1;0;0;0;0;0;1;0;0;-3,790636;-38,5474421
340383;17;2;2019;02:00;0;RUA DR ABDENAGO;;;0;;Colisão Frontal;Via Iluminada;Bom;Seca;Outros;Não Há Controle;Residencial;0;0;2;1;0;0;0;0;0;0;0;0;;
339871;17;2;2019;03:15;4250;RUA PDE ANCHIETA;AV FRANCISCO SA;;;;Colisão;;;;;;;0;2;1;0;0;0;0;0;0;1;0;0;-3,719988;-38,549538
339439;17;2;2019;04:15;7619;RUA SERGIPE;RUA RIO GRANDE DO SUL;;;;Colisão Transversal;;;;Duplo T;Pare;Residencial;1;0;1;1;0;0;0;0;0;1;0;0;-3,76145;-38,569452
339440;17;2;2019;06:00;0;AV WASHINGTON SOARES;;;2155;;Choque c/ Obstáculo Fixo;Luz do Dia;;Seca;Meio de Quadra;;;1;1;0;1;0;0;0;0;0;0;0;0;-3,778152;-38,481446
341716;17;2;2019;09:13;0;AV GAL OSORIO DE PAIVA;;;1653;;Colisão;Luz do Dia;;;Meio de Quadra;;;0;2;0;1;0;0;0;0;0;0;0;0;-3,782134923;-38,57673938
341719;17;2;2019;10:05;0;RUA PDE ANCHIETA;;;240;;Colisão;Luz do Dia;;;Meio de Quadra;;;0;1;0;1;0;1;0;0;0;0;0;0;-3,722071333;-38,550218
341720;17;2;2019;10:10;0;AV PRS JUSCELINO KUBITSCHEK (PASSARÉ);;;3230;;Colisão;Luz do Dia;;;Meio de Quadra;;;0;1;0;1;0;1;0;0;0;0;0;0;-3,808758;-38,526174
341712;17;2;2019;07:52;0;RUA AURELIANO LEAL;;;423;;Colisão;Luz do Dia;;;Meio de Quadra;;;0;1;0;0;0;0;0;0;0;1;0;0;-3,824062;-38,5851301
341704;17;2;2019;00:49;0;RUA JARDIM FLUMINENSE;;;1544;;Colisão;;;;Meio de Quadra;;;0;1;0;0;0;0;0;0;0;0;0;0;-3,809912;-38,60266433
341705;17;2;2019;01:27;0;AV BEZERRA DE MENEZES;;;;;Colisão;;;;Meio de Quadra;;;0;2;0;0;0;0;0;0;0;0;0;0;;
341706;17;2;2019;01:35;0;RUA THEOGENES GONDIM;;;500;;Queda;;;;Meio de Quadra;;;0;1;0;0;0;0;0;0;0;1;0;0;-3,78412;-38,58649
341707;17;2;2019;02:13;0;AV DR SILAS MUNGUBA;;;3128;;Atropelamento;;;;Meio de Quadra;;;0;1;0;0;0;0;0;0;0;1;0;0;-3,78864;-38,545259
341708;17;2;2019;03:10;0;RUA VALVERDE;;;879;;Queda;;;;Meio de Quadra;;;0;2;0;0;0;0;0;0;0;1;0;0;-3,79199;-38,60459
341709;17;2;2019;04:11;0;AV VIS RIO BRANCO;;;4000;;Colisão;;;;Meio de Quadra;;;0;1;0;1;0;1;0;0;0;0;0;0;-3,755643;-38,520075
341710;17;2;2019;04:36;0;RUA JORGE ACURCIO;;;664;;Colisão;;;;Meio de Quadra;;;0;1;0;1;0;0;0;0;0;1;0;0;-3,766035;-38,53207
341724;17;2;2019;13:05;25041;RUA JOSE HIPOLITO;RUA BAR AQUIRAZ;;;;Colisão;Luz do Dia;;;Cruz;Semáforo;Comercial;0;1;0;1;0;0;0;0;0;0;0;0;-3,833725;-38,489933
341725;17;2;2019;13:42;0;AV GODOFREDO MACIEL;;;;;Queda;Luz do Dia;;;Meio de Quadra;;;0;1;0;0;0;1;0;0;0;0;0;0;;
341726;17;2;2019;14:06;13436;RUA DR JOSE LOURENCO;AV ANTONIO SALES;;;;Colisão;Luz do Dia;;;Cruz;Semáforo;Comercial;0;1;0;0;0;0;0;0;0;0;0;0;-3,742954;-38,51045
341727;17;2;2019;14:10;0;RUA CEARA;;;591;;Colisão;Luz do Dia;;;Meio de Quadra;;;0;1;0;1;0;1;0;0;0;0;0;0;-3,76074;-38,56301
341728;17;2;2019;14:11;0;RUA BETEL;;;;;Atropelamento;Luz do Dia;;;Meio de Quadra;;;0;1;0;1;0;0;0;0;0;0;0;0;;
341729;17;2;2019;16:05;3323;RUA MARIO DE ANDRADE;RUA ARGENTINA;;;;Colisão;Luz do Dia;;;Cruz;Pare;Residencial;0;1;0;1;0;0;0;0;0;1;0;0;-3,747688;-38,564812
341730;17;2;2019;16:59;0;RUA LUCIANO DE QUEIROS;;;30;;Queda;Luz do Dia;;;Meio de Quadra;;;0;1;0;0;0;1;0;0;0;0;0;0;-3,758650714;-38,57889
341731;17;2;2019;17:30;0;RUA MAXIMINO BARRETO;;;1055;;Queda;Anoitecer;;;Meio de Quadra;;;0;1;0;0;0;0;0;0;0;1;0;0;-3,824696231;-38,50745077
341732;17;2;2019;18:10;5310;RUA MAJ FACUNDO;RUA PEDRO PEREIRA;;;;Colisão;Anoitecer;;;Cruz;Semáforo;Comercial;0;1;0;1;0;1;0;0;0;0;0;0;-3,729683;-38,528531
341733;17;2;2019;18:42;0;AV CARNEIRO DE MENDONCA;;;525;;Colisão;;;;Meio de Quadra;;;0;1;0;1;0;0;0;0;0;0;0;0;-3,7653;-38,56441
341734;17;2;2019;19:09;0;RUA ANGELICA GURGEL;;;157;;Colisão;;;;Meio de Quadra;;;0;1;0;1;0;0;0;0;0;1;0;0;-3,833793634;-38,49904761
341735;17;2;2019;19:17;0;RD CE-040;;;;;Queda;;;;Meio de Quadra;;;0;1;0;0;0;0;0;0;0;1;0;0;;
341736;17;2;2019;20:37;0;RUA OSCAR FRANCA;;;1045;;Atropelamento;;;;Meio de Quadra;;;0;1;0;0;0;0;0;0;0;0;0;0;-3,791393;-38,60117
341737;17;2;2019;20:39;0;AV F CJ ESPERANCA;;;205;;Atropelamento;;;;Meio de Quadra;;;0;1;0;1;0;0;0;0;0;0;0;0;-3,81643315;-38,58746705
341738;17;2;2019;21:01;0;RUA BATISTA DE OLIVEIRA;;;668;;Colisão;;;;Meio de Quadra;;;0;1;0;1;0;0;0;0;0;1;0;0;-3,74382;-38,48065
341739;17;2;2019;21:20;0;RUA CON DE CASTRO;;;;;Colisão;;;;Meio de Quadra;;;0;1;0;1;0;0;0;0;0;1;0;0;;
341740;17;2;2019;21:25;0;RUA ENG JAIME ROLEMBERG;;;950;;Colisão;;;;Meio de Quadra;;;0;1;0;1;0;0;0;0;0;1;0;0;-3,80568;-38,56588
341741;17;2;2019;22:12;0;RUA PEDRO WILSON (ITAPERI);;;251;;Colisão;;;;Meio de Quadra;;;0;2;0;1;0;0;0;0;0;1;0;0;-3,7908997;-38,5465047
341742;17;2;2019;22:22;0;RUA RIO PARAGUAI;;;130;;Colisão;;;;Meio de Quadra;;;0;1;0;1;0;0;0;0;0;1;0;0;-3,72028;-38,58379
341743;17;2;2019;22:32;0;RUA 12 DE JULHO;;;351;;Atropelamento;;;;Meio de Quadra;;;0;1;0;1;0;0;0;0;0;0;0;0;-3,776008681;-38,58579305
341744;17;2;2019;22:44;5283;AV DOM MANUEL;AV SANTOS DUMONT;;;;Atropelamento;;;;Cruz;Semáforo;Comercial;0;1;0;0;0;0;0;0;0;1;0;0;-3,728774;-38,52125
341745;17;2;2019;23:08;0;RUA PRO VIRGILIO DE MORAIS;;;840;;Atropelamento;;;;Meio de Quadra;;;0;1;0;0;0;0;0;0;0;1;0;0;-3,756419524;-38,5976489
341746;17;2;2019;23:37;0;RUA WALDERY UCHOA;;;567;;Atropelamento;;;;Meio de Quadra;;;0;1;0;1;0;0;0;0;0;0;0;0;-3,745775073;-38,54046795
341747;17;2;2019;23:48;0;RUA VALPARAISO;;;;;Colisão;;;;Meio de Quadra;;;0;1;0;0;0;0;0;0;0;0;0;0;;
341748;17;2;2019;23:49;0;RUA DIVINA;;;191;;Atropelamento;;;;Meio de Quadra;;;0;1;0;1;0;0;0;0;0;0;0;0;-3,8081382;-38,6072135
341749;18;2;2019;05:58;0;AV AGUANAMBI;;;108;;Queda;Amanhecer;;;Meio de Quadra;;;0;1;0;0;0;0;0;0;0;1;0;0;-3,7420276;-38,5260068
341750;18;2;2019;07:24;18498;AV GOV PARSIFAL BARROSO;RUA MARIA MIRIAN F  DE SOUZA;;;;Colisão;Luz do Dia;;;T;Semáforo;Residencial;0;1;0;1;0;0;0;0;0;1;0;0;-3,733515;-38,568958
341751;18;2;2019;08:05;0;AV DES MOREIRA;;;;;Colisão;Luz do Dia;;;Meio de Quadra;;;0;1;0;1;0;0;0;0;0;1;0;0;;
341752;18;2;2019;08:15;0;RUA PRO GOMES BRASIL;;;361;;Queda;Luz do Dia;;;Meio de Quadra;;;0;1;0;0;0;0;0;0;0;1;0;0;-3,772667227;-38,56857232
341776;18;2;2019;13:55;0;RUA ANA BRITO;;;177;;Queda;Luz do Dia;;;;;;0;1;0;0;0;1;0;0;0;0;0;0;-3,83167;-38,5837
341778;18;2;2019;17:07;0;AV BERNARDO MANUEL;;;9346;;Atropelamento;Anoitecer;;;Meio de Quadra;;;0;1;0;1;0;0;0;0;0;0;0;0;-3,80043;-38,55204
341779;18;2;2019;17:36;0;AV MOZART PINHEIRO DE LUCENA;;;1000;;Colisão;Anoitecer;;;Meio de Quadra;;;0;1;0;1;0;0;0;0;0;1;0;0;-3,711453;-38,593718
341780;18;2;2019;17:41;0;AV ANTONIO SALES;;;;;Queda;Anoitecer;;;Meio de Quadra;;;0;1;0;0;0;1;0;0;0;0;0;0;;
341781;18;2;2019;17:48;5434;AV DOM MANUEL;AV HERACLITO GRACA;;;;Atropelamento;Anoitecer;;;Cruz;Semáforo;Comercial;0;1;0;1;0;0;0;0;0;0;0;0;-3,734013;-38,522952
341782;18;2;2019;18:27;0;AV DOS EXPEDICIONARIOS;;;;;Atropelamento;Anoitecer;;;Meio de Quadra;;;0;1;0;1;0;0;0;0;0;0;0;0;;
341783;18;2;2019;18:51;0;RUA BERNARDO MANUEL;;;9211;;Queda;;;;Meio de Quadra;;;0;1;0;0;0;0;0;0;0;1;0;0;-3,800347967;-38,55191662
341784;18;2;2019;19:35;22719;RUA EUCLIDES O DE SOUSA;AV ENG LEAL LIMA VERDE (SAPIRANGA/COITE);;;;Colisão;;;;Cruz;Pare;Residencial;0;1;0;1;0;0;0;0;0;1;0;0;-3,797866;-38,475497
341785;18;2;2019;20:11;0;RUA PERGENTINO MAIA;;;272;;Colisão;;;;Meio de Quadra;;;0;1;0;1;0;0;0;0;0;1;0;0;-3,83094;-38,4922635
341786;18;2;2019;21:19;0;RUA PIAUI;;;753;;Queda;;;;Meio de Quadra;;;0;1;0;0;0;0;0;0;0;1;0;0;-3,756543733;-38,5669434
341787;18;2;2019;22:42;25116;AV ROGACIANO LEITE;RUA PDE FRANCISCO PITA;;;;Queda;;;;Cruz;Pare;Comercial;0;1;0;0;0;1;0;0;0;0;0;0;-3,78096;-38,501766
339028;18;2;2019;20:45;22719;AV ENG LEAL LIMA VERDE (SAPIRANGA/COITE);RUA EUCLIDES O DE SOUSA;;;;Colisão Lateral;Via Iluminada;Bom;Seca;Cruz;Pare;Residencial;0;0;2;0;0;0;0;0;0;0;0;0;-3,797866;-38,475497
339513;18;2;2019;06:00;0;RD CE-040;;;8000;KM-08;Colisão;Luz do Dia;;Seca;Meio de Quadra;;;0;0;2;1;0;0;0;0;0;0;0;0;-3,825515822;-38,48153832
339514;18;2;2019;11:10;0;RD CE-040;;;4000;KM-04;Colisão;Luz do Dia;;Seca;Meio de Quadra;;;0;0;2;1;0;0;0;0;0;0;0;0;-3,791613156;-38,48033084
339523;18;2;2019;16:00;0;RD CE-025;;;4000;KM-04;Colisão;Luz do Dia;;Seca;Meio de Quadra;;;0;1;1;1;0;1;0;0;0;0;0;0;-3,805111679;-38,44333873
339517;18;2;2019;12:30;0;AV MIN JOSE AMERICO;;;2000;;Colisão;Luz do Dia;;Seca;Meio de Quadra;;;0;0;2;1;0;0;0;0;0;1;0;0;-3,8103935;-38,4836225
339521;18;2;2019;14:30;0;AV MIN JOSE AMERICO;;;2000;;Colisão;Luz do Dia;;Seca;Meio de Quadra;;;0;1;1;0;0;0;0;0;0;1;0;0;-3,8103935;-38,4836225
341770;18;2;2019;13:19;0;AV CARAPINIMA;;;2415;;Colisão;Luz do Dia;;;Meio de Quadra;;;0;2;0;0;0;0;0;0;0;1;0;0;-3,740639235;-38,54087518
341754;18;2;2019;09:34;0;AV SANTOS DUMONT;;;7800;;Colisão;Luz do Dia;;;Meio de Quadra;;;0;1;0;0;0;0;0;0;0;1;0;0;-3,747363;-38,463794
339895;18;2;2019;07:45;0;AV MON TABOSA;;;1280;;Colisão;Luz do Dia;;;Meio de Quadra;;;0;1;2;1;0;0;0;0;0;1;0;0;-3,724289;-38,507985
339898;18;2;2019;16:55;5292;RUA COSTA BARROS;RUA GONCALVES LEDO;;;;Colisão;Luz do Dia;;;Cruz;Pare;Residencial;0;1;1;1;1;0;0;0;0;0;0;0;-3,729088;-38,515426
339905;18;2;2019;21:12;0;LOGRADOURO SEM NOME;;;;;Atropelamento;;;;Meio de Quadra;;;0;1;1;1;0;0;0;0;0;0;0;0;;
340391;18;2;2019;07:45;3859;AV DA UNIVERSIDADE;RUA JUVENAL GALENO;;;;Colisão Transversal;Luz do Dia;Bom;Seca;Cruz;Semáforo;Comercial;0;1;1;1;0;0;0;0;0;1;0;0;-3,739893;-38,538143
340392;18;2;2019;13:10;5709;AV OLIVEIRA PAIVA;AV DES GONZAGA;;;;Colisão Traseira;Luz do Dia;Bom;Seca;Cruz;Semáforo;Comercial;0;1;1;1;0;0;0;0;0;1;0;0;-3,797165;-38,499953
340393;18;2;2019;17:38;0;AV VIS RIO BRANCO;;;0;;Colisão Lateral;Luz do Dia;Bom;Seca;Meio de Quadra;Não Há Controle;Residencial;0;0;2;1;0;0;0;0;0;0;0;0;;
340394;18;2;2019;17:45;21602;RUA STA LIDUINA D42;RUA CON DE CASTRO;;;;Colisão Lateral;Via Iluminada;Bom;Seca;Cruz;Semáforo;Comercial;0;1;1;1;0;0;0;0;0;1;0;0;-3,797482;-38,584986
340395;18;2;2019;18:40;0;RUA DR JOSE LOURENCO;;;2686;;Colisão Lateral;Mal Iluminada;Bom;Seca;Meio de Quadra;Não Há Controle;Residencial;0;1;1;1;0;0;0;0;0;1;0;0;-3,74680915;-38,5116754
340396;18;2;2019;18:44;0;AV BERNARDO MANUEL;;;10768;;Colisão Traseira;Via Iluminada;Bom;Seca;Meio de Quadra;Semáforo;Comercial;0;0;3;1;0;0;0;0;0;0;0;0;-3,8132396;-38,555965
340397;18;2;2019;20:04;19306;AV GAL OSORIO DE PAIVA;RUA EDUARDO PERDIGAO;;;;Colisão Transversal;Via Iluminada;Bom;Seca;Cruz;Semáforo;Comercial;0;1;1;1;0;0;0;0;0;1;0;0;-3,774747;-38,565454
340398;18;2;2019;21:20;15290;RUA JOAQUIM NABUCO;RUA CANUTO DE AGUIAR;;0;;Choque c/ Obstáculo Fixo;Via Iluminada;Bom;Seca;Cruz;Pare;Residencial;0;0;1;0;0;0;0;0;0;0;0;0;-3,72936;-38,49939
340400;18;2;2019;08:45;25943;RUA PDE IBIAPINA;RUA CARNEIRO DA CUNHA (JACARECANGA);;0;;Colisão Transversal;Luz do Dia;Bom;Seca;T;Semáforo;Comercial;0;0;2;0;1;0;0;0;0;0;0;0;-3,724914;-38,540752
340401;19;2;2019;08:20;0;AV ALM BARROSO;;;754;;Colisão Lateral;Luz do Dia;Nublado;Seca;Meio de Quadra;Não Há Controle;Comercial;0;0;2;1;1;0;0;0;0;0;0;0;-3,720340931;-38,51629717
340402;19;2;2019;08:05;0;AV WENEFRIDO MELO;;;68;;Colisão Frontal;Luz do Dia;Bom;Seca;Meio de Quadra;Não Há Controle;Residencial;0;1;2;1;0;0;0;0;0;1;0;0;-3,808584587;-38,57822075
340403;19;2;2019;11:25;23749;RUA CON DE CASTRO;RUA LINS DO REGO;;;;Colisão Transversal;Luz do Dia;Bom;Seca;T;Pare;Comercial;0;1;1;0;1;0;0;0;0;1;0;0;-3,785389;-38,573794
340404;19;2;2019;15:12;9142;RUA GUILHERME MOREIRA;RUA MON OTAVIO CASTRO;;0;;Colisão Traseira;Luz do Dia;Nublado;Seca;Cruz;Pare;Residencial;0;0;2;1;0;0;0;0;0;0;0;0;-3,750182;-38,526504
340405;19;2;2019;15:33;0;AV JOSE BASTOS;;;4530;;Engavetamento;Luz do Dia;Bom;Seca;Meio de Quadra;Não Há Controle;Comercial;0;0;4;1;0;0;0;0;0;0;0;0;-3,756192;-38,5567375
340406;19;2;2019;20:00;0;RUA PDE VALDEVINO;;;2160;;Colisão Lateral;Via Iluminada;Bom;Seca;Meio de Quadra;Pare;Comercial;0;0;2;1;0;0;0;0;0;1;0;0;-3,742608;-38,505782
340407;19;2;2019;17:50;1735;RUA CAP CLOVIS MAIA;RUA MAJ GERARDO MENDES;;;;Colisão Transversal;Anoitecer;Bom;Seca;Cruz;Pare;Residencial;0;1;1;1;1;0;0;0;0;0;0;0;-3,768322;-38,51282
340408;19;2;2019;20:53;1338;AV BAR STUDART;RUA TORRES CAMARA;;0;;Colisão Lateral;Via Iluminada;Bom;Seca;Cruz;Semáforo;Comercial;0;0;2;1;1;0;0;0;0;0;0;0;-3,735624;-38,506944
340409;19;2;2019;21:20;17573;RUA ESTADO DO RIO;RUA MARANHAO;;;;Colisão Transversal;Via Iluminada;Bom;Seca;Cruz;Pare;Residencial;0;2;1;0;0;0;0;0;0;1;0;0;-3,754149;-38,568106
340399;19;2;2019;05:50;1303;RUA BARBOSA DE FREITAS;AV DOM LUIS;;0;;Colisão Transversal;Amanhecer;Nublado;Molhada;Cruz;Semáforo;Comercial;0;0;2;1;0;0;0;0;0;0;0;0;-3,733564;-38,496396
340480;19;2;2019;09:24;0;RUA VICENTE LINHARES;;;380;;Colisão Lateral;Luz do Dia;Bom;Seca;Meio de Quadra;Não Há Controle;Comercial;0;0;2;1;0;0;0;0;0;0;0;0;-3,7419905;-38,500748
339916;19;2;2019;00:00;0;LOGRADOURO SEM NOME;;;;;Colisão;;;;Meio de Quadra;;;0;0;2;1;0;0;0;0;0;0;0;0;;
339907;19;2;2019;20:53;0;AV CAP GUTEMBERG BAUN;;;674;;Capotamento;;;;Meio de Quadra;;;0;1;0;0;0;0;0;0;0;0;0;0;-3,837910923;-38,52559508
340413;19;2;2019;18:59;0;AV PRS JUSCELINO KUBITSCHEK (PASSARÉ);;;3707;;Colisão Traseira;Via Iluminada;Bom;Seca;Meio de Quadra;Não Há Controle;Residencial;0;1;1;1;0;0;0;0;0;1;0;0;-3,815311;-38,530912
341797;19;2;2019;08:59;0;AV G CJ CEARA;;;685;;Queda;Luz do Dia;;;Meio de Quadra;;;0;1;0;0;0;0;0;0;0;1;0;0;-3,774554;-38,609976
341798;19;2;2019;09:41;0;RUA ALM RUBIM;;;1432;;Colisão;Luz do Dia;;;Meio de Quadra;;;0;1;0;1;0;0;0;0;0;1;0;0;-3,76982;-38,556269
341799;19;2;2019;11:44;0;RUA CON DE CASTRO;;;3955;;Colisão;Luz do Dia;;;Meio de Quadra;;;0;1;0;1;0;0;0;0;0;1;0;0;;
341800;19;2;2019;11:45;0;RUA 15 DE NOVEMBRO;;;221;;Colisão;Luz do Dia;;;Meio de Quadra;;;0;1;0;1;0;0;0;0;0;1;0;0;-3,768102528;-38,55821208
341801;19;2;2019;12:50;19703;RUA PEDRO DE QUEIROZ;RUA GUSTAVO SAMPAIO;;;;Colisão;Luz do Dia;;;Cruz;Pare;Residencial;0;2;0;1;0;0;0;0;0;1;0;0;-3,736097;-38,560577
341802;19;2;2019;13:04;0;AV FRE CIRILO;;;4538;;Queda;Luz do Dia;;;Meio de Quadra;;;0;1;0;0;0;0;0;0;0;1;0;0;-3,823074348;-38,49490972
341803;19;2;2019;13:35;0;AV JOSE JATAHY;;;2140;;Colisão;Luz do Dia;;;Meio de Quadra;;;0;1;0;0;0;0;0;0;0;0;0;0;-3,738795855;-38,54363992
341804;19;2;2019;13:42;19367;RUA JULIO BRAGA;RUA STA LIGIA;;;;Colisão;Luz do Dia;;;Cruz;Pare;Comercial;0;1;0;0;0;0;1;0;0;1;0;0;-3,777294;-38,574892
341805;19;2;2019;13:59;0;RUA 8 DE SETEMBRO;;;1394;;Queda;Luz do Dia;;;Meio de Quadra;;;0;1;0;0;0;0;0;0;0;1;0;0;-3,7371;-38,48698
341806;19;2;2019;15:30;0;RUA SEN ROBERT KENNEDY;;;346;;Colisão;Luz do Dia;;;Meio de Quadra;;;0;1;0;1;0;0;0;0;0;1;0;0;-3,703095;-38,578553
341807;19;2;2019;16:07;0;RUA BERNARDO MANUEL;;;2934;;Colisão;Luz do Dia;;;Meio de Quadra;;;0;1;0;1;0;0;0;0;0;1;0;0;-3,742719;-38,5660515
341808;19;2;2019;17:25;0;RUA REINO UNIDO;;;197;;Atropelamento;Anoitecer;;;Meio de Quadra;;;0;1;0;1;0;0;0;0;0;0;0;0;-3,784502308;-38,50422323
341809;19;2;2019;17:40;0;AV SEN FERNANDES TAVORA;;;101;;Colisão;Anoitecer;;;Meio de Quadra;;;0;1;0;1;0;0;0;0;0;1;0;0;-3,7678274;-38,5726507
341810;19;2;2019;19:26;10818;RUA MACEIO;RUA PORTO VELHO;;;;Colisão;;;;Cruz;Pare;Residencial;0;1;0;1;0;0;0;0;0;1;0;0;-3,763967;-38,590726
341811;19;2;2019;20:42;15255;RUA TEN BENEVOLO;RUA MON BRUNO;;;;Queda;;;;Cruz;Pare;Residencial;0;1;0;0;0;0;0;0;0;1;0;0;-3,728332;-38,508124
341812;19;2;2019;21:20;0;RUA LUIS VIEIRA;;;555;;Queda;;;;Meio de Quadra;;;0;1;0;0;0;0;0;0;0;1;0;0;-3,793735417;-38,58750868
341813;19;2;2019;22:02;0;RUA VIS ICO D20;;;900;;Colisão;;;;Meio de Quadra;;;0;1;0;1;0;0;0;0;0;1;0;0;-3,721697;-38,565565
341814;19;2;2019;22:48;0;AV AUGUSTO DOS ANJOS;;;2080;;Colisão;;;;Meio de Quadra;;;0;1;0;1;0;0;0;0;0;1;0;0;-3,78382;-38,582329
341815;19;2;2019;23:01;0;AV DES FLORIANO BENEVIDES;;;402;;Colisão;;;;Meio de Quadra;;;0;1;0;1;0;0;0;0;0;0;0;0;-3,772540813;-38,47804259
339525;19;2;2019;12:30;0;RD CE-040;;;2000;KM-02;Engavetamento;Luz do Dia;;Seca;Meio de Quadra;;;0;0;3;1;0;0;0;0;0;0;0;0;-3,773616148;-38,4817994
339530;19;2;2019;18:10;0;AV SEN CARLOS JEREISSATI (AEROPORTO);;;3000;KM 03;Engavetamento;Via Iluminada;;Seca;Meio de Quadra;;;0;0;3;1;0;0;0;0;0;0;0;0;-3,779641;-38,544038
341788;19;2;2019;00:24;0;AV SIQUEIRA CAMPOS;;;836;;Colisão;;;;Meio de Quadra;;;0;1;0;1;0;0;0;0;0;0;0;0;-3,817615642;-38,62288918
341789;19;2;2019;05:27;0;AV BEZERRA DE MENEZES;;;;;Queda;Amanhecer;;;Meio de Quadra;;;0;1;0;0;0;0;0;0;0;1;0;0;;
341790;19;2;2019;07:20;0;RUA SEN POMPEU;;;;;Colisão;Luz do Dia;;;Meio de Quadra;;;0;1;0;0;0;0;0;0;0;0;0;0;;
341791;19;2;2019;07:49;0;AV TRISTAO GONCALVES;;;877;;Colisão;Luz do Dia;;;Meio de Quadra;;;0;2;0;1;0;0;0;0;0;1;0;0;-3,729523;-38,533927
341792;19;2;2019;07:58;0;AV DR SILAS MUNGUBA;;;;;Atropelamento;Luz do Dia;;;Meio de Quadra;;;0;1;0;1;0;0;0;0;0;0;0;0;;
341793;19;2;2019;07:59;0;RUA PDE ANCHIETA;;;;;Colisão;Luz do Dia;;;Meio de Quadra;;;0;1;0;1;0;0;0;0;0;1;0;0;;
341794;19;2;2019;08:27;0;RUA PRO CARVALHO;;;2912;;Queda;Luz do Dia;;;Meio de Quadra;;;0;2;0;0;0;0;0;0;0;1;0;0;-3,7496;-38,51559
341795;19;2;2019;08:47;0;RUA PAURILO BARROSO;;;115;;Colisão;Luz do Dia;;;Meio de Quadra;;;0;1;0;1;0;0;0;0;0;1;0;0;-3,799628022;-38,5692848
339532;20;2;2019;11:10;0;RD CE-040;;;4000;KM-04;Colisão;Luz do Dia;;Seca;Meio de Quadra;;;0;0;2;1;0;0;0;0;0;0;0;0;-3,791613156;-38,48033084
339534;20;2;2019;22:30;0;AV ENG SANTANA JUNIOR;;;55;IGUATEMI EMPRESARIAL;Colisão;Via Iluminada;;Seca;Meio de Quadra;;;0;2;1;1;0;0;0;0;0;1;0;0;-3,729506826;-38,47822439
339045;20;2;2019;20:10;24133;RUA HERMINIA BONAVIDES;RUA PIN ANTONIO BANDEIRA;;;;Colisão Transversal;Via Iluminada;Bom;Seca;Cruz;Pare;Comercial;0;2;1;1;0;0;0;0;0;1;0;0;-3,730144;-38,461171
341816;20;2;2019;05:19;0;RUA URUCUTUBA;;;2443;;Queda;Amanhecer;;;Meio de Quadra;;;0;1;0;0;0;0;0;0;0;1;0;0;-3,79914896;-38,61989764
341817;20;2;2019;07:07;0;RUA SAO RAIMUNDO (PIRAMBU);;;577;;Colisão;Luz do Dia;;;Meio de Quadra;;;0;1;0;1;0;0;0;0;0;1;0;0;-3,70821;-38,55649
341818;20;2;2019;07:08;0;AV DR ALDY MENTOR;;;;;Queda;Luz do Dia;;;Meio de Quadra;;;0;1;0;0;0;0;0;0;0;1;0;0;;
341819;20;2;2019;07:09;0;AV DOM MANUEL;;;1395;;Colisão;Luz do Dia;;;Meio de Quadra;;;0;1;0;1;0;0;0;0;0;1;0;0;-3,736025473;-38,52361464
341820;20;2;2019;07:19;0;RUA CASTRO ALVES;;;186;;Atropelamento;Luz do Dia;;;Meio de Quadra;;;0;1;0;1;0;0;0;0;0;0;0;0;-3,75;-38,51979
341821;20;2;2019;08:14;0;RUA MON SABINO FEIJAO;;;222;;Colisão;Luz do Dia;;;Meio de Quadra;;;0;1;0;1;0;0;0;0;0;1;0;0;-3,78761;-38,59491
341822;20;2;2019;08:18;0;AV ROGACIANO LEITE;;;2206;;Choque c/ Obstáculo Fixo;Luz do Dia;;;Meio de Quadra;;;0;1;0;0;0;0;0;0;0;1;0;0;-3,774159495;-38,49936151
341823;20;2;2019;08:19;0;AV JOSE SABOIA;;;900;;Atropelamento;Luz do Dia;;;Meio de Quadra;;;0;1;0;1;0;0;0;0;0;0;0;0;-3,718251;-38,4659815
341824;20;2;2019;08:41;24254;AV ANTONIO JUSTA;RUA DELMIRO GOUVEIA;;;;Atropelamento;Luz do Dia;;;T;Pare;Residencial;0;1;0;1;0;0;0;0;0;0;0;0;-3,7298994;-38,4883661