COD_ACIDENTE;DIA;MES;ANO;HORA;INTERSECAO;LOG1;LOG2;LOG3;NUMERO;REFERENCIA;NATUREZA;ILUMINACAO;TEMPO;SUPERFICIEPISTA;TIPOCRUZAMENTO;CONTROLETRAFEGO;USOSOLO;MORTOS;FERIDOS;ILESOS;AUTOMOVEL;ONIBUS;BICICLETA;CAMINHAO;MICROONIBUS;CICLOMOTOR;MOTOCICLETA;TRACAOANIMAL;TREM;LATITUDE;LONGITUDE
341825;20;2;2019;08:44;0;AV GOV RAUL BARBOSA;;;7502;VIADUTO BR-116;Colisão;Luz do Dia;;;Meio de Quadra;;;0;1;0;1;0;0;0;0;0;1;0;0;-3,7777855;-38,5136555
341826;20;2;2019;09:56;0;AV MR HULL;;;;;Queda;Luz do Dia;;;Meio de Quadra;;;0;2;0;0;0;0;0;0;0;1;0;0;;
341827;20;2;2019;10:46;0;RUA PRO RAIMUNDO ARRUDA;;;488;;Colisão;Luz do Dia;;;Meio de Quadra;;;0;1;0;1;0;0;0;0;0;1;0;0;-3,737503586;-38,55126717
341828;20;2;2019;12:44;0;AV FRANCISCO SA;;;4780;;Colisão;Luz do Dia;;;Meio de Quadra;;;0;1;0;1;0;0;0;0;0;1;0;0;-3,713886;-38,567708
341829;20;2;2019;14:00;0;RUA TOPAZIO;;;10;;Colisão;Luz do Dia;;;Meio de Quadra;;;0;1;0;0;0;0;0;0;0;0;0;0;-3,718263791;-38,55696964
341830;20;2;2019;15:45;0;AV 13 DE MAIO;;;2821;;Atropelamento;Luz do Dia;;;Meio de Quadra;;;0;1;0;1;0;0;0;0;0;0;0;0;-3,740001;-38,540239
341831;20;2;2019;15:53;5075;RUA ALM JACEGUAI;RUA JOSE AVELINO;;;;Colisão;Luz do Dia;;;Cruz;Outros;Comercial;0;1;0;1;0;0;0;0;0;1;0;0;-3,722395;-38,519311
341832;20;2;2019;16:18;3819;RUA JUVENAL GALENO;AV CARAPINIMA;;;;Colisão;Luz do Dia;;;Cruz;Semáforo;Comercial;0;1;0;1;0;0;0;0;0;1;0;0;-3,738998;-38,539176
341833;20;2;2019;17:24;0;RUA VALPARAISO;;;520;;Colisão;Anoitecer;;;Meio de Quadra;;;0;1;0;1;0;0;0;0;0;1;0;0;-3,844685583;-38,52517892
341834;20;2;2019;18:20;0;AV JOSE BASTOS;;;;;Atropelamento;Anoitecer;;;Meio de Quadra;;;0;1;0;0;0;0;0;0;0;1;0;0;;
341835;20;2;2019;18:45;0;RUA G CJ VILA VELHA;;;9;;Atropelamento;;;;Meio de Quadra;;;0;1;0;0;0;0;0;0;0;1;0;0;-3,7164966;-38,6015946
341836;20;2;2019;18:51;0;AV JOSE BASTOS;;;5569;;Colisão;;;;Meio de Quadra;;;0;1;0;0;0;0;0;0;0;1;0;0;-3,760480529;-38,56442332
341837;20;2;2019;18:57;0;RUA OSCAR ARARIPE;;;485;;Colisão;;;;Meio de Quadra;;;0;1;0;1;0;0;0;0;0;1;0;0;-3,792294803;-38,59586355
341838;20;2;2019;19:14;0;AV AUGUSTO DOS ANJOS;;;1126;;Colisão;;;;Meio de Quadra;;;0;1;0;1;0;0;0;0;0;1;0;0;-3,776897889;-38,57629615
341839;20;2;2019;19:16;0;AV MR HULL;;;5310;;Atropelamento;;;;Meio de Quadra;;;0;1;0;1;0;0;0;0;0;0;0;0;-3,739705;-38,591831
341840;20;2;2019;20:05;0;AV BEIRA MAR;;;;;Queda;;;;Meio de Quadra;;;0;1;0;0;0;1;0;0;0;0;0;0;;
341841;20;2;2019;21:44;0;AV 13 DE MAIO;;;108;;Colisão;;;;Meio de Quadra;;;0;1;0;1;0;0;0;0;0;1;0;0;-3,7536106;-38,5213197
341843;20;2;2019;22:54;0;RUA GAL CLARINDO DE QUEIROZ;;;1123;;Atropelamento;;;;Meio de Quadra;;;0;1;0;0;0;0;0;0;0;1;0;0;-3,731473404;-38,53398392
340414;20;2;2019;19:37;0;AV PRS CASTELO BRANCO;;;134;;Colisão Lateral;Via Iluminada;Bom;Seca;Meio de Quadra;Semáforo;Comercial;0;2;1;1;0;0;0;0;0;1;0;0;-3,72312;-38,521563
339909;20;2;2019;10:45;0;AV GAL OSORIO DE PAIVA;;;1271;;Colisão;Luz do Dia;;;Meio de Quadra;;;0;1;1;1;0;0;0;0;0;0;0;0;-3,779702;-38,57295
339912;20;2;2019;00:30;0;RUA JOSE TORRES;;;1570;;Colisão;;;;Meio de Quadra;;;0;1;1;0;1;0;0;0;0;1;0;0;-3,7758484;-38,6061323
339914;20;2;2019;22:50;0;AV MON AMARILIO RODRIGUES;;;748;;Colisão;;;;;;;0;1;1;0;1;0;0;0;0;0;0;0;-3,8357776;-38,5251661
339924;20;2;2019;11:50;0;AV GODOFREDO MACIEL;;;3190;;Colisão;Luz do Dia;;;Meio de Quadra;;;0;1;3;1;0;0;0;0;0;0;0;0;-3,803264;-38,57204
340010;20;2;2019;10:00;0;RD BR 116;;;13000;KM-13;Colisão Lateral;Luz do Dia;Bom;Seca;Meio de Quadra;;;0;0;2;1;0;0;1;0;0;0;0;0;-3,86467;-38,497727
340011;20;2;2019;19:10;0;RD BR 222;;;;KM-02;Atropelamento;;Nublado;Seca;Meio de Quadra;;;0;1;1;1;0;0;0;0;0;0;0;0;-3,7403624;-38,5969961
340410;20;2;2019;06:00;0;AV PRS COSTA E SILVA;AV DO PASSARE;;0;;Choque c/ Obstáculo Fixo;Luz do Dia;Nublado;Seca;Meio de Quadra;Não Há Controle;Comercial;0;1;0;1;0;0;0;0;0;0;0;0;-3,8244069;-38,5445835
340411;20;2;2019;06:31;0;RUA JULIO ABREU;;;315;;Colisão Lateral;Luz do Dia;Bom;Seca;Meio de Quadra;Não Há Controle;Escola;0;1;2;1;0;0;0;0;0;1;0;0;-3,735839;-38,48592
340412;20;2;2019;08:03;8061;AV JOAO PESSOA;RUA JOSE FACANHA;;0;;Colisão Lateral;Luz do Dia;Bom;Seca;T;Pare;Comercial;0;1;1;1;0;0;0;0;0;1;0;0;-3,75615;-38,552846
340417;20;2;2019;09:30;0;AV DEP PAULINO ROCHA;;;77;;Colisão Transversal;Luz do Dia;Nublado;Seca;Meio de Quadra;Não Há Controle;Comercial;0;1;0;1;0;0;0;0;0;1;0;0;-3,802389;-38,507614
340418;21;2;2019;14:49;0;RUA RUBENS MONTE D43;;;380;;Choque c/ Obstáculo Fixo;Luz do Dia;Bom;Seca;Cruz;Pare;Comercial;0;0;1;1;0;0;0;0;0;0;0;0;-3,801960604;-38,56684355
340419;21;2;2019;16:15;0;RUA ANDRE CHAVES;;;42;;Colisão Lateral;Luz do Dia;Bom;Seca;Meio de Quadra;Não Há Controle;Comercial;0;1;1;0;0;0;0;0;0;1;0;0;-3,757305935;-38,53906942
340420;21;2;2019;19:15;0;AV ABOLICAO;;;3879;;Colisão Lateral;Via Iluminada;Bom;Seca;Meio de Quadra;Semáforo;Comercial;0;0;2;1;0;0;0;0;0;0;0;0;-3,725431299;-38,48465225
340421;21;2;2019;19:57;0;AV RUI BARBOSA;;;2211;;Colisão Lateral;Via Iluminada;Bom;Seca;Meio de Quadra;Semáforo;Comercial;0;1;1;1;0;0;0;0;0;1;0;0;-3,741995;-38,511369
340428;21;2;2019;19:26;0;RUA ALMEIDA PRADO;;;640;;Colisão Lateral;Via Iluminada;Nublado;Seca;Meio de Quadra;Não Há Controle;Comercial;0;0;2;1;0;0;0;0;0;0;0;0;-3,7425706;-38,474842
340012;21;2;2019;14:50;0;RD BR 116;;;2000;KM-02;Engavetamento;Luz do Dia;Bom;Seca;Meio de Quadra;;;0;1;3;1;0;0;0;0;0;0;0;0;-3,771391;-38,51678
339918;21;2;2019;14:00;23041;AV DR SILAS MUNGUBA;RUA BRUNO VALENTE;;;;Colisão;Luz do Dia;;;Cruz;Pare;Comercial;0;1;1;1;0;0;0;0;0;0;0;0;-3,790483;-38,540009
339920;21;2;2019;18:40;10863;RUA PRO HERIBALDO COSTA;RUA PORTO VELHO;;;;Colisão;;;;Cruz;Semáforo;Residencial;0;1;1;1;0;0;0;0;0;0;0;0;-3,765974;-38,587014
339929;21;2;2019;12:30;6733;AV ENG SANTANA JUNIOR;RUA ANDRADE FURTADO;;;;Capotamento;Luz do Dia;;;T;Não Há Controle;Lazer;0;9;0;0;1;0;0;0;0;0;0;0;-3,743312;-38,487269
340415;21;2;2019;08:48;19800;RUA TIP SALES;RUA DOM MANUEL DE MEDEIROS;;;;Colisão Lateral;Luz do Dia;Chuva;Molhada;Cruz;Pare;Residencial;0;1;1;1;0;0;0;0;0;1;0;0;-3,739211;-38,564466
341865;21;2;2019;18:34;0;AV ENG LEAL LIMA VERDE (SAPIRANGA/COITE);;;2500;;Colisão;;;;Meio de Quadra;;;0;1;0;1;0;0;0;0;0;1;0;0;-3,811180138;-38,4743686
341867;21;2;2019;21:07;0;RUA JOSE TORRES;;;207;;Colisão;;;;Meio de Quadra;;;0;1;0;1;0;0;0;0;0;1;0;0;-3,776673747;-38,60635155
341868;21;2;2019;21:20;0;RUA SOLON PINHEIRO;;;128;;Colisão;;;;Meio de Quadra;;;0;1;0;1;0;1;0;0;0;0;0;0;-3,7311245;-38,5265275
341869;21;2;2019;22:23;0;AV 02 DE MAIO UI 503;;;1683;;Atropelamento;;;;Meio de Quadra;;;0;1;0;0;0;0;0;0;0;0;0;0;-3,811714872;-38,54039715
341870;21;2;2019;22:35;0;RUA EQUADOR;;;1863;;Colisão;;;;Meio de Quadra;;;0;1;0;0;0;0;0;0;0;1;0;0;-3,78355;-38,55638
341871;21;2;2019;23:40;0;RUA MARCILIO DIAS;;;1408;;Queda;;;;Meio de Quadra;;;0;1;0;0;0;0;0;0;0;1;0;0;-3,709468583;-38,55867196
341857;21;2;2019;11:21;0;AV ALM TAMANDARE;;;;;Queda;Luz do Dia;;;Meio de Quadra;;;0;1;0;0;0;0;0;0;0;1;0;0;;
341858;21;2;2019;11:30;0;RUA ANTONIO POMPEU;;;1093;;Atropelamento;Luz do Dia;;;Meio de Quadra;;;0;1;0;1;0;0;0;0;0;0;0;0;-3,734083;-38,532908
341859;21;2;2019;13:22;0;RUA ARMANDO OLIVEIRA;;;37;;Colisão;Luz do Dia;;;Meio de Quadra;;;0;2;0;0;0;0;0;0;0;1;0;0;-3,736815;-38,567326
341860;21;2;2019;13:58;3820;AV CARAPINIMA;AV 13 DE MAIO;;;;Colisão;Luz do Dia;;;Cruz;Semáforo;Comercial;0;1;0;0;0;0;0;0;0;1;0;0;-3,740001;-38,540239
341861;21;2;2019;15:25;0;AV EDILSON B SOARES;;;955;;Colisão;Luz do Dia;;;Meio de Quadra;;;0;1;0;1;0;0;0;0;0;1;0;0;-3,78986;-38,48516
341862;21;2;2019;15:45;0;AV BEZERRA DE MENEZES;;;259;;Colisão;Luz do Dia;;;Meio de Quadra;;;0;1;0;0;0;0;0;0;0;0;0;0;-3,7321108;-38,5473284
341863;21;2;2019;16:46;0;AV AUGUSTO DOS ANJOS;;;2384;;Colisão;Luz do Dia;;;Meio de Quadra;;;0;1;0;1;0;0;0;0;0;1;0;0;-3,7869465;-38,5846965
341845;21;2;2019;04:49;4193;RUA DOM HELIO CAMPOS D21;AV FRANCISCO SA;;;;Colisão;;;;T;Semáforo;Comercial;0;1;0;1;0;0;0;0;0;0;0;0;-3,717711;-38,556428
341846;21;2;2019;07:00;0;RUA VICENTE LEITE;;;1062;;Colisão;Luz do Dia;;;Meio de Quadra;;;0;1;0;1;0;0;0;0;0;1;0;0;-3,73596;-38,49501
341847;21;2;2019;07:26;0;AV CARAPINIMA;;;;;Queda;Luz do Dia;;;Meio de Quadra;;;0;1;0;0;0;0;0;0;0;1;0;0;;
341848;21;2;2019;09:19;0;RUA PORTO VELHO;;;382;;Queda;Luz do Dia;;;Meio de Quadra;;;0;1;0;0;0;0;0;0;0;1;0;0;-3,767560253;-38,58408609
341849;21;2;2019;09:33;0;AV ENG HUMBERTO MONTE;;;1876;;Queda;Luz do Dia;;;Meio de Quadra;;;0;1;0;0;0;0;0;0;0;1;0;0;-3,744884455;-38,56398591
341850;21;2;2019;09:49;0;AV JOAO PESSOA;;;6494;;Colisão;Luz do Dia;;;Meio de Quadra;;;0;1;0;1;0;0;0;0;0;1;0;0;-3,7671085;-38,559763
341851;21;2;2019;09:53;0;RUA VERDE 3  ST SAO JOAO;;;;;Colisão;Luz do Dia;;;Meio de Quadra;;;0;1;0;1;0;0;0;0;0;1;0;0;;
339535;22;2;2019;20:30;0;RD CE-040;;;4000;KM-04;Colisão;Via Iluminada;;Seca;Meio de Quadra;;;0;0;2;1;0;0;0;0;0;0;0;0;-3,791613156;-38,48033084
341682;22;2;2019;20:30;12836;AV DOMINGOS OLIMPIO;RUA BAR ARATANHA;;;;Colisão;;;;Cruz;Semáforo;Comercial;0;1;1;1;0;1;0;0;0;0;0;0;-3,737562;-38,527953
341677;22;2;2019;18:40;0;AV AUGUSTO DOS ANJOS;;;2384;;Colisão;;;;Meio de Quadra;;;0;1;1;1;0;0;0;0;0;1;0;0;-3,7869465;-38,5846965
341678;22;2;2019;18:51;0;RUA NAT FEIJO;;;426;;Atropelamento;;;;Meio de Quadra;;;0;1;1;1;0;0;0;0;0;0;0;0;-3,722358857;-38,55260986
341679;22;2;2019;20:18;0;AV PRS CASTELO BRANCO;;;408;;Colisão;;;;Meio de Quadra;;;0;1;1;1;0;0;0;0;0;1;0;0;-3,71331;-38,54968
341680;22;2;2019;20:25;0;AV SANTOS DUMONT;;;6500;;Colisão;;;;Meio de Quadra;;;0;1;1;1;0;0;0;0;0;1;0;0;-3,743712;-38,475153
341666;22;2;2019;18:24;0;AV GODOFREDO MACIEL;;;5959;;Queda;Anoitecer;;;Meio de Quadra;;;0;1;0;0;0;0;0;0;0;1;0;0;-3,826977;-38,579662
341654;22;2;2019;13:21;0;RUA JOCKEY CLUBE;;;;;Colisão;Luz do Dia;;;Meio de Quadra;;;0;1;1;1;0;0;0;0;0;1;0;0;;
341655;22;2;2019;14:57;0;AV DOM MANUEL;;;960;;Queda;Luz do Dia;;;Meio de Quadra;;;0;1;0;0;0;0;0;0;0;1;0;0;-3,732554811;-38,52247438
341656;22;2;2019;15:33;0;RUA VITAL BRASIL;;;2458;;Colisão;Luz do Dia;;;Meio de Quadra;;;0;1;1;1;0;0;0;0;0;1;0;0;-3,776396522;-38,60368761
341657;22;2;2019;16:20;0;RUA FRANCO ROCHA;;;397;;Colisão;Luz do Dia;;;Meio de Quadra;;;0;1;1;1;0;0;0;0;0;1;0;0;-3,75507;-38,58007
341658;22;2;2019;16:20;0;AV PRS CASTELO BRANCO;;;4341;;Colisão;Luz do Dia;;;Meio de Quadra;;;0;1;1;1;0;1;0;0;0;0;0;0;-3,707381849;-38,57120707
341659;22;2;2019;18:10;0;AV DOMINGOS OLIMPIO;;;1112;;Colisão;Anoitecer;;;Meio de Quadra;;;0;1;1;1;0;0;0;0;0;1;0;0;-3,735847;-38,53336
341640;22;2;2019;07:17;0;AV PERIMETRAL;;;200;;Queda;Luz do Dia;;;Meio de Quadra;;;0;1;0;0;0;0;0;0;0;1;0;0;;
341641;22;2;2019;08:27;0;RUA GONCALVES DIAS;;;554;;Colisão;Luz do Dia;;;Meio de Quadra;;;0;1;1;1;0;0;0;0;0;1;0;0;-3,744299;-38,55546
341642;22;2;2019;09:23;0;RUA JERONIMO ALBUQUERQUE;;;460;;Colisão;Luz do Dia;;;Meio de Quadra;;;0;1;1;1;0;0;0;0;0;1;0;0;-3,70663;-38,57628
341643;22;2;2019;09:42;0;AV PERIMETRAL;;;216;;Colisão;Luz do Dia;;;Meio de Quadra;;;0;1;1;1;0;1;0;0;0;0;0;0;;
341644;22;2;2019;10:53;0;AV MIN JOSE AMERICO;;;880;;Queda;Luz do Dia;;;Meio de Quadra;;;0;1;0;0;0;0;0;0;0;1;0;0;-3,80969;-38,49203
341645;22;2;2019;10:55;0;RUA PRO GOMES BRASIL;;;147;;Colisão;Luz do Dia;;;Meio de Quadra;;;0;1;1;0;0;0;0;0;0;1;0;0;-3,774306677;-38,56743845
341646;22;2;2019;11:22;25154;RUA BENI DE CARVALHO;RUA VICENTE LEITE;;;;Colisão;Luz do Dia;;;Cruz;Pare;Residencial;0;1;1;1;0;0;0;0;0;1;0;0;-3,745037;-38,497966
341647;22;2;2019;12:09;0;AV ENG SANTANA JUNIOR;;;;;Colisão;Luz do Dia;;;Meio de Quadra;;;0;1;1;1;0;0;0;0;0;1;0;0;;
341648;22;2;2019;12:14;0;RUA VICENTE LOPES;;;645;;Colisão;Luz do Dia;;;Meio de Quadra;;;0;1;1;1;0;0;0;0;0;1;0;0;-3,79536087;-38,49518123
341649;22;2;2019;12:36;0;AV I CJ JOSE WALTER;;;;;Colisão;Luz do Dia;;;Meio de Quadra;;;0;1;1;0;0;0;0;0;0;1;0;0;;
341650;22;2;2019;13:12;13408;AV ANTONIO SALES;RUA BAR ARACATI;;;;Atropelamento;Luz do Dia;;;Cruz;Não Há Controle;Comercial;0;1;1;0;0;0;0;0;0;1;0;0;-3,741563;-38,514894
341601;22;2;2019;05:44;0;RUA EQUADOR;;;230;;Colisão;Amanhecer;;;Meio de Quadra;;;0;1;1;1;0;0;0;0;0;1;0;0;-3,770577;-38,551314
341602;22;2;2019;06:31;19669;RUA PRO RAIMUNDO ARRUDA;RUA GUSTAVO SAMPAIO;;;;Colisão;Luz do Dia;;;Cruz;Pare;Residencial;0;1;1;1;0;0;0;0;0;1;0;0;-3,734328;-38,551915
339925;22;2;2019;14:00;0;RUA METON DE ALENCAR;;;1377;;Choque c/ Obstáculo Fixo;Luz do Dia;;;Meio de Quadra;;;0;0;1;0;0;0;0;0;0;0;0;0;-3,731966;-38,535869
339928;22;2;2019;13:30;0;RUA BENI DE CARVALHO;;;361;;Colisão;Luz do Dia;;;Meio de Quadra;;;0;1;1;1;0;0;0;0;0;1;0;0;-3,745037;-38,497966
340429;22;2;2019;16:40;0;RUA SATIRO DIAS;;;51;;Choque c/ Obstáculo Fixo;Luz do Dia;Bom;Seca;Meio de Quadra;Não Há Controle;Residencial;0;0;4;1;0;0;0;0;0;0;0;0;-3,764015843;-38,54521247
340422;22;2;2019;03:31;9116;AV BORGES DE MELO;RUA GAL SILVA JUNIOR;;;;Choque c/ Obstáculo Fixo;Via Iluminada;Chuva;Molhada;T;Não Há Controle;Comercial;0;1;0;1;0;0;0;0;0;0;0;0;-3,757215;-38,533229
340423;22;2;2019;10:35;22159;RUA PRO COSTA MENDES;AV JOSE BASTOS;;0;;Colisão Traseira;Luz do Dia;Bom;Seca;Meio de Quadra;Pare;Residencial;0;0;2;1;1;0;0;0;0;0;0;0;-3,750784;-38,551247
340424;22;2;2019;14:42;0;AV OLAVO BILAC;;;2000;;Colisão;Luz do Dia;Chuva;Molhada;Meio de Quadra;Semáforo;Comercial;0;1;1;1;0;0;0;0;0;1;0;0;-3,7351744;-38,564224
340425;22;2;2019;16:06;0;AV GAL OSORIO DE PAIVA;;;4838;;Colisão Traseira;Luz do Dia;Nublado;Molhada;Meio de Quadra;Não Há Controle;Comercial;0;1;1;1;0;0;0;0;0;1;0;0;-3,801473;-38,598915
340426;22;2;2019;16:30;0;RUA JOSE HIPOLITO;;;1364;;Choque c/ Obstáculo Fixo;Via Iluminada;Chuva;Molhada;Meio de Quadra;Não Há Controle;Comercial;0;0;1;1;0;0;0;0;0;0;0;0;-3,8365395;-38,484489
340427;22;2;2019;19:29;5189;RUA PDE IBIAPINA;RUA PEDRO PEREIRA;;0;;Colisão Traseira;Via Iluminada;Bom;Seca;Cruz;Gesto;Escola;0;1;3;1;1;0;0;0;0;0;0;0;-3,72594;-38,540601
340430;23;2;2019;12:51;0;RUA SAO JOSE D03;;;20;;Colisão Lateral;Luz do Dia;Bom;Seca;Outros;Não Há Controle;Comercial;0;0;2;1;1;0;0;0;0;0;0;0;-3,7254481;-38,523766
340431;23;2;2019;14:04;26073;AV FRANCISCO SA;AV JOSE JATAHY;;;;Colisão Lateral;Luz do Dia;Bom;Molhada;T;Pare;Comercial;0;1;1;1;0;0;0;0;0;1;0;0;-3,720876;-38,5467873
340432;23;2;2019;13:39;0;AV DEP PAULINO ROCHA;;;0;;Choque c/ Obstáculo Fixo;Luz do Dia;Chuva;Molhada;Meio de Quadra;Dê Preferência;Lazer;0;0;1;1;0;0;0;0;0;0;0;0;;
340433;23;2;2019;19:50;3993;RUA ALBERTO MAGNO;RUA DULCINEIA GONDIM;;;;Colisão Transversal;Via Iluminada;Bom;Molhada;Cruz;Pare;Comercial;0;1;2;1;0;0;0;0;0;0;0;0;-3,759321;-38,54512
340434;23;2;2019;20:15;5030;RUA ALM JACEGUAI;AV ALM BARROSO;;;;Colisão Traseira;Via Iluminada;Nublado;Molhada;T;Semáforo;Lazer;0;2;0;0;0;0;0;0;0;1;0;0;-3,720749;-38,519363
339931;23;2;2019;14:00;19363;AV GAL OSORIO DE PAIVA;RUA IGUAPE;;;;Colisão;Luz do Dia;;;T;Não Há Controle;Comercial;0;0;2;1;0;0;0;0;0;0;0;0;-3,776964;-38,568617
339956;23;2;2019;12:00;0;LOGRADOURO SEM NOME;;;;;Colisão;Luz do Dia;;;Meio de Quadra;;;0;1;1;1;0;0;0;0;0;0;0;0;;
339950;23;2;2019;21:15;0;RUA C (MONDUBIM);;;;;Colisão;;;;Meio de Quadra;;;0;0;2;1;0;0;0;0;0;0;0;0;;
340013;23;2;2019;11:15;0;RD BR 020;;;;KM 426;Capotamento;Luz do Dia;Chuva;Molhada;Meio de Quadra;;;0;2;0;1;0;1;0;0;0;0;0;0;-3,863;-38,524
341686;23;2;2019;01:00;0;RUA MOURA MATOS;;;1496;;Queda;;;;Meio de Quadra;;;0;1;0;0;0;0;0;0;0;1;0;0;-3,813065;-38,542869
341697;23;2;2019;11:46;0;RUA CON DE CASTRO;;;5739;;Atropelamento;Luz do Dia;;;Meio de Quadra;;;0;1;1;0;0;0;0;0;0;1;0;0;-3,813718;-38,598343
341698;23;2;2019;12:17;17563;RUA AMAZONAS;RUA ESPIRITO SANTO;;;;Colisão;Luz do Dia;;;Cruz;Pare;Residencial;0;1;1;1;0;0;0;0;0;1;0;0;-3,751391;-38,567217
341699;23;2;2019;12:36;0;RUA TEN BENEVOLO;;;2174;;Colisão;Luz do Dia;;;Meio de Quadra;;;0;1;1;1;0;0;0;0;0;1;0;0;-3,730365;-38,501859
341700;23;2;2019;12:50;0;RUA PDE GUERRA;;;2031;;Colisão;Luz do Dia;;;Meio de Quadra;;;0;1;1;1;0;0;0;0;0;1;0;0;-3,739886262;-38,56241057
341701;23;2;2019;12:55;0;AV ENG LUIS VIEIRA;;;450;;Colisão;Luz do Dia;;;Meio de Quadra;;;0;1;1;1;0;0;0;0;0;1;0;0;-3,732105;-38,465238
341702;23;2;2019;13:22;0;AV SEN FERNANDES TAVORA;;;966;;Colisão;Luz do Dia;;;Meio de Quadra;;;0;1;1;0;0;0;0;0;0;1;0;0;-3,762437708;-38,58170317
341703;23;2;2019;14:50;0;RUA FRE MARCELINO;;;1741;;Queda;Luz do Dia;;;Meio de Quadra;;;0;1;0;0;0;0;0;0;0;1;0;0;-3,750028;-38,558114
341721;23;2;2019;19:57;0;RUA ASA BRANCA;;;52;;Queda;;;;Meio de Quadra;;;0;1;0;0;0;1;0;0;0;0;0;0;-3,785884286;-38,50665932
341722;23;2;2019;20:18;0;RUA PENSAMENTO;;;770;;Colisão;;;;Meio de Quadra;;;0;1;0;0;0;0;0;0;0;0;0;0;-3,841425037;-38,52987224
341723;23;2;2019;20:23;0;RUA ALM JACEGUAI;;;;;Colisão;;;;Meio de Quadra;;;0;1;1;1;0;0;0;0;0;1;0;0;;
341717;23;2;2019;18:11;0;AV CEL CARVALHO;;;2283;;Colisão;Anoitecer;;;Meio de Quadra;;;0;1;0;0;0;0;0;0;0;0;0;0;-3,722521105;-38,58659037
341718;23;2;2019;19:31;12641;RUA MARIA CLARA;RUA RIO PARAGUAI;;;;Colisão;;;;Cruz;Pare;Misto;0;1;0;0;0;0;0;0;0;0;0;0;-3,725526;-38,584245
341688;23;2;2019;07:10;0;AV H CJ CEARA;;;1969;;Queda;Luz do Dia;;;Meio de Quadra;;;0;1;0;0;0;0;0;0;0;1;0;0;-3,776425188;-38,61561238
341757;23;2;2019;20:59;15298;RUA ANA BILHAR;RUA BARBOSA DE FREITAS;;;;Colisão;;;;Cruz;Pare;Residencial;0;1;1;1;0;0;0;0;0;1;0;0;-3,729646;-38,495143
341758;23;2;2019;22:19;0;RUA GUSTAVO SAMPAIO;;;2229;;Colisão;;;;Meio de Quadra;;;0;1;1;1;0;0;0;0;0;1;0;0;-3,737013;-38,564917
341759;23;2;2019;22:39;0;AV BENJAMIM BARROSO;;;289;;Colisão;;;;Meio de Quadra;;;0;1;1;1;0;0;0;0;0;1;0;0;-3,727126787;-38,54995026
341760;23;2;2019;23:10;0;RUA TULIPA;;;363;;Colisão;;;;Meio de Quadra;;;0;1;1;1;0;0;0;0;0;1;0;0;-3,713467243;-38,57916743
341761;23;2;2019;23:47;0;RUA OSVALDO CRUZ (ALDEOTA);;;199;;Atropelamento;;;;Meio de Quadra;;;0;1;1;0;0;0;0;0;0;0;0;0;-3,7444856;-38,5030797
341711;23;2;2019;16:12;0;RUA JUVENCIO VASCONCELOS;;;;;Colisão;Luz do Dia;;;Meio de Quadra;;;0;1;1;1;0;0;0;0;0;1;0;0;;
341713;23;2;2019;16:13;0;RUA CON LIMA SUCUPIRA;;;1907;;Colisão;Luz do Dia;;;Meio de Quadra;;;0;1;1;1;0;0;0;0;0;1;0;0;-3,780175;-38,5447639
341714;23;2;2019;16:31;3767;AV DOMINGOS OLIMPIO;AV IMPERADOR;;;;Colisão;Luz do Dia;;;Cruz;Não Há Controle;Comercial;0;1;1;1;0;0;0;0;0;1;0;0;-3,73479;-38,536697
341715;23;2;2019;16:51;0;RUA PLANALTINA (PL AYRTON SENNA);;;1311;;Colisão;Luz do Dia;;;Meio de Quadra;;;0;1;1;1;0;0;0;0;0;1;0;0;-3,83464;-38,5703
341690;23;2;2019;07:38;7842;RUA ANTONIO FURTADO;AV BAR STUDART;;;;Colisão;Luz do Dia;;;;;;0;1;1;0;0;0;0;0;0;1;0;0;-3,751531;-38,512012
341691;23;2;2019;08:04;0;RUA PRO GOMES BRASIL;;;167;;Queda;Luz do Dia;;;Meio de Quadra;;;0;1;0;0;0;0;0;0;0;1;0;0;-3,774097;-38,567602
341692;23;2;2019;09:34;9219;AV 13 DE MAIO;RUA EUSEBIO DE SOUZA;;;;Colisão;Luz do Dia;;;Meio de Quadra;Não Há Controle;Comercial;0;1;1;1;0;0;0;0;0;1;0;0;-3,749261;-38,529402
341693;23;2;2019;09:39;0;AV PRS COSTA E SILVA;;;1716;;Queda;Luz do Dia;;;Meio de Quadra;;;0;1;0;0;0;0;0;0;0;1;0;0;-3,8171973;-38,5662418
341694;23;2;2019;09:55;0;RUA CEL ALEXANDRINO;;;424;;Colisão;Luz do Dia;;;Meio de Quadra;;;0;1;1;1;0;0;0;0;0;1;0;0;-3,764183;-38,554052
341695;23;2;2019;11:26;13239;AV F CJ JOSE WALTER;AV J CJ JOSE WALTER;;;;Queda;Luz do Dia;;;Cruz;Pare;Residencial;0;1;0;0;0;0;0;0;0;1;0;0;-3,835833;-38,557143
339034;23;2;2019;01:00;12440;AV AUGUSTO DOS ANJOS;RUA ARARIPE PRATA;;;;Colisão Lateral;Via Iluminada;Bom;Seca;Cruz;Não Há Controle;Residencial;0;0;2;1;0;0;0;0;0;1;0;0;-3,771936;-38,571749