COD_ACIDENTE;DIA;MES;ANO;HORA;INTERSECAO;LOG1;LOG2;LOG3;NUMERO;REFERENCIA;NATUREZA;ILUMINACAO;TEMPO;SUPERFICIEPISTA;TIPOCRUZAMENTO;CONTROLETRAFEGO;USOSOLO;MORTOS;FERIDOS;ILESOS;AUTOMOVEL;ONIBUS;BICICLETA;CAMINHAO;MICROONIBUS;CICLOMOTOR;MOTOCICLETA;TRACAOANIMAL;TREM;LATITUDE;LONGITUDE
341755;23;2;2019;20:53;0;RUA POMPILIO GOMES;;;247;;Atropelamento;;;;Meio de Quadra;;;0;1;1;0;0;0;0;0;0;1;0;0;-3,8126198;-38,5203299
341774;24;2;2019;12:17;0;AV CASTELO DE CASTRO;;;;;Colisão;Luz do Dia;;;Meio de Quadra;;;0;1;1;1;0;0;0;0;0;1;0;0;;
341775;24;2;2019;13:48;0;AV PRS CASTELO BRANCO;;;;;Queda;Luz do Dia;;;Meio de Quadra;;;0;1;0;0;0;0;0;0;0;1;0;0;;
341771;24;2;2019;11:50;0;AV ALM HENRIQUE SABOIA;;;1231;;Queda;Luz do Dia;;;Meio de Quadra;;;0;1;0;0;0;0;0;0;0;1;0;0;-3,7466093;-38,4916663
341772;24;2;2019;11:59;0;RUA POMPILIO GOMES;;;644;;Queda;Luz do Dia;;;Meio de Quadra;;;0;1;0;0;0;0;0;0;0;1;0;0;;
341864;24;2;2019;14:57;0;AV MR HULL;;;5626;;Colisão;Luz do Dia;;;Meio de Quadra;;;0;1;1;1;0;0;0;0;0;1;0;0;-3,740116571;-38,59466018
341866;24;2;2019;15:53;6738;RUA VILEBALDO AGUIAR;RUA DES WALDETARIO P MOTA;;;;Colisão;Luz do Dia;;;Cruz;Não Há Controle;Comercial;0;1;1;1;0;0;0;0;0;1;0;0;-3,741853;-38,483787
341913;24;2;2019;17:04;0;AV GOV PARSIFAL BARROSO;;;;;Colisão;Anoitecer;;;Meio de Quadra;;;0;1;1;1;0;0;0;0;0;1;0;0;;
341914;24;2;2019;17:25;25084;RUA BERNARDO MANUEL;AV BENJAMIM BRASIL;;;;Colisão;Anoitecer;;;T;Semáforo;Comercial;0;1;1;1;0;0;1;0;0;0;0;0;-3,81006;-38,554874
342015;24;2;2019;21:10;3789;RUA WALDERY UCHOA;AV 13 DE MAIO;;;;Atropelamento;;;;Cruz;Não Há Controle;Comercial;0;1;1;0;0;0;0;0;0;1;0;0;-3,742399;-38,537427
342016;24;2;2019;21:32;0;AV PRS CASTELO BRANCO;;;;;Colisão;;;;Meio de Quadra;;;0;1;0;0;0;0;0;0;0;0;0;0;;
341982;24;2;2019;20:42;0;RUA MANUEL JESUINO;;;567;;Colisão;;;;Meio de Quadra;;;0;1;1;1;0;0;0;0;0;1;0;0;-3,73065925;-38,48505288
341979;24;2;2019;20:04;0;AV PRS COSTA E SILVA;;;;;Atropelamento;;;;Meio de Quadra;;;0;1;1;0;0;0;0;0;0;0;0;0;;
341980;24;2;2019;20:39;0;RUA 8 DE SETEMBRO;;;1444;;Colisão;;;;Meio de Quadra;;;0;1;0;0;0;0;0;0;0;0;0;0;-3,73748;-38,48697
341976;24;2;2019;19:59;0;AV ABOLICAO;;;4010;;Atropelamento;;;;Meio de Quadra;;;0;2;0;0;0;0;0;0;0;1;0;0;-3,7248;-38,482934
341965;24;2;2019;19:56;0;RUA ERICO MOTA;;;1238;;Colisão;;;;Meio de Quadra;;;0;1;1;1;0;0;0;0;0;1;0;0;-3,74857;-38,56029
341958;24;2;2019;17:46;0;AV DR SILAS MUNGUBA;;;3493;;Colisão;Anoitecer;;;Meio de Quadra;;;0;1;0;0;0;0;0;0;0;0;0;0;-3,789733;-38,542222
341961;24;2;2019;18:49;0;AV GAL OSORIO DE PAIVA;;;;;Atropelamento;;;;Meio de Quadra;;;0;1;1;0;0;0;0;0;0;1;0;0;;
341963;24;2;2019;18:56;0;RUA CATOLE;;;;;Colisão;;;;Meio de Quadra;;;0;1;1;1;0;0;0;0;0;1;0;0;;
341956;24;2;2019;17:31;0;AV K CJ JOSE WALTER;;;321;;Atropelamento;Anoitecer;;;Meio de Quadra;;;0;1;1;1;0;0;0;0;0;0;0;0;-3,82361;-38,55383
342032;24;2;2019;21:35;25154;RUA BENI DE CARVALHO;RUA VICENTE LEITE;;;;Colisão;;;;Cruz;Pare;Residencial;0;1;1;1;0;0;0;0;0;1;0;0;-3,745037;-38,497966
342036;24;2;2019;23:32;0;RUA MIGUEL GURGEL;;;;;Queda;;;;Meio de Quadra;;;0;1;0;0;0;0;0;0;0;1;0;0;;
339536;24;2;2019;08:40;0;RD CE-060;;;2000;KM-02;Colisão;Luz do Dia;;Seca;Meio de Quadra;;;0;1;1;0;0;0;0;0;0;1;0;0;-3,834064;-38,582111
341762;24;2;2019;00:15;0;RUA EDUARDO ANGELIM;;;1310;;Queda;;;;Meio de Quadra;;;0;1;0;0;0;0;0;0;0;1;0;0;-3,769655023;-38,54393121
341763;24;2;2019;01:14;0;RUA CUBA;;;119;;Queda;;;;Meio de Quadra;;;0;1;0;0;0;0;0;0;0;1;0;0;-3,74129;-38,58232
341764;24;2;2019;04:12;0;AV EDILSON B SOARES;;;;;Queda;;;;Meio de Quadra;;;0;1;0;0;0;0;0;0;0;1;0;0;;
341765;24;2;2019;05:11;0;AV PLACIDO CASTELO;;;91;;Atropelamento;Amanhecer;;;Meio de Quadra;;;0;1;1;0;0;0;0;0;0;1;0;0;-3,7849385;-38,51064338
341766;24;2;2019;05:37;0;AV GAL OSORIO DE PAIVA;;;;;Atropelamento;Amanhecer;;;Meio de Quadra;;;0;1;1;1;0;0;0;0;0;0;0;0;;
341767;24;2;2019;08:28;0;RD BR 116;;;3000;KM-03;Queda;Luz do Dia;;;Meio de Quadra;;;0;1;0;0;0;1;0;0;0;0;0;0;-3,779838;-38,514372
341768;24;2;2019;09:58;0;RUA BARRA NOVA;;;900;;Atropelamento;Luz do Dia;;;Meio de Quadra;;;0;1;1;0;0;0;0;0;0;1;0;0;-3,783742;-38,505415
341769;24;2;2019;10:59;4562;RUA PDE PAULINO;RUA TIBURCIO PEREIRA;;;;Atropelamento;Luz do Dia;;;Cruz;Pare;Residencial;0;1;1;1;0;0;0;0;0;0;0;0;-3,797721;-38,508142
339951;24;2;2019;10:40;1585;RUA PDE VALDEVINO;RUA TIBURCIO CAVALCANTE;;;;Colisão;Luz do Dia;;;Cruz;Semáforo;Residencial;0;0;2;1;0;0;0;0;0;0;0;0;-3,742915;-38,504815
339947;24;2;2019;00:37;20963;RUA ALAGOAS;RUA CARLOS JEREISSATI (PICI);;;;Colisão;;;;Cruz;Pare;Comercial;0;0;2;1;0;0;0;0;0;0;0;0;-3,750094;-38,580066
340435;24;2;2019;06:40;25697;RUA JOAO CORDEIRO;RUA ROCHA LIMA;;;;Colisão Transversal;Luz do Dia;Chuva;Molhada;Cruz;Pare;Comercial;0;1;1;1;0;0;0;0;0;1;0;0;-3,738;-38,517275
340436;24;2;2019;07:23;0;AV PRS CASTELO BRANCO;;;5196;;Choque c/ Obstáculo Fixo;Luz do Dia;Chuva;Molhada;Meio de Quadra;Não Há Controle;Comercial;0;0;1;1;0;0;0;0;0;0;0;0;-3,704732;-38,577718
340437;24;2;2019;20:35;6743;AV SANTOS DUMONT;RUA ALMEIDA PRADO;;;;Colisão Lateral;Via Iluminada;Nublado;Seca;Cruz;Semáforo;Residencial;0;1;1;1;0;0;0;0;0;1;0;0;-3,743712;-38,475153
340438;24;2;2019;19:13;5293;RUA SEN POMPEU;RUA PEDRO PEREIRA;;0;;Colisão Transversal;Luz do Dia;Bom;Seca;Cruz;Semáforo;Comercial;0;1;1;1;0;0;0;0;0;0;0;0;-3,729114;-38,530289
340439;25;2;2019;01:36;15909;RUA PDE PEDRO DE ALENCAR;RUA VENEZA;;;;Colisão Lateral;Via Iluminada;Nublado;Molhada;Duplo T;Não Há Controle;Residencial;0;1;1;1;0;0;0;0;0;1;0;0;-3,836296;-38,494157
340440;25;2;2019;09:00;0;AV GOV RAUL BARBOSA;;;6959;;Colisão Traseira;Luz do Dia;Bom;Seca;Meio de Quadra;Não Há Controle;Comercial;0;0;2;1;0;0;0;0;0;1;0;0;-3,77414544;-38,51281888
340441;25;2;2019;09:53;0;AV ENG ALBERTO SA;RUA SOLON ONOFRE;;0;;Colisão Transversal;Luz do Dia;Bom;Seca;Meio de Quadra;Pare;Comercial;0;1;1;1;0;0;0;0;0;1;0;0;-3,735314;-38,473145
340442;25;2;2019;13:48;0;AV DR SILAS MUNGUBA;;;4597;;Colisão Transversal;Luz do Dia;Nublado;Seca;Meio de Quadra;Semáforo;Residencial;0;1;1;1;0;0;0;0;0;1;0;0;-3,793674284;-38,53447231
340443;25;2;2019;14:20;0;RUA PROF. MANOEL LOURENCO;;;50;;Colisão Lateral;Luz do Dia;Bom;Seca;Meio de Quadra;Não Há Controle;Comercial;0;1;1;1;0;0;0;0;0;1;0;0;-3,7620497;-38,572395
340444;25;2;2019;19:11;0;RUA JOSE VILAR;;;1187;;Colisão Lateral;Via Iluminada;Bom;Seca;Meio de Quadra;Semáforo;Residencial;0;0;1;1;0;0;0;0;0;0;0;0;-3,734601;-38,504387
340445;25;2;2019;19:50;0;AV DR SILAS MUNGUBA;;;403;;Colisão Traseira;Via Iluminada;Bom;Seca;Meio de Quadra;Semáforo;Comercial;0;0;2;1;1;0;0;0;0;0;0;0;-3,777788209;-38,56167679
340446;25;2;2019;18:20;19300;RUA IGUAPE;RUA GUILHERME PERDIGAO;;;;Colisão Transversal;Via Iluminada;Bom;Seca;T;Pare;Residencial;0;1;0;1;0;0;0;0;0;1;0;0;-3,774678;-38,572212
340457;25;2;2019;19:14;0;AV BAR STUDART;;;1176;;Colisão Traseira;Via Iluminada;Bom;Seca;Meio de Quadra;Não Há Controle;Comercial;0;0;2;1;0;0;0;0;0;0;0;0;-3,735316;-38,506849
339954;25;2;2019;00:55;0;RUA ROSINHA SAMPAIO;;;2161;;Colisão;;;;Meio de Quadra;;;0;0;2;1;0;0;0;0;0;0;0;0;-3,724148526;-38,59764478
339959;25;2;2019;15:10;0;RUA DR FERNANDO AUGUSTO;;;3370;;Atropelamento;Luz do Dia;;;Meio de Quadra;;;0;1;1;1;0;0;0;0;0;0;0;0;-3,786761434;-38,62327985
339961;25;2;2019;18:05;0;AV AGUANAMBI;;;2280;;Colisão;Anoitecer;;;Meio de Quadra;;;0;1;1;1;0;0;0;0;0;1;0;0;-3,757326;-38,523541
339962;25;2;2019;00:30;0;AV H CJ CEARA;;;1949;;Colisão;;;;Meio de Quadra;;;0;0;2;1;0;0;0;0;0;0;0;0;-3,776377234;-38,61517079
339035;25;2;2019;06:20;0;RUA BERNARDO MANUEL;;;9976;;Colisão Traseira;Luz do Dia;Bom;Seca;Meio de Quadra;Outros;Comercial;0;2;1;1;0;0;0;0;0;1;0;0;-3,804702;-38,55321
339441;25;2;2019;12:00;0;AV SEN CARLOS JEREISSATI (AEROPORTO);;;;;Colisão;Luz do Dia;;;Meio de Quadra;;;1;0;2;0;0;0;1;0;0;1;0;0;-3,7790077;-38,540363
342045;25;2;2019;01:18;0;AV GODOFREDO MACIEL;;;;;Queda;;;;Meio de Quadra;;;0;1;0;0;0;0;0;0;0;1;0;0;;
342046;25;2;2019;01:27;0;RUA POMPILIO GOMES;;;1590;;Colisão;;;;Meio de Quadra;;;0;1;1;1;0;0;0;0;0;1;0;0;-3,825699848;-38,52115445
342047;25;2;2019;05:41;19029;AV ENG ALBERTO SA;RUA SOLON ONOFRE;;;;Queda;Amanhecer;;;Cruz;Pare;Residencial;0;1;0;0;0;0;0;0;0;1;0;0;-3,735314;-38,473145
342049;25;2;2019;08:01;0;RUA ROCHA LIMA;;;371;;Colisão;Luz do Dia;;;Meio de Quadra;;;0;1;1;1;0;0;0;0;0;1;0;0;-3,736861;-38,520815
342050;25;2;2019;08:36;0;AV SEN VIRGILIO TAVORA;;;2539;;Queda;Luz do Dia;;;Meio de Quadra;;;0;1;0;0;0;0;0;0;0;1;0;0;-3,748714362;-38,49695877
342051;25;2;2019;08:57;0;RUA DR JOAQUIM BENTO;;;42;;Queda;Luz do Dia;;;Meio de Quadra;;;0;1;0;0;0;1;0;0;0;0;0;0;-3,8267;-38,57168
342042;25;2;2019;00:02;0;RUA ANTONIO ARRUDA;;;1828;;Queda;;;;Meio de Quadra;;;0;1;0;0;0;0;0;0;0;1;0;0;-3,7236381;-38,5950294
342043;25;2;2019;00:30;0;RUA ALAN KARDEC;;;1204;;Colisão;;;;Meio de Quadra;;;0;1;1;1;0;0;0;0;0;1;0;0;-3,76703;-38,54723
342059;25;2;2019;10:14;0;RUA CON DE CASTRO;;;5736;;Colisão;Luz do Dia;;;Meio de Quadra;;;0;1;1;1;0;0;0;0;0;1;0;0;;
342060;25;2;2019;10:36;0;RD BR 116;;;16000;KM-16;Colisão;Luz do Dia;;;Meio de Quadra;;;0;1;1;1;0;0;0;0;0;1;0;0;-3,7611657;-38,5190567
342061;25;2;2019;11:22;0;AV DR SILAS MUNGUBA;;;;;Queda;Luz do Dia;;;Meio de Quadra;;;0;1;0;0;0;1;0;0;0;0;0;0;;
342063;25;2;2019;11:43;10819;RUA GOIANIA;RUA PRO HERIBALDO COSTA;;;;Colisão;Luz do Dia;;;Cruz;Pare;Comercial;0;1;1;1;0;0;0;0;0;1;0;0;-3,763983;-38,585962
342064;25;2;2019;12:17;0;RUA SANTANA DO PARNAIBA;;;;;Colisão;Luz do Dia;;;Meio de Quadra;;;0;1;1;0;0;0;0;0;0;1;0;0;;
342065;25;2;2019;12:24;0;RUA OSCAR ARARIPE;;;348;;Colisão;Luz do Dia;;;Meio de Quadra;;;0;1;0;0;0;0;0;0;0;0;0;0;-3,792701;-38,5946
342066;25;2;2019;12:45;0;AV CESAR CALS;;;1315;;Queda;Luz do Dia;;;Meio de Quadra;;;0;1;0;0;0;0;0;0;0;1;0;0;-3,729403533;-38,45999853
342067;25;2;2019;14:36;0;RUA RECANTO VERDE;;;2020;;Colisão;Luz do Dia;;;Meio de Quadra;;;0;1;1;1;0;0;0;0;0;1;0;0;-3,844875;-38,514134
342068;25;2;2019;16:24;9175;AV AGUANAMBI;RUA BARTOLOMEU DE GUSMAO;;;;Colisão;Luz do Dia;;;Outros;Pare;Comercial;0;1;1;1;0;0;0;0;0;1;0;0;-3,757128;-38,523534
342069;25;2;2019;17:07;0;AV FRE CIRILO;;;4810;;Colisão;Anoitecer;;;Meio de Quadra;;;0;1;1;1;0;0;0;0;0;1;0;0;-3,825721;-38,493769
342071;25;2;2019;17:17;0;AV JOSE BASTOS;;;3786;;Colisão;Anoitecer;;;Meio de Quadra;;;0;1;1;1;0;0;0;0;0;1;0;0;-3,751924;-38,5523795
342072;25;2;2019;17:57;0;AV JOAO PESSOA;;;491;;Colisão;Anoitecer;;;Meio de Quadra;;;0;1;1;1;0;0;0;0;0;1;0;0;-3,75627;-38,5529
342075;25;2;2019;18:17;0;RUA DR FERNANDO AUGUSTO;;;3765;;Queda;Anoitecer;;;Meio de Quadra;;;0;1;0;0;0;0;0;0;0;1;0;0;-3,785789;-38,626709
342078;25;2;2019;18:59;0;RUA AFONSO LOPES;;;761;;Colisão;;;;Meio de Quadra;;;0;1;1;0;0;0;0;0;0;1;0;0;-3,794385871;-38,54861055
342079;25;2;2019;19:05;0;RUA CEL MATOS DOURADO;;;;;Queda;;;;Meio de Quadra;;;0;1;0;0;0;0;0;0;0;1;0;0;;
342080;25;2;2019;22:31;0;RUA EMILIO DE MENESES;;;2018;;Atropelamento;;;;Meio de Quadra;;;0;1;1;1;0;0;0;0;0;0;0;0;-3,778507333;-38,5989496
342081;26;2;2019;02:08;0;AV ALBERTO CRAVEIRO;;;822;;Queda;;;;Meio de Quadra;;;0;1;0;0;0;0;0;0;0;1;0;0;-3,784785;-38,51701
342087;26;2;2019;07:20;0;AV FRE CIRILO;;;61;;Queda;Luz do Dia;;;Meio de Quadra;;;0;1;0;0;0;0;0;0;0;1;0;0;;
342088;26;2;2019;07:51;5434;AV HERACLITO GRACA;AV DOM MANUEL;;;;Colisão;Luz do Dia;;;Cruz;Semáforo;Comercial;0;1;1;1;0;0;0;0;0;1;0;0;-3,734013;-38,522952
342089;26;2;2019;08:30;0;RUA JOAQUIM ALBANO;;;876;;Colisão;Luz do Dia;;;Meio de Quadra;;;0;1;1;1;0;0;0;0;0;1;0;0;-3,735666;-38,582651
342090;26;2;2019;09:55;0;RUA PORTO VELHO;;;78;;Atropelamento;Luz do Dia;;;Meio de Quadra;;;0;1;1;1;0;0;0;0;0;0;0;0;-3,8174521;-38,574109
342091;26;2;2019;10:10;0;AV GAL OSORIO DE PAIVA;;;5123;;Queda;Luz do Dia;;;Meio de Quadra;;;0;1;0;0;0;1;0;0;0;0;0;0;-3,803454733;-38,60084787
342092;26;2;2019;12:09;0;RUA PRO VIRGILIO DE MORAIS;;;684;;Colisão;Luz do Dia;;;Meio de Quadra;;;0;1;1;1;0;0;0;0;0;1;0;0;-3,754606895;-38,59729571
342093;26;2;2019;13:07;0;RUA PDE RODOLFO;;;800;;Colisão;Luz do Dia;;;Meio de Quadra;;;0;1;1;1;0;0;0;0;0;1;0;0;-3,804425376;-38,5866411
342095;26;2;2019;13:08;0;RUA MONTE PASCOAL;;;830;;Colisão;Luz do Dia;;;Meio de Quadra;;;0;1;1;1;0;0;0;0;0;1;0;0;-3,7662963;-38,535953
342096;26;2;2019;13:40;0;AV SGT HERMINIO SAMPAIO;;;11;;Colisão;Luz do Dia;;;Meio de Quadra;;;0;1;1;0;0;0;0;0;0;1;0;0;-3,72814;-38,5704
342097;26;2;2019;16:47;0;AV PRS CASTELO BRANCO;;;;;Atropelamento de Animal;Luz do Dia;;;Meio de Quadra;;;0;1;0;0;0;0;0;0;0;1;0;0;;
342098;26;2;2019;18:26;0;AV SANTOS DUMONT;;;2500;;Colisão;Anoitecer;;;Meio de Quadra;;;0;1;1;1;0;1;0;0;0;0;0;0;-3,734979;-38,502259
342084;26;2;2019;03:31;0;RD BR 116;;;;;Atropelamento;;;;Meio de Quadra;;;0;2;0;0;0;0;0;0;0;0;0;0;;
342085;26;2;2019;05:22;0;RUA MIGUEL ARAGAO;;;805;;Colisão;Amanhecer;;;Meio de Quadra;;;0;1;1;1;0;0;0;0;0;1;0;0;-3,83372;-38,58676
339968;26;2;2019;10:20;7718;AV JOSE BASTOS;AV CARNEIRO DE MENDONCA;;;;Colisão;Luz do Dia;;;Cruz;Semáforo;Comercial;0;0;2;0;0;0;0;0;0;0;0;0;-3,764109;-38,566759
339971;26;2;2019;14:30;0;LOGRADOURO SEM NOME;;;;;Outros;Luz do Dia;;;Meio de Quadra;;;0;1;0;0;0;0;0;0;0;0;0;0;;
339966;26;2;2019;16:45;21754;RUA GAL ALIPIO DOS SANTOS;RUA GONCALO BEZERRA;;;;Colisão;Luz do Dia;;;;;;0;1;1;1;0;0;0;0;0;1;0;0;-3,728711;-38,585872
340470;26;2;2019;10:17;0;AV GAL OSORIO DE PAIVA;;;4003;;Colisão Lateral;Luz do Dia;Bom;Seca;Meio de Quadra;Não Há Controle;Comercial;0;0;2;0;0;0;1;0;0;0;0;0;-3,792518133;-38,5901863
340447;26;2;2019;08:49;5269;AV DUQ CAXIAS;RUA PDE IBIAPINA;;0;;Colisão Lateral;Luz do Dia;Nublado;Seca;Cruz;Semáforo;Comercial;0;0;2;0;0;0;0;1;0;0;0;0;-3,728446;-38,540226
340448;26;2;2019;09:00;0;AV GOV RAUL BARBOSA;;;7429;;Colisão Lateral;Luz do Dia;Nublado;Seca;Meio de Quadra;Não Há Controle;Comercial;0;1;1;1;0;0;0;0;0;1;0;0;-3,776431686;-38,5131794
340449;26;2;2019;13:59;24348;RUA ARMANDO MONTEIRO;RUA JORGE ACURCIO;;0;;Colisão Transversal;Luz do Dia;Bom;Seca;Cruz;Pare;Residencial;0;0;2;1;0;0;0;0;0;1;0;0;-3,765184;-38,531744
340450;26;2;2019;19:55;0;AV SANTOS DUMONT;;;2767;;Colisão Transversal;Luz do Dia;Bom;Seca;Meio de Quadra;Não Há Controle;Comercial;0;0;1;1;0;1;0;0;0;0;0;0;-3,735602;-38,500317
340451;27;2;2019;13:09;0;AV I CJ JOSE WALTER;;;1219;;Colisão Transversal;Luz do Dia;Bom;Seca;Meio de Quadra;Pare;Comercial;0;2;0;0;0;0;0;0;0;1;0;0;-3,835398;-38,553829
340452;27;2;2019;13:42;0;AV AMERICO BARREIRA;;;4855;;Não Informado;Luz do Dia;Bom;Seca;Meio de Quadra;Não Há Controle;Comercial;0;0;2;1;0;0;0;0;0;0;0;0;-3,7573712;-38,559834
340453;27;2;2019;13:30;0;AV MON TABOSA;;;1000;;Engavetamento;Luz do Dia;Bom;Seca;Meio de Quadra;Semáforo;Comercial;0;2;1;1;0;0;0;0;0;0;0;0;-3,724155;-38,510333
340454;27;2;2019;19:46;0;AV PRS COSTA E SILVA;;;0;PIRÂMIDE MOTEL;Atropelamento;Anoitecer;Bom;Seca;Meio de Quadra;Semáforo;Comercial;0;1;1;0;0;1;0;0;0;0;0;0;;
340455;27;2;2019;20:14;0;RUA PRO HERIBALDO COSTA;;;635;;Colisão Lateral;Via Iluminada;Bom;Seca;Outros;Pare;Residencial;0;0;1;1;0;1;0;0;0;0;0;0;-3,758261714;-38,58293063
340456;27;2;2019;20:30;15204;AV ABOLICAO;RUA JULIO IBIAPINA;;0;;Não Informado;Via Iluminada;Bom;Seca;Cruz;Semáforo;Comercial;0;0;3;1;1;0;0;0;0;0;0;0;-3,726679;-38,49129
339972;27;2;2019;21:00;0;AV AGUANAMBI;;;933;;Colisão;;;;Meio de Quadra;;;0;1;2;1;0;0;0;0;0;0;0;0;-3,745066;-38,52546927
339969;27;2;2019;13:00;3893;RUA ANTENOR FROTA WANDERLEY;RUA JULIO CESAR D12;;;;Colisão;Luz do Dia;;;Cruz;Pare;Comercial;0;1;1;1;0;0;0;0;0;1;0;0;-3,746742;-38,539846
339970;27;2;2019;10:00;0;AV GODOFREDO MACIEL;;;5642;;Choque c/ Obstáculo Fixo;Luz do Dia;;;Meio de Quadra;;;0;1;0;0;0;0;0;0;0;1;0;0;-3,824379153;-38,57879612
342105;27;2;2019;09:50;0;AV FRANCISCO SA;;;3190;;Queda;Luz do Dia;;;Meio de Quadra;;;0;1;0;0;0;0;0;0;0;1;0;0;-3,718081;-38,555342
342107;27;2;2019;10:00;0;RUA BAR AQUIRAZ;;;1540;;Colisão;Luz do Dia;;;Meio de Quadra;;;0;1;1;1;0;0;0;0;0;1;0;0;-3,840733;-38,485079
342109;27;2;2019;11:38;0;RUA HOLANDA;;;1699;;Colisão;Luz do Dia;;;Meio de Quadra;;;0;1;1;1;0;0;0;0;0;1;0;0;-3,7479418;-38,5069413
342111;27;2;2019;11:49;0;AV SGT HERMINIO SAMPAIO;;;;;Colisão;Luz do Dia;;;Meio de Quadra;;;0;1;1;1;0;0;0;0;0;1;0;0;;
342112;27;2;2019;13:12;0;AV GAL OSORIO DE PAIVA;;;6654;;Colisão;Luz do Dia;;;Meio de Quadra;;;0;1;1;0;0;0;0;0;0;1;0;0;-3,811718;-38,608824
342113;27;2;2019;13:33;0;AV JANGADEIROS (MUCURIPE);;;580;;Atropelamento;Luz do Dia;;;Meio de Quadra;;;0;1;1;1;0;0;0;0;0;0;0;0;-3,723756;-38,477232
342174;27;2;2019;15:25;0;RUA BAR RIO BRANCO;;;1079;;Colisão;Luz do Dia;;;Meio de Quadra;;;0;1;1;0;0;0;1;0;0;1;0;0;-3,727714354;-38,52866458
342175;27;2;2019;16:01;0;RD BR 116;;;12000;KM-12;Colisão;Luz do Dia;;;Meio de Quadra;;;0;1;0;0;0;0;0;0;0;0;0;0;-3,85574;-38,496066
342176;27;2;2019;16:22;0;RUA MIN ALBUQUERQUE LIMA;;;1528;;Queda;Luz do Dia;;;Meio de Quadra;;;0;1;0;0;0;0;0;0;0;1;0;0;-3,770422;-38,599581
342177;27;2;2019;17:25;0;AV ZEZE DIOGO;;;947;;Colisão;Anoitecer;;;Meio de Quadra;;;0;1;1;0;0;0;0;0;0;1;0;0;-3,715228;-38,465517
342178;27;2;2019;17:28;0;AV PRS CASTELO BRANCO;;;536;;Queda;Anoitecer;;;Meio de Quadra;;;0;1;0;0;0;0;0;0;0;1;0;0;-3,6999769;-38,587608
342179;27;2;2019;17:56;0;AV GAL OSORIO DE PAIVA;;;;;Colisão;Anoitecer;;;Meio de Quadra;;;0;1;1;1;0;0;0;0;0;1;0;0;;
342180;27;2;2019;18:07;0;RUA RIO BRANCO;;;;;Colisão;Anoitecer;;;Meio de Quadra;;;0;1;1;1;0;0;0;0;0;1;0;0;;
342181;27;2;2019;18:20;0;AV ROGACIANO LEITE;;;368;;Colisão;Anoitecer;;;Meio de Quadra;;;0;1;1;1;0;0;0;0;0;1;0;0;-3,7614795;-38,4933328
342182;27;2;2019;13:35;0;AV AGUANAMBI;;;;;Colisão;Luz do Dia;;;Meio de Quadra;;;0;1;0;0;0;0;0;0;0;0;0;0;;
342183;27;2;2019;18:46;0;AV PERIMETRAL;;;;;Colisão;;;;Meio de Quadra;;;0;1;0;0;0;0;0;0;0;0;0;0;;
342184;27;2;2019;19:58;5180;RUA DOM JOAQUIM;RUA TEN BENEVOLO;;;;Colisão;;;;Cruz;Pare;Comercial;0;1;1;0;0;0;0;0;0;1;0;0;-3,725524;-38,51667
342185;27;2;2019;20:05;0;RUA PRO HERIBALDO COSTA;;;;;Colisão;;;;Meio de Quadra;;;0;1;1;1;0;1;0;0;0;0;0;0;;
342172;27;2;2019;13:44;0;AV GAL OSORIO DE PAIVA;;;4621;;Colisão;Luz do Dia;;;Meio de Quadra;;;0;1;0;0;0;0;0;0;0;0;0;0;-3,79945;-38,59684
342099;27;2;2019;07:36;0;AV GODOFREDO MACIEL;;;;;Colisão;Luz do Dia;;;Meio de Quadra;;;0;1;1;1;0;0;0;0;0;1;0;0;;
342100;27;2;2019;07:39;0;RD DR MENDEL STEINBRUCH;;;6542;;Queda;Luz do Dia;;;Meio de Quadra;;;0;1;0;0;0;0;0;0;0;1;0;0;;
342101;27;2;2019;08:17;0;AV GAL OSORIO DE PAIVA;;;857;;Colisão;Luz do Dia;;;Meio de Quadra;;;0;1;1;1;0;0;0;0;0;1;0;0;-3,777906;-38,570115
342103;27;2;2019;08:42;0;AV CEL CARVALHO;;;;;Queda;Luz do Dia;;;Meio de Quadra;;;0;1;0;0;0;0;0;0;0;1;0;0;;
342204;28;2;2019;15:42;7869;RUA BARBOSA DE FREITAS;RUA FRANCISCO HOLANDA;;;;Colisão;Luz do Dia;;;Cruz;Pare;Residencial;0;1;1;1;0;1;0;0;0;0;0;0;-3,749671;-38,501555
342189;28;2;2019;07:16;0;AV PRO JOSE ARTHUR CARVALHO;;;;;Queda;Luz do Dia;;;Meio de Quadra;;;0;1;0;0;0;0;0;0;0;1;0;0;;
342190;28;2;2019;07:26;0;RUA VALPARAISO;;;961;;Colisão;Luz do Dia;;;Meio de Quadra;;;0;1;1;1;0;0;0;0;0;1;0;0;-3,842069;-38,528409
342191;28;2;2019;07:44;0;RUA PEDRO PEREIRA;;;302;;Colisão;Luz do Dia;;;Meio de Quadra;;;0;1;0;0;0;0;0;0;0;0;0;0;-3,729861125;-38,52799756
342206;28;2;2019;15:48;0;RUA DEP MATOSO FILHO;;;332;;Colisão;Luz do Dia;;;Meio de Quadra;;;0;1;0;0;0;0;0;0;0;0;0;0;-3,73119595;-38,5876101