COD_ACIDENTE;DIA;MES;ANO;HORA;INTERSECAO;LOG1;LOG2;LOG3;NUMERO;REFERENCIA;NATUREZA;ILUMINACAO;TEMPO;SUPERFICIEPISTA;TIPOCRUZAMENTO;CONTROLETRAFEGO;USOSOLO;MORTOS;FERIDOS;ILESOS;AUTOMOVEL;ONIBUS;BICICLETA;CAMINHAO;MICROONIBUS;CICLOMOTOR;MOTOCICLETA;TRACAOANIMAL;TREM;LATITUDE;LONGITUDE
342207;28;2;2019;15:54;1743;RUA CAP ARAGAO;RUA TEN BARBOSA D46;;;;Colisão;Luz do Dia;;;Cruz;Pare;Residencial;0;1;1;0;0;0;0;0;0;1;0;0;-3,76473;-38,51204
342210;28;2;2019;15:59;3768;AV DOMINGOS OLIMPIO;AV TRISTAO GONCALVES;;;;Colisão;Luz do Dia;;;Cruz;Semáforo;Comercial;0;1;0;0;0;0;0;0;0;0;0;0;-3,735133;-38,535613
342214;28;2;2019;17:05;0;AV JOR THOMAZ COELHO;;;2706;;Colisão;Anoitecer;;;Meio de Quadra;;;0;1;0;0;0;0;0;0;0;0;0;0;-3,828384831;-38,51880879
342235;28;2;2019;17:25;0;ET DO FIO (MESSEJANA);;;;;Colisão;Anoitecer;;;Meio de Quadra;;;0;1;0;0;0;0;0;0;0;0;0;0;;
342246;28;2;2019;20:56;0;RUA EQUADOR;;;88;;Colisão;;;;Meio de Quadra;;;0;1;0;0;0;0;0;0;0;0;0;0;-3,77324;-38,55215
342247;28;2;2019;22:40;0;RUA DR JOAQUIM BENTO;;;817;;Queda;;;;Meio de Quadra;;;0;1;0;0;0;0;0;0;0;1;0;0;-3,8282995;-38,484303
342186;28;2;2019;07:13;0;AV ENG LEAL LIMA VERDE (SAPIRANGA/COITE);;;2100;;Queda;Luz do Dia;;;Meio de Quadra;;;0;1;0;0;0;0;0;0;0;1;0;0;-3,807251;-38,474709
342193;28;2;2019;07:54;0;AV PRS CASTELO BRANCO;;;;;Colisão;Luz do Dia;;;Meio de Quadra;;;0;1;1;1;0;0;0;0;0;1;0;0;;
342194;28;2;2019;08:15;0;AV PRS CASTELO BRANCO;;;;;Queda;Luz do Dia;;;Meio de Quadra;;;0;1;0;0;0;0;0;0;0;1;0;0;;
342195;28;2;2019;09:24;8936;AV DOMINGOS OLIMPIO;RUA PRC ISABEL;;;;Queda;Luz do Dia;;;Cruz;Semáforo;Comercial;0;1;0;0;0;0;0;0;0;1;0;0;-3,734438;-38,53779
342196;28;2;2019;10:07;0;AV A CJ JOSE WALTER;;;;;Atropelamento;Luz do Dia;;;Meio de Quadra;;;0;1;1;0;1;0;0;0;0;0;0;0;;
342197;28;2;2019;10:13;0;AV C CJ CEARA;;;133;;Queda;Luz do Dia;;;Meio de Quadra;;;0;1;0;0;0;0;0;0;0;1;0;0;-3,759942;-38,60847
342198;28;2;2019;10:17;25046;RUA AMERICO ROCHA LIMA;RUA FERNANDO FARIAS DE MELO (MANUEL SÁTIRO);;;;Colisão;Luz do Dia;;;Cruz;Pare;Residencial;0;1;1;0;0;0;0;0;0;1;0;0;-3,79908;-38,578449
342199;28;2;2019;11:17;0;RD QUARTO ANEL VIARIO;;;1700;;Queda;Luz do Dia;;;Meio de Quadra;;;0;1;0;0;0;0;0;0;0;1;0;0;-3,863304169;-38,52463228
342200;28;2;2019;13:00;0;AV MR HULL;;;;;Colisão;Luz do Dia;;;Meio de Quadra;;;0;1;1;1;0;0;0;0;0;1;0;0;;
342201;28;2;2019;13:21;15298;RUA ANA BILHAR;RUA BARBOSA DE FREITAS;;;;Colisão;Luz do Dia;;;Cruz;Pare;Residencial;0;1;1;1;0;0;0;0;0;1;0;0;-3,729646;-38,495143
342202;28;2;2019;13:56;0;RUA CAP CLOVIS MAIA;;;;;Queda;Luz do Dia;;;Meio de Quadra;;;0;1;0;0;0;0;0;0;0;1;0;0;;
342238;28;2;2019;18:38;0;RUA VERBENA;;;298;;Queda;;;;Meio de Quadra;;;0;1;0;0;0;0;0;0;0;1;0;0;-3,778482844;-38,58805813
342239;28;2;2019;19:24;0;RUA EUCLIDES O DE SOUSA;;;1034;;Colisão;;;;Meio de Quadra;;;0;1;1;0;0;0;0;0;0;1;0;0;-3,7974555;-38,470846
342240;28;2;2019;19:26;5466;AV VIS RIO BRANCO;RUA ROCHA LIMA;;;;Colisão;;;;;;;0;1;1;1;0;0;0;0;0;1;0;0;-3,73577;-38,524153
342241;28;2;2019;19:38;0;AV DR SILAS MUNGUBA;;;1181;;Colisão;;;;Meio de Quadra;;;0;1;1;1;0;0;0;0;0;1;0;0;-3,782377;-38,555434
342244;28;2;2019;20:16;0;AV PERIMETRAL;;;2019;;Colisão;;;;Meio de Quadra;;;0;1;0;0;0;0;0;0;0;0;0;0;;
339974;28;2;2019;15:50;0;RUA FRE MANSUETO;;;850;;Colisão;Luz do Dia;;;Meio de Quadra;;;0;0;2;1;0;0;0;0;0;0;0;0;-3,7318659;-38,488756
339976;28;2;2019;10:25;111;RUA CAP BRASIL;RUA DR CATUNDA GONDIM;;;;Colisão;Luz do Dia;;;T;Pare;Comercial;0;1;1;1;0;0;1;0;0;0;0;0;-3,737649;-38,586326
339978;28;2;2019;19:27;0;AV MAE MANOEL MAVIGNIER;;;3477;;Colisão;;;;Meio de Quadra;;;0;2;0;0;0;0;0;0;0;0;0;0;-3,805548249;-38,44917097
340458;28;2;2019;08:59;0;AV ENG HUMBERTO MONTE;;;1945;;Colisão Transversal;Luz do Dia;Chuva;Molhada;Cruz;Pare;Comercial;0;1;1;1;0;0;0;0;0;1;0;0;-3,74401513;-38,56466687
340459;28;2;2019;07:50;0;RUA PEDRO PEREIRA;;;306;;Choque c/ Obstáculo Fixo;Luz do Dia;Nublado;Molhada;Meio de Quadra;Não Há Controle;Comercial;0;0;1;1;0;0;0;0;0;0;0;0;-3,729837375;-38,52806869
340460;28;2;2019;08:15;0;AV ROGACIANO LEITE;;;340;;Colisão Traseira;Luz do Dia;Nublado;Molhada;Meio de Quadra;Não Há Controle;Comercial;0;1;1;0;1;0;0;0;0;1;0;0;-3,761023;-38,493044
340461;28;2;2019;07:30;1253;AV SANTOS DUMONT;RUA CARLOS VASCONCELOS;;;;Colisão;Luz do Dia;Nublado;Molhada;Cruz;Semáforo;Comercial;0;1;1;0;0;0;0;0;0;1;0;0;-3,732252;-38,510558
340462;28;2;2019;10:20;22102;RUA JOSE FACANHA;RUA MON FURTADO;;0;;Colisão Lateral;Amanhecer;Bom;Seca;Cruz;Não Há Controle;Residencial;0;0;2;1;0;0;0;0;0;0;0;0;-3,753672;-38,55559
340463;28;2;2019;08:45;0;AV ALBERTO NEPOMUCENO;;;466;;Colisão Lateral;Luz do Dia;Nublado;Molhada;T;Semáforo;Comercial;0;0;2;1;1;0;0;0;0;0;0;0;-3,7249103;-38,525127
340464;28;2;2019;13:00;5063;AV PRS CASTELO BRANCO;RUA BAR RIO BRANCO;;0;;Colisão Traseira;Luz do Dia;Bom;Seca;Duplo T;Pare;Comercial;0;1;1;1;0;0;0;0;0;1;0;0;-3,721459;-38,526642
340465;28;2;2019;13:50;5283;AV SANTOS DUMONT;AV DOM MANUEL;;0;;Colisão Traseira;Luz do Dia;Bom;Seca;Cruz;Semáforo;Comercial;0;0;2;1;0;0;0;0;0;0;0;0;-3,728774;-38,52125
340466;28;2;2019;11:27;0;RUA ANDRADE FURTADO;;;333;;Colisão;Luz do Dia;Nublado;Seca;Meio de Quadra;Semáforo;Residencial;0;1;1;1;0;0;0;0;0;1;0;0;-3,744025;-38,48515
340467;28;2;2019;16:10;9243;AV DOS EXPEDICIONARIOS;AV EDUARDO GIRAO;;;;Colisão Traseira;Luz do Dia;Bom;Seca;Cruz;Semáforo;Comercial;0;1;1;0;1;0;0;0;0;0;0;0;-3,750712;-38,536849
340468;28;2;2019;20:12;0;AV TRISTAO GONCALVES;;;1560;;Colisão Transversal;Anoitecer;Bom;Seca;Cruz;Semáforo;Comercial;0;0;1;0;1;0;0;0;0;1;0;0;-3,7355711;-38,535767
340469;1;3;2019;14:45;0;AV OLIVEIRA PAIVA;;;415;;Colisão Traseira;Luz do Dia;Nublado;Seca;Meio de Quadra;Não Há Controle;Comercial;0;0;2;1;0;0;0;0;0;0;0;0;-3,797828404;-38,50140599
340471;1;3;2019;16:31;25018;RUA TEODOMIRO DE CASTRO;RUA FRANCISCO CALACA;;;;Colisão Lateral;Luz do Dia;Bom;Seca;T;Pare;Comercial;0;2;1;0;1;0;0;0;0;1;0;0;-3,717748;-38,57438
340472;1;3;2019;16:15;0;AV OLIVEIRA PAIVA;;;444;;Atropelamento;Luz do Dia;Bom;Seca;Meio de Quadra;Não Há Controle;Comercial;0;2;2;1;0;0;0;0;0;1;0;0;-3,797744;-38,501221
340473;1;3;2019;19:10;0;AV BENJAMIM BRASIL;RUA ANTONIO DIVINO;;0;;Colisão Transversal;Via Iluminada;Bom;Seca;T;Dê Preferência;Comercial;0;0;2;1;0;0;0;0;0;0;0;0;-3,8060197;-38,5632142
340474;1;3;2019;21:14;8026;RUA CARLOS CAMARA;RUA SAMUEL UCHOA;;0;;Colisão Lateral;Via Iluminada;Bom;Seca;Cruz;Pare;Comercial;0;0;2;1;0;0;0;0;0;0;0;0;-3,752537;-38,548069
339755;1;3;2019;02:20;0;AV DEP PAULINO ROCHA;;;277;;Colisão;;;;Meio de Quadra;;;0;0;1;0;0;0;0;0;0;0;0;0;-3,804372;-38,507965
340550;1;3;2019;17:30;14649;RUA REPUBLICA ARMENIA;RUA LOURIVAL C PINHO;;0;;Colisão Transversal;Luz do Dia;Bom;Seca;Cruz;Pare;Comercial;0;0;2;1;0;0;0;0;0;1;0;0;-3,79328;-38,481039
341893;1;3;2019;16:53;23468;RUA ESV PINHEIRO;RUA CRUZ ABREU;;;;Colisão;Luz do Dia;;;Cruz;Pare;Residencial;0;2;0;0;0;0;0;0;0;1;0;0;-3,757508;-38,50784
341894;1;3;2019;16:56;0;AV WASHINGTON SOARES;;;;;Colisão;Luz do Dia;;;Meio de Quadra;;;0;1;0;1;0;0;0;0;0;0;0;0;;
341904;1;3;2019;18:26;0;AV E CJ CEARA;;;106;;Colisão;Anoitecer;;;Meio de Quadra;;;0;1;0;0;0;0;0;0;0;0;0;0;-3,759736533;-38,6047418
341905;1;3;2019;19:11;0;RUA FRANCO ROCHA;;;333;;Colisão;;;;Meio de Quadra;;;0;1;0;1;0;0;0;0;0;1;0;0;-3,7552956;-38,579748
341906;1;3;2019;19:13;0;RUA CANDIDO JUCA;;;621;;Colisão;;;;Meio de Quadra;;;0;1;0;1;0;0;0;0;0;1;0;0;-3,73948475;-38,54924473
341907;1;3;2019;19:52;0;AV 13 DE MAIO;;;;;Atropelamento;;;;Meio de Quadra;;;0;1;0;0;0;0;0;0;0;1;0;0;;
341908;1;3;2019;20:11;0;RUA 23 CJ POLAR;;;311;;Colisão;;;;Meio de Quadra;;;0;2;0;1;0;0;0;0;0;1;0;0;-3,70899;-38,59448
341909;1;3;2019;20:53;0;RUA MONTE LIBANO;;;13;;Queda;;;;Meio de Quadra;;;0;1;0;0;0;1;0;0;0;0;0;0;-3,83151;-38,5674
341910;1;3;2019;22:55;6837;RUA SAO GABRIEL (COCO);AV ANTONIO SALES;;;;Colisão;;;;T;Não Há Controle;Comercial;0;1;0;1;0;0;0;0;0;1;0;0;;
341911;1;3;2019;23:04;0;RUA MON SABINO FEIJAO;;;342;;Colisão;;;;Meio de Quadra;;;0;2;0;1;0;0;0;0;0;1;0;0;-3,7885583;-38,5951326
341912;1;3;2019;23:37;0;RUA SEN ALMINO;;;263;;Colisão;;;;Meio de Quadra;;;0;1;0;0;0;0;0;0;0;0;0;0;-3,722261946;-38,51794265
341900;1;3;2019;17:29;0;AV JOVITA FEITOSA;;;;;Colisão;Anoitecer;;;Meio de Quadra;;;0;1;0;0;0;0;0;0;0;0;0;0;;
341901;1;3;2019;18:12;0;AV ALM HENRIQUE SABOIA;;;3485;;Colisão;Anoitecer;;;Meio de Quadra;;;0;1;0;0;0;0;1;0;0;1;0;0;-3,7531298;-38,5018291
341902;1;3;2019;18:12;0;AV MAJ ASSIS;;;1836;;Colisão;Anoitecer;;;Meio de Quadra;;;0;1;0;1;0;0;0;0;0;1;0;0;-3,721688255;-38,5958346
341889;1;3;2019;13:51;0;AV PRS CASTELO BRANCO;;;;;Atropelamento;Luz do Dia;;;Meio de Quadra;;;0;1;0;1;0;0;0;0;0;0;0;0;;
341890;1;3;2019;15:05;0;RUA G CJ VILA VELHA;;;915;;Colisão;Luz do Dia;;;Meio de Quadra;;;0;1;0;0;0;0;0;0;0;1;0;0;-3,8442751;-38,4734706
341891;1;3;2019;15:18;0;RUA MANUEL MOURA;;;1838;;Colisão;Luz do Dia;;;Meio de Quadra;;;0;1;0;1;0;0;0;0;0;1;0;0;-3,7180641;-38,4742942
341882;1;3;2019;11:17;0;AV A CJ CEARA;;;855;;Atropelamento;Luz do Dia;;;Meio de Quadra;;;0;1;0;0;0;0;0;0;0;1;0;0;-3,7839728;-38,4751689
341883;1;3;2019;11:40;0;RUA BOM JESUS (GRANJA LISBOA);;;1746;;Atropelamento;Luz do Dia;;;Meio de Quadra;;;0;1;0;0;0;0;0;0;0;1;0;0;-3,79236;-38,60759
341884;1;3;2019;11:47;0;RUA PDE ANCHIETA;;;267;;Atropelamento;Luz do Dia;;;Meio de Quadra;;;0;1;0;0;0;0;0;0;0;1;0;0;-3,722186;-38,550255
341885;1;3;2019;12:25;0;RD BR 116;;;2000;KM-02;Atropelamento;Luz do Dia;;;Meio de Quadra;;;0;1;0;0;0;0;0;0;0;1;0;0;-3,771391;-38,51678
341877;1;3;2019;03:11;0;AV GODOFREDO MACIEL;;;;;Choque c/ Obstáculo Fixo;;;;Meio de Quadra;;;0;3;0;1;0;0;0;0;0;0;0;0;;
341878;1;3;2019;06:11;0;RUA DOM HENRIQUE;;;26;;Colisão;Luz do Dia;;;Meio de Quadra;;;0;1;0;1;1;0;0;0;0;0;0;0;-3,790459;-38,578466
341879;1;3;2019;06:45;19689;RUA GUSTAVO SAMPAIO;RUA DOM LINO;;;;Colisão;Luz do Dia;;;Cruz;Pare;Residencial;0;1;0;1;0;0;0;0;0;1;0;0;-3,735435;-38,557313
341880;1;3;2019;09:08;3188;RUA EMILIO DE MENESES;RUA LUZIA MOREIRA;;;;Colisão;Luz do Dia;;;Cruz;Pare;Residencial;0;1;0;1;0;0;0;0;0;1;0;0;-3,780117;-38,593217
341875;1;3;2019;00:53;0;RUA ANDRE CHAVES;;;223;;Queda;;;;Meio de Quadra;;;0;1;0;0;0;0;0;0;0;1;0;0;-3,756767;-38,540823
339036;1;3;2019;00:28;17369;RUA ELVIRA PINHO;RUA JOAO FIRMINO;;;;Colisão Lateral;Via Iluminada;Bom;Molhada;Cruz;Pare;Residencial;0;1;1;0;0;0;0;0;0;1;0;0;-3,766492;-38,556968
339037;1;3;2019;19:15;3813;AV 13 DE MAIO;RUA TEREZA CRISTINA;;;;Colisão Lateral;Mal Iluminada;Bom;Seca;T;Semáforo;Comercial;0;0;2;1;1;0;0;0;0;0;0;0;-3,739334;-38,541017
339611;1;3;2019;02:20;0;RD CE-060;;;;KM-01;Choque c/ Obstáculo Fixo;;;;Meio de Quadra;;;0;0;1;1;0;0;0;0;0;0;0;0;-3,826136;-38,5795
339612;1;3;2019;19:45;0;AV SEN CARLOS JEREISSATI (AEROPORTO);;;;KM 03;Colisão;;;;Meio de Quadra;;;0;0;2;1;0;0;0;0;0;0;0;0;-3,779641;-38,544038
339038;2;3;2019;21:36;0;RUA CEL JUCA;;;700;;Choque c/ Obstáculo Fixo;Via Iluminada;Chuva;Molhada;Meio de Quadra;Outros;Residencial;0;0;3;1;0;0;0;0;0;0;0;0;-3,7381125;-38,4914255
339039;2;3;2019;20:30;0;RUA BERNARDO MANUEL;;;10803;;Atropelamento;Via Iluminada;Chuva;Molhada;Meio de Quadra;Não Há Controle;Residencial;0;1;1;1;0;0;0;0;0;0;0;0;-3,8346412;-38,5622661
341935;2;3;2019;18:43;0;RUA JULIO SILVA;;;440;;Queda;Anoitecer;;;Meio de Quadra;;;0;1;0;0;0;1;0;0;0;0;0;0;-3,74537;-38,45462
341936;2;3;2019;19:05;9653;RUA BOM JESUS (GRANJA LISBOA);RUA FRANCISCO PAIVA;;;;Colisão;;;;Cruz;Pare;Residencial;0;2;0;1;0;0;0;0;0;1;0;0;-3,790241;-38,614088
341937;2;3;2019;19:19;0;AV MAJ ASSIS;;;2515;;Colisão;;;;Meio de Quadra;;;0;1;0;1;0;0;0;0;0;1;0;0;-3,720001857;-38,60259571
341932;2;3;2019;18:20;0;RUA PARA;;;617;;Atropelamento;Anoitecer;;;Meio de Quadra;;;0;1;0;1;0;0;0;0;0;0;0;0;-3,753582171;-38,56637673
341933;2;3;2019;18:23;0;AV ODILON GUIMARAES;;;3470;;Colisão;Anoitecer;;;Meio de Quadra;;;0;1;0;0;0;0;0;0;0;0;0;0;-3,815965397;-38,4699449
341947;2;3;2019;23:11;0;RUA VALDEMAR HOLANDA;;;361;;Colisão;;;;Meio de Quadra;;;0;1;0;1;0;0;0;0;0;1;0;0;-3,772076742;-38,59134794
341945;2;3;2019;22:28;0;AV GODOFREDO MACIEL;;;3390;;Atropelamento;;;;Meio de Quadra;;;0;1;0;1;0;0;0;0;0;0;0;0;-3,80492;-38,57261
341939;2;3;2019;19:25;0;RD BR 116;;;5540;;Queda;;;;Meio de Quadra;;;0;1;0;0;0;0;0;0;0;1;0;0;;
341940;2;3;2019;19:33;0;RUA VISTA PARA O MAR;;;983;;Queda;;;;Meio de Quadra;;;0;1;0;0;0;0;0;0;0;1;0;0;-3,7261;-38,46877
341941;2;3;2019;20:13;0;RUA BERNARDO MANUEL;;;10810;;Colisão;;;;Meio de Quadra;;;0;1;0;1;0;1;0;0;0;0;0;0;-3,8141299;-38,55616
341942;2;3;2019;20:31;0;AV DR SILAS MUNGUBA;;;1163;;Queda;;;;Meio de Quadra;;;0;1;0;0;0;0;0;0;0;1;0;0;-3,782256182;-38,55565409
341943;2;3;2019;22:13;0;AV DA INDEPENDENCIA;;;2455;;Colisão;;;;Meio de Quadra;;;0;1;0;0;0;0;0;0;0;1;0;0;-3,723676412;-38,60195693
341915;2;3;2019;00:15;6285;AV G CJ CEARA;AV C CJ CEARA;;;;Queda;;;;T;Não Há Controle;Residencial;0;1;0;0;0;0;0;0;0;1;0;0;;
341916;2;3;2019;00:25;0;RUA PRO NOGUEIRA;;;88;;Atropelamento;;;;Meio de Quadra;;;0;1;0;1;0;0;0;0;0;0;0;0;-3,733114279;-38,54989493
341917;2;3;2019;04:51;0;RUA SEN POMPEU;;;2214;;Colisão;;;;Meio de Quadra;;;0;2;0;1;0;0;0;0;0;0;0;0;-3,737937421;-38,53296242
341918;2;3;2019;07:43;0;AV ALM HENRIQUE SABOIA;;;;;Colisão;Luz do Dia;;;Meio de Quadra;;;0;2;0;0;0;0;0;0;0;0;0;0;;
341919;2;3;2019;10:14;0;AV GOV RAUL BARBOSA;;;7502;VIADUTO BR-116;Colisão;Luz do Dia;;;Meio de Quadra;;;0;1;0;0;0;0;0;0;0;1;0;0;-3,7777855;-38,5136555
341920;2;3;2019;11:48;0;RUA CAROA CJ A TAMANDARE;;;1329;;Colisão;Luz do Dia;;;Meio de Quadra;;;0;1;0;1;0;0;0;0;0;1;0;0;;
341921;2;3;2019;11:59;0;RUA TEN ELIEZER COSTA;;;147;;Atropelamento;Luz do Dia;;;Meio de Quadra;;;0;1;0;1;0;0;0;0;0;0;0;0;-3,71029;-38,59093
341922;2;3;2019;12:05;0;RUA PERDIGAO DE OLIVEIRA;;;953;;Colisão;Luz do Dia;;;Meio de Quadra;;;0;1;0;1;0;0;0;0;0;1;0;0;-3,774717;-38,577918
341923;2;3;2019;14:06;0;AV PRS CASTELO BRANCO;;;;;Queda;Luz do Dia;;;Meio de Quadra;;;0;2;0;0;0;0;0;0;0;1;0;0;;
341924;2;3;2019;14:09;0;RUA BERNARDO MANUEL;;;9253;;Queda;Luz do Dia;;;Meio de Quadra;;;0;1;0;0;0;1;0;0;0;0;0;0;-3,800836475;-38,55206397
341925;2;3;2019;14:23;0;RUA TEREZA CRISTINA;;;620;;Colisão;Luz do Dia;;;Meio de Quadra;;;0;2;0;1;0;0;0;0;0;1;0;0;-3,726087143;-38,53648029
341926;2;3;2019;14:40;0;RUA MONTE PASCOAL;;;1106;;Colisão;Luz do Dia;;;Meio de Quadra;;;0;1;0;1;0;0;0;0;0;1;0;0;-3,7342347;-38,4859726
341927;2;3;2019;15:43;0;AV DR SILAS MUNGUBA;;;5454;;Colisão;Luz do Dia;;;Meio de Quadra;;;0;1;0;1;0;0;0;0;0;1;0;0;-3,80211;-38,52938
341928;2;3;2019;16:13;9116;AV BORGES DE MELO;RUA GAL SILVA JUNIOR;;;;Queda;Luz do Dia;;;T;Não Há Controle;Comercial;0;1;0;0;0;0;0;0;0;1;0;0;-3,757215;-38,533229
341929;2;3;2019;17:09;0;RUA DEMETRIO MENEZES;;;;;Queda;Anoitecer;;;Meio de Quadra;;;0;1;0;0;0;0;0;0;0;1;0;0;;
341950;2;3;2019;23:21;0;AV JANGADEIROS (MUCURIPE);;;655;;Colisão;;;;Meio de Quadra;;;0;2;0;0;0;0;0;0;0;1;0;0;-3,724329912;-38,47762362
341951;2;3;2019;23:31;0;RUA MARIA GOMES DE SA;;;1854;;Colisão;;;;Meio de Quadra;;;0;1;0;0;0;0;0;0;0;1;0;0;-3,822083255;-38,5850808
341959;2;3;2019;23:55;0;TR MENINO JESUS;;;723;;Queda;;;;Meio de Quadra;;;0;1;0;0;0;1;0;0;0;0;0;0;;
340015;2;3;2019;14:10;0;RD BR 116;;;;;Colisão;Luz do Dia;;;Meio de Quadra;;;0;2;0;1;0;0;0;0;0;0;0;0;;
340475;2;3;2019;04:20;0;RUA JUVENAL DE CARVALHO;;;752;;Colisão Traseira;Mal Iluminada;Bom;Seca;Meio de Quadra;Não Há Controle;Residencial;0;0;2;1;0;0;0;0;0;0;0;0;-3,748083985;-38,52501825
340476;2;3;2019;08:00;9020;RUA SALDANHA MARINHO;RUA JAIME BENEVOLO;;;;Colisão Transversal;Luz do Dia;Nublado;Seca;Cruz;Semáforo;Comercial;0;1;1;1;0;0;0;0;0;1;0;0;-3,743046;-38,528994
340477;2;3;2019;07:47;1550;RUA DR JOSE LOURENCO;RUA PDE VALDEVINO;;;;Colisão Transversal;Luz do Dia;Bom;Seca;Cruz;Semáforo;Comercial;0;2;1;1;0;0;0;0;0;1;0;0;-3,741307;-38,509928
340478;2;3;2019;10:00;15832;RUA TEN JURANDIR ALENCAR;RUA PDE PEDRO DE ALENCAR;;;;Colisão Lateral;Luz do Dia;Bom;Seca;Cruz;Semáforo;Comercial;0;1;1;1;0;0;0;0;0;1;0;0;-3,831674;-38,493981
340481;2;3;2019;18:54;0;AV HERACLITO GRACA;;;210;;Engavetamento;Via Iluminada;Chuva;Molhada;Meio de Quadra;Semáforo;Comercial;0;0;2;1;0;0;0;0;0;0;0;0;-3,734013;-38,522952
340482;2;3;2019;22:04;0;RUA JABORANDI;RUA ITAQUERA;;904;;Colisão Lateral;Mal Iluminada;Chuva;Molhada;Meio de Quadra;Não Há Controle;Residencial;0;1;1;1;0;0;0;0;0;1;0;0;-3,8382373;-38,5149063
340484;2;3;2019;06:37;3868;RUA SEN POMPEU;RUA JOAQUIM MAGALHAES;;0;;Colisão Transversal;Amanhecer;Bom;Seca;Cruz;Pare;Comercial;0;1;1;1;0;0;0;0;0;0;0;0;-3,738281;-38,533066
340485;2;3;2019;13:31;5063;RUA BAR RIO BRANCO;AV PRS CASTELO BRANCO;;0;;Colisão Traseira;Luz do Dia;Nublado;Seca;T;Pare;Comercial;0;0;2;1;0;0;0;0;0;0;0;0;-3,721459;-38,526642
340494;2;3;2019;12:53;0;RUA WALDERY UCHOA;;;210;;Colisão Traseira;Luz do Dia;Nublado;Seca;Meio de Quadra;Não Há Controle;Residencial;0;0;2;1;0;0;0;0;0;0;0;0;-3,743846872;-38,53873055
340509;3;3;2019;20:10;15144;AV MON TABOSA;AV RUI BARBOSA;;0;;Engavetamento;Via Iluminada;Bom;Seca;Cruz;Semáforo;Residencial;0;0;3;1;0;0;0;0;0;1;0;0;-3,724441;-38,505696
340486;3;3;2019;07:29;25008;RUA TEODOMIRO DE CASTRO;RUA SILVIO ROMERO;;;;Colisão Transversal;Amanhecer;Bom;Seca;Cruz;Pare;Residencial;0;1;1;1;0;0;0;0;0;1;0;0;-3,719538;-38,570794
340487;3;3;2019;10:21;5351;AV IMPERADOR;RUA GAL CLARINDO DE QUEIROZ;;0;;Colisão Transversal;Luz do Dia;Bom;Seca;Cruz;Semáforo;Comercial;0;0;2;1;0;0;0;0;0;0;0;0;-3,730962;-38,535566
340488;3;3;2019;14:40;5177;RUA SEN POMPEU;RUA SAO PAULO;;0;;Colisão Transversal;Luz do Dia;Bom;Seca;Cruz;Semáforo;Comercial;0;0;1;1;0;0;0;0;0;1;0;0;-3,725486;-38,529196
340489;3;3;2019;15:49;5351;RUA GAL CLARINDO DE QUEIROZ;AV IMPERADOR;;0;;Colisão Transversal;Luz do Dia;Bom;Seca;Cruz;Semáforo;Comercial;0;0;1;0;0;0;0;0;0;1;0;0;-3,730962;-38,535566
340490;3;3;2019;18:55;1441;AV SANTOS DUMONT;RUA PRO DIAS DA ROCHA;;;;Colisão Transversal;Via Iluminada;Bom;Seca;Cruz;Pare;Comercial;0;0;2;1;0;0;0;0;0;0;0;0;-3,738113;-38,492502
340491;3;3;2019;19:20;0;AV JOAO PESSOA;;;5091;;Colisão Lateral;Via Iluminada;Bom;Seca;Meio de Quadra;Não Há Controle;Comercial;1;0;1;0;1;1;0;0;0;0;0;0;-3,756263714;-38,55294
339808;3;3;2019;18:13;0;RUA OSCAR ARARIPE;;;450;;Atropelamento;Anoitecer;;;Meio de Quadra;;;1;0;1;1;0;0;0;0;0;0;0;0;-3,792440321;-38,59541089
341960;3;3;2019;00:03;0;RUA TEODOMIRO DE CASTRO;;;6452;;Queda;;;;Meio de Quadra;;;0;1;0;0;0;0;0;0;0;1;0;0;-3,716474;-38,5778
341964;3;3;2019;00:34;0;AV GODOFREDO MACIEL;;;;;Colisão;;;;Meio de Quadra;;;0;1;0;1;0;0;0;0;0;1;0;0;;
341962;3;3;2019;00:19;3820;AV 13 DE MAIO;AV CARAPINIMA;;;;Colisão;;;;Cruz;Semáforo;Comercial;0;1;0;0;0;0;0;0;0;1;0;0;-3,740001;-38,540239
341966;3;3;2019;01:27;0;RUA MAJ GERARDO MENDES;;;1081;;Queda;;;;Meio de Quadra;;;0;1;0;0;0;0;0;0;0;1;0;0;-3,77057;-38,51244
341967;3;3;2019;02:28;0;RUA SAMUEL UCHOA;;;134;;Queda;;;;Meio de Quadra;;;0;1;0;0;0;0;0;0;0;1;0;0;-3,7571;-38,54229
341968;3;3;2019;02:28;0;RUA JULIO VERNE;;;338;;Colisão;;;;Meio de Quadra;;;0;1;0;1;0;1;0;0;0;0;0;0;-3,775427;-38,552843
341969;3;3;2019;06:34;0;RUA EQUADOR;;;122;;Colisão;Luz do Dia;;;Meio de Quadra;;;0;1;0;1;0;0;0;0;0;0;0;0;-3,7693245;-38,550873
341970;3;3;2019;07:45;0;AV GOV RAUL BARBOSA;;;1330;;Colisão;Luz do Dia;;;Meio de Quadra;;;0;1;0;1;0;0;0;0;0;1;0;0;-3,76196;-38,5082