COD_ACIDENTE;DIA;MES;ANO;HORA;INTERSECAO;LOG1;LOG2;LOG3;NUMERO;REFERENCIA;NATUREZA;ILUMINACAO;TEMPO;SUPERFICIEPISTA;TIPOCRUZAMENTO;CONTROLETRAFEGO;USOSOLO;MORTOS;FERIDOS;ILESOS;AUTOMOVEL;ONIBUS;BICICLETA;CAMINHAO;MICROONIBUS;CICLOMOTOR;MOTOCICLETA;TRACAOANIMAL;TREM;LATITUDE;LONGITUDE
341971;3;3;2019;08:13;0;RUA CEL VIRGILIO NOGUEIRA (BOM JARDIM);;;1294;;Colisão;Luz do Dia;;;Meio de Quadra;;;0;2;0;1;0;0;0;0;0;1;0;0;-3,79497;-38,61076
341977;3;3;2019;09:49;0;RUA ELISEU ORIA;;;606;;Queda;Luz do Dia;;;Meio de Quadra;;;0;1;0;0;0;0;0;0;0;1;0;0;-3,794243;-38,4775255
341978;3;3;2019;09:55;0;AV GAL OSORIO DE PAIVA;;;;;Atropelamento;Luz do Dia;;;Meio de Quadra;;;0;1;0;1;0;0;0;0;0;0;0;0;;
341989;3;3;2019;10:58;0;RUA DR GILBERTO STUDART;;;1012;;Colisão;Luz do Dia;;;Meio de Quadra;;;0;1;0;1;0;1;0;0;0;0;0;0;-3,744264;-38,4789374
341990;3;3;2019;11:49;0;RUA OSCAR ARARIPE;;;519;;Queda;Luz do Dia;;;Meio de Quadra;;;0;1;0;0;0;0;0;0;0;1;0;0;-3,7881156;-38,6088945
341997;3;3;2019;14:05;5177;RUA SAO PAULO;RUA SEN POMPEU;;;;Colisão;Luz do Dia;;;Cruz;Semáforo;Comercial;0;1;0;1;0;0;0;0;0;1;0;0;-3,725486;-38,529196
341998;3;3;2019;15:01;5351;RUA GAL CLARINDO DE QUEIROZ;AV IMPERADOR;;;;Colisão;Luz do Dia;;;Cruz;Semáforo;Comercial;0;2;0;1;0;0;0;0;0;1;0;0;-3,730962;-38,535566
342000;3;3;2019;15:38;0;RUA MUNDAU;;;77;;Queda;Luz do Dia;;;Meio de Quadra;;;0;1;0;0;0;1;0;0;0;0;0;0;-3,763450409;-38,50980232
342001;3;3;2019;16:48;0;AV DR SILAS MUNGUBA;;;2672;;Colisão;Luz do Dia;;;Meio de Quadra;;;0;1;0;1;0;0;0;0;0;1;0;0;-3,7866015;-38,5497695
341993;3;3;2019;13:47;0;RUA CEL DIONISIO ALENCAR;;;;;Queda;Luz do Dia;;;Meio de Quadra;;;0;1;0;0;0;0;0;0;0;1;0;0;;
342017;3;3;2019;19:31;0;RUA STO AMARO (MUCURIPE);;;150;;Colisão;;;;Meio de Quadra;;;0;1;0;0;0;0;0;0;0;0;0;0;-3,72822;-38,46732
342018;3;3;2019;19:41;0;RUA URUCUTUBA;;;2501;;Queda;;;;Meio de Quadra;;;0;1;0;0;0;0;0;0;0;1;0;0;-3,79796;-38,61098
342019;3;3;2019;20:21;0;AV CEL CARVALHO;;;3098;;Queda;;;;Meio de Quadra;;;0;1;0;0;0;0;0;0;0;1;0;0;-3,730618471;-38,58469662
342020;3;3;2019;20:21;0;AV C CJ CEARA;;;1208;;Queda;;;;Meio de Quadra;;;0;1;0;0;0;0;0;0;0;1;0;0;-3,7848853;-38,4679542
342003;3;3;2019;17:55;0;RUA OSCAR ARARIPE;;;2480;;Atropelamento;Anoitecer;;;Meio de Quadra;;;0;1;0;0;0;0;0;0;0;1;0;0;-3,786795;-38,612966
342023;3;3;2019;20:22;0;AV SEN FERNANDES TAVORA;;;957;;Colisão;;;;Meio de Quadra;;;0;1;0;1;0;0;0;0;0;1;0;0;-3,7625856;-38,5814222
342010;3;3;2019;18:08;0;AV PERIMETRAL;;;;;Colisão;Anoitecer;;;Meio de Quadra;;;0;1;0;1;0;0;0;0;0;1;0;0;;
342035;3;3;2019;23:24;0;AV OLIVEIRA PAIVA;;;;;Colisão;;;;Meio de Quadra;;;0;1;0;0;0;0;0;0;0;0;0;0;;
342033;3;3;2019;23:07;0;RUA PRO HERIBALDO COSTA;;;709;;Colisão;;;;Meio de Quadra;;;0;1;0;1;0;0;0;0;0;1;0;0;-3,759149;-38,5833524
342025;3;3;2019;21:09;0;AV COS GOMES DE FREITAS (SAPIRANGA/COITE);;;;;Atropelamento;;;;Meio de Quadra;;;0;1;0;0;0;0;0;0;0;1;0;0;;
342027;3;3;2019;21:20;10863;RUA PRO HERIBALDO COSTA;RUA PORTO VELHO;;;;Colisão;;;;Cruz;Semáforo;Residencial;0;1;0;1;0;0;0;0;0;1;0;0;-3,765974;-38,587014
342028;3;3;2019;21:29;0;RUA JULIO SILVA;;;440;;Colisão;;;;Meio de Quadra;;;0;1;0;0;0;0;0;0;0;0;0;0;-3,74537;-38,45462
342029;3;3;2019;22:07;0;AV GAL OSORIO DE PAIVA;;;5265;;Colisão;;;;Meio de Quadra;;;0;2;0;1;0;0;0;0;0;1;0;0;-3,803523625;-38,60091588
339613;3;3;2019;01:30;0;RD CE-040;;;;KM-10;Choque c/ Obstáculo Fixo;;;;Meio de Quadra;;;0;0;1;1;0;0;0;0;0;0;0;0;-3,84257666;-38,48088284
339041;4;3;2019;00:00;10863;RUA PORTO VELHO;RUA PRO HERIBALDO COSTA;;;;Colisão Transversal;Via Iluminada;Bom;Molhada;Cruz;Semáforo;Residencial;0;1;1;1;0;0;0;0;0;1;0;0;-3,765974;-38,587014
342048;4;3;2019;09:30;0;AV GODOFREDO MACIEL;;;3255;;Colisão;Luz do Dia;;;Meio de Quadra;;;0;1;0;0;0;0;0;0;0;0;0;0;-3,804088;-38,572296
342037;4;3;2019;03:08;0;RUA DOM QUINTINO;;;723;;Atropelamento;;;;Meio de Quadra;;;0;1;0;0;0;0;0;0;0;1;0;0;-3,7106334;-38,5568545
342039;4;3;2019;04:50;0;RUA POMPILIO GOMES;;;203;;Queda;;;;Meio de Quadra;;;0;1;0;0;0;0;0;0;0;1;0;0;-3,8122777;-38,5202522
342040;4;3;2019;06:00;0;RUA JOAQUIM FROTA;;;1576;;Queda;Luz do Dia;;;Meio de Quadra;;;0;1;0;0;0;0;0;0;0;1;0;0;-3,80061;-38,46418
342041;4;3;2019;06:45;0;AV JOSE BASTOS;;;4400;;Colisão;Luz do Dia;;;Meio de Quadra;;;0;2;0;1;0;0;0;0;0;1;0;0;-3,75526;-38,5557415
342058;4;3;2019;17:58;0;AV RUI BARBOSA;;;;;Colisão;Anoitecer;;;Meio de Quadra;;;0;1;0;0;0;0;0;0;0;1;0;0;;
342044;4;3;2019;07:24;9155;AV LUCIANO CARNEIRO;AV EDUARDO GIRAO;;;;Queda;Luz do Dia;;;Cruz;Semáforo;Comercial;0;1;0;0;0;1;0;0;0;0;0;0;-3,752275;-38,532811
342052;4;3;2019;13:36;0;RUA SEN POMPEU;;;1481;;Atropelamento;Luz do Dia;;;Meio de Quadra;;;0;1;0;1;0;0;0;0;0;0;0;0;-3,731598667;-38,53104533
342053;4;3;2019;15:08;0;RUA VALPARAISO;;;;;Queda;Luz do Dia;;;Meio de Quadra;;;0;1;0;0;0;0;0;0;0;1;0;0;;
342054;4;3;2019;16:33;0;RUA COSTA BARROS;;;940;;Colisão;Luz do Dia;;;Meio de Quadra;;;0;1;0;1;0;0;0;0;0;1;0;0;-3,729449;-38,514331
342055;4;3;2019;17:21;0;AV JOR THOMAZ COELHO;;;;;Colisão;Anoitecer;;;Meio de Quadra;;;0;1;0;1;0;0;0;0;0;1;0;0;;
342076;4;3;2019;19:42;0;AV PRO JOSE ARTHUR CARVALHO;;;2211;;Colisão;;;;Meio de Quadra;;;0;1;0;1;0;0;0;0;0;1;0;0;-3,824517;-38,459224
342070;4;3;2019;18:20;3863;AV DOS EXPEDICIONARIOS;AV 13 DE MAIO;;;;Queda;Anoitecer;;;;;;0;1;0;0;0;0;0;0;0;1;0;0;-3,7444587;-38,534947
342074;4;3;2019;19:02;0;RUA HENRIQUE DE CASTRO;;;43;;Queda;;;;Meio de Quadra;;;0;1;0;0;0;0;0;0;0;1;0;0;-3,776779038;-38,50194704
342117;4;3;2019;19:47;0;RUA PERGENTINO MAIA;;;272;;Colisão;;;;Meio de Quadra;;;0;1;0;1;0;0;0;0;0;0;0;0;-3,83094;-38,4922635
342120;4;3;2019;19:59;0;RUA JULIO SILVA;;;440;;Queda;;;;Meio de Quadra;;;0;1;0;0;0;1;0;0;0;0;0;0;-3,74537;-38,45462
342121;4;3;2019;21:46;1294;RUA TORRES CAMARA;RUA CARLOS VASCONCELOS;;;;Colisão;;;;Cruz;Semáforo;Comercial;0;1;0;1;0;0;0;0;0;1;0;0;-3,734251;-38,511204
342124;4;3;2019;22:02;0;AV GAL OSORIO DE PAIVA;;;2955;;Colisão;;;;Meio de Quadra;;;0;1;0;0;0;0;0;0;0;0;0;0;-3,789256;-38,587028
342125;4;3;2019;23:57;0;RUA CARLOS VASCONCELOS;;;1615;;Colisão;;;;Meio de Quadra;;;0;1;0;1;0;0;0;0;0;1;0;0;-3,736251;-38,511844
340492;4;3;2019;02:32;15209;RUA NUNES VALENTE;RUA SILVA JATAHY;;0;;Colisão Transversal;Via Iluminada;Chuva;Molhada;Cruz;Pare;Residencial;0;0;2;1;0;0;0;0;0;0;0;0;-3,726754;-38,500705
340493;4;3;2019;12:00;21397;AV DES GONZAGA;RUA JOAOZITO ARRUDA;;0;;Colisão Traseira;Luz do Dia;Bom;Seca;Rotatória;Dê Preferência;Residencial;0;0;2;0;0;0;0;0;0;0;0;0;-3,801496;-38,496964
340495;4;3;2019;19:34;6914;AV CONTORNO NORTE D71;RUA 113 CJ ESPERANCA;;;;Colisão Traseira;Via Iluminada;Bom;Seca;Cruz;Pare;Comercial;0;1;1;1;0;0;0;0;0;1;0;0;-3,809508;-38,591748
340496;4;3;2019;17:45;0;AV HIS RAIMUNDO GIRAO;;;0;;Colisão Traseira;Luz do Dia;Bom;Seca;Meio de Quadra;Não Há Controle;Comercial;0;2;0;0;0;0;0;0;0;1;0;0;;
340497;5;3;2019;02:35;1359;RUA CARLOS VASCONCELOS;RUA JOAO CARVALHO;;0;;Colisão Transversal;Via Iluminada;Nublado;Molhada;Cruz;Pare;Comercial;0;0;1;1;0;0;0;0;0;1;0;0;-3,736251;-38,511844
340498;5;3;2019;08:51;0;RUA CESAR FONTENELE;;;187;;Colisão Frontal;Luz do Dia;Chuva;Molhada;Cruz;Pare;Residencial;0;1;1;1;1;0;0;0;0;0;0;0;-3,746046452;-38,55816535
340499;5;3;2019;11:40;0;RUA FAUSTO CABRAL;;;925;;Colisão Lateral;Luz do Dia;Bom;Seca;Meio de Quadra;Semáforo;Residencial;0;1;1;0;1;0;0;0;0;1;0;0;-3,734695745;-38,47285617
340500;5;3;2019;16:05;12764;AV BORGES DE MELO;RUA VICOSA;;0;;Colisão Transversal;Luz do Dia;Bom;Seca;T;Não Há Controle;Escola;0;0;1;0;1;1;0;0;0;0;0;0;-3,752803;-38,538876
340501;5;3;2019;19:34;5504;RUA PDE VALDEVINO;RUA JOAO CORDEIRO;;;;Não Informado;Via Iluminada;Nublado;Seca;Cruz;Semáforo;Residencial;0;0;2;1;1;0;0;0;0;0;0;0;-3,738896;-38,51755
340016;5;3;2019;23:30;0;RD BR 116;;;2000;KM-02;Atropelamento;;;;Meio de Quadra;;;0;2;0;0;0;0;0;0;0;1;0;0;-3,771391;-38,51678
342126;5;3;2019;00:16;0;AV JOSE BASTOS;;;;;Colisão;;;;Meio de Quadra;;;0;1;0;1;0;0;0;0;0;1;0;0;;
342128;5;3;2019;07:44;344;RUA CESAR FONTENELE;RUA PEDRO DE QUEIROZ;;;;Colisão;Luz do Dia;;;Cruz;Pare;Misto;0;2;0;0;0;0;0;0;0;0;0;0;-3,74612;-38,558516
342129;5;3;2019;07:57;0;RD CE-060;;;5391;;Colisão;Luz do Dia;;;Meio de Quadra;;;0;1;0;0;0;0;0;0;0;0;0;0;;
342130;5;3;2019;09:03;0;RUA PDE PEDRO DE ALENCAR;;;1620;;Colisão;Luz do Dia;;;Meio de Quadra;;;0;1;0;1;0;0;0;0;0;1;0;0;-3,842251;-38,494322
342131;5;3;2019;10:14;0;RUA CHILE;;;635;;Atropelamento;Luz do Dia;;;Meio de Quadra;;;0;2;0;0;0;0;0;0;0;1;0;0;-3,748015333;-38,56729467
342132;5;3;2019;10:41;0;AV MR HULL;;;;;Atropelamento;Luz do Dia;;;Meio de Quadra;;;0;1;0;1;0;0;0;0;0;0;0;0;;
342133;5;3;2019;13:55;0;AV JOSE TAVARES;;;;;Queda;Luz do Dia;;;Meio de Quadra;;;0;1;0;0;0;0;0;0;0;1;0;0;;
342134;5;3;2019;14:07;0;AV BORGES DE MELO;;;125;;Colisão;Luz do Dia;;;Meio de Quadra;;;0;1;0;0;1;1;0;0;0;0;0;0;-3,752803;-38,538876
342135;5;3;2019;14:56;0;AV DR SILAS MUNGUBA;;;;;Outros;Luz do Dia;;;Meio de Quadra;;;0;1;0;0;0;0;0;0;0;0;0;0;;
342136;5;3;2019;15:19;0;AV PRS COSTA E SILVA;;;;;Atropelamento;Luz do Dia;;;Meio de Quadra;;;0;1;0;0;0;0;0;0;0;1;0;0;;
342137;5;3;2019;15:21;0;AV DR SILAS MUNGUBA;;;5575;;Colisão;Luz do Dia;;;Meio de Quadra;;;0;2;0;0;0;0;0;0;0;0;0;0;-3,8015196;-38,5298044
342138;5;3;2019;15:52;0;AV LAURO VIEIRA CHAVES;;;;;Queda;Luz do Dia;;;Meio de Quadra;;;0;1;0;0;0;0;0;0;0;1;0;0;;
342139;5;3;2019;16:03;6952;AV CONTORNO NORTE D71;RUA 102 CJ ESPERANCA;;;;Colisão;Luz do Dia;;;;;;0;1;0;1;0;0;0;0;0;1;0;0;-3,813224;-38,588347
342140;5;3;2019;18:51;0;AV GODOFREDO MACIEL;;;2575;;Colisão;;;;Meio de Quadra;;;0;1;0;1;0;0;0;0;0;1;0;0;-3,7982952;-38,5704756
342141;5;3;2019;19:30;0;AV SANTOS DUMONT;;;6870;;Queda;;;;Meio de Quadra;;;0;1;0;0;0;0;0;0;0;1;0;0;-3,744803158;-38,47178989
342142;5;3;2019;19:41;0;AV SEN CARLOS JEREISSATI (AEROPORTO);;;777;;Atropelamento;;;;Meio de Quadra;;;0;1;0;1;0;0;0;0;0;0;0;0;;
342153;5;3;2019;20:37;12558;RUA CARLOS GONDIM;RUA ANTONIO ARRUDA;;;;Colisão;;;;Cruz;;Residencial;0;1;0;0;0;0;0;0;0;0;0;0;-3,719958;-38,593953
342158;5;3;2019;23:59;1260;RUA COSTA BARROS;RUA JOSE VILAR;;;;Queda;;;;Cruz;Semáforo;Comercial;0;1;0;0;0;0;0;0;0;1;0;0;-3,732908;-38,503746
339042;5;3;2019;03:00;0;RUA MON BRUNO;;;233;;Colisão Lateral;Via Iluminada;Chuva;Molhada;Meio de Quadra;Não Há Controle;Residencial;0;0;2;1;1;0;0;0;0;0;0;0;-3,7242298;-38,5067535
339614;5;3;2019;07:00;0;RD CE-040;;;;KM-09;Outros;Luz do Dia;;;Meio de Quadra;;;0;0;1;0;0;0;0;0;0;1;0;0;-3,834450897;-38,48246582
339617;5;3;2019;20:00;0;AV SEN CARLOS JEREISSATI (AEROPORTO);;;;KM 03;Atropelamento;;;;Meio de Quadra;;;0;1;1;1;0;0;0;0;0;0;0;0;-3,779641;-38,544038
339619;6;3;2019;11:37;0;AV SEN CARLOS JEREISSATI (AEROPORTO);;;;KM 03;;Luz do Dia;;;Meio de Quadra;;;0;0;2;1;0;0;0;0;0;0;0;0;-3,779641;-38,544038
339620;6;3;2019;13:20;0;RD CE-040;;;;KM-05;Colisão;Luz do Dia;;;Meio de Quadra;;;0;0;2;1;1;0;0;0;0;0;0;0;-3,800595823;-38,47953463
339043;6;3;2019;21:50;3881;RUA MAL DEODORO;RUA ADOLFO HERBSTER;;;;Atropelamento;Via Iluminada;Bom;Seca;T;Pare;Residencial;0;1;1;1;0;0;0;0;0;0;0;0;-3,746705;-38,538213
339044;6;3;2019;01:20;11836;RUA JACINTO MATOS;RUA MON DANTAS;;;;Colisão Lateral;Via Iluminada;Bom;Molhada;Cruz;Pare;Residencial;0;0;2;1;0;0;0;0;0;0;0;0;-3,719714;-38,5468
342159;6;3;2019;03:04;0;AV TRISTAO GONCALVES;;;1023;;Atropelamento;;;;Meio de Quadra;;;0;1;0;0;0;0;0;0;0;0;0;0;-3,7304;-38,534196
342160;6;3;2019;11:04;5394;RUA METON DE ALENCAR;AV TRISTAO GONCALVES;;;;Queda;Luz do Dia;;;Cruz;Semáforo;Comercial;0;1;0;0;0;0;0;0;0;1;0;0;-3,732327;-38,534777
342162;6;3;2019;11:57;26077;AV DUQ CAXIAS;AV JOSE JATAHY;;;;Colisão;Luz do Dia;;;Cruz;Semáforo;Comercial;0;1;0;0;0;0;0;0;0;0;0;0;-3,72667;-38,5455663
342203;6;3;2019;16:23;0;RUA ANTONIO GADELHA;;;;;Colisão;Luz do Dia;;;Meio de Quadra;;;0;2;0;0;0;0;0;0;0;1;0;0;;
342187;6;3;2019;14:29;0;RUA ALM RUBIM;;;1793;;Colisão;Luz do Dia;;;Meio de Quadra;;;0;1;0;1;0;0;0;0;0;1;0;0;-3,773259;-38,55747
342188;6;3;2019;15:07;0;AV LAURO VIEIRA CHAVES;;;1030;;Colisão;Luz do Dia;;;Meio de Quadra;;;0;1;0;0;0;0;0;0;0;0;0;0;-3,7720125;-38,536867
342211;6;3;2019;23:26;0;RUA DIOGO CORREIA;;;611;;Choque c/ Obstáculo Fixo;;;;Meio de Quadra;;;0;1;0;0;0;0;0;0;0;1;0;0;-3,769101377;-38,59100933
342208;6;3;2019;18:17;0;AV BEZERRA DE MENEZES;;;1696;;Queda;Anoitecer;;;Meio de Quadra;;;0;1;0;0;0;1;0;0;0;0;0;0;-3,734677;-38,55974
342209;6;3;2019;22:48;0;RUA PAULO FIRMEZA;;;504;;Colisão;;;;Meio de Quadra;;;0;1;0;1;0;0;0;0;0;1;0;0;-3,757336;-38,51512545
342192;6;3;2019;15:23;5483;RUA BARBARA DE ALENCAR;RUA NOGUEIRA ACIOLI;;;;Colisão;Luz do Dia;;;Cruz;Pare;Residencial;0;1;0;0;0;1;0;0;0;0;0;0;-3,73639;-38,518995
342205;6;3;2019;16:26;0;AV GAL OSORIO DE PAIVA;;;6399;;Atropelamento;Luz do Dia;;;Meio de Quadra;;;0;1;0;1;0;0;0;0;0;0;0;0;-3,8088987;-38,6059711
342173;6;3;2019;13:00;0;AV OLIVEIRA PAIVA;;;;;Colisão;Luz do Dia;;;Meio de Quadra;;;0;1;0;1;0;0;0;0;0;1;0;0;;
340018;6;3;2019;16:30;0;RD BR 116;;;3000;KM-03;Atropelamento;Luz do Dia;;;Meio de Quadra;;;0;2;0;0;0;0;0;0;0;1;0;0;-3,779838;-38,514372
340502;6;3;2019;10:29;5346;AV SANTOS DUMONT;RUA JOAO CORDEIRO;;0;;Queda;Luz do Dia;Chuva;Molhada;Cruz;Semáforo;Comercial;0;0;1;1;0;0;0;0;0;0;0;0;-3,730878;-38,514781
340503;6;3;2019;16:08;0;RUA OSVALDO CRUZ;RUA DES LEITE ALBUQUERQUE;;0;;Não Informado;Luz do Dia;Chuva;Molhada;Cruz;Pare;Comercial;0;0;2;1;1;0;0;0;0;0;0;0;-3,7366184;-38,5006337
340504;6;3;2019;16:21;1525;AV PDE ANTONIO TOMAS;RUA BARBOSA DE FREITAS;;;;Colisão Traseira;Luz do Dia;Bom;Seca;Cruz;Semáforo;Comercial;0;3;1;0;0;0;0;0;0;1;0;0;-3,740495;-38,498619
340505;7;3;2019;08:10;0;RUA COSTA FREIRE;;;927;;Colisão Lateral;Luz do Dia;Bom;Molhada;Meio de Quadra;Não Há Controle;Residencial;0;0;2;1;0;0;0;0;0;0;0;0;-3,788309167;-38,58105133
340506;7;3;2019;16:15;0;RUA RAUL CABRAL;;;113;;Colisão Lateral;Luz do Dia;Nublado;Molhada;Meio de Quadra;Não Há Controle;Comercial;0;2;1;1;0;0;0;0;0;1;0;0;-3,770595667;-38,53929667
340507;7;3;2019;19:40;0;AV JULIO VENTURA;;;2267;;Colisão Lateral;Via Iluminada;Bom;Seca;Meio de Quadra;Não Há Controle;Comercial;0;1;1;1;0;0;0;0;0;1;0;0;-3,7403338;-38,504898
340508;7;3;2019;20:55;0;RUA PRO PAULO LOPES;;;753;;Colisão Frontal;Via Iluminada;Bom;Seca;Meio de Quadra;Não Há Controle;Residencial;0;2;0;0;0;0;0;0;0;1;0;0;-3,754595;-38,589198
340510;7;3;2019;19:45;0;AV FRANCISCO SA;;;5941;;Colisão Lateral;Via Iluminada;Bom;Seca;Meio de Quadra;Não Há Controle;Residencial;0;0;2;1;1;0;0;0;0;0;0;0;-3,7107332;-38,576958
340517;7;3;2019;21:48;5439;RUA COS TRISTAO;RUA GAL CLARINDO DE QUEIROZ;;;;Colisão Lateral;Via Iluminada;Bom;Seca;Cruz;Semáforo;Residencial;0;1;1;0;1;0;0;0;0;1;0;0;-3,734367;-38,525038
340965;7;3;2019;06:40;0;RD BR 116;;;14000;KM-14;Queda;Luz do Dia;;;Meio de Quadra;;;0;1;0;0;0;0;0;0;0;1;0;0;-3,873523;-38,499242
341064;7;3;2019;19:00;0;RD BR 116;;;3000;KM-03;Colisão;;;;Meio de Quadra;;;0;2;0;1;0;0;0;0;0;1;0;0;-3,779838;-38,514372
342212;7;3;2019;06:43;0;AV SEN FERNANDES TAVORA;;;2433;;Atropelamento;Luz do Dia;;;Meio de Quadra;;;0;1;0;0;0;0;0;0;0;0;0;0;-3,755953;-38,593889
342213;7;3;2019;06:50;0;AV MOZART PINHEIRO DE LUCENA;;;1833;;Colisão;Luz do Dia;;;Meio de Quadra;;;0;1;0;0;0;0;0;0;0;0;0;0;-3,718701;-38,595801
342236;7;3;2019;17:57;0;RUA NOGUEIRA ACIOLI;;;183;;Queda;Anoitecer;;;Meio de Quadra;;;0;1;0;0;0;0;0;0;0;1;0;0;-3,725650348;-38,515519
342237;7;3;2019;18:19;0;RUA VIA LACTEA;;;;;Queda;Anoitecer;;;Meio de Quadra;;;0;1;0;0;0;0;0;0;0;1;0;0;;
342221;7;3;2019;08:27;315;RUA GAL PIRAGIBE;RUA NESTOR BARBOSA;;;;Colisão;Luz do Dia;;;Cruz;Pare;Residencial;0;1;0;0;0;0;0;0;0;0;0;0;-3,744282;-38,556613
342215;7;3;2019;06:50;0;AV B CJ HAB ST SAO JOAO;;;922;;Colisão;Luz do Dia;;;Meio de Quadra;;;0;1;0;0;0;0;0;0;0;0;0;0;-3,7691806;-38,6078406
342216;7;3;2019;07:06;0;AV PRS COSTA E SILVA;;;;;Colisão;Luz do Dia;;;Meio de Quadra;;;0;1;0;0;0;0;0;0;0;0;0;0;;
342217;7;3;2019;07:06;0;AV MR HULL;;;;;Queda;Luz do Dia;;;Meio de Quadra;;;0;1;0;0;0;0;0;0;0;1;0;0;;
342218;7;3;2019;07:31;0;AV BAR STUDART;;;1020;;Colisão;Luz do Dia;;;Meio de Quadra;;;0;1;0;0;0;0;0;0;0;1;0;0;-3,733238857;-38,50617057
342219;7;3;2019;07:33;0;AV ALBERTO CRAVEIRO;;;;;Colisão;Luz do Dia;;;Meio de Quadra;;;0;1;0;0;0;0;0;0;0;0;0;0;;
342224;7;3;2019;09:19;0;AV PERIMETRAL;;;1720;;Atropelamento;Luz do Dia;;;Meio de Quadra;;;0;1;0;0;0;0;0;0;0;0;0;0;;
342225;7;3;2019;12:52;0;RUA CEL QUEIROZ;;;;;Colisão;Luz do Dia;;;Meio de Quadra;;;0;1;0;1;0;0;0;0;0;1;0;0;;
342226;7;3;2019;13:38;0;AV MR HULL;;;;;Colisão;Luz do Dia;;;Meio de Quadra;;;0;1;0;0;0;0;0;0;0;0;0;0;;
342227;7;3;2019;13:55;0;AV DOMINGOS OLIMPIO;;;1071;;Colisão;Luz do Dia;;;Meio de Quadra;;;0;1;0;1;0;0;0;0;0;1;0;0;-3,735847;-38,53336
342228;7;3;2019;14:32;0;RUA TEREZA CRISTINA;;;1495;;Queda;Luz do Dia;;;Meio de Quadra;;;0;1;0;0;0;0;0;0;0;1;0;0;-3,733905;-38,53882825
342229;7;3;2019;16:31;10749;RUA PRO HERIBALDO COSTA;AV SEN FERNANDES TAVORA;;;;Colisão;Luz do Dia;;;Cruz;Semáforo;Comercial;0;1;0;1;0;0;0;0;0;1;0;0;-3,761006;-38,584384
342230;7;3;2019;16:32;0;AV JOSE BASTOS;;;;;Colisão;Luz do Dia;;;Meio de Quadra;;;0;1;0;1;0;0;0;0;0;1;0;0;;
342231;7;3;2019;16:55;0;AV ENG LEAL LIMA VERDE (SAPIRANGA/COITE);;;653;;Colisão;Luz do Dia;;;Meio de Quadra;;;0;1;0;1;0;0;0;0;0;1;0;0;-3,794195571;-38,47584757
342232;7;3;2019;17:29;0;RD BR 116;;;;;Colisão;Anoitecer;;;Meio de Quadra;;;0;1;0;1;0;0;0;0;0;1;0;0;;
342233;7;3;2019;17:51;0;RUA GRACA ARANHA;;;628;;Queda;Anoitecer;;;Meio de Quadra;;;0;1;0;0;0;0;0;0;0;1;0;0;-3,710608583;-38,57401496
342234;7;3;2019;17:53;0;RUA L CJ VILA VELHA;;;833;;Queda;Anoitecer;;;Meio de Quadra;;;0;1;0;0;0;1;0;0;0;0;0;0;-3,8018;-38,5422321
342242;7;3;2019;22:45;0;RUA COSTA BARROS;;;733;;Colisão;;;;Meio de Quadra;;;0;1;0;0;0;0;0;0;0;0;0;0;-3,7284606;-38,5174282
339323;7;3;2019;18:40;0;RUA RECANTO VERDE;;;1716;;Colisão Frontal;Via Iluminada;Nublado;;Meio de Quadra;;Lazer;2;0;0;0;0;0;0;0;0;1;0;0;-3,8416095;-38,5128357
339621;7;3;2019;06:20;0;RD CE-060;;;;KM-02;Colisão;Luz do Dia;;;Meio de Quadra;;;0;0;2;1;0;0;0;0;0;0;0;0;-3,834064;-38,582111
339622;7;3;2019;13:00;0;AV WASHINGTON SOARES;;;;;Capotamento;Luz do Dia;;;Meio de Quadra;;;0;0;1;0;0;0;0;0;0;0;0;0;;
339623;7;3;2019;16:10;0;RD CE-025;;;;KM-01;Colisão;Luz do Dia;;;Meio de Quadra;;;0;0;2;0;0;0;1;0;0;0;0;0;-3,807811443;-38,4700486
339628;7;3;2019;15:30;0;RD CE-040;;;;KM-07;Colisão;Luz do Dia;;;Meio de Quadra;;;0;0;2;1;0;0;0;0;0;0;0;0;-3,817159445;-38,48303286
339347;8;3;2019;09:10;10464;AV I CJ CEARA;RUA SAO JOAO D34 (BONSUCESSO);;;;Colisão Lateral;Luz do Dia;;;Cruz;Pare;Comercial;0;0;1;1;0;0;0;0;0;0;0;0;-3,770213;-38,597538
339372;8;3;2019;08:15;10726;RUA PRO HERIBALDO COSTA;RUA CURITIBA;;;;Colisão Lateral;Luz do Dia;;;;;;0;2;0;1;0;0;1;0;0;0;0;0;-3,759992;-38,583853
342243;8;3;2019;06:01;0;RUA CAP URUGUAI D46;;;650;;Capotamento;Luz do Dia;;;Meio de Quadra;;;0;1;0;1;0;0;0;0;0;0;0;0;-3,766472848;-38,51264038
342245;8;3;2019;06:06;0;AV OLIVEIRA PAIVA;;;1591;;Atropelamento;Luz do Dia;;;Meio de Quadra;;;0;1;0;0;0;0;0;0;0;0;0;0;-3,795721;-38,492158
342263;8;3;2019;08:45;0;AV FRE CIRILO;;;3810;;Queda;Luz do Dia;;;Meio de Quadra;;;0;1;0;0;0;0;0;0;0;1;0;0;-3,81740429;-38,49737045
342264;8;3;2019;08:49;0;RUA BAR RIO BRANCO;;;1816;;Colisão;Luz do Dia;;;Meio de Quadra;;;0;1;0;1;0;0;0;0;0;1;0;0;-3,734707;-38,530891