COD_ACIDENTE;DIA;MES;ANO;HORA;INTERSECAO;LOG1;LOG2;LOG3;NUMERO;REFERENCIA;NATUREZA;ILUMINACAO;TEMPO;SUPERFICIEPISTA;TIPOCRUZAMENTO;CONTROLETRAFEGO;USOSOLO;MORTOS;FERIDOS;ILESOS;AUTOMOVEL;ONIBUS;BICICLETA;CAMINHAO;MICROONIBUS;CICLOMOTOR;MOTOCICLETA;TRACAOANIMAL;TREM;LATITUDE;LONGITUDE
342248;8;3;2019;06:16;0;RUA BATISTA DE OLIVEIRA;;;5885;;Colisão;Luz do Dia;;;Meio de Quadra;;;0;1;0;1;0;0;0;0;0;1;0;0;;
342249;8;3;2019;07:11;0;RUA PEDRO DANTAS;;;26;;Colisão;Luz do Dia;;;Meio de Quadra;;;0;1;0;0;0;0;0;0;0;0;0;0;-3,786753;-38,51722
342254;8;3;2019;07:39;0;AV BENJAMIM BRASIL;;;1080;;Colisão;Luz do Dia;;;Meio de Quadra;;;0;1;0;1;0;0;0;0;0;1;0;0;-3,8054;-38,56522
342266;8;3;2019;09:11;0;RUA ANSELMO NOGUEIRA;;;580;;Atropelamento;Luz do Dia;;;Meio de Quadra;;;0;1;0;0;0;0;0;0;0;1;0;0;-3,783412525;-38,58783931
342268;8;3;2019;09:30;0;RUA MONTE PASCOAL;;;246;;Colisão;Luz do Dia;;;Meio de Quadra;;;0;1;0;1;0;0;0;0;0;1;0;0;-3,7486392;-38,481013
342269;8;3;2019;10:04;0;RUA JULIO CESAR D12;;;1735;;Colisão;Luz do Dia;;;Meio de Quadra;;;0;1;0;1;0;1;0;0;0;0;0;0;-3,757084632;-38,54886674
342270;8;3;2019;10:22;0;RUA EDUARDO BEZERRA;;;571;;Colisão;Luz do Dia;;;Meio de Quadra;;;0;1;0;1;0;0;0;0;0;0;0;0;-3,75403;-38,515838
342271;8;3;2019;12:31;0;RUA TAB FABIAO;;;220;;Queda;Luz do Dia;;;Meio de Quadra;;;0;1;0;0;0;0;0;0;0;1;0;0;-3,733747277;-38,56638661
342272;8;3;2019;16:21;0;AV GAL OSORIO DE PAIVA;;;5840;;Queda;Luz do Dia;;;Meio de Quadra;;;0;1;0;0;0;0;0;0;0;1;0;0;-3,8073815;-38,6046535
342273;8;3;2019;16:40;0;RUA JULIO SILVA;;;440;;Colisão;Luz do Dia;;;Meio de Quadra;;;0;1;0;1;0;0;0;0;0;1;0;0;-3,74537;-38,45462
342274;8;3;2019;18:05;0;AV PRS CASTELO BRANCO;;;2340;;Colisão;Anoitecer;;;Meio de Quadra;;;0;1;0;1;0;0;0;0;0;1;0;0;-3,713638149;-38,54884338
342275;8;3;2019;19:01;0;RUA OSCAR FRANCA;;;428;;Colisão;;;;Meio de Quadra;;;0;1;0;1;0;0;0;0;0;1;0;0;-3,793127286;-38,59591314
342276;8;3;2019;19:12;0;AV ANTONIO SALES;;;2850;;Queda;;;;Meio de Quadra;;;0;1;0;0;0;1;0;0;0;0;0;0;-3,746656;-38,498468
342277;8;3;2019;19:34;0;RUA EUCLIDES O DE SOUSA;;;905;;Colisão;;;;Meio de Quadra;;;0;2;0;1;0;0;0;0;0;1;0;0;-3,797565;-38,472133
342278;8;3;2019;22:08;0;RUA ESPIRITO SANTO;;;918;;Queda;;;;Meio de Quadra;;;0;1;0;0;0;0;0;0;0;1;0;0;-3,756095;-38,570182
342279;8;3;2019;22:49;0;AV VIS RIO BRANCO;;;68;;Colisão;;;;Meio de Quadra;;;0;1;0;1;0;0;0;0;0;1;0;0;-3,73417;-38,52447
342280;8;3;2019;22:53;0;RUA ARGENTINO P TORRES;;;301;;Atropelamento;;;;Meio de Quadra;;;0;1;0;0;0;0;0;0;0;1;0;0;-3,8159216;-38,5362609
342281;8;3;2019;23:01;0;AV AUGUSTO DOS ANJOS;;;1446;;Atropelamento;;;;Meio de Quadra;;;0;1;0;0;0;0;0;0;0;0;0;0;-3,779412;-38,578496
342282;8;3;2019;23:02;0;AV A CJ ESPERANCA;;;;;Queda;;;;Meio de Quadra;;;0;1;0;0;0;0;0;0;0;1;0;0;;
342283;8;3;2019;23:51;0;AV FRANCISCO SA;;;6043;;Atropelamento;;;;Meio de Quadra;;;0;1;0;1;0;0;0;0;0;0;0;0;-3,7098206;-38,5794808
341085;8;3;2019;07:08;0;RD BR 116;;;3000;KM-03;Colisão Traseira;Luz do Dia;;;Meio de Quadra;;;0;3;0;1;0;0;0;0;0;0;0;0;-3,779838;-38,514372
341136;8;3;2019;07:20;0;RD BR 116;;;10000;KM-10;Colisão Traseira;Luz do Dia;;;Meio de Quadra;;;0;3;0;1;0;0;0;0;0;1;0;0;-3,834435;-38,503373
340511;8;3;2019;07:40;0;AV BERNARDO MANUEL;RUA NOVE UI 211;AV N CJ JOSE WALTER;10261;;Colisão Lateral;Luz do Dia;Nublado;Seca;Meio de Quadra;Pare;Comercial;0;3;2;1;1;0;0;0;0;1;0;0;-3,8088606;-38,5544508
340512;8;3;2019;08:38;12534;AV MAJ ASSIS;RUA MARIO CAMPOS;;;;Colisão Transversal;Luz do Dia;Nublado;Molhada;Cruz;Pare;Residencial;0;1;1;1;0;0;0;0;0;1;0;0;-3,723672;-38,58765
340513;8;3;2019;09:38;23618;AV SGT HERMINIO SAMPAIO;RUA PRO JOAQUIM ANTONIO;;;;Colisão Transversal;Luz do Dia;Bom;Seca;T;Pare;Comercial;0;1;1;0;0;0;0;0;0;1;0;0;-3,726971;-38,563905
340514;8;3;2019;15:20;0;RUA CEL LINHARES;;;1840;;Colisão Transversal;Luz do Dia;Nublado;Seca;Meio de Quadra;Não Há Controle;Residencial;0;0;2;1;0;0;0;0;0;1;0;0;-3,742938;-38,4961835
340515;8;3;2019;19:50;0;AV BEZERRA DE MENEZES;;;2450;;Colisão Lateral;Via Iluminada;Bom;Seca;Meio de Quadra;Não Há Controle;Comercial;0;0;2;1;0;0;0;0;0;0;0;0;-3,736046;-38,566246
340516;9;3;2019;08:01;3860;AV 13 DE MAIO;AV DA UNIVERSIDADE;;0;;Colisão Frontal;Luz do Dia;Chuva;Molhada;Cruz;Semáforo;Escola;0;0;1;1;1;0;0;0;0;0;0;0;-3,740962;-38,539107
340520;9;3;2019;14:28;20042;AV ALBERTO CRAVEIRO;AV DR SILAS MUNGUBA;;;;Colisão Transversal;Luz do Dia;Nublado;Seca;Rotatória;Dê Preferência;Comercial;0;2;1;0;1;0;0;0;0;1;0;0;-3,807229;-38,524782
340529;9;3;2019;14:40;0;RUA VALPARAISO;;;1640;;Colisão Lateral;Luz do Dia;Nublado;Seca;T;Não Há Controle;Residencial;0;1;1;1;0;0;0;0;0;1;0;0;-3,840041659;-38,53085893
340518;9;3;2019;20:24;19205;RUA CESAR FONSECA;RUA JOAQUIM LIMA;;0;;Colisão Lateral;Via Iluminada;Bom;Seca;T;Pare;Residencial;0;0;2;1;1;0;0;0;0;0;0;0;-3,743485;-38,473065
342038;9;3;2019;22:51;25073;AV DOS EXPEDICIONARIOS;RUA STA LUZIA;;;;Colisão;;;;Cruz;Não Há Controle;Comercial;0;1;1;1;0;0;0;0;0;1;0;0;-3,760177;-38,539744
342030;9;3;2019;20:45;0;AV FLAMBOYANTS;;;136;;Colisão;;;;Meio de Quadra;;;0;1;1;1;0;0;0;0;0;1;0;0;-3,749924924;-38,47540868
342031;9;3;2019;21:14;2356;RUA SEN ROBERT KENNEDY;RUA ESTEVAO DE CAMPOS;;;;Colisão;;;;Cruz;Pare;Residencial;0;1;1;0;0;0;0;0;0;1;0;0;-3,705131;-38,579516
342026;9;3;2019;17:42;0;AV SANTOS DUMONT;;;6945;;Colisão;Anoitecer;;;Meio de Quadra;;;0;1;1;1;0;0;0;0;0;1;0;0;-3,745108854;-38,47085558
342034;9;3;2019;22:18;0;AV DR SILAS MUNGUBA;;;1555;;Colisão;;;;Meio de Quadra;;;0;2;0;1;0;0;0;0;0;1;0;0;-3,78395;-38,55391
342011;9;3;2019;12:39;22840;RUA GALILEU;RUA DR JUSTA ARAUJO D45;;;;Colisão;Luz do Dia;;;Cruz;Pare;Residencial;0;1;1;1;0;0;0;0;0;1;0;0;-3,777127;-38,550424
342012;9;3;2019;13:04;0;RUA AZEVEDO BOLAO;;;2661;;Colisão;Luz do Dia;;;Meio de Quadra;;;0;1;1;1;0;0;0;0;0;1;0;0;-3,73883;-38,56846
342013;9;3;2019;13:55;55;RUA CEL JOAQUIM FRANKLIN;RUA SALGADO FILHO;;;;Colisão;Luz do Dia;;;Cruz;Pare;Residencial;0;1;1;1;0;0;0;0;0;1;0;0;-3,743486;-38,594868
342014;9;3;2019;14:01;9220;AV 13 DE MAIO;RUA NAPOLEAO LAUREANO;;;;Queda;Luz do Dia;;;Cruz;Semáforo;Comercial;0;2;0;0;0;0;0;0;0;1;0;0;-3,749758;-38,528825
342024;9;3;2019;16:51;5965;AV C CJ CEARA;AV F CJ CEARA;;;;Atropelamento;Luz do Dia;;;Rotatória;Dê Preferência;Residencial;0;1;1;0;0;0;0;0;0;1;0;0;;
342021;9;3;2019;15:22;0;LOGRADOURO SEM NOME;;;;;Choque c/ Obstáculo Fixo;Luz do Dia;;;Meio de Quadra;;;0;1;0;1;0;0;0;0;0;0;0;0;;
342022;9;3;2019;16:32;0;RUA CAP CLOVIS MAIA;;;3150;;Queda;Luz do Dia;;;Meio de Quadra;;;0;2;0;0;0;0;0;0;0;1;0;0;-3,73431;-38,45605
342005;9;3;2019;04:43;0;RUA SEN ROBERT KENNEDY;;;197;;Queda;;;;Meio de Quadra;;;0;1;0;0;0;0;0;0;0;1;0;0;-3,701522429;-38,57781829
342006;9;3;2019;05:17;0;AV CARNEIRO DE MENDONCA;;;1580;;Queda;Amanhecer;;;Meio de Quadra;;;0;1;0;0;0;0;0;0;0;1;0;0;-3,760751;-38,5732055
342007;9;3;2019;06:28;0;AV JOR THOMAZ COELHO;;;3173;;Colisão;Luz do Dia;;;Meio de Quadra;;;0;1;1;1;0;0;0;0;0;1;0;0;-3,828973233;-38,52303147
342008;9;3;2019;09:26;0;RUA MOREIRA DE SOUSA;;;584;;Colisão;Luz do Dia;;;Meio de Quadra;;;0;1;1;1;0;1;0;0;0;0;0;0;-3,741266326;-38,56693153
342009;9;3;2019;09:34;2955;RUA MARIA JULIA;RUA SAO FRANCISCO D21;;;;Colisão;Luz do Dia;;;Cruz;Pare;Comercial;0;1;1;0;0;0;1;0;0;1;0;0;-3,798608;-38,601633
339373;9;3;2019;14:40;0;AV D CJ JOSE WALTER;;;790;;Colisão Frontal;Luz do Dia;Bom;Molhada;Meio de Quadra;Semáforo;Residencial;0;2;0;0;0;0;0;0;0;1;0;0;-3,830402416;-38,55970247
339629;9;3;2019;10:50;0;AV MIN JOSE AMERICO;;;500;;Colisão;Luz do Dia;;;Meio de Quadra;;;0;1;1;1;0;0;0;0;0;1;0;0;-3,810994;-38,495269
339636;9;3;2019;10:05;0;AV SEN CARLOS JEREISSATI (AEROPORTO);;;;KM 03;Colisão;Luz do Dia;;;Meio de Quadra;;;0;0;2;1;0;0;0;0;0;0;0;0;-3,779641;-38,544038
339637;9;3;2019;21:10;0;RD CE-060;;;;KM-02;Colisão;;;;Meio de Quadra;;;0;0;2;1;0;0;0;0;0;0;0;0;-3,834064;-38,582111
339638;10;3;2019;11:00;0;AV SEN CARLOS JEREISSATI (AEROPORTO);;;;KM 04;Colisão;Luz do Dia;;;Meio de Quadra;;;0;0;2;1;0;0;0;0;0;0;0;0;-3,77402;-38,550907
342056;10;3;2019;00:04;0;RUA WALDIR DIOGO;;;700;;Atropelamento;;;;Meio de Quadra;;;0;1;1;0;0;0;0;0;0;0;0;0;-3,805156443;-38,5841501
342057;10;3;2019;01:01;17350;RUA JOAO FIRMINO;RUA BAR SOBRAL;;;;Colisão;;;;Cruz;Pare;Comercial;0;2;1;1;0;0;0;0;0;1;0;0;-3,765714;-38,556531
342062;10;3;2019;01:06;0;AV 9 CJ PEQ MONDUBIM;;;72;;Queda;;;;Meio de Quadra;;;0;1;0;0;0;0;0;0;0;1;0;0;-3,8167445;-38,5804265
342077;10;3;2019;05:00;0;AV CARNEIRO DE MENDONCA;;;;;Atropelamento;Amanhecer;;;Meio de Quadra;;;0;1;1;1;0;0;0;0;0;0;0;0;;
342073;10;3;2019;03:51;0;AV AUGUSTO DOS ANJOS;;;1659;;Colisão;;;;Meio de Quadra;;;0;1;1;1;0;0;0;0;0;1;0;0;-3,780923;-38,579816
342082;10;3;2019;05:24;0;AV PRO GOMES DE MATOS;;;1115;;Colisão;Amanhecer;;;Meio de Quadra;;;0;1;1;1;0;0;0;0;0;1;0;0;-3,7625164;-38,5467762
342083;10;3;2019;06:43;0;AV JOR THOMAZ COELHO;;;2960;;Colisão;Luz do Dia;;;Meio de Quadra;;;0;1;1;1;0;0;0;0;0;1;0;0;-3,828703;-38,521263
342104;10;3;2019;09:51;0;RUA BAR CRATO;;;1266;;Atropelamento;Luz do Dia;;;Meio de Quadra;;;0;1;1;0;0;0;0;0;0;1;0;0;-3,721579767;-38,56083937
342094;10;3;2019;08:45;0;AV CARAPINIMA;;;2014;;Queda;Luz do Dia;;;Meio de Quadra;;;0;2;0;0;0;0;0;0;0;1;0;0;-3,738689125;-38,53878738
342154;10;3;2019;23:06;0;RUA SGT BARBOSA;;;2516;;Queda;;;;Meio de Quadra;;;0;1;0;0;0;0;0;0;0;1;0;0;-3,7906164;-38,6217548
342155;10;3;2019;23:27;0;AV ALM MAXIMIANO DA FONSECA;;;;;Colisão;;;;Meio de Quadra;;;0;1;1;0;0;0;0;0;0;0;0;0;;
342143;10;3;2019;17:21;0;RUA DNA LUCIA PINHEIRO (QUINTINO CUNHA);;;2496;;Colisão;Anoitecer;;;Meio de Quadra;;;0;1;1;1;0;0;0;0;0;1;0;0;-3,731173;-38,60090663
342144;10;3;2019;17:36;17666;AV NORTE SUL;RUA B CJ JD PRIMAVERA;;;;Colisão;Anoitecer;;;;;;0;1;1;1;0;0;0;0;0;1;0;0;-3,797715;-38,547723
342145;10;3;2019;18:03;0;RUA DA FE;;;124;;Colisão;Anoitecer;;;Meio de Quadra;;;0;1;1;1;0;0;0;0;0;1;0;0;-3,714663899;-38,55691146
342146;10;3;2019;18:58;0;AV H CJ CEARA;;;;;Colisão;;;;Meio de Quadra;;;0;1;1;1;0;0;0;0;0;1;0;0;;
342147;10;3;2019;19:01;0;RUA MANUEL GALDINO;;;2941;;Colisão;;;;Meio de Quadra;;;0;2;0;0;0;0;0;0;0;1;0;0;-3,79103;-38,6214
342148;10;3;2019;20:15;0;AV GAL OSORIO DE PAIVA;;;6700;;Queda;;;;Meio de Quadra;;;0;2;0;0;0;0;0;0;0;1;0;0;-3,812543;-38,609619
342149;10;3;2019;20:51;0;RUA CEL MOZART GONDIM;;;970;;Colisão;;;;Meio de Quadra;;;0;1;1;1;0;0;0;0;0;1;0;0;-3,728091132;-38,56084658
342150;10;3;2019;21:04;12835;AV DOMINGOS OLIMPIO;RUA SOLON PINHEIRO;;;;Queda;;;;Cruz;Semáforo;Comercial;0;1;0;0;0;1;0;0;0;0;0;0;-3,737409;-38,52865
342151;10;3;2019;21:39;0;RD QUARTO ANEL VIARIO;;;;;Queda;;;;Meio de Quadra;;;0;1;0;0;0;0;0;0;0;1;0;0;;
342152;10;3;2019;21:41;0;AV CASTELO DE CASTRO;;;766;;Colisão;;;;Meio de Quadra;;;0;2;1;1;0;0;0;0;0;1;0;0;-3,83624;-38,52166
342122;10;3;2019;14:38;0;AV PRS JUSCELINO KUBITSCHEK (PASSARÉ);;;;;Colisão;Luz do Dia;;;Meio de Quadra;;;0;1;1;0;0;0;0;0;0;0;0;0;;
342118;10;3;2019;13:44;15336;RUA PEREIRA VALENTE;RUA JOAQUIM NABUCO;;;;Colisão;Luz do Dia;;;Cruz;Pare;Comercial;0;1;1;1;0;0;0;0;0;1;0;0;-3,731296;-38,500013
342119;10;3;2019;13:58;3163;RUA FRANCISCO DOMINGOS;RUA ANSELMO NOGUEIRA;;;;Queda;Luz do Dia;;;Cruz;Não Há Controle;Comercial;0;1;0;0;0;0;0;0;0;1;0;0;-3,778913;-38,5869341
342114;10;3;2019;11:38;15211;RUA PAULA BARROS;AV ABOLICAO;;;;Colisão;Luz do Dia;;;Cruz;Semáforo;Comercial;0;1;1;1;0;0;0;0;0;1;0;0;-3,726831;-38,492313
342115;10;3;2019;12:16;0;AV ZEZE DIOGO;;;;;Colisão;Luz do Dia;;;Meio de Quadra;;;0;1;1;1;0;0;0;0;0;1;0;0;;
342116;10;3;2019;13:00;26269;AV DR ALDY MENTOR;AV DIOGUINHO;;;;Colisão;Luz do Dia;;;Cruz;Pare;Comercial;0;1;1;1;0;0;0;0;0;1;0;0;-3,7559713;-38,4459697
342110;10;3;2019;11:06;17927;RUA GAL GOIS MONTEIRO;RUA EVANDRO LUZ;;;;Colisão;Luz do Dia;;;Cruz;Pare;Residencial;0;1;1;1;0;0;0;0;0;1;0;0;-3,733501;-38,577205
342108;10;3;2019;10:32;0;RUA VER PAULO MAMEDE;;;;;Queda;Luz do Dia;;;Meio de Quadra;;;0;1;0;0;0;1;0;0;0;0;0;0;;
342106;10;3;2019;10:19;3788;RUA PDE FRANCISCO PINTO;RUA WALDERY UCHOA;;;;Colisão;Luz do Dia;;;T;Pare;Residencial;0;1;1;1;0;0;0;0;0;1;0;0;-3,744299;-38,539138
342086;10;3;2019;08:11;0;RUA CEL JOSE DE MOURA;;;;;Queda;Luz do Dia;;;Meio de Quadra;;;0;1;0;0;0;0;0;0;0;1;0;0;;
340519;10;3;2019;10:35;0;AV BERNARDO MANUEL;;;8297;;Colisão Lateral;Luz do Dia;Bom;Seca;Outros;Não Há Controle;Comercial;0;2;1;1;0;0;0;0;0;1;0;0;-3,7922146;-38,549366
340538;10;3;2019;06:32;10999;RUA 15 DE NOVEMBRO;RUA ALBERTO MAGNO;;0;;Não Informado;Via Iluminada;Chuva;Molhada;Cruz;Pare;Residencial;0;0;1;1;0;0;0;0;0;0;0;0;-3,769909;-38,553169
341137;10;3;2019;16:40;0;RD BR 116;;;4000;KM-04;Colisão;Luz do Dia;;;Meio de Quadra;;;0;2;0;1;0;0;0;0;0;1;0;0;-3,802354;-38,503869
340522;10;3;2019;16:04;0;AV BERNARDO MANUEL;;;;;Colisão Transversal;Luz do Dia;Bom;Seca;Meio de Quadra;Pare;Residencial;0;2;1;1;0;0;0;0;0;1;0;0;;
340523;11;3;2019;07:15;0;AV GOV RAUL BARBOSA;;;7045;;Colisão Traseira;Luz do Dia;Bom;Seca;Meio de Quadra;Não Há Controle;Comercial;0;1;1;1;0;0;0;0;0;1;0;0;-3,774692;-38,5129066
340524;11;3;2019;08:51;1475;AV SANTOS DUMONT;RUA FONSECA LOBO;;0;;Colisão Transversal;Luz do Dia;Bom;Seca;Cruz;Pare;Comercial;0;0;2;1;0;0;0;0;0;0;0;0;-3,739062;-38,489602
340525;11;3;2019;09:45;0;AV IMPERADOR;;;545;;Colisão Lateral;Luz do Dia;Nublado;Molhada;Meio de Quadra;Não Há Controle;Comercial;0;1;1;1;0;0;0;0;0;1;0;0;-3,725578;-38,533977
340526;11;3;2019;11:59;15778;RUA TAQUATIARA;RUA STA CLARA DE ASSIS;;;;Colisão Transversal;Luz do Dia;Bom;Seca;Cruz;Não Há Controle;Comercial;0;1;1;1;0;0;0;1;0;0;0;0;-3,830267;-38,502459
340527;11;3;2019;13:20;15142;AV MON TABOSA;RUA MON BRUNO;;0;;Colisão Transversal;Luz do Dia;Bom;Seca;Cruz;Pare;Comercial;0;0;2;1;0;0;0;0;0;0;0;0;-3,724369;-38,506833
340528;11;3;2019;13:52;3876;AV DA UNIVERSIDADE;RUA JOAQUIM MAGALHAES;;2216;;Não Informado;Luz do Dia;Bom;Seca;T;Não Há Controle;Comercial;0;0;2;1;0;0;0;0;0;1;0;0;-3,737079;-38,535589
340530;11;3;2019;15:59;0;AV MOZART PINHEIRO DE LUCENA;;;1579;;Colisão Lateral;Luz do Dia;Bom;Seca;Meio de Quadra;Não Há Controle;Comercial;0;1;2;1;0;0;0;0;0;1;0;0;-3,7164028;-38,5951632
340531;11;3;2019;16:44;0;AV PRS COSTA E SILVA;;;2721;;Colisão;Luz do Dia;Bom;Seca;Meio de Quadra;;;0;1;1;0;1;0;0;0;0;1;0;0;-3,8214777;-38,557358
340532;11;3;2019;18:37;0;RUA PEDRO LUIZ SOBRINHO;;;699;;Colisão Lateral;Via Iluminada;Nublado;Seca;Outros;Pare;Residencial;0;1;1;1;0;0;0;0;0;1;0;0;-3,8015924;-38,50234
340533;11;3;2019;18:45;0;AV PDE ANTONIO TOMAS;AV ENG SANTANA JUNIOR;;2600;;Colisão Transversal;Via Iluminada;Bom;Seca;;;;0;1;1;1;0;1;0;0;0;0;0;0;-3,743981;-38,488012
340534;11;3;2019;19:14;25028;AV AUGUSTO DOS ANJOS;RUA ARARAQUARA;;0;;Colisão Lateral;Via Iluminada;Nublado;Seca;T;Semáforo;Comercial;0;1;0;1;0;0;0;0;0;1;0;0;-3,781887;-38,580678
340617;11;3;2019;07:06;0;RUA CEL FRANCISCO ALVES RIBEIRO;;;165;;Colisão Frontal;Luz do Dia;Bom;Seca;Meio de Quadra;Não Há Controle;Residencial;0;2;1;1;0;0;0;0;0;1;0;0;-3,83083952;-38,50937472
346456;11;3;2019;19:50;0;RUA LAURO NOGUEIRA;;;501;;Atropelamento;Luz do Dia;;;Meio de Quadra;;;1;0;0;1;0;0;0;0;0;0;0;0;-3,73911;-38,48142
342156;11;3;2019;01:03;0;RUA DELTA;;;772;;Choque c/ Obstáculo Fixo;;;;Meio de Quadra;;;0;1;0;0;0;0;0;0;0;1;0;0;-3,795677;-38,577207
342157;11;3;2019;04:48;10730;AV SEN FERNANDES TAVORA;RUA VITORIA (AV. PERIMETRAL);;;;Colisão;;;;Cruz;Semáforo;Comercial;0;4;0;0;0;0;0;0;0;0;0;0;-3,760193;-38,585903
342161;11;3;2019;06:59;0;RUA PAPI JUNIOR;;;2406;;Colisão;Luz do Dia;;;Meio de Quadra;;;0;1;1;1;0;0;0;0;0;1;0;0;-3,755329909;-38,56047555
342163;11;3;2019;07:01;26210;AV MIGUEL DIAS;AV CHANC EDSON QUEIROZ;;;;Colisão;Luz do Dia;;;Cruz;Semáforo;Residencial;0;1;1;1;0;0;0;0;0;1;0;0;;
342164;11;3;2019;07:51;0;AV LUCIANO CARNEIRO;;;2083;;Colisão;Luz do Dia;;;Meio de Quadra;;;0;2;0;1;0;0;0;0;0;1;0;0;-3,7664783;-38,53716275
342165;11;3;2019;08:03;3558;RUA AUGUSTO CALHEIROS;RUA FRANCISCO NEPOMUCENO;;;;Colisão;Luz do Dia;;;Cruz;Pare;Misto;0;1;1;1;0;0;0;0;0;1;0;0;-3,827149;-38,507402
342166;11;3;2019;08:08;2758;RUA MARIA JULIA;RUA OSCAR FRANCA;;;;Colisão;Luz do Dia;;;Cruz;Semáforo;Residencial;0;2;0;1;0;0;0;0;0;1;0;0;-3,79189;-38,599725
342167;11;3;2019;08:12;3779;RUA VINTE E QUATRO DE MAIO;RUA ANTONIO POMPEU;;;;Colisão;Luz do Dia;;;Cruz;Pare;Residencial;0;2;0;0;0;0;0;0;0;1;0;0;-3,733667;-38,534186
342168;11;3;2019;08:14;0;AV SANTOS DUMONT;;;1450;;Colisão;Luz do Dia;;;Meio de Quadra;;;0;1;1;1;0;0;0;0;0;1;0;0;-3,732252;-38,510558
342169;11;3;2019;08:32;0;RD BR 116;;;1000;KM-01;Colisão;Luz do Dia;;;Meio de Quadra;;;0;2;0;1;0;1;0;0;0;0;0;0;-3,762554;-38,518702
342170;11;3;2019;09:07;0;RUA PORTO VELHO;;;400;;Colisão;Luz do Dia;;;Meio de Quadra;;;0;2;1;1;0;0;0;0;0;1;0;0;-3,767276966;-38,58458636
342171;11;3;2019;09:11;0;AV I CJ CEARA;;;1660;;Colisão;Luz do Dia;;;Meio de Quadra;;;0;1;1;1;0;0;0;0;0;1;0;0;-3,83862;-38,55487
342220;11;3;2019;09:26;0;RUA EDILSON GOMES;;;86;;Queda;Luz do Dia;;;Meio de Quadra;;;0;1;0;0;0;1;0;0;0;0;0;0;-3,759908655;-38,57327297
342299;11;3;2019;11:28;0;RUA PRO JOSE LEITE GONDIM;;;273;;Queda;Luz do Dia;;;Meio de Quadra;;;0;1;0;0;0;1;0;0;0;0;0;0;-3,77916;-38,54975
342300;11;3;2019;11:43;0;AV ANTONIO SALES;;;3210;;Colisão;Luz do Dia;;;Meio de Quadra;;;0;1;1;1;0;0;0;0;0;1;0;0;-3,747586;-38,495535
342302;11;3;2019;12:07;0;AV GOV RAUL BARBOSA;;;5598;;Queda;Luz do Dia;;;Meio de Quadra;;;0;1;0;0;0;0;0;0;0;1;0;0;-3,7681965;-38,5098
342303;11;3;2019;14:00;0;AV DR THEBERGE;;;1278;;Colisão;Luz do Dia;;;Meio de Quadra;;;0;1;1;0;0;0;0;0;0;0;0;0;-3,713663;-38,564637
342304;11;3;2019;14:39;0;AV IMPERADOR;;;675;;Colisão;Luz do Dia;;;Meio de Quadra;;;0;1;1;0;0;0;0;0;0;0;0;0;-3,727302014;-38,53448845
342305;11;3;2019;15:18;0;AV MAE LISBOA;;;2200;;Colisão;Luz do Dia;;;Meio de Quadra;;;0;2;0;1;0;0;0;0;0;1;0;0;-3,807338;-38,459792
342306;11;3;2019;15:32;0;RUA WALDIR DIOGO;;;1030;;Colisão;Luz do Dia;;;Meio de Quadra;;;0;1;1;1;0;0;0;0;0;1;0;0;-3,803056;-38,587409
342307;11;3;2019;15:46;638;RUA ANA FACO;RUA ENG JOAO NOGUEIRA;;;;Colisão;Luz do Dia;;;Cruz;Não Há Controle;Residencial;0;1;1;1;0;0;0;0;0;1;0;0;-3,713608;-38,562996
342308;11;3;2019;15:53;0;AV MR HULL;;;4135;;Atropelamento;Luz do Dia;;;Meio de Quadra;;;0;2;0;0;0;0;0;0;0;1;0;0;-3,738202556;-38,58160122
342309;11;3;2019;15:55;0;RUA CARLOS RIBEIRO;;;;;Colisão;Luz do Dia;;;Meio de Quadra;;;0;1;1;0;0;0;0;0;0;0;0;0;;
342328;11;3;2019;21:27;0;RUA RAIMUNDO PINHEIRO;;;123;;Atropelamento;;;;Meio de Quadra;;;0;1;1;0;0;0;0;0;0;1;0;0;-3,7858521;-38,5955044
342316;11;3;2019;17:41;0;RUA CEL ALEXANDRINO;;;637;;Colisão;Anoitecer;;;Meio de Quadra;;;0;1;1;1;0;0;0;0;0;1;0;0;-3,765255875;-38,55249538
342317;11;3;2019;18:16;0;AV PRS CASTELO BRANCO;;;;;Atropelamento;Anoitecer;;;Meio de Quadra;;;0;2;0;0;0;0;0;0;0;1;0;0;;
342318;11;3;2019;18:17;5080;RUA GUILHERME ROCHA;AV FILOMENO GOMES;;;;Queda;Anoitecer;;;Cruz;Pare;Comercial;0;1;0;0;0;0;0;0;0;1;0;0;-3,722742;-38,541044
342324;11;3;2019;19:04;0;AV SANTOS DUMONT;;;;;Colisão;;;;Meio de Quadra;;;0;1;1;0;0;0;0;0;0;1;0;0;;
342325;11;3;2019;19:22;12554;AV HILDEBRANDO DE MELO;RUA ROSINHA SAMPAIO;;;;Colisão;;;;Cruz;Pare;Misto;0;1;1;1;0;0;0;0;0;1;0;0;-3,726559;-38,589369
342326;11;3;2019;19:23;0;AV JOSE BASTOS;;;;;Colisão;;;;Meio de Quadra;;;0;1;1;1;0;0;0;0;0;1;0;0;;
339640;11;3;2019;16:10;0;RD CE-040;;;;KM-13;Colisão;Luz do Dia;;;Meio de Quadra;;;0;0;2;1;0;0;1;0;0;0;0;0;-3,866093254;-38,46893682