COD_ACIDENTE;DIA;MES;ANO;HORA;INTERSECAO;LOG1;LOG2;LOG3;NUMERO;REFERENCIA;NATUREZA;ILUMINACAO;TEMPO;SUPERFICIEPISTA;TIPOCRUZAMENTO;CONTROLETRAFEGO;USOSOLO;MORTOS;FERIDOS;ILESOS;AUTOMOVEL;ONIBUS;BICICLETA;CAMINHAO;MICROONIBUS;CICLOMOTOR;MOTOCICLETA;TRACAOANIMAL;TREM;LATITUDE;LONGITUDE
339375;12;3;2019;04:00;0;AV DOM LUIS;;;1056;;Atropelamento;Amanhecer;Nublado;Seca;Meio de Quadra;Pare;Comercial;1;0;1;1;0;0;0;0;0;0;0;0;-3,73514;-38,49162
339376;12;3;2019;01:00;0;RUA JOSE MENDONCA;;;1039;;Colisão Lateral;Via Iluminada;Bom;Seca;Meio de Quadra;Não Há Controle;Comercial;0;1;1;0;1;1;0;0;0;0;0;0;-3,754622112;-38,60172061
341753;12;3;2019;19:10;0;RD BR 116;;;5000;KM-05;Colisão Lateral;;;;Meio de Quadra;;;0;2;0;1;1;0;0;0;0;0;0;0;-3,796502;-38,506787
342335;12;3;2019;06:39;0;AV I CJ CEARA;;;541;;Queda;Luz do Dia;;;Meio de Quadra;;;0;1;0;0;0;0;0;0;0;1;0;0;-3,768984222;-38,59727411
342338;12;3;2019;07:00;0;AV JOSE LEON;;;2710;;Colisão;Luz do Dia;;;Meio de Quadra;;;0;1;1;1;0;0;0;0;0;1;0;0;-3,79124;-38,48787
342346;12;3;2019;07:48;0;AV FRANCISCO SA;;;3190;;Colisão;Luz do Dia;;;Meio de Quadra;;;0;1;1;1;0;0;0;0;0;1;0;0;-3,718081;-38,555342
342348;12;3;2019;07:52;0;RUA VIRGILIO BRIGIDO;;;1113;;Colisão;Luz do Dia;;;Meio de Quadra;;;0;1;1;0;0;0;0;0;0;1;0;0;-3,726458;-38,569902
342350;12;3;2019;08:43;13371;AV ANTONIO SALES;RUA DNA LEOPOLDINA;;;;Colisão;Luz do Dia;;;Cruz;Dê Preferência;Comercial;0;1;1;1;0;0;0;0;0;1;0;0;-3,739197;-38,522386
342357;12;3;2019;09:32;0;RUA DNA LUCIA PINHEIRO (QUINTINO CUNHA);;;72;;Colisão;Luz do Dia;;;Meio de Quadra;;;0;1;1;1;0;0;0;0;0;1;0;0;-3,7321275;-38,5975145
342362;12;3;2019;11:07;0;AV GODOFREDO MACIEL;;;2020;;Colisão;Luz do Dia;;;Meio de Quadra;;;0;2;0;1;0;0;0;0;0;1;0;0;-3,793936524;-38,56905499
342363;12;3;2019;11:24;0;RUA CANDIDO MAIA;;;294;;Colisão;Luz do Dia;;;Meio de Quadra;;;0;1;1;0;0;0;0;0;0;0;0;0;-3,737428;-38,5904072
342364;12;3;2019;11:38;0;RUA MARIO ALENCAR ARARIPE;;;;;Colisão;Luz do Dia;;;Meio de Quadra;;;0;1;1;1;0;0;0;0;0;1;0;0;;
342366;12;3;2019;11:54;0;RUA BERNARDO MANUEL;;;9055;;Colisão;Luz do Dia;;;Meio de Quadra;;;0;1;1;1;0;0;0;0;0;1;0;0;-3,798772651;-38,5514394
342367;12;3;2019;12:17;0;RUA ALTANEIRA;;;645;;Colisão;Luz do Dia;;;Meio de Quadra;;;0;1;1;1;0;1;0;0;0;0;0;0;-3,72704;-38,58423
342360;12;3;2019;10:37;0;AV PRS JUSCELINO KUBITSCHEK (PASSARÉ);;;;;Queda;Luz do Dia;;;Meio de Quadra;;;0;1;0;0;0;0;0;0;0;1;0;0;;
342370;12;3;2019;12:21;0;LOGRADOURO SEM NOME;;;;;Colisão;Luz do Dia;;;Meio de Quadra;;;0;1;1;1;0;0;0;0;0;1;0;0;;
342374;12;3;2019;12:23;0;RUA TULIPA NEGRA;;;2198;;Atropelamento;Luz do Dia;;;Meio de Quadra;;;1;0;1;0;0;0;0;0;0;1;0;0;-3,818408609;-38,59912262
342377;12;3;2019;12:54;0;AV DR SILAS MUNGUBA;;;1151;;Colisão;Luz do Dia;;;Meio de Quadra;;;0;1;1;0;0;0;0;0;0;1;0;0;-3,782175636;-38,55580082
342414;12;3;2019;13:30;7357;RUA RUI MONTE;RUA CEL MATOS DOURADO;;;;Colisão;Luz do Dia;;;Y;Pare;Residencial;0;1;1;1;0;0;0;0;0;1;0;0;-3,749047;-38,584714
342417;12;3;2019;13:31;0;RUA REV BOLIVAR P BANDEIRA;;;;;Queda;Luz do Dia;;;Meio de Quadra;;;0;1;0;0;0;0;0;0;0;1;0;0;;
342418;12;3;2019;14:54;0;AV 13 DE MAIO;;;;;Colisão;Luz do Dia;;;Meio de Quadra;;;0;1;1;1;0;0;0;0;0;1;0;0;;
342419;12;3;2019;14:58;6741;RUA ALMEIDA PRADO;RUA VILEBALDO AGUIAR;;;;Colisão;Luz do Dia;;;Cruz;Pare;Residencial;0;1;1;1;0;0;0;0;0;1;0;0;-3,744545;-38,475413
342421;12;3;2019;15:36;19029;RUA SOLON ONOFRE;AV ENG ALBERTO SA;;;;Colisão;Luz do Dia;;;Cruz;Pare;Residencial;0;1;1;1;0;0;0;0;0;1;0;0;-3,735314;-38,473145
342428;12;3;2019;16:37;0;RD BR 116;;;14000;KM-14;Colisão;Luz do Dia;;;Meio de Quadra;;;0;1;1;1;0;0;0;0;0;1;0;0;-3,873523;-38,499242
342425;12;3;2019;16:13;15366;RUA PEREIRA VALENTE;RUA PRO DIAS DA ROCHA;;;;Colisão;Luz do Dia;;;Cruz;Pare;Residencial;0;1;1;1;0;1;0;0;0;0;0;0;-3,734132;-38,491243
342435;12;3;2019;17:38;21478;AV MIN JOSE AMERICO;RUA ELISARIO MENDES;;;;Colisão;Anoitecer;;;Cruz;Não Há Controle;Rural;0;1;1;1;0;0;0;0;0;1;0;0;-3,811474;-38,496335
342436;12;3;2019;18:07;0;AV JOSE TAVARES;;;1600;;Colisão;Anoitecer;;;Meio de Quadra;;;0;2;0;1;0;1;0;0;0;0;0;0;;
342439;12;3;2019;18:11;0;RUA CAMELIA;;;423;;Colisão;Anoitecer;;;Meio de Quadra;;;0;1;1;1;0;0;0;0;0;1;0;0;-3,708461;-38,565254
342443;12;3;2019;18:34;0;AV OLAVO BILAC;;;125;;Colisão;;;;Meio de Quadra;;;0;1;1;1;0;0;0;0;0;1;0;0;-3,722543971;-38,56654486
342451;12;3;2019;18:58;0;RUA A RES F DE NORONHA;;;2013;;Queda;;;;Meio de Quadra;;;0;1;0;0;0;0;0;0;0;1;0;0;;
342454;12;3;2019;19:12;0;AV 13 DE MAIO;;;165;;Atropelamento;;;;Meio de Quadra;;;0;1;1;1;0;0;0;0;0;0;0;0;-3,753736333;-38,52221533
342460;12;3;2019;19:58;23494;RUA FRE VIDAL;RUA TIBURCIO RODRIGUES;;;;Colisão;;;;Cruz;Pare;Residencial;0;1;1;0;0;0;0;0;0;1;0;0;-3,758653;-38,517305
342461;12;3;2019;20:00;0;AV PRS CASTELO BRANCO;;;;;Colisão;;;;Meio de Quadra;;;0;1;2;0;0;1;0;0;0;1;0;0;;
342462;12;3;2019;20:19;0;AV GENIBAU;;;133;;Queda;;;;Meio de Quadra;;;0;2;0;0;0;0;0;0;0;1;0;0;-3,761611;-38,5960915
342463;12;3;2019;20:20;19544;RUA COSTA FREIRE;RUA NEREU RAMOS;;;;Colisão;;;;Cruz;Pare;Comercial;0;1;1;1;0;0;0;0;0;1;0;0;-3,782632;-38,576238
342464;12;3;2019;22:29;9654;RUA OSCAR ARARIPE;RUA FRANCISCO PAIVA;;;;Colisão;;;;Cruz;Pare;;0;2;1;1;0;0;0;0;0;1;0;0;-3,786795;-38,612966
342465;12;3;2019;22:33;0;AV GAL OSORIO DE PAIVA;;;4650;;Queda;;;;Meio de Quadra;;;0;1;0;0;0;0;0;0;0;1;0;0;-3,799463692;-38,59696546
342458;12;3;2019;19:20;0;RD BR 116;;;8000;KM-08;Colisão;;;;Meio de Quadra;;;0;1;1;1;0;0;0;0;0;1;0;0;-3,822018;-38,503269
346450;12;3;2019;10:15;0;AV A CJ CEARA;;;1410;;Atropelamento;Luz do Dia;;;Meio de Quadra;;;1;0;1;1;0;0;0;0;0;0;0;0;-3,7737545;-38,6055395
340539;12;3;2019;14:39;10749;AV SEN FERNANDES TAVORA;RUA PRO HERIBALDO COSTA;;0;;Não Informado;Luz do Dia;Bom;Seca;Cruz;Semáforo;Comercial;0;1;1;1;0;0;0;0;0;1;0;0;-3,761006;-38,584384
340540;12;3;2019;17:10;0;AV JOVITA FEITOSA;;;62;;Colisão Traseira;Luz do Dia;Bom;Seca;Meio de Quadra;Não Há Controle;Comercial;0;1;1;1;0;1;0;0;0;0;0;0;-3,737396;-38,544545
340541;12;3;2019;18:40;0;AV AUGUSTO DOS ANJOS;;;706;;Colisão Traseira;Via Iluminada;Bom;Seca;Meio de Quadra;Semáforo;Comercial;0;0;2;0;1;0;0;0;0;1;0;0;-3,774422525;-38,57407158
340542;12;3;2019;20:30;0;AV PRS COSTA E SILVA;;;0;ACADEMIA DE POLICIA;Engavetamento;Via Iluminada;Bom;Seca;Meio de Quadra;Não Há Controle;Comercial;0;0;1;1;0;0;0;0;0;0;0;0;;
340543;12;3;2019;20:03;19688;RUA PRO RAIMUNDO ARRUDA;RUA AZEVEDO BOLAO;;;;Colisão Transversal;Via Iluminada;Bom;Seca;Cruz;Pare;Residencial;0;1;1;1;0;0;0;0;0;1;0;0;-3,735414;-38,551701
340535;12;3;2019;06:25;5099;AV TRISTAO GONCALVES;RUA SEN ALENCAR;;;;Colisão;Luz do Dia;Nublado;Seca;Cruz;Pare;Comercial;0;1;1;0;1;0;0;0;0;1;0;0;-3,723524;-38,532122
340536;12;3;2019;08:00;0;RUA ADOLFO HERBSTER;RUA WALDERY UCHOA;;394;;Colisão Transversal;Luz do Dia;Nublado;Seca;Meio de Quadra;;;0;1;1;1;0;1;0;0;0;0;0;0;-3,745159;-38,539914
340537;12;3;2019;10:20;0;RUA BENI DE CARVALHO;;;419;;Engavetamento;Luz do Dia;Bom;Seca;Meio de Quadra;Não Há Controle;Residencial;0;0;4;1;0;0;0;0;0;0;0;0;-3,745335;-38,49704567
339801;13;3;2019;19:15;0;RD BR 116;;;12000;KM-12;Atropelamento;;;;Meio de Quadra;;;1;0;1;1;0;0;0;0;0;0;0;0;-3,85574;-38,496066
340544;13;3;2019;09:44;15142;AV MON TABOSA;RUA MON BRUNO;;0;;Colisão Lateral;Luz do Dia;Chuva;Molhada;Cruz;Pare;Comercial;0;0;1;1;0;0;0;1;0;0;0;0;-3,724369;-38,506833
340545;13;3;2019;06:02;0;AV PRS COSTA E SILVA;RUA G CJ MONTENEGRO I;;591;;Colisão Transversal;Luz do Dia;Bom;Molhada;Meio de Quadra;Semáforo;Residencial;0;1;1;0;0;0;0;0;0;1;0;0;-3,8217669;-38,555878
340546;13;3;2019;09:26;7811;RUA TIBURCIO CAVALCANTE;RUA LIVIO BARRETO;;;;Colisão Transversal;Luz do Dia;Chuva;Molhada;Cruz;Pare;Residencial;0;1;2;1;0;0;0;0;0;1;0;0;-3,751004;-38,507414
340547;13;3;2019;07:50;24433;RUA RAUL CABRAL;RUA PRO VICENTE SILVEIRA;;;;Colisão;Luz do Dia;Chuva;Molhada;Cruz;Pare;Residencial;0;1;1;1;0;0;0;1;0;0;0;0;-3,770427;-38,539854
340548;13;3;2019;12:33;0;RUA ANDRE DALL OLIO;;;880;;Colisão Lateral;Luz do Dia;Nublado;Seca;Meio de Quadra;Pare;Residencial;0;1;1;1;0;0;0;0;0;1;0;0;-3,7389886;-38,477627
340549;13;3;2019;14:24;1736;RUA MAJ GERARDO MENDES;RUA TEN ROMA;;;;Capotamento;Luz do Dia;Nublado;Seca;Cruz;Pare;Residencial;0;2;0;1;0;0;0;0;0;0;0;0;-3,767444;-38,512988
340551;13;3;2019;18:02;15973;AV GODOFREDO MACIEL;RUA GAL ONOFRE;;;;Colisão Transversal;Anoitecer;Nublado;Seca;T;Pare;Comercial;0;1;1;1;0;0;0;0;0;1;0;0;-3,807218;-38,573268
340552;13;3;2019;18:07;0;AV SANTOS DUMONT;RUA VALDETARIO MOTA;;5425;;Atropelamento;Anoitecer;Bom;Seca;;;;0;1;1;1;0;0;0;0;0;0;0;0;-3,7411018;-38,4833349
340553;13;3;2019;20:32;15374;AV DOM LUIS;RUA FREDERICO BORGES;;;;Colisão Traseira;Via Iluminada;Chuva;Molhada;Cruz;Semáforo;Comercial;0;1;1;1;0;0;0;0;0;1;0;0;-3,73589;-38,489136
340554;13;3;2019;22:23;5343;RUA PDE IBIAPINA;AV BEZERRA DE MENEZES;;0;;Não Informado;Via Iluminada;Chuva;Molhada;T;Semáforo;Comercial;0;0;2;1;0;0;0;0;0;0;0;0;-3,730548;-38,539973
340555;13;3;2019;21:57;0;AV ALBERTO CRAVEIRO;;;2780;;Colisão Traseira;Via Iluminada;Chuva;Molhada;Meio de Quadra;Não Há Controle;Comercial;0;0;2;1;0;0;0;0;0;0;0;0;-3,8056165;-38,52347
342471;13;3;2019;11:07;0;RUA NEREU RAMOS;;;151;;Queda;Luz do Dia;;;Meio de Quadra;;;0;1;0;0;0;0;0;0;0;1;0;0;-3,786769;-38,5680939
342473;13;3;2019;12:16;0;AV DOS EXPEDICIONARIOS;;;4875;;Colisão;Luz do Dia;;;Meio de Quadra;;;0;1;1;1;0;0;0;0;0;1;0;0;-3,762105714;-38,54033396
342477;13;3;2019;12:52;0;RUA JOSE VILAR;;;1616;;Colisão;Luz do Dia;;;Meio de Quadra;;;0;1;1;1;0;0;0;0;0;1;0;0;-3,73838;-38,50548
342478;13;3;2019;14:04;0;RUA AUDISIO PINHEIRO;;;1206;;Colisão;Luz do Dia;;;Meio de Quadra;;;0;1;1;1;0;0;0;0;0;1;0;0;-3,761712378;-38,59051759
342466;13;3;2019;01:36;0;AV OLIVEIRA PAIVA;;;;;Queda;;;;Meio de Quadra;;;0;1;0;0;0;0;0;0;0;1;0;0;;
342467;13;3;2019;02:24;0;RUA PINDEREMIRIM;;;1944;;Colisão;;;;Meio de Quadra;;;0;1;1;1;0;0;0;0;0;1;0;0;-3,77481;-38,50021
342468;13;3;2019;09:02;0;RD BR 116;;;11000;KM-11;Colisão;Luz do Dia;;;Meio de Quadra;;;0;1;1;1;0;0;0;0;0;1;0;0;-3,84716;-38,497176
342521;13;3;2019;14:28;15366;RUA PEREIRA VALENTE;RUA PRO DIAS DA ROCHA;;;;Colisão;Luz do Dia;;;Cruz;Pare;Residencial;0;1;1;1;0;0;0;0;0;1;0;0;-3,734132;-38,491243
342525;13;3;2019;15:30;0;AV ABOLICAO;;;1920;;Colisão;Luz do Dia;;;Meio de Quadra;;;0;1;1;1;0;0;0;0;0;1;0;0;-3,725273;-38,5018925
342526;13;3;2019;16:28;19151;RUA ALMEIDA PRADO;RUA RIACHUELO;;;;Colisão;Luz do Dia;;;T;Não Há Controle;Residencial;0;1;1;1;1;0;0;0;0;0;0;0;-3,740002;-38,473969
342523;13;3;2019;15:18;7220;RUA DOM QUINTINO;AV PASTEUR;;;;Queda;Luz do Dia;;;Cruz;Pare;Residencial;0;1;0;0;0;0;0;0;0;1;0;0;-3,710222;-38,55857
342536;13;3;2019;20:12;23463;RUA FIS VIEIRA;RUA PAULO FIRMEZA;;;;Colisão;;;;Cruz;Pare;Residencial;0;1;1;1;0;0;0;0;0;1;0;0;-3,757341;-38,515176
342530;13;3;2019;18:11;0;RUA RECANTO VERDE;;;2085;;Colisão;Anoitecer;;;Meio de Quadra;;;0;1;1;1;0;0;0;0;0;1;0;0;-3,846352;-38,51474543
342554;13;3;2019;21:15;0;AV ODILON GUIMARAES;;;3704;;Atropelamento;;;;Meio de Quadra;;;0;2;0;0;0;0;0;0;0;0;0;0;-3,81539425;-38,46878461
342558;13;3;2019;21:20;21612;RUA JOAO RAMALHO;RUA DOM XISTO ALBANO;;;;Atropelamento;;;;Cruz;Pare;Residencial;0;1;1;0;0;0;0;0;0;1;0;0;-3,799374;-38,587726
342560;13;3;2019;22:11;17285;RUA IRM BAZET;RUA JOAO FIRMINO;;;;Colisão;;;;Cruz;Pare;Escola;0;1;1;1;0;0;0;0;0;1;0;0;-3,762808;-38,554308
342561;13;3;2019;22:27;14679;AV OLIVEIRA PAIVA;RUA PDE JANUARIO CAMPOS;;;;Colisão;;;;Cruz;Semáforo;Comercial;0;1;1;1;0;0;0;0;0;1;0;0;-3,796018;-38,489646
341756;13;3;2019;18:40;0;RD BR 116;;;;;Atropelamento;;;;Meio de Quadra;;;0;1;0;1;0;0;0;0;0;0;0;0;;
339643;13;3;2019;15:45;0;AV SEN CARLOS JEREISSATI (AEROPORTO);;;;KM 02;Colisão;Luz do Dia;;;Meio de Quadra;;;0;0;2;1;0;0;1;0;0;0;0;0;-3,782194;-38,535424
341399;13;3;2019;16:20;0;RD BR 020;;;;KM 428;Colisão;Luz do Dia;;;Meio de Quadra;;;0;5;0;1;0;0;0;0;0;1;0;0;-3,869;-38,507
339644;14;3;2019;15:40;0;AV MIN JOSE AMERICO;;;;;Queda;Luz do Dia;;;Meio de Quadra;;;0;1;0;0;0;0;0;0;0;1;0;0;;
339645;14;3;2019;19:05;0;AV SEN CARLOS JEREISSATI (AEROPORTO);;;;KM 03;Colisão;;;;Meio de Quadra;;;0;1;2;1;0;0;0;0;0;1;0;0;-3,779641;-38,544038
339680;14;3;2019;23:58;13455;RUA ILDEFONSO ALBANO;RUA AQUILES BEVILAQUA;;;;Colisão Traseira;Via Iluminada;Nublado;Molhada;Cruz;Pare;Residencial;0;1;1;1;0;0;0;0;0;0;0;0;-3,7437725;-38,5167125
341773;14;3;2019;17:20;0;RD BR 116;;;3000;KM-03;Colisão Traseira;Anoitecer;;;Meio de Quadra;;;0;2;0;0;0;0;0;0;0;1;0;0;-3,779838;-38,514372
342562;14;3;2019;06:01;0;RUA EDUARDO PORTO;;;55;;Colisão;Luz do Dia;;;Meio de Quadra;;;0;2;0;0;0;0;0;0;0;1;0;0;-3,8327234;-38,4971949
342563;14;3;2019;06:15;0;RUA PDE ANCHIETA;;;733;;Queda;Luz do Dia;;;Meio de Quadra;;;0;1;0;0;0;0;0;0;0;1;0;0;-3,726486212;-38,55145476
342610;14;3;2019;20:49;0;AV CAP WALDEMAR PAULA LIMA;;;266;;Atropelamento;;;;Meio de Quadra;;;0;2;0;0;0;0;0;0;0;1;0;0;-3,81519;-38,507844
342611;14;3;2019;21:50;0;RUA TAQUARI;;;2421;;Colisão;;;;Meio de Quadra;;;0;1;1;1;0;0;0;0;0;1;0;0;-3,776030509;-38,60223559
342612;14;3;2019;22:03;0;RUA EDSON MARTINS;;;770;;Atropelamento;;;;Meio de Quadra;;;0;1;1;0;0;0;0;0;0;1;0;0;-3,79058275;-38,59886075
342587;14;3;2019;06:45;0;AV JOSE BASTOS;;;3786;;Colisão;Luz do Dia;;;Meio de Quadra;;;0;1;2;1;0;0;0;0;0;0;0;0;-3,751924;-38,5523795
342589;14;3;2019;09:06;15832;RUA PDE PEDRO DE ALENCAR;RUA EDUARDO PORTO;;;;Colisão;Luz do Dia;;;;;;0;1;2;0;0;0;1;0;0;1;0;0;-3,832741;-38,494029
342590;14;3;2019;09:37;0;AV GAL OSORIO DE PAIVA;;;412;;Colisão;Luz do Dia;;;Meio de Quadra;;;0;1;1;0;0;0;0;0;0;0;0;0;-3,775618;-38,566451
342592;14;3;2019;10:35;0;AV PRS CASTELO BRANCO;;;;;Atropelamento;Luz do Dia;;;Meio de Quadra;;;0;1;1;1;0;0;0;0;0;0;0;0;;
342593;14;3;2019;11:58;0;AV ALM HENRIQUE SABOIA;;;;;Atropelamento;Luz do Dia;;;Meio de Quadra;;;0;1;1;1;0;0;0;0;0;0;0;0;;
342594;14;3;2019;12:07;0;RUA DEMETRIO MENEZES;;;3303;;Colisão;Luz do Dia;;;Meio de Quadra;;;0;1;1;0;0;0;0;0;0;1;0;0;;
342595;14;3;2019;12:27;21772;RUA EMILIA GONCALVES;RUA DR JOSE GOIANA;;;;Colisão;Luz do Dia;;;Cruz;Não Há Controle;Residencial;0;3;0;0;0;0;0;0;0;1;0;0;-3,729167;-38,59446
342598;14;3;2019;12:52;0;RUA VILEBALDO AGUIAR;;;147;;Atropelamento;Luz do Dia;;;Meio de Quadra;;;0;1;1;1;0;0;0;0;0;0;0;0;-3,740972667;-38,48649533
342599;14;3;2019;12:59;0;RUA MONTE LIBANO;;;1195;;Queda;Luz do Dia;;;Meio de Quadra;;;0;1;0;0;0;1;0;0;0;0;0;0;-3,830411606;-38,5664283
342601;14;3;2019;13:21;0;RUA FRANCISCO JOSE A PEREIRA;;;1075;;Colisão;Luz do Dia;;;Meio de Quadra;;;0;1;1;1;0;0;0;0;0;1;0;0;-3,8039663;-38,4729145
342602;14;3;2019;16:16;0;AV BEIRA MAR;;;1020;;Queda;Luz do Dia;;;Meio de Quadra;;;0;1;0;0;0;1;0;0;0;0;0;0;-3,7206535;-38,5104005
342604;14;3;2019;18:44;0;AV PRS JUSCELINO KUBITSCHEK (PASSARÉ);;;;;Colisão;;;;Meio de Quadra;;;0;2;1;1;0;0;0;0;0;1;0;0;;
342607;14;3;2019;19:15;0;RUA ENG JOAO NOGUEIRA;;;1320;;Colisão;;;;Meio de Quadra;;;0;1;1;1;0;0;1;0;0;0;0;0;-3,71713;-38,56412
342608;14;3;2019;19:23;0;RUA DEP MATOSO FILHO;;;62;;Colisão;;;;Meio de Quadra;;;0;1;1;1;0;0;0;0;0;1;0;0;-3,7301885;-38,5854079
340556;14;3;2019;07:55;0;AV PRS COSTA E SILVA;;;5201;PIRÂMIDE MOTEL;Colisão Lateral;Luz do Dia;Bom;Molhada;Meio de Quadra;Não Há Controle;Comercial;0;1;3;1;0;0;0;0;0;1;0;0;-3,827622324;-38,53383559
340557;14;3;2019;07:30;1583;RUA VICENTE LINHARES;RUA LEONARDO MOTA;;0;;Colisão Transversal;Luz do Dia;Bom;Seca;Cruz;Semáforo;Residencial;0;1;2;1;0;0;0;0;0;0;0;0;-3,742785;-38,498309
340558;14;3;2019;09:30;1498;AV JULIO VENTURA;RUA SILVA PAULET;;;;Colisão Lateral;Luz do Dia;Nublado;Seca;Cruz;Semáforo;Comercial;0;1;1;1;0;0;0;0;0;1;0;0;-3,73964;-38,5071
340559;14;3;2019;07:40;812;AV GOV RAUL BARBOSA;RUA CEL GONCALO D46;;;;Colisão Transversal;Luz do Dia;Chuva;Molhada;T;Não Há Controle;Comercial;0;2;1;1;0;0;0;0;0;1;0;0;-3,773687;-38,512739
340560;14;3;2019;11:19;5347;RUA BAR RIO BRANCO;RUA PEDRO I;;;;Atropelamento;Luz do Dia;Nublado;Molhada;Cruz;Semáforo;Comercial;0;1;1;1;0;0;0;0;0;0;0;0;-3,730887;-38,529673
340561;14;3;2019;18:21;0;RUA PEDRO LAZAR;;;1289;;Colisão Lateral;Anoitecer;Bom;Seca;Meio de Quadra;;;0;2;0;1;0;0;0;0;0;1;0;0;-3,804877;-38,4885
340562;14;3;2019;19:43;0;RUA JULIO VERNE;;;318;;Colisão Transversal;Via Iluminada;Bom;Seca;Meio de Quadra;Pare;Residencial;0;1;1;1;0;0;0;0;0;1;0;0;-3,775592556;-38,55237967
340563;14;3;2019;20:14;15231;RUA JOSE NAPOLEAO;RUA JUAZEIRO DO NORTE;;;;Colisão Transversal;Mal Iluminada;Bom;Seca;Cruz;Pare;Residencial;0;1;2;0;1;0;0;0;0;0;0;0;-3,727391;-38,490146
340564;14;3;2019;20:12;15371;AV DOM LUIS;RUA PRO DIAS DA ROCHA;;;;Colisão Transversal;Via Iluminada;Bom;Seca;Cruz;Pare;Comercial;0;1;1;1;0;0;0;0;0;1;0;0;-3,735126;-38,491572
340565;14;3;2019;22:05;0;RUA TORRES CAMARA;;;1107;;Colisão Traseira;Via Iluminada;Nublado;Seca;Meio de Quadra;Não Há Controle;Residencial;0;0;2;1;0;0;0;0;0;0;0;0;-3,737258;-38,501932
340566;14;3;2019;19:44;3408;RUA DES PRAXEDES;RUA MATOS VASCONCELOS;;0;;Colisão Transversal;Via Iluminada;Bom;Seca;Cruz;Pare;Residencial;0;0;2;1;0;0;0;0;0;0;0;0;-3,755879;-38,554688
340567;14;3;2019;08:56;0;RUA CAP GUSTAVO;;;4150;;Colisão Lateral;Luz do Dia;Bom;Seca;Meio de Quadra;Não Há Controle;Residencial;0;1;1;1;0;1;0;0;0;0;0;0;-3,757647467;-38,5162096
340568;15;3;2019;09:23;0;AV SEN VIRGILIO TAVORA;;;2500;ANATEL;Choque c/ Obstáculo Fixo;Luz do Dia;Bom;Seca;Meio de Quadra;Semáforo;Residencial;0;0;1;1;0;0;0;0;0;0;0;0;-3,748265;-38,496816
340569;15;3;2019;13:23;0;AV VIS RIO BRANCO;;;3308;;Choque c/ Obstáculo Fixo;Luz do Dia;Bom;Seca;;;;0;1;0;0;0;0;0;0;0;0;0;0;-3,750125;-38,521157
340570;15;3;2019;12:30;0;AV 13 DE MAIO;;;1746;;Choque c/ Obstáculo Fixo;Luz do Dia;Nublado;Seca;Meio de Quadra;Não Há Controle;Comercial;0;0;2;1;0;0;0;0;0;0;0;0;-3,745924;-38,533303
340571;15;3;2019;11:39;5455;RUA FLORIANO PEIXOTO;RUA ANTONIO POMPEU;;;;Colisão Lateral;Luz do Dia;Bom;Seca;Cruz;Pare;Comercial;0;1;1;1;0;0;0;0;0;1;0;0;-3,735086;-38,529685
340572;15;3;2019;18:38;0;RUA GUSTAVO SAMPAIO;;;2345;;Colisão Frontal;Via Iluminada;Bom;Seca;Meio de Quadra;Não Há Controle;Residencial;0;0;2;1;0;0;0;0;0;1;0;0;-3,737185207;-38,56573403
340573;15;3;2019;19:28;0;RUA BAR ARATANHA;;;676;;Colisão Lateral;Anoitecer;Bom;Seca;Meio de Quadra;Não Há Controle;Residencial;0;0;3;1;0;0;0;0;0;0;0;0;-3,738784;-38,528348
340574;15;3;2019;19:09;13439;RUA BAR ARACATI;RUA TOMAS ACIOLI;;0;;Colisão Transversal;Via Iluminada;Bom;Seca;Cruz;Gesto;Residencial;0;2;0;0;0;0;0;0;0;1;0;0;-3,743056;-38,515339
340575;15;3;2019;21:50;0;AV ENG SANTANA JUNIOR;;;2816;;Colisão Traseira;Via Iluminada;Chuva;Molhada;Meio de Quadra;Não Há Controle;Comercial;0;0;2;1;1;0;0;0;0;0;0;0;-3,746012333;-38,489317
340692;15;3;2019;19:53;0;AV JOSE BASTOS;;;4000;;Colisão Traseira;Via Iluminada;Bom;Seca;Meio de Quadra;Não Há Controle;Comercial;0;0;3;1;0;0;0;1;0;0;0;0;-3,7532955;-38,5537565
342617;15;3;2019;06:56;0;RUA BAR ARACATI;;;3000;;Colisão;Luz do Dia;;;Meio de Quadra;;;0;1;1;1;0;0;0;1;0;0;0;0;-3,747444;-38,516698
342618;15;3;2019;07:40;10449;AV I CJ CEARA;RUA MOCAMBIQUE;;;;Colisão;Luz do Dia;;;Cruz;Pare;Residencial;0;1;1;0;0;0;0;0;0;1;0;0;-3,766134;-38,599404
342619;15;3;2019;07:47;7629;RUA STA CATARINA (BELA VISTA / PAN AMERICANO);RUA ALAGOAS;;;;Colisão;Luz do Dia;;;Cruz;Pare;Residencial;0;1;1;1;0;0;0;0;0;1;0;0;-3,760356;-38,56955