COD_ACIDENTE;DIA;MES;ANO;HORA;INTERSECAO;LOG1;LOG2;LOG3;NUMERO;REFERENCIA;NATUREZA;ILUMINACAO;TEMPO;SUPERFICIEPISTA;TIPOCRUZAMENTO;CONTROLETRAFEGO;USOSOLO;MORTOS;FERIDOS;ILESOS;AUTOMOVEL;ONIBUS;BICICLETA;CAMINHAO;MICROONIBUS;CICLOMOTOR;MOTOCICLETA;TRACAOANIMAL;TREM;LATITUDE;LONGITUDE
342620;15;3;2019;07:49;0;AV FRANCISCO SA;;;2767;;Colisão;Luz do Dia;;;Meio de Quadra;;;0;2;1;1;0;0;0;0;0;1;0;0;-3,719731333;-38,5503405
342621;15;3;2019;08:24;0;RUA PRISCO BEZERRA;;;;;Colisão;Luz do Dia;;;Meio de Quadra;;;0;1;1;0;0;0;0;0;0;0;0;0;;
342638;15;3;2019;08:37;0;VL JOAO XXIII;;;530;;Colisão;Luz do Dia;;;Meio de Quadra;;;0;1;1;1;0;0;0;0;0;1;0;0;-3,7893;-38,59566
342646;15;3;2019;08:47;0;RUA AVILA GOULART;;;900;;Queda;Luz do Dia;;;Meio de Quadra;;;0;1;0;0;0;0;0;0;0;1;0;0;;
342668;15;3;2019;16:57;334;RUA AMADEU FURTADO;RUA NESTOR BARBOSA;;;;Colisão;Luz do Dia;;;Cruz;Pare;Residencial;0;1;1;1;0;0;0;0;0;1;0;0;-3,745408;-38,562047
342669;15;3;2019;17:11;0;AV JOVITA FEITOSA;;;72;;Colisão;Anoitecer;;;Meio de Quadra;;;0;1;1;0;0;1;0;0;0;1;0;0;-3,737418778;-38,54465778
342670;15;3;2019;17:17;0;AV GOV PARSIFAL BARROSO;;;;;Colisão;Anoitecer;;;Meio de Quadra;;;0;1;1;1;0;0;0;0;0;1;0;0;;
342671;15;3;2019;17:32;0;RUA FRANCFORT;;;266;;Colisão;Anoitecer;;;Meio de Quadra;;;0;1;1;0;0;0;0;0;0;0;0;0;-3,79569108;-38,58163448
342672;15;3;2019;17:59;0;AV GODOFREDO MACIEL;;;4610;;Colisão;Anoitecer;;;Meio de Quadra;;;0;2;1;1;0;0;0;0;0;1;0;0;-3,8111367;-38,5746095
342673;15;3;2019;18:06;5367;RUA NOGUEIRA ACIOLI;RUA PDE LUIS FIGUEIRA;;;;Queda;Anoitecer;;;T;Pare;Outros;0;1;0;0;0;0;0;0;0;1;0;0;-3,73145;-38,517306
342674;15;3;2019;18:49;0;AV DR SILAS MUNGUBA;;;;;Colisão;;;;Meio de Quadra;;;0;1;1;1;0;0;0;0;0;1;0;0;;
342677;15;3;2019;19:39;0;AV SGT HERMINIO SAMPAIO;;;2825;;Colisão;;;;Meio de Quadra;;;0;1;1;1;0;0;0;0;0;1;0;0;-3,727306;-38,565774
342678;15;3;2019;20:15;0;RUA DR JOSE LINO;;;61;;Colisão;;;;Meio de Quadra;;;0;1;1;0;0;0;0;0;0;0;0;0;-3,72917;-38,48831
342679;15;3;2019;20:24;0;RUA ALAN KARDEC;;;1192;;Queda;;;;Meio de Quadra;;;0;2;0;0;0;0;0;0;0;1;0;0;-3,76665;-38,54765
342680;15;3;2019;20:53;0;RUA PDE SA LEITAO;;;2000;;Atropelamento;;;;Meio de Quadra;;;0;1;1;1;0;0;0;0;0;0;0;0;-3,771383;-38,58637
342681;15;3;2019;21:04;0;AV BENJAMIM BRASIL;;;626;;Atropelamento;;;;Meio de Quadra;;;0;1;1;1;0;0;0;0;0;0;0;0;-3,804818;-38,56701
342682;15;3;2019;21:04;0;RUA MANUEL MONTEIRO;;;1364;;Atropelamento;;;;Meio de Quadra;;;0;1;1;1;0;0;0;0;0;0;0;0;-3,799742571;-38,49387948
342683;15;3;2019;21:54;0;RUA NICOLAU COELHO;;;656;;Colisão;;;;Meio de Quadra;;;0;1;1;1;0;0;0;0;0;1;0;0;-3,820328;-38,492272
342684;15;3;2019;22:37;0;RUA BERNARDO MANUEL;;;;;Colisão;;;;Meio de Quadra;;;0;1;1;1;0;1;0;0;0;0;0;0;;
342685;15;3;2019;22:41;0;AV VIS RIO BRANCO;;;1545;;Atropelamento;;;;Meio de Quadra;;;0;1;1;0;1;0;0;0;0;0;0;0;-3,734584;-38,524385
342686;15;3;2019;23:33;11138;AV A VENEZA TROPICAL;RUA 6 VENEZA TROPICAL;;;;Colisão;;;;;;;0;1;1;1;0;0;0;0;0;1;0;0;-3,794952;-38,539685
342687;15;3;2019;23:55;0;AV WASHINGTON SOARES;;;1010;;Colisão;;;;Meio de Quadra;;;0;1;1;1;0;0;0;0;0;1;0;0;-3,7636995;-38,482676
342664;15;3;2019;14:58;18387;AV OLAVO BILAC;AV SGT HERMINIO SAMPAIO;;;;Colisão;Luz do Dia;;;Cruz;Semáforo;Comercial;0;1;1;1;0;0;0;0;0;1;0;0;-3,727179;-38,56508
339683;15;3;2019;06:37;13152;RUA BERNARDO MANUEL;VL JOAO GUALBERTO;;;;Colisão Transversal;Luz do Dia;;;T;Pare;Comercial;0;3;0;0;0;0;0;0;0;1;0;0;-3,831465;-38,561161
339647;15;3;2019;10:40;0;RD CE-060;;;4;;Colisão;Luz do Dia;;;Meio de Quadra;;;0;0;2;1;0;0;0;0;0;0;0;0;;
341796;15;3;2019;20:10;0;RD BR 116;;;13000;KM-13;Colisão;;;;Meio de Quadra;;;0;5;1;0;1;0;0;0;0;1;0;0;-3,86467;-38,497727
339648;16;3;2019;12:30;0;AV SEN CARLOS JEREISSATI (AEROPORTO);;;3000;KM 03;Colisão;Luz do Dia;;;Meio de Quadra;;;0;2;1;0;0;0;1;0;0;1;0;0;-3,779641;-38,544038
339649;16;3;2019;21:00;0;RD CE-040;;;;KM-08;Colisão;;;;Meio de Quadra;;;0;0;3;1;0;0;0;0;0;0;0;0;-3,825515822;-38,48153832
339684;16;3;2019;13:30;1927;RUA MARIA QUINTINO;AV ISABEL BEZERRA;;;;Colisão Transversal;Luz do Dia;Chuva;Molhada;Cruz;Pare;Residencial;0;2;1;1;0;0;0;0;0;1;0;0;-3,855018;-38,50073
339685;16;3;2019;15:10;25067;AV DOS EXPEDICIONARIOS;RUA DES PRAXEDES;;;;Choque c/ Obstáculo Fixo;Luz do Dia;Bom;Seca;Cruz;Semáforo;Comercial;0;0;1;1;0;0;0;0;0;0;0;0;-3,763679;-38,540839
342690;16;3;2019;08:22;3778;AV DA UNIVERSIDADE;RUA ANTONIO POMPEU;;;;Queda;Luz do Dia;;;Cruz;Semáforo;Comercial;0;1;0;0;0;0;0;0;0;1;0;0;-3,734083;-38,532908
342691;16;3;2019;08:30;0;RD BR 116;;;3000;KM-03;Colisão;Luz do Dia;;;Meio de Quadra;;;0;1;1;0;0;0;0;0;0;0;0;0;-3,779838;-38,514372
342688;16;3;2019;06:50;0;AV PRS COSTA E SILVA;;;;;Queda;Luz do Dia;;;Meio de Quadra;;;0;1;0;0;0;0;0;0;0;1;0;0;;
342697;16;3;2019;09:36;0;AV FRANCISCO SA;;;2473;;Colisão;Luz do Dia;;;Meio de Quadra;;;0;2;1;1;0;0;0;0;0;1;0;0;-3,720724714;-38,54727079
342699;16;3;2019;11:06;0;RUA COSTA FREIRE;;;1992;;Colisão;Luz do Dia;;;Meio de Quadra;;;0;2;1;1;0;0;0;0;0;1;0;0;-3,795667;-38,58779125
342705;16;3;2019;11:52;0;RUA BERNARDO MANUEL;;;10632;;Queda;Luz do Dia;;;Meio de Quadra;;;0;1;0;0;0;0;0;0;0;1;0;0;-3,812268923;-38,55553543
342713;16;3;2019;14:03;7620;RUA PARAIBA;RUA STA CATARINA (BELA VISTA / PAN AMERICANO);;;;Colisão;Luz do Dia;;;;;;0;1;1;1;0;0;0;0;0;1;0;0;-3,758926;-38,568614
342714;16;3;2019;14:39;0;RUA PRO GOMES BRASIL;;;201;;Colisão;Luz do Dia;;;Meio de Quadra;;;0;1;1;0;0;0;0;0;0;0;0;0;-3,774097;-38,567602
342715;16;3;2019;16:17;0;AV JOVITA FEITOSA;;;;;Queda;Luz do Dia;;;Meio de Quadra;;;0;1;0;0;0;0;0;0;0;1;0;0;;
342716;16;3;2019;16:39;19696;RUA DOM JOSE LOURENCO  D27;RUA GUSTAVO SAMPAIO;;;;Colisão;Luz do Dia;;;Cruz;Pare;Comercial;0;1;1;1;0;0;0;0;0;1;0;0;-3,73588;-38,559501
342717;16;3;2019;18:04;0;RUA DOM HELIO CAMPOS D21;;;311;;Queda;Anoitecer;;;Meio de Quadra;;;0;2;0;0;0;0;0;0;0;1;0;0;-3,714960458;-38,55598165
342718;16;3;2019;18:27;0;LOGRADOURO SEM NOME;;;185;;Queda;Anoitecer;;;Meio de Quadra;;;0;1;0;0;0;1;0;0;0;0;0;0;;
342719;16;3;2019;19:57;0;AV MAJ ASSIS;;;2579;;Queda;;;;Meio de Quadra;;;0;1;0;0;0;1;0;0;0;0;0;0;-3,719754267;-38,60351213
342702;16;3;2019;11:38;0;AV HEROIS DO ACRE;;;144;;Colisão;Luz do Dia;;;Meio de Quadra;;;0;1;1;1;0;0;0;0;0;1;0;0;-3,80319;-38,532596
342703;16;3;2019;11:44;0;AV OLIVEIRA PAIVA;;;;;Queda;Luz do Dia;;;Meio de Quadra;;;0;1;0;0;0;0;0;0;0;1;0;0;;
342711;16;3;2019;13:02;0;AV GOV RAUL BARBOSA;;;5494;;Colisão;Luz do Dia;;;Meio de Quadra;;;0;1;1;1;0;1;0;0;0;0;0;0;-3,7674;-38,50928
342724;16;3;2019;20:03;0;AV GODOFREDO MACIEL;;;5130;;Colisão;;;;Meio de Quadra;;;0;1;1;0;0;0;0;0;0;0;0;0;-3,818808;-38,576204
342725;16;3;2019;20:34;0;AV SGT HERMINIO SAMPAIO;;;33;;Atropelamento;;;;Meio de Quadra;;;0;1;1;1;0;0;0;0;0;0;0;0;-3,72827;-38,57089
342726;16;3;2019;20:39;17446;RUA EQUADOR;RUA PRO TEODORICO;;;;Queda;;;;Cruz;Pare;Comercial;0;2;0;0;0;0;0;0;0;1;0;0;-3,769655;-38,550989
342727;16;3;2019;21:24;0;RUA PRIMEIRO DE MAIO D34;;;2689;;Queda;;;;Meio de Quadra;;;0;1;0;0;0;0;0;0;0;1;0;0;-3,778206873;-38,60524866
340576;16;3;2019;08:10;9155;AV LUCIANO CARNEIRO;AV EDUARDO GIRAO;;;;Colisão Transversal;Luz do Dia;Chuva;Molhada;Cruz;Semáforo;Comercial;0;1;1;1;0;0;0;0;0;1;0;0;-3,752275;-38,532811
340577;16;3;2019;09:06;8652;AV EDILSON B SOARES;RUA MARIO ALENCAR ARARIPE;;;;Colisão Transversal;Luz do Dia;Chuva;Molhada;T;Não Há Controle;Comercial;0;1;1;1;0;0;0;0;0;1;0;0;-3,789298;-38,478792
340578;16;3;2019;13:40;25343;AV AUGUSTO DOS ANJOS;RUA NEREU RAMOS;;1585;;Colisão Transversal;Luz do Dia;Nublado;Seca;T;Pare;Comercial;0;0;2;1;0;0;0;0;0;0;0;0;-3,780445;-38,579407
340579;16;3;2019;13:30;7847;RUA JOSE VILAR;RUA JOAQUIM SA;;0;;Não Informado;Luz do Dia;Bom;Molhada;Cruz;Pare;Residencial;0;0;2;1;0;0;0;0;0;0;0;0;-3,748119;-38,508665
340580;16;3;2019;12:31;10995;RUA 15 DE NOVEMBRO;RUA ALM RUBIM;;;;Colisão Transversal;Luz do Dia;Chuva;Molhada;Cruz;Pare;Comercial;0;1;2;1;1;0;0;0;0;0;0;0;-3,768907;-38,555939
340581;16;3;2019;12:51;26227;AV GAL OSORIO DE PAIVA;RUA AGAMENON;;;;Colisão Traseira;Luz do Dia;Nublado;Seca;Cruz;Semáforo;Comercial;0;1;1;0;1;0;0;0;0;1;0;0;-3,7902314;-38,5880718
340582;16;3;2019;16:20;11761;AV PRS CASTELO BRANCO;RUA JACINTO MATOS;;;;Choque c/ Obstáculo Fixo;Luz do Dia;Chuva;Molhada;T;Semáforo;Comercial;0;1;1;1;0;0;0;0;0;0;0;0;-3,71463;-38,546333
340583;16;3;2019;09:15;5323;RUA PEDRO PEREIRA;RUA ASSUNCAO;;;;Colisão Transversal;Luz do Dia;Nublado;Molhada;Cruz;Pare;Comercial;0;1;1;1;0;0;0;0;0;1;0;0;-3,730116;-38,527197
340584;17;3;2019;07:33;5122;AV IMPERADOR;RUA SAO PAULO;;;;Colisão Lateral;Amanhecer;Bom;Seca;Cruz;Semáforo;Comercial;0;1;1;1;0;0;0;0;0;1;0;0;-3,724049;-38,533522
340585;17;3;2019;10:30;5258;RUA PEDRO I;RUA PDE MORORO;;;;Colisão Transversal;Luz do Dia;Bom;Seca;Cruz;Pare;Comercial;0;1;1;1;0;0;0;0;0;1;0;0;-3,728123;-38,53829
340586;17;3;2019;13:30;9154;RUA DOM SEBASTIAO LEME;AV 13 DE MAIO;;0;;Não Informado;Luz do Dia;Bom;Seca;Cruz;Semáforo;Comercial;0;2;0;1;0;0;0;0;0;1;0;0;-3,752832;-38,525221
340587;17;3;2019;18:30;0;RUA CAP HUGO BEZERRA;;;1131;;Colisão Transversal;Via Iluminada;Bom;Seca;Meio de Quadra;Não Há Controle;Residencial;0;2;1;0;0;0;0;0;0;0;0;0;-3,820329452;-38,51315619
340588;17;3;2019;12:15;13408;AV ANTONIO SALES;RUA BAR ARACATI;;;;Colisão Transversal;Luz do Dia;Bom;Seca;Cruz;Não Há Controle;Comercial;0;1;1;1;0;0;0;0;0;1;0;0;-3,741563;-38,514894
340608;17;3;2019;07:24;0;RUA BENJAMIM FRANKLIN;;;325;;Colisão Frontal;Luz do Dia;Bom;Seca;Meio de Quadra;Não Há Controle;Residencial;0;0;1;1;0;0;0;0;0;0;0;0;-3,780478645;-38,54945785
340038;17;3;2019;13:16;9097;RUA CEL PERGENTINO FERREIRA;RUA LAURO MAIA;;0;;Não Informado;Luz do Dia;Bom;Seca;Cruz;Semáforo;Comercial;0;0;2;1;1;0;0;0;0;0;0;0;-3,748036;-38,522736
339686;17;3;2019;03:00;0;AV JOSE BASTOS;;;2640;;Capotamento;Via Iluminada;Nublado;Seca;Meio de Quadra;Semáforo;Residencial;1;2;0;1;0;0;0;0;0;0;0;0;-3,744178;-38,544653
342330;17;3;2019;22:32;0;AV DR SILAS MUNGUBA;;;3253;;Colisão;;;;Meio de Quadra;;;0;1;0;0;0;0;0;0;0;0;0;0;-3,788850667;-38,54468167
342331;17;3;2019;22:41;0;AV HIS RAIMUNDO GIRAO;;;;;Atropelamento;;;;Meio de Quadra;;;0;1;1;1;0;0;0;0;0;0;0;0;;
342332;17;3;2019;23:32;0;AV MR HULL;;;;;Colisão;;;;Meio de Quadra;;;0;1;0;0;0;0;0;0;0;0;0;0;;
342310;17;3;2019;19:02;0;AV DR SILAS MUNGUBA;;;3101;;Queda;;;;Meio de Quadra;;;0;1;0;0;0;0;0;0;0;1;0;0;-3,788562;-38,545493
342311;17;3;2019;19:34;0;RUA FRANCISCO PAIVA;;;1580;;Queda;;;;Meio de Quadra;;;0;1;0;0;0;0;0;0;0;1;0;0;-3,79637;-38,61618
342312;17;3;2019;20:32;0;RUA FRE MANSUETO;;;1390;;Colisão;;;;Meio de Quadra;;;0;1;1;1;0;0;0;0;0;1;0;0;-3,7363683;-38,4885671
342313;17;3;2019;21:49;0;RUA STA FILOMENA;;;;;Queda;;;;Meio de Quadra;;;0;1;0;0;0;1;0;0;0;0;0;0;;
342314;17;3;2019;21:49;0;AV SEN FERNANDES TAVORA;;;2433;;Queda;;;;Meio de Quadra;;;0;1;0;0;0;1;0;0;0;0;0;0;-3,755953;-38,593889
342315;17;3;2019;22:10;0;RUA PEDRO DANTAS;;;202;;Colisão;;;;Meio de Quadra;;;0;1;1;0;0;0;0;0;0;1;0;0;-3,786430769;-38,51898335
342265;17;3;2019;12:45;0;RUA FRANCISCA MARIA DA CONCEICAO;;;;;Colisão;Luz do Dia;;;Meio de Quadra;;;0;1;1;1;0;0;0;0;0;1;0;0;;
342286;17;3;2019;13:07;0;ET DO ANCURI;;;2396;;Colisão;Luz do Dia;;;Meio de Quadra;;;0;1;1;1;0;0;0;0;0;1;0;0;-3,868333583;-38,523186
342287;17;3;2019;15:13;6343;RUA 1084 CJ CEARA;AV C CJ CEARA;;;;Colisão;Luz do Dia;;;Cruz;Não Há Controle;Residencial;0;1;1;1;0;0;0;0;0;1;0;0;;
342288;17;3;2019;15:14;0;RUA LEONARDO MOTA;;;2486;;Colisão;Luz do Dia;;;Meio de Quadra;;;0;1;1;1;0;0;0;0;0;1;0;0;-3,74738;-38,49972
342289;17;3;2019;16:00;25422;RUA MARIA GOMES DE SA;AV GODOFREDO MACIEL;;;;Colisão;Luz do Dia;;;;;;0;1;1;1;0;0;0;0;0;1;0;0;-3,826977;-38,579662
342290;17;3;2019;16:08;0;RUA CHICO XAVIER;;;;;Colisão;Luz do Dia;;;Meio de Quadra;;;0;1;1;1;0;0;0;0;0;1;0;0;;
342291;17;3;2019;16:47;0;RUA MAL BITENCOURT;;;1441;;Queda;Luz do Dia;;;Meio de Quadra;;;0;1;0;0;0;0;0;0;0;1;0;0;-3,795545;-38,531038
342292;17;3;2019;18:27;25000;RUA COSTA BARROS;AV DOM MANUEL;;;;Colisão;Anoitecer;;;Cruz;Semáforo;Comercial;0;1;1;1;0;0;0;0;0;1;0;0;-3,727381;-38,520793
342255;17;3;2019;05:25;0;AV AUGUSTO DOS ANJOS;;;489;;Colisão;Amanhecer;;;Meio de Quadra;;;0;1;1;1;0;0;0;0;0;1;0;0;-3,773047;-38,5727921
342256;17;3;2019;05:59;0;AV CENTRAL;;;208;;Queda;Amanhecer;;;Meio de Quadra;;;0;1;0;0;0;0;0;0;0;1;0;0;-3,75043;-38,47142
342258;17;3;2019;07:28;0;AV SEN FERNANDES TAVORA;;;;;Colisão;Luz do Dia;;;Meio de Quadra;;;0;1;0;0;0;0;0;0;0;0;0;0;;
342259;17;3;2019;10:59;0;RUA ADOLFO CAMINHA;;;282;;Atropelamento;Luz do Dia;;;Meio de Quadra;;;0;1;1;0;1;0;0;0;0;0;0;0;-3,721026198;-38,52544304
342260;17;3;2019;11:07;0;RUA SAO LEOPOLDO D69;;;617;;Colisão;Luz do Dia;;;Meio de Quadra;;;0;1;1;0;0;0;0;0;0;1;0;0;-3,863188;-38,505334
342261;17;3;2019;11:12;9671;RUA OSCAR FRANCA;RUA ARI MAIA;;;;Colisão;Luz do Dia;;;Cruz;Pare;Residencial;0;1;1;1;0;0;0;0;0;1;0;0;-3,784963;-38,621799
342262;17;3;2019;11:29;0;RUA MARIA GOMES DE SA;;;;;Colisão;Luz do Dia;;;Meio de Quadra;;;0;1;1;1;0;0;0;0;0;1;0;0;;
342250;17;3;2019;00:13;0;AV GAL OSORIO DE PAIVA;;;7655;;Atropelamento;;;;Meio de Quadra;;;0;1;1;1;0;0;0;0;0;0;0;0;-3,819198;-38,616072
342251;17;3;2019;00:43;0;RUA ARGENTINA;;;210;;Colisão;;;;Meio de Quadra;;;0;1;1;1;0;1;0;0;0;0;0;0;-3,747334279;-38,56444363
342252;17;3;2019;01:21;130;RUA RUI MONTE;RUA PEDRO MELO;;;;Colisão;;;;T;Não Há Controle;Residencial;0;1;1;1;0;0;0;0;0;1;0;0;-3,743467;-38,587243
342253;17;3;2019;05:11;0;AV MIGUEL DIAS;;;1500;;Atropelamento;Amanhecer;;;Meio de Quadra;;;0;1;1;0;0;0;0;0;0;0;0;0;-3,7702304;-38,4877521
342222;18;3;2019;18:30;0;RD BR 222;;;;KM-03;Tombamento;Anoitecer;;;Meio de Quadra;;;0;2;1;1;0;0;0;0;0;1;0;0;-3,740300848;-38,59594097
342333;18;3;2019;02:14;0;RUA CEL PERGENTINO FERREIRA;;;;;Queda;;;;Meio de Quadra;;;0;1;0;0;0;0;0;0;0;1;0;0;;
342347;18;3;2019;08:25;0;AV ENG SANTANA JUNIOR;;;1582;;Colisão;Luz do Dia;;;Meio de Quadra;;;0;1;1;1;0;0;0;0;0;1;0;0;;
342345;18;3;2019;08:02;0;AV JOSE BASTOS;;;4000;;Colisão;Luz do Dia;;;Meio de Quadra;;;0;1;1;1;0;0;0;0;0;1;0;0;-3,7532955;-38,5537565
342343;18;3;2019;07:44;9169;AV LUCIANO CARNEIRO;RUA DR ALFREDO WEYNE D14;;;;Colisão;Luz do Dia;;;T;Não Há Controle;Comercial;0;1;1;0;0;0;0;0;0;1;0;0;-3,754682;-38,533556
342340;18;3;2019;07:34;0;AV SANTOS DUMONT;;;5916;;Colisão;Luz do Dia;;;Meio de Quadra;;;0;1;1;1;0;0;0;0;0;1;0;0;-3,742258;-38,479668
342341;18;3;2019;07:44;0;AV GOV RAUL BARBOSA;;;722;;Colisão;Luz do Dia;;;Meio de Quadra;;;0;1;1;0;0;0;0;0;0;1;0;0;-3,7590998;-38,50463
342336;18;3;2019;06:48;7846;RUA JOSE VILAR;RUA JULIO SIQUEIRA;;;;Colisão;Luz do Dia;;;Cruz;Pare;Residencial;0;1;1;1;0;0;0;0;0;1;0;0;-3,749493;-38,509103
342391;18;3;2019;19:46;0;AV ENG LEAL LIMA VERDE (SAPIRANGA/COITE);;;3350;;Colisão;;;;Meio de Quadra;;;0;1;1;1;0;0;0;0;0;1;0;0;;
342392;18;3;2019;20:15;0;RUA PDE PEDRO DE ALENCAR;;;1881;;Colisão;;;;Meio de Quadra;;;0;1;1;1;0;1;0;0;0;0;0;0;-3,844646;-38,494436
342393;18;3;2019;20:28;0;AV DES FELICIANO DE ATAIDE (JD DAS OLIVEIRAS);;;223;;Colisão;;;;Meio de Quadra;;;0;1;1;1;0;0;0;0;0;1;0;0;-3,78527;-38,49519
342394;18;3;2019;22:02;0;AV DES GONZAGA;;;;;Atropelamento;;;;Meio de Quadra;;;0;1;1;1;0;0;0;0;0;0;0;0;;
342386;18;3;2019;18:17;0;RUA PRO HERIBALDO COSTA;;;1199;;Colisão;Anoitecer;;;Meio de Quadra;;;0;1;1;1;0;0;0;0;0;1;0;0;-3,762997;-38,585433
342389;18;3;2019;18:41;22895;RUA BERNARDO MANUEL;RUA GUERRA JUNQUEIRO;;;;Colisão;;;;T;Pare;Residencial;0;1;1;1;0;0;0;0;0;1;0;0;-3,781956;-38,546285
342383;18;3;2019;17:46;0;RUA PROF GLAUCO LOBO;;;764;;Colisão;Anoitecer;;;Meio de Quadra;;;0;1;0;0;0;0;0;0;0;0;0;0;;
342384;18;3;2019;18:12;0;AV PRS CASTELO BRANCO;;;78;;Colisão;Anoitecer;;;Meio de Quadra;;;0;1;1;1;0;1;0;0;0;0;0;0;-3,7229185;-38,522493
342379;18;3;2019;16:54;0;AV MOZART PINHEIRO DE LUCENA;;;1560;;Colisão;Luz do Dia;;;Meio de Quadra;;;0;1;1;1;0;0;0;0;0;1;0;0;-3,716309714;-38,59513671
342380;18;3;2019;17:42;0;AV PERIMETRAL;;;764;;Colisão;Anoitecer;;;Meio de Quadra;;;0;1;1;1;0;0;0;0;0;1;0;0;;
342375;18;3;2019;14:17;12577;AV MAJ ASSIS;RUA PDE TEODORO (QUNTINO CUNHA);;;;Colisão;Luz do Dia;;;Cruz;Pare;;0;1;1;1;0;0;0;0;0;1;0;0;-3,723221;-38,590526
342376;18;3;2019;16:22;0;RUA PDE MORORO;;;566;;Colisão;Luz do Dia;;;Meio de Quadra;;;0;1;1;1;0;0;0;0;0;1;0;0;-3,721662;-38,536313
342372;18;3;2019;13:42;22719;AV ENG LEAL LIMA VERDE (SAPIRANGA/COITE);RUA EUCLIDES O DE SOUSA;;;;Colisão;Luz do Dia;;;Cruz;Pare;Residencial;0;1;1;0;0;0;0;0;0;1;0;0;-3,797866;-38,475497
342356;18;3;2019;11:54;0;RUA ALBERTO DE OLIVEIRA;;;547;;Capotamento;Luz do Dia;;;Meio de Quadra;;;0;1;0;1;0;0;0;0;0;0;0;0;-3,709272;-38,576013
342359;18;3;2019;12:30;0;AV ALM HENRIQUE SABOIA;;;;;Colisão;Luz do Dia;;;Meio de Quadra;;;0;1;1;1;0;0;0;0;0;1;0;0;;
342351;18;3;2019;08:50;0;AV DR SILAS MUNGUBA;;;;;Colisão;Luz do Dia;;;Meio de Quadra;;;0;1;0;0;0;0;0;0;0;0;0;0;;
342352;18;3;2019;09:22;0;AV GAL MURILO BORGES;;;75;;Colisão;Luz do Dia;;;Meio de Quadra;;;0;1;1;1;0;0;0;0;0;1;0;0;-3,72262;-38,59843
342353;18;3;2019;10:54;0;AV SGT HERMINIO SAMPAIO;;;2267;;Queda;Luz do Dia;;;Meio de Quadra;;;0;1;0;0;0;0;0;0;0;1;0;0;-3,726371;-38,560489
342354;18;3;2019;11:27;0;RUA RIO GRANDE DO SUL;;;;;Queda;Luz do Dia;;;Meio de Quadra;;;0;1;0;0;0;0;0;0;0;1;0;0;;
341934;18;3;2019;08:30;0;RD BR 116;;;3000;KM-03;Colisão Traseira;Luz do Dia;;;Meio de Quadra;;;0;2;0;0;0;0;1;0;0;1;0;0;-3,779838;-38,514372
339687;18;3;2019;18:50;7821;RUA NUNES VALENTE;RUA JULIO SIQUEIRA;;;;Colisão Lateral;;;;Cruz;Pare;Comercial;0;0;2;1;0;0;0;0;0;0;0;0;-3,749819;-38,5081
339688;18;3;2019;06:00;0;RUA CARLOS JUACABA;;;659;;Choque c/ Obstáculo Fixo;Luz do Dia;Bom;Seca;Meio de Quadra;Outros;Residencial;0;1;2;1;0;0;0;0;0;0;0;0;-3,7916175;-38,561923
339650;18;3;2019;13:40;0;AV SEN CARLOS JEREISSATI (AEROPORTO);;;;KM 01;Outros;Luz do Dia;;;Meio de Quadra;;;0;1;0;0;0;0;0;0;0;1;0;0;-3,783753;-38,52685
339651;18;3;2019;22:30;0;RD CE-040;;;;KM-06;Colisão;;;;Meio de Quadra;;;0;0;2;1;0;0;0;0;0;0;0;0;-3,809596804;-38,47873348
340609;18;3;2019;19:38;0;AV BERNARDO MANUEL;;;12360;;Colisão Lateral;Via Iluminada;Nublado;Seca;Não Informado;Não Há Controle;Residencial;0;0;2;1;0;0;0;0;0;0;0;0;-3,8189023;-38,55755
340623;18;3;2019;18:00;0;AV PRS JUSCELINO KUBITSCHEK (PASSARÉ);;;5541;;Colisão Transversal;Via Iluminada;Bom;Seca;Meio de Quadra;Não Há Controle;Comercial;0;0;2;1;0;0;0;0;0;0;0;0;-3,825417132;-38,53924196
340624;18;3;2019;18:00;0;RUA ZACARIAS GONDIM;TR JOAO MORAIS;;0;;Colisão Transversal;Via Iluminada;Bom;Seca;Meio de Quadra;Pare;Residencial;0;1;1;1;0;0;0;0;0;1;0;0;-3,7666489;-38,5579732
340589;18;3;2019;08:15;0;RUA METON DE ALENCAR;;;542;;Colisão Transversal;Luz do Dia;Bom;Seca;Meio de Quadra;Não Há Controle;Comercial;0;1;1;0;0;0;0;0;0;1;0;0;-3,73422325;-38,52891233
340590;18;3;2019;09:17;5039;AV ALBERTO NEPOMUCENO;RUA PESSOA ANTA;;0;;Colisão Transversal;Luz do Dia;Bom;Seca;Cruz;Semáforo;Comercial;0;1;1;1;0;0;0;0;0;1;0;0;-3,721257;-38,523212
340591;18;3;2019;07:10;0;RUA PRO CARVALHO;;;1;;Colisão Lateral;Luz do Dia;Bom;Seca;Meio de Quadra;Não Há Controle;Comercial;0;1;3;0;0;0;0;0;0;1;0;0;-3,752506;-38,515015
340592;18;3;2019;09:42;0;AV PONTES VIEIRA;;;133;;Colisão Lateral;Luz do Dia;Bom;Seca;Meio de Quadra;Não Há Controle;Comercial;0;0;1;1;0;0;0;0;0;1;0;0;-3,753373481;-38,5190253