COD_ACIDENTE;DIA;MES;ANO;HORA;INTERSECAO;LOG1;LOG2;LOG3;NUMERO;REFERENCIA;NATUREZA;ILUMINACAO;TEMPO;SUPERFICIEPISTA;TIPOCRUZAMENTO;CONTROLETRAFEGO;USOSOLO;MORTOS;FERIDOS;ILESOS;AUTOMOVEL;ONIBUS;BICICLETA;CAMINHAO;MICROONIBUS;CICLOMOTOR;MOTOCICLETA;TRACAOANIMAL;TREM;LATITUDE;LONGITUDE
340593;18;3;2019;10:20;0;RUA CEL JUCA;;;999;;Colisão Lateral;Luz do Dia;Bom;Seca;Meio de Quadra;Não Há Controle;Residencial;0;0;2;1;0;0;0;0;0;0;0;0;-3,740995;-38,492416
340594;18;3;2019;13:30;7781;AV DES MOREIRA;AV ANTONIO SALES;;0;;Colisão Transversal;Luz do Dia;Nublado;Seca;Cruz;Semáforo;Comercial;0;1;1;1;0;0;0;0;0;0;0;0;-3,745744;-38,50141
340595;18;3;2019;15:06;0;AV JOAO PESSOA;;;4693;;Engavetamento;Luz do Dia;Chuva;Molhada;Meio de Quadra;Não Há Controle;Comercial;0;0;3;1;0;0;0;0;0;0;0;0;-3,7554684;-38,552383
340596;18;3;2019;08:45;0;AV DR SILAS MUNGUBA;;;3640;;Colisão Lateral;Luz do Dia;Bom;Seca;Meio de Quadra;Não Há Controle;Comercial;0;1;1;0;1;0;0;0;0;1;0;0;-3,789977;-38,541473
340597;18;3;2019;16:42;0;AV SANTOS DUMONT;;;5535;;Colisão Lateral;Luz do Dia;Bom;Seca;Meio de Quadra;Não Há Controle;Comercial;0;1;1;0;1;0;0;0;0;1;0;0;-3,741446;-38,48219741
340598;18;3;2019;19:00;0;RUA MARIA CLARA;;;295;;Colisão Lateral;Via Iluminada;Bom;Seca;;;;0;1;1;1;0;0;0;0;0;1;0;0;-3,725875153;-38,58061921
340599;18;3;2019;22:28;5709;AV DES GONZAGA;AV OLIVEIRA PAIVA;;;;Atropelamento;Via Iluminada;Bom;Molhada;Cruz;Semáforo;Comercial;0;1;1;0;0;0;0;0;0;0;0;0;-3,797165;-38,499953
340600;19;3;2019;15:07;0;RUA CAP JOAO FERREIRA LIMA;;;355;;Atropelamento;Luz do Dia;Nublado;Molhada;Meio de Quadra;Não Há Controle;Residencial;0;1;1;1;0;0;0;0;0;0;0;0;-3,7868457;-38,52233
340601;19;3;2019;14:14;0;AV 13 DE MAIO;;;1400;;Colisão Lateral;Luz do Dia;Nublado;Molhada;Meio de Quadra;;;0;2;0;0;0;0;0;0;0;1;0;0;-3,747784;-38,53113433
340602;19;3;2019;16:21;0;RUA ALBERTO FEITOSA LIMA;RUA GERALDO MAGALHAES;;0;;Colisão Transversal;Luz do Dia;Nublado;Seca;Cruz;Pare;Residencial;0;1;1;1;0;0;0;0;0;0;0;0;-3,7695038;-38,4842463
340603;19;3;2019;19:55;0;AV BAR STUDART;;;130;;Choque c/ Obstáculo Fixo;Via Iluminada;Nublado;Molhada;Meio de Quadra;Não Há Controle;Residencial;0;0;1;1;0;0;0;0;0;0;0;0;-3,724762;-38,503445
340604;19;3;2019;19:31;0;RUA CARLOS CAMARA;;;0;;Colisão Transversal;Via Iluminada;Nublado;Molhada;Cruz;Pare;Residencial;0;0;2;1;0;0;0;0;0;0;0;0;;
339689;19;3;2019;09:40;1927;AV ISABEL BEZERRA;RUA MARIA QUINTINO;;;;Colisão Transversal;Luz do Dia;Nublado;Seca;Cruz;Pare;Residencial;0;1;1;1;0;0;0;0;1;0;0;0;-3,855018;-38,50073
342406;19;3;2019;13:29;0;RUA CAP JOAO FERREIRA LIMA;;;355;;Colisão;Luz do Dia;;;Meio de Quadra;;;0;1;1;1;0;1;0;0;0;0;0;0;-3,7868699;-38,5223405
342395;19;3;2019;02:48;0;AV CONTORNO OESTE D71;;;65;;Queda;;;;Meio de Quadra;;;0;1;0;0;0;0;0;0;0;1;0;0;-3,809525577;-38,59240923
342396;19;3;2019;03:47;0;AV GOV RAUL BARBOSA;;;;;Queda;;;;Meio de Quadra;;;0;1;0;0;0;0;0;0;0;1;0;0;;
342397;19;3;2019;08:01;0;AV ZEZE DIOGO;;;3080;;Colisão;Luz do Dia;;;Meio de Quadra;;;0;1;1;1;0;0;0;0;0;1;0;0;-3,7477573;-38,4487652
342398;19;3;2019;08:18;0;RUA BENEDITO MACEDO;;;;;Colisão;Luz do Dia;;;Meio de Quadra;;;0;1;0;0;0;0;0;0;0;0;0;0;;
342399;19;3;2019;08:49;0;RUA CACILDA BECKER;;;;;Colisão;Luz do Dia;;;Meio de Quadra;;;0;1;1;1;0;0;0;0;0;1;0;0;;
342403;19;3;2019;10:31;0;AV CARNEIRO DE MENDONCA;;;1520;;Queda;Luz do Dia;;;Meio de Quadra;;;0;1;0;0;0;1;0;0;0;0;0;0;-3,7613085;-38,571991
342223;19;3;2019;17:15;0;RD BR 020;;;;KM 427;Colisão Traseira;Anoitecer;;;Meio de Quadra;;;0;2;1;1;0;0;0;0;0;1;0;0;-3,866;-38,515
342455;19;3;2019;18:54;0;AV PRS CASTELO BRANCO;;;2531;;Atropelamento;;;;Meio de Quadra;;;0;1;1;0;0;0;0;0;0;1;0;0;-3,7096783;-38,5641321
342456;19;3;2019;18:55;0;RUA CARLOS STUDART;;;235;;Colisão;;;;Meio de Quadra;;;0;1;1;1;0;0;0;0;0;1;0;0;-3,792004341;-38,5676233
342457;19;3;2019;19:13;0;RUA BAR AQUIRAZ;;;;;Colisão;;;;Meio de Quadra;;;0;1;1;0;0;0;0;0;0;1;0;0;;
342441;19;3;2019;14:38;1360;RUA JOAQUIM NABUCO;RUA DES LEITE ALBUQUERQUE;;;;Colisão;Luz do Dia;;;Cruz;Pare;Comercial;0;1;1;1;0;0;0;0;0;1;0;0;-3,736273;-38,501621
342442;19;3;2019;17:10;0;AV ANTONIO SALES;;;3525;;Colisão;Anoitecer;;;Meio de Quadra;;;0;1;1;0;0;0;0;0;0;1;0;0;-3,749257;-38,490039
342444;19;3;2019;18:14;0;RUA CON DE CASTRO;;;1388;;Queda;Anoitecer;;;Meio de Quadra;;;0;1;0;0;0;0;0;0;0;1;0;0;-3,784019;-38,5725345
342445;19;3;2019;18:14;1380;RUA TORRES CAMARA;RUA NUNES VALENTE;;;;Colisão;Anoitecer;;;Cruz;Pare;Residencial;0;1;1;1;0;0;0;0;0;0;0;0;-3,736618;-38,503856
342446;19;3;2019;18:29;24954;AV ALM HENRIQUE SABOIA;RUA DR JOSE LINO;;;;Colisão;Anoitecer;;;Outros;Não Há Controle;Residencial;0;1;1;1;0;0;0;0;0;1;0;0;-3,730972;-38,481934
342433;19;3;2019;14:11;0;AV DOS EXPEDICIONARIOS;;;4474;;Atropelamento;Luz do Dia;;;Meio de Quadra;;;0;1;1;1;0;0;0;0;0;0;0;0;-3,757494394;-38,53894512
342434;19;3;2019;14:37;0;RUA LONDRINA;;;2186;;Colisão;Luz do Dia;;;Meio de Quadra;;;0;1;1;1;0;0;0;0;0;1;0;0;-3,77904;-38,6103
342481;19;3;2019;19:47;0;RUA CAP NESTOR GOIS;;;250;;Colisão;;;;Meio de Quadra;;;0;1;1;1;0;0;0;0;0;1;0;0;-3,721886933;-38,56168327
342482;19;3;2019;20:24;0;RUA ASTROGILDO FONTOURA;;;510;;Queda;;;;Meio de Quadra;;;0;1;0;0;0;1;0;0;0;0;0;0;-3,712107133;-38,58369987
342459;19;3;2019;19:21;0;RUA SAO FRANCISCO D34;;;225;;Colisão;;;;Meio de Quadra;;;0;1;1;0;0;0;0;0;0;1;0;0;-3,784304917;-38,5883842
342485;19;3;2019;20:51;0;RUA VALPARAISO;;;1032;;Colisão;;;;Meio de Quadra;;;0;1;1;1;0;0;0;0;0;1;0;0;-3,842195837;-38,52825466
342486;20;3;2019;00:16;0;RUA EMILIO DE MENESES;;;211;;Colisão;;;;Meio de Quadra;;;0;1;1;1;1;0;0;0;0;0;0;0;-3,782708;-38,584038
342575;20;3;2019;18:29;0;RUA ERETIDES MARTINS;;;;;Colisão;Anoitecer;;;Meio de Quadra;;;0;1;1;1;0;1;0;0;0;0;0;0;;
342534;20;3;2019;15:34;11293;RUA LEON GRADVOHL;RUA ROSA CRUZ;;;;Colisão;Luz do Dia;;;Cruz;Não Há Controle;Residencial;0;1;1;1;0;0;0;0;0;1;0;0;-3,798812;-38,567025
342532;20;3;2019;15:04;9449;AV MAJ ASSIS;RUA RAIMUNDO BIZARRIA;;;;Colisão;Luz do Dia;;;;Não Há Controle;Residencial;0;1;1;0;0;0;1;0;0;1;0;0;-3,724419;-38,579261
342548;20;3;2019;17:26;12520;AV AUGUSTO DOS ANJOS;RUA ALUISIO AZEVEDO;;;;Colisão;Anoitecer;;;Duplo T;Semáforo;Comercial;0;1;1;1;0;0;0;0;0;1;0;0;-3,77339;-38,5731614
342537;20;3;2019;15:48;0;AV CARAPINIMA;;;1946;;Colisão;Luz do Dia;;;Meio de Quadra;;;0;1;1;1;0;0;0;0;0;1;0;0;-3,738138;-38,538169
342413;20;3;2019;11:55;0;RD BR 116;;;7000;KM-07;Colisão Lateral;Luz do Dia;;;Meio de Quadra;;;0;1;1;1;0;0;0;0;0;1;0;0;-3,786276359;-38,5115614
342529;20;3;2019;14:24;0;AV MIN JOSE AMERICO;;;80;;Colisão;Luz do Dia;;;Meio de Quadra;;;0;1;1;1;0;0;0;0;0;1;0;0;-3,8124155;-38,498418
342502;20;3;2019;01:54;0;RUA ARAQUEM;;;939;;Queda;;;;Meio de Quadra;;;0;1;0;0;0;0;0;0;0;1;0;0;-3,70981;-38,58012
342504;20;3;2019;05:26;0;RUA ALBERTO MAGNO;;;272;;Atropelamento;Amanhecer;;;Meio de Quadra;;;0;1;1;0;0;0;0;0;0;0;0;0;-3,758623;-38,544509
342505;20;3;2019;06:22;0;AV GAL MURILO BORGES;;;;;Colisão;Luz do Dia;;;Meio de Quadra;;;0;1;0;0;0;0;0;0;0;0;0;0;;
342506;20;3;2019;07:05;0;AV AUGUSTO DOS ANJOS;;;1452;;Colisão;Luz do Dia;;;Meio de Quadra;;;0;1;1;1;0;0;0;0;0;1;0;0;-3,7794244;-38,5785068
342507;20;3;2019;08:14;0;RUA STO ANTONIO;;;1632;;Colisão;Luz do Dia;;;Meio de Quadra;;;0;1;1;1;0;0;0;0;0;1;0;0;-3,7436391;-38,517875
342508;20;3;2019;08:16;0;AV WASHINGTON SOARES;;;;;Queda;Luz do Dia;;;Meio de Quadra;;;0;1;0;0;0;0;0;0;0;1;0;0;;
342509;20;3;2019;08:30;0;AV WASHINGTON SOARES;;;9208;;Colisão;Luz do Dia;;;Meio de Quadra;;;0;1;1;1;0;0;0;0;0;1;0;0;-3,831919022;-38,48243865
342511;20;3;2019;08:35;0;AV GOV RAUL BARBOSA;;;7503;;Atropelamento;Luz do Dia;;;Meio de Quadra;;;0;1;1;1;0;0;0;0;0;0;0;0;-3,77686905;-38,5133427
342512;20;3;2019;08:50;0;AV FILOMENO GOMES;;;;;Queda;Luz do Dia;;;Meio de Quadra;;;0;1;0;0;0;0;0;0;0;1;0;0;;
342513;20;3;2019;09:33;0;AV WASHINGTON SOARES;;;;;Colisão;Luz do Dia;;;Meio de Quadra;;;0;1;1;1;0;0;0;0;0;1;0;0;;
342515;20;3;2019;09:53;0;AV GODOFREDO MACIEL;;;3440;;Colisão;Luz do Dia;;;Meio de Quadra;;;0;1;1;1;0;0;0;0;0;1;0;0;-3,805644;-38,57278
342517;20;3;2019;11:04;0;AV COS GOMES DE FREITAS (SAPIRANGA/COITE);;;3929;;Queda;Luz do Dia;;;Meio de Quadra;;;0;1;0;0;0;1;0;0;0;0;0;0;-3,79505;-38,472358
342518;20;3;2019;11:58;1656;RUA PRO DIAS DA ROCHA;RUA BENI DE CARVALHO;;;;Colisão;Luz do Dia;;;Cruz;Pare;Residencial;0;1;1;1;0;0;0;0;0;1;0;0;-3,745994;-38,495024
342519;20;3;2019;12:10;0;RUA PDE SEVERIANO;;;274;;Colisão;Luz do Dia;;;Meio de Quadra;;;0;1;1;1;0;0;0;0;0;1;0;0;-3,835733;-38,489324
342520;20;3;2019;14:20;1944;AV DO VAQUEIRO;RUA SAO LEOPOLDO D69;;;;Colisão;Luz do Dia;;;Cruz;Pare;Residencial;0;1;1;0;0;0;1;0;0;1;0;0;-3,860837;-38,503246
342648;20;3;2019;18:43;17410;RUA PRO TEODORICO;RUA ALM RUBIM;;;;Colisão;;;;Cruz;Pare;Residencial;0;1;1;1;0;1;0;0;0;0;0;0;-3,767984;-38,555605
342649;20;3;2019;20:02;0;RUA CACHOEIRA ALEGRE;;;1218;;Colisão;;;;Meio de Quadra;;;0;1;1;0;0;0;0;0;0;1;0;0;-3,82765;-38,58292
342650;20;3;2019;22:04;10415;RUA JOSE MENDONCA;RUA LUIZ MARIANO;;;;Colisão;;;;T;;Comercial;0;1;1;1;0;0;0;0;0;1;0;0;-3,761351;-38,602979
342651;20;3;2019;22:27;0;AV CAP WALDEMAR PAULA LIMA;;;1362;;Colisão;;;;Meio de Quadra;;;0;1;1;1;0;0;0;0;0;1;0;0;;
339653;20;3;2019;08:30;0;RD CE-040;;;;KM-07;Colisão;Luz do Dia;;;Meio de Quadra;;;0;0;2;1;0;0;0;0;0;1;0;0;-3,817159445;-38,48303286
339654;20;3;2019;12:20;0;RD CE-040;;;;KM-04;Colisão;Luz do Dia;;;Meio de Quadra;;;0;0;1;1;0;0;0;0;0;0;0;0;-3,791613156;-38,48033084
340605;20;3;2019;01:29;17378;RUA ROMEU MARTINS;RUA ALBERTO MAGNO;;;;Colisão Transversal;Via Iluminada;Bom;Seca;Cruz;Pare;Comercial;0;1;1;1;0;0;0;0;0;0;0;0;-3,766914;-38,551758
340606;20;3;2019;07:03;0;AV PRS COSTA E SILVA;;;885;;Colisão Lateral;Luz do Dia;Bom;Seca;Meio de Quadra;Semáforo;Residencial;0;1;0;0;0;1;0;0;0;0;0;0;-3,812908313;-38,57139675
340607;20;3;2019;07:45;0;AV AGUANAMBI;;;1853;;Colisão Lateral;Luz do Dia;Bom;Seca;Meio de Quadra;Não Há Controle;Comercial;0;0;2;1;0;0;0;0;0;0;0;0;-3,753488325;-38,52343599
340610;20;3;2019;19:43;22217;RUA ERETIDES MARTINS;RUA SAO JUDAS TADEU D08;;;;Atropelamento;Via Iluminada;Bom;Seca;T;Pare;Residencial;0;1;1;1;0;0;0;0;0;0;0;0;-3,728904;-38,559532
340611;20;3;2019;22:00;22905;RUA DR JUSTA ARAUJO D45;RUA PDE NOBREGA;;;;Colisão Transversal;Via Iluminada;Bom;Seca;Cruz;Pare;Residencial;0;1;1;1;1;0;0;0;0;0;0;0;-3,782321;-38,552507
340612;20;3;2019;21:30;9205;RUA EUSEBIO DE SOUZA;RUA DEP JOAO PONTES;;;;Colisão Transversal;Via Iluminada;Bom;Seca;Cruz;Pare;Residencial;0;0;2;1;0;0;0;0;0;1;0;0;-3,746637;-38,528523
340613;20;3;2019;19:41;0;AV ENG LEAL LIMA VERDE (SAPIRANGA/COITE);;;10;;Colisão Lateral;Anoitecer;Bom;Seca;Meio de Quadra;Pare;Residencial;0;0;1;1;1;0;0;0;0;0;0;0;-3,786566;-38,476401
340614;21;3;2019;08:17;0;AV JOVITA FEITOSA;;;141;;Colisão Lateral;Luz do Dia;Bom;Seca;Meio de Quadra;Não Há Controle;Comercial;0;1;0;1;0;0;0;0;0;1;0;0;-3,737480714;-38,54496171
340615;21;3;2019;10:42;5247;AV IMPERADOR;RUA PEDRO PEREIRA;;;;Colisão Lateral;Luz do Dia;Bom;Seca;Cruz;Semáforo;Comercial;0;1;1;0;0;0;0;0;0;1;0;0;-3,727714;-38,534609
340616;21;3;2019;13:00;1343;AV SEN VIRGILIO TAVORA;RUA MARCOS MACEDO;;;;Colisão;Luz do Dia;Bom;Seca;Cruz;Semáforo;Comercial;0;1;0;1;0;0;0;0;0;1;0;0;-3,735843;-38,492845
340618;21;3;2019;16:17;0;AV SEN FERNANDES TAVORA;;;1700;;Não Informado;Luz do Dia;Bom;Seca;Meio de Quadra;Semáforo;Residencial;0;0;2;1;0;0;0;0;0;0;0;0;-3,759235917;-38,58768325
340619;21;3;2019;16:00;9176;AV EDUARDO GIRAO;AV AGUANAMBI;;0;;Colisão Traseira;Luz do Dia;Bom;Seca;Rotatória;Semáforo;Comercial;0;1;1;1;0;0;0;0;0;1;0;0;-3,756564;-38,523564
340620;21;3;2019;19:20;23458;RUA PAULO FIRMEZA;RUA PRO CARVALHO;;0;;Colisão Transversal;Via Iluminada;Bom;Seca;Cruz;Gesto;Comercial;0;0;2;1;0;0;0;0;0;0;0;0;-3,757232;-38,514078
340621;21;3;2019;20:01;7634;AV CARNEIRO DE MENDONCA;RUA MINAS GERAIS;;;;Colisão Transversal;Via Iluminada;Bom;Seca;Cruz;Pare;Residencial;0;1;1;1;0;0;0;0;0;1;0;0;-3,762798;-38,5692
340622;21;3;2019;21:09;6814;AV SANTOS DUMONT;RUA JOSE BORBA VASCONCELOS;;;;Colisão Transversal;Via Iluminada;Bom;Seca;Cruz;Gesto;Comercial;0;1;1;1;0;0;0;0;0;1;0;0;-3,744896;-38,471503
339835;21;3;2019;22:55;0;RUA PERNAMBUCO;;;1891;;Colisão;Luz do Dia;;;Meio de Quadra;;;1;0;1;1;0;0;0;0;0;1;0;0;-3,755397282;-38,57436685
342661;21;3;2019;08:48;3779;RUA VINTE E QUATRO DE MAIO;RUA ANTONIO POMPEU;;;;Colisão;Luz do Dia;;;Cruz;Pare;Residencial;0;1;1;1;0;0;0;0;0;1;0;0;-3,733667;-38,534186
342662;21;3;2019;09:26;0;AV WASHINGTON SOARES;;;;;Colisão;Luz do Dia;;;Meio de Quadra;;;0;1;1;1;0;0;0;0;0;1;0;0;;
342663;21;3;2019;10:19;0;RUA ALBERTO DE OLIVEIRA;;;1571;;Colisão;Luz do Dia;;;Meio de Quadra;;;0;1;1;1;0;0;0;0;0;1;0;0;-3,716285;-38,578633
342658;21;3;2019;06:25;0;AV AGUANAMBI;;;332;;Queda;Luz do Dia;;;Meio de Quadra;;;0;1;0;0;0;0;0;0;0;1;0;0;-3,740026;-38,5249295
342659;21;3;2019;06:48;0;RUA ADOLFO CAMINHA;;;96;;Colisão;Luz do Dia;;;Meio de Quadra;;;0;1;1;1;0;0;0;0;0;1;0;0;-3,721104984;-38,52423352
342655;21;3;2019;02:16;0;RUA ANTONIO ROCHA;;;812;;Queda;;;;Meio de Quadra;;;0;1;0;0;0;0;0;0;0;1;0;0;-3,779692772;-38,498047
342656;21;3;2019;06:21;2822;AV GAL OSORIO DE PAIVA;RUA OSCAR ARARIPE;;;;Colisão;Luz do Dia;;;T;Semáforo;Comercial;0;1;0;0;0;0;0;0;0;0;0;0;-3,794165;-38,591823
342704;21;3;2019;20:59;0;AV FRANCISCO SA;;;;;Colisão;;;;Meio de Quadra;;;0;1;1;1;0;0;0;0;0;1;0;0;;
342706;21;3;2019;06:38;0;AV AUGUSTO DOS ANJOS;;;498;;Colisão;Luz do Dia;;;Meio de Quadra;;;0;1;1;1;0;0;0;0;0;1;0;0;-3,773094;-38,572836
342700;21;3;2019;19:39;0;AV JOSE JATAHY;;;1629;;Colisão;;;;Meio de Quadra;;;0;1;1;1;0;1;0;0;0;0;0;0;-3,735758953;-38,54395389
342701;21;3;2019;19:50;17369;RUA JOAO FIRMINO;RUA ELVIRA PINHO;;;;Colisão;;;;Cruz;Pare;Residencial;0;1;1;1;0;0;0;0;0;1;0;0;-3,766492;-38,556968
342692;21;3;2019;13:14;0;AV PDE ANTONIO TOMAS;;;;;Colisão;Luz do Dia;;;Meio de Quadra;;;0;1;0;0;0;0;0;0;0;0;0;0;;
342693;21;3;2019;15:16;1450;RUA JOAO CARVALHO;RUA JOSE VILAR;;;;Colisão;Luz do Dia;;;Meio de Quadra;Semáforo;Residencial;0;1;1;0;0;0;0;0;0;1;0;0;-3,738318;-38,505477
342694;21;3;2019;16:24;0;RUA CON LIMA SUCUPIRA;;;2499;;Atropelamento;Luz do Dia;;;Meio de Quadra;;;0;1;1;0;0;0;0;0;0;1;0;0;-3,7756875;-38,5584575
342695;21;3;2019;17:42;0;AV JOSE BASTOS;;;6510;;Colisão;Anoitecer;;;Meio de Quadra;;;0;1;1;1;0;0;0;0;0;1;0;0;-3,7671225;-38,569313
342696;21;3;2019;17:54;0;AV GAL OSORIO DE PAIVA;;;3320;;Colisão;Anoitecer;;;Meio de Quadra;;;0;1;0;0;0;0;0;0;0;0;0;0;-3,790180219;-38,58794078
342665;21;3;2019;11:04;0;AV ENG HUMBERTO MONTE;;;676;;Colisão;Luz do Dia;;;Meio de Quadra;;;0;1;1;1;0;0;0;0;0;1;0;0;-3,752414692;-38,55781392
342666;21;3;2019;11:08;0;AV DR SILAS MUNGUBA;;;3950;;Colisão;Luz do Dia;;;Meio de Quadra;;;0;1;1;0;0;0;0;0;0;1;0;0;-3,791001399;-38,53850781
342667;21;3;2019;11:32;22070;RUA JOSE FACANHA;RUA PAPI JUNIOR;;;;Colisão;Luz do Dia;;;Cruz;Pare;Residencial;0;1;1;1;0;0;0;0;0;1;0;0;-3,752136;-38,557265
342707;22;3;2019;07:05;0;RD BR 116;;;10000;KM-10;Colisão;Luz do Dia;;;Meio de Quadra;;;0;1;1;0;0;0;0;0;0;1;0;0;-3,834435;-38,503373
342708;22;3;2019;07:05;0;AV CEL CARVALHO;;;1350;;Colisão;Luz do Dia;;;Meio de Quadra;;;0;1;1;1;0;0;0;0;0;1;0;0;-3,714435833;-38,58868583
342709;22;3;2019;07:46;5233;RUA VIS SABOIA;RUA SAO JOSE D03;;;;Colisão;Luz do Dia;;;;Não Há Controle;Comercial;0;1;1;0;0;0;0;0;0;1;0;0;-3,727328;-38,523623
342710;22;3;2019;07:49;0;AV SANTOS DUMONT;;;3431;;Atropelamento;Luz do Dia;;;Meio de Quadra;;;0;1;1;1;0;0;0;0;0;0;0;0;-3,737489;-38,494449
342728;22;3;2019;08:43;0;RUA ARARIPE PRATA;;;300;;Colisão;Luz do Dia;;;Meio de Quadra;;;0;1;1;0;0;0;0;0;0;1;0;0;-3,774412524;-38,56958471
342722;22;3;2019;07:59;22951;AV DR SILAS MUNGUBA;RUA DR JUSTA ARAUJO D45;;;;Colisão;Luz do Dia;;;Cruz;Semáforo;Comercial;0;1;1;1;0;0;0;0;0;1;0;0;-3,784586;-38,553426
342723;22;3;2019;08:40;4612;AV OLIVEIRA PAIVA;AV WASHINGTON SOARES;;;;Colisão;Luz do Dia;;;;;;0;1;1;0;0;0;0;0;0;1;0;0;-3,795695;-38,479908
342730;22;3;2019;09:45;0;AV FRANCISCO SA;;;5130;;Colisão;Luz do Dia;;;Meio de Quadra;;;0;1;1;1;0;0;0;0;0;1;0;0;-3,7131925;-38,569705
342731;22;3;2019;10:14;24234;RUA PASCOAL CASTRO ALVES;RUA JOSE CARLOS GURGEL NOGUEIRA;;;;Colisão;Luz do Dia;;;Cruz;Pare;Residencial;0;1;1;1;0;0;0;0;0;1;0;0;-3,733588;-38,474238
342733;22;3;2019;10:33;0;AV DR SILAS MUNGUBA;;;3059;;Colisão;Luz do Dia;;;Meio de Quadra;;;0;1;1;1;0;0;0;0;0;1;0;0;-3,788406;-38,545961
342748;22;3;2019;10:34;0;AV ALM HENRIQUE SABOIA;;;1500;;Colisão;Luz do Dia;;;Meio de Quadra;;;0;1;1;1;0;0;0;0;0;0;0;0;-3,7467206;-38,4917502
342749;22;3;2019;10:54;1462;RUA JOAO CARVALHO;RUA NUNES VALENTE;;;;Colisão;Luz do Dia;;;Cruz;Pare;Residencial;0;1;1;1;0;0;0;0;0;1;0;0;-3,738599;-38,504491
342750;22;3;2019;11:17;10046;RUA EMILIO DE MENESES;RUA BRAGANCA;;;;Colisão;Luz do Dia;;;Cruz;Semáforo;Comercial;0;1;0;0;0;0;0;0;0;0;0;0;-3,779277;-38,596166
342751;22;3;2019;11:26;0;RUA COS ALVARO DE OLIVEIRA;;;32;;Atropelamento;Luz do Dia;;;Meio de Quadra;;;0;1;1;1;0;0;0;0;0;0;0;0;-3,734969632;-38,55637359
342522;22;3;2019;23:20;0;AV MR HULL;;;;;Colisão Traseira;;;;Meio de Quadra;;;0;2;0;0;0;0;0;0;0;1;0;0;;
342756;22;3;2019;13:13;0;RUA DES PINTO TEIXEIRA;;;300;;;Luz do Dia;;;Meio de Quadra;;;0;1;1;1;0;0;0;0;0;1;0;0;-3,83578;-38,49148
342757;22;3;2019;15:10;7053;AV DR THEBERGE;RUA STA ELISA D21;;;;Atropelamento;Luz do Dia;;;;;;0;1;1;0;0;0;0;0;0;1;0;0;-3,7055644;-38,5619693
342758;22;3;2019;16:22;0;AV CORA CORALINA;;;845;;Colisão;Luz do Dia;;;Meio de Quadra;;;0;1;1;1;0;0;0;0;0;1;0;0;-3,75951;-38,5649
342759;22;3;2019;16:35;0;AV DOS EXPEDICIONARIOS;;;4505;;Colisão;Luz do Dia;;;Meio de Quadra;;;0;1;1;1;0;0;0;0;0;1;0;0;-3,757697143;-38,53900229
342762;22;3;2019;16:54;0;RUA CON DE CASTRO;;;1686;;Colisão;Luz do Dia;;;Meio de Quadra;;;0;1;1;0;0;0;0;0;0;1;0;0;-3,7857155;-38,5740895
342763;22;3;2019;17:03;0;RUA DO CANAL (CJ ESPERANCA);;;272;;Atropelamento;Anoitecer;;;Meio de Quadra;;;0;1;1;0;0;0;0;0;0;1;0;0;-3,813258913;-38,59327917
342764;22;3;2019;18:10;0;AV BEZERRA DE MENEZES;;;;;Colisão;Anoitecer;;;Meio de Quadra;;;0;1;1;1;0;0;0;0;0;1;0;0;;
342776;22;3;2019;18:31;12682;AV CEL CARVALHO;RUA DEP MATOSO FILHO;;;;Colisão;;;;T;Pare;Comercial;0;1;0;0;0;0;0;0;0;0;0;0;-3,729932;-38,58478
342777;22;3;2019;18:35;5062;RUA GAL SAMPAIO;RUA DR JOAO MOREIRA;;;;Atropelamento;;;;Cruz;Semáforo Intermitente;Comercial;0;1;1;0;0;0;0;0;0;1;0;0;-3,72203;-38,529364
342778;22;3;2019;19:27;0;AV CASTELO DE CASTRO;;;;;Queda;;;;Meio de Quadra;;;0;1;0;0;0;0;0;0;0;1;0;0;;
342779;22;3;2019;19:39;0;RUA CAP CLOVIS MAIA;;;608;;Colisão;;;;Meio de Quadra;;;0;1;1;1;0;0;0;0;0;1;0;0;-3,768163818;-38,51207655
342781;22;3;2019;23:22;0;RUA TAQUARI;;;129;;Colisão;;;;Meio de Quadra;;;0;1;1;1;0;0;0;0;0;1;0;0;-3,781814468;-38,58194318
342782;22;3;2019;23:36;0;AV PRS JUSCELINO KUBITSCHEK (PASSARÉ);;;3707;;Colisão;;;;Meio de Quadra;;;0;1;1;1;0;0;0;0;0;1;0;0;-3,815311;-38,530912
339655;22;3;2019;20:00;0;RD CE-040;;;;KM-07;Colisão;;;;Meio de Quadra;;;0;0;3;1;0;0;0;0;0;0;0;0;-3,817159445;-38,48303286
339690;22;3;2019;13:40;21376;AV JOVITA FEITOSA;RUA PRO NOGUEIRA;;;;;Luz do Dia;Bom;Seca;Cruz;Pare;Comercial;0;0;2;1;0;0;0;0;0;1;0;0;-3,73828;-38,548839