COD_ACIDENTE;DIA;MES;ANO;HORA;INTERSECAO;LOG1;LOG2;LOG3;NUMERO;REFERENCIA;NATUREZA;ILUMINACAO;TEMPO;SUPERFICIEPISTA;TIPOCRUZAMENTO;CONTROLETRAFEGO;USOSOLO;MORTOS;FERIDOS;ILESOS;AUTOMOVEL;ONIBUS;BICICLETA;CAMINHAO;MICROONIBUS;CICLOMOTOR;MOTOCICLETA;TRACAOANIMAL;TREM;LATITUDE;LONGITUDE
340654;22;3;2019;19:42;17366;RUA ROMEU MARTINS;RUA EDITE BRAGA;;0;;Não Informado;Via Iluminada;Nublado;Seca;Cruz;Pare;Residencial;0;0;3;1;0;0;0;0;0;0;0;0;-3,766408;-38,552486
340625;22;3;2019;07:10;0;RUA JOSE SOMBRA;;;20;;Colisão Lateral;Luz do Dia;Chuva;Molhada;Meio de Quadra;Não Há Controle;Comercial;0;0;2;1;0;0;0;0;0;1;0;0;-3,732311757;-38,54748195
340626;22;3;2019;09:13;0;AV DES MOREIRA;;;2650;;Atropelamento;Luz do Dia;Chuva;Molhada;Meio de Quadra;Não Há Controle;Comercial;0;2;0;0;0;0;0;0;0;1;0;0;-3,748776818;-38,50235782
340627;22;3;2019;11:52;266;AV JOVITA FEITOSA;RUA ERICO MOTA;;0;;Colisão Traseira;Luz do Dia;Nublado;Seca;Cruz;Semáforo;Residencial;0;0;3;1;0;0;0;0;0;0;0;0;-3,740938;-38,56185
340628;22;3;2019;12:52;0;AV JOSE SABOIA;;;300;;Colisão Frontal;Luz do Dia;Nublado;Seca;Meio de Quadra;Pare;Comercial;0;0;2;1;0;0;0;0;0;0;0;0;-3,715903535;-38,46923963
340629;22;3;2019;11:51;3228;RUA VITAL BRASIL;RUA THOMPSON GONCALVES;;;;Colisão Lateral;Luz do Dia;Bom;Seca;Cruz;Pare;Residencial;0;1;1;1;0;0;0;0;0;1;0;0;-3,782346;-38,582692
340630;22;3;2019;18:50;1716;AV GOV RAUL BARBOSA;AV GAL MURILO BORGES;;0;;Colisão Traseira;Via Iluminada;Bom;Seca;Rotatória;Gesto;Residencial;0;0;2;1;0;0;0;0;0;0;0;0;-3,763977;-38,508802
340631;22;3;2019;20:10;0;AV CEL CARVALHO;;;1751;;Colisão Traseira;Via Iluminada;Nublado;Molhada;Cruz;Semáforo;Comercial;0;0;1;1;0;0;0;0;0;1;0;0;-3,717512;-38,587938
340632;22;3;2019;21:05;0;RUA MANAUS;;;500;;Colisão Traseira;Via Iluminada;Bom;Seca;;;;0;1;1;1;0;0;0;0;0;1;0;0;-3,7521906;-38,59045
340633;23;3;2019;05:22;0;RUA CARLOS AMORA;;;0;;Choque c/ Obstáculo Fixo;Amanhecer;Bom;Seca;Outros;Não Há Controle;Comercial;0;0;1;1;0;0;0;0;0;0;0;0;;
340634;23;3;2019;05:00;0;RUA ASSUNCAO;;;1545;;Colisão Transversal;Luz do Dia;Chuva;Molhada;Cruz;Pare;Residencial;0;0;2;1;0;0;0;0;0;0;0;0;-3,7435143;-38,53163
340635;23;3;2019;08:00;1432;AV SEN VIRGILIO TAVORA;AV SANTOS DUMONT;;;;Colisão Lateral;Luz do Dia;Chuva;Molhada;Cruz;Semáforo;Comercial;0;1;1;0;1;0;0;0;0;1;0;0;-3,737828;-38,493482
340636;23;3;2019;12:00;0;AV DR ALDY MENTOR;;;0;;Choque c/ Obstáculo Fixo;Luz do Dia;Chuva;Molhada;Meio de Quadra;Não Há Controle;Residencial;0;0;1;1;0;0;0;0;0;0;0;0;;
340637;23;3;2019;15:00;1519;RUA PDE VALDEVINO;RUA CARLOS VASCONCELOS;;;;Colisão Transversal;Mal Iluminada;Chuva;Molhada;Cruz;Semáforo;Comercial;0;1;1;1;0;0;0;0;0;1;0;0;-3,740277;-38,51319
340638;23;3;2019;21:09;0;AV AGUANAMBI;;;744;;Choque c/ Obstáculo Fixo;Via Iluminada;Chuva;Molhada;Meio de Quadra;Não Há Controle;Comercial;0;1;0;1;0;0;0;0;0;0;0;0;-3,743298375;-38,52574638
339656;23;3;2019;18:25;0;RD CE-065;;;;KM 04;Colisão;Anoitecer;;;Meio de Quadra;;;0;0;3;1;0;0;0;0;0;0;0;0;;
342787;23;3;2019;06:13;6810;RUA BENTO ALBUQUERQUE;RUA JOSE BORBA VASCONCELOS;;;;Colisão;Luz do Dia;;;Cruz;Pare;Residencial;0;1;1;1;0;1;0;0;0;0;0;0;-3,747266;-38,472258
342808;23;3;2019;15:14;0;AV DR SILAS MUNGUBA;;;4956;;Atropelamento de Animal;Luz do Dia;;;Meio de Quadra;;;0;1;0;0;0;0;0;0;0;1;0;0;;
342809;23;3;2019;15:15;7758;RUA SILVA PAULET;RUA DOM EXPEDITO LOPES;;;;Colisão;Luz do Dia;;;Cruz;Pare;Residencial;0;1;1;1;0;0;0;0;0;1;0;0;-3,742826;-38,508134
342811;23;3;2019;15:31;5405;RUA BAR RIO BRANCO;RUA GAL CLARINDO DE QUEIROZ;;;;Colisão;Luz do Dia;;;Cruz;Semáforo;Comercial;0;1;0;0;0;0;0;0;0;0;0;0;-3,732679;-38,530239
342812;23;3;2019;17:07;15350;RUA PEREIRA VALENTE;AV DES MOREIRA;;;;Colisão;Anoitecer;;;Cruz;Semáforo;Residencial;0;1;1;1;0;0;0;0;0;1;0;0;-3,732253;-38,497076
342813;23;3;2019;17:08;0;AV GAL OSORIO DE PAIVA;;;4771;;Colisão;Anoitecer;;;Meio de Quadra;;;0;1;1;1;0;0;0;0;0;1;0;0;-3,8007265;-38,5981915
342814;23;3;2019;18:12;2769;RUA OSCAR FRANCA;RUA RAIMUNDO PINHEIRO;;;;Atropelamento;Anoitecer;;;Cruz;Pare;Residencial;0;1;1;0;0;0;0;0;0;1;0;0;-3,792414;-38,598091
342815;23;3;2019;18:12;2769;RUA OSCAR FRANCA;RUA RAIMUNDO PINHEIRO;;;;Atropelamento;Anoitecer;;;Cruz;Pare;Residencial;0;1;1;0;0;0;0;0;0;1;0;0;-3,792414;-38,598091
342817;23;3;2019;19:26;0;AV JOR THOMAZ COELHO;;;;;Colisão;;;;Meio de Quadra;;;0;1;1;1;0;0;0;0;0;1;0;0;;
342818;23;3;2019;19:49;0;RUA PEDRO MELO;;;865;;Queda;;;;Meio de Quadra;;;0;1;0;0;0;0;0;0;0;1;0;0;-3,74429;-38,59288
342819;23;3;2019;19:59;23347;RUA JOSE VILAR;RUA EDUARDO BEZERRA;;;;Colisão;;;;Cruz;Pare;Residencial;0;1;1;1;0;0;0;0;0;1;0;0;-3,753529;-38,51037
342820;23;3;2019;20:34;0;AV GAL OSORIO DE PAIVA;;;6112;;Colisão;;;;Meio de Quadra;;;0;1;0;0;0;0;0;0;0;0;0;0;-3,809369;-38,606539
342789;23;3;2019;07:53;0;RUA PORTO VELHO;;;27;;Colisão;Luz do Dia;;;Meio de Quadra;;;0;1;1;0;0;0;0;0;0;1;0;0;-3,769182;-38,581043
342790;23;3;2019;09:43;0;AV DOS EXPEDICIONARIOS;;;4836;;Queda;Luz do Dia;;;Meio de Quadra;;;0;1;0;0;0;0;0;0;0;1;0;0;-3,761677619;-38,54020295
342791;23;3;2019;11:23;13563;AV SORIANO ALBUQUERQUE;RUA DR JOSE LOURENCO;;;;Colisão;Luz do Dia;;;Cruz;Pare;Residencial;0;1;0;0;0;0;0;0;0;0;0;0;-3,74983;-38,512631
342792;23;3;2019;12:23;0;RUA CON DE CASTRO;;;;;Queda;Luz do Dia;;;Meio de Quadra;;;0;1;0;0;0;0;0;0;0;1;0;0;;
342793;23;3;2019;12:29;0;AV JOSE BASTOS;;;;;Colisão;Luz do Dia;;;Meio de Quadra;;;0;1;0;0;0;0;0;0;0;0;0;0;;
342794;23;3;2019;12:32;0;RUA RICARDO  CASTRO MACEDO;;;1569;;Colisão;Luz do Dia;;;Meio de Quadra;;;0;1;1;1;0;0;0;0;0;1;0;0;-3,7780377;-38,4869946
342795;23;3;2019;12:33;14790;RUA JOAO AMORA;RUA PDE ARIMATEIA D42/71;;;;Colisão;Luz do Dia;;;Cruz;Pare;Escola;0;1;0;0;0;0;0;0;0;0;0;0;-3,799778;-38,582898
342796;23;3;2019;12:59;0;RUA CARLOS VASCONCELOS;;;927;;Queda;Luz do Dia;;;Meio de Quadra;;;0;1;0;0;0;0;0;0;0;1;0;0;-3,730088474;-38,50985189
342797;23;3;2019;13:10;0;AV BENJAMIM BRASIL;;;1426;;Colisão;Luz do Dia;;;Meio de Quadra;;;0;1;1;1;0;0;0;0;0;1;0;0;-3,8061955;-38,56295
342798;23;3;2019;13:23;0;AV OLAVO BILAC;;;1117;;Colisão;Luz do Dia;;;Meio de Quadra;;;0;1;1;1;0;1;0;0;0;0;0;0;-3,730671333;-38,56469967
342799;23;3;2019;13:46;0;AV GAL OSORIO DE PAIVA;;;5699;;Colisão;Luz do Dia;;;Meio de Quadra;;;0;1;1;1;0;0;0;0;0;1;0;0;-3,806796632;-38,60409416
342829;23;3;2019;21:22;0;RUA MONTEIRO LOBATO;;;1512;;Queda;;;;Meio de Quadra;;;0;1;0;0;0;0;0;0;0;1;0;0;;
342830;23;3;2019;23:19;0;RUA ANTERO QUENTAL;;;500;;Queda;;;;Meio de Quadra;;;0;1;0;0;0;0;0;0;0;1;0;0;-3,8531461;-38,4924
342831;24;3;2019;00:19;0;RD BR 116;;;;;Colisão;;;;Meio de Quadra;;;0;1;0;0;0;0;0;0;0;0;0;0;;
342832;24;3;2019;01:51;2718;RUA OSCAR ARARIPE;RUA VALVERDE;;;;Atropelamento;;;;Cruz;Pare;Comercial;0;1;1;1;0;0;0;0;0;0;0;0;-3,789748;-38,603864
342834;24;3;2019;02:16;0;RUA 3 DE MAIO;;;1350;;Atropelamento;;;;Meio de Quadra;;;0;1;1;1;0;0;0;0;0;0;0;0;-3,7477;-38,56589
342835;24;3;2019;09:21;0;RUA URUCUTUBA;;;1471;;Atropelamento;Luz do Dia;;;Meio de Quadra;;;0;1;1;0;0;0;0;0;0;1;0;0;-3,797512;-38,607837
342836;24;3;2019;10:45;0;AV DIOGUINHO;;;1667;;Colisão;Luz do Dia;;;Meio de Quadra;;;0;1;1;0;0;0;0;0;0;1;0;0;-3,731629458;-38,45877879
342837;24;3;2019;11:40;0;RUA PLACIDO CARVALHO;;;74;;Colisão;Luz do Dia;;;Meio de Quadra;;;0;1;1;1;0;0;0;0;0;1;0;0;-3,718927;-38,5554075
342838;24;3;2019;11:54;2717;RUA GERALDO BARBOSA;RUA CEL VIRGILIO NOGUEIRA (BOM JARDIM);;;;Colisão;Luz do Dia;;;Cruz;Pare;Comercial;0;1;1;0;0;0;0;0;0;1;0;0;-3,7896013;-38,6090879
342839;24;3;2019;12:49;0;AV DEP PAULINO ROCHA;;;;;Colisão;Luz do Dia;;;Meio de Quadra;;;0;1;1;0;0;0;0;0;0;1;0;0;;
342840;24;3;2019;16:57;0;TR PERDIGAO DE OLIVEIRA;;;953;;Queda;Luz do Dia;;;Meio de Quadra;;;0;1;0;0;0;1;0;0;0;0;0;0;-3,77469;-38,57794
342841;24;3;2019;17:43;0;AV GODOFREDO MACIEL;;;2113;;Queda;Anoitecer;;;Meio de Quadra;;;0;1;0;0;0;0;0;0;0;1;0;0;-3,794361661;-38,56924236
342843;24;3;2019;18:00;0;AV PERIMETRAL;;;2567;MADEIREIRA SAO LUIS;Queda;Anoitecer;;;Meio de Quadra;;;0;1;0;0;0;0;0;0;0;1;0;0;;
342844;24;3;2019;18:20;0;RUA GERMANO FRANCK;;;122;;Queda;Anoitecer;;;Meio de Quadra;;;0;1;0;0;0;1;0;0;0;0;0;0;-3,77409137;-38,55828909
342845;24;3;2019;19:27;0;RUA CAP ARAGAO;;;523;;Capotamento;;;;Meio de Quadra;;;0;1;0;1;0;0;0;0;0;0;0;0;-3,764959125;-38,51335313
342846;24;3;2019;19:32;0;RUA TIBURCIO CAVALCANTE;;;;;Colisão;;;;Meio de Quadra;;;0;1;1;1;0;0;0;0;0;1;0;0;;
342847;24;3;2019;19:50;0;RUA ALAGOAS;;;1657;;Atropelamento;;;;Meio de Quadra;;;0;1;1;0;0;0;0;0;0;1;0;0;-3,758691;-38,57198778
342848;24;3;2019;20:04;0;RUA CON DE CASTRO;;;131;;Colisão;;;;Meio de Quadra;;;0;1;1;0;0;0;0;0;0;1;0;0;-3,79842;-38,58592
342849;24;3;2019;20:20;7258;AV ODILON GUIMARAES;RUA FRANCISCO LEANDRO;;;;Colisão;;;;Cruz;Semáforo;Residencial;0;1;1;1;0;0;0;0;0;1;0;0;-3,824509;-38,478709
342850;24;3;2019;20:21;0;RUA 20 DE ABRIL;;;1343;;Queda;;;;Meio de Quadra;;;0;1;0;0;0;0;0;0;0;1;0;0;;
342851;24;3;2019;21:38;26116;RUA CON DE CASTRO;RUA ARRUDA CAMARA;;;;Colisão;;;;;;;0;1;1;1;0;0;0;0;0;1;0;0;-3,792522;-38,58038
342852;24;3;2019;22:00;0;AV CESAR CALS;;;1251;;Colisão;;;;Meio de Quadra;;;0;1;1;1;0;0;0;0;0;1;0;0;-3,728869667;-38,46028867
342853;24;3;2019;22:30;0;AV JOAO PESSOA;;;;;Queda;;;;Meio de Quadra;;;0;1;0;0;0;1;0;0;0;0;0;0;;
342854;24;3;2019;22:50;0;RUA GENTILANDIA;;;930;;Queda;;;;Meio de Quadra;;;0;1;0;0;0;0;0;0;0;1;0;0;-3,8394895;-38,5042146
342855;24;3;2019;23:00;19305;RUA CON DE CASTRO;RUA CARLOS AMORA;;;;Atropelamento;;;;T;Semáforo;Residencial;0;1;1;1;0;0;0;0;0;0;0;0;-3,774756;-38,563978
342856;24;3;2019;23:49;0;AV GAL OSORIO DE PAIVA;;;5382;;Atropelamento;;;;Meio de Quadra;;;0;1;1;0;0;0;0;0;0;1;0;0;-3,804511;-38,601854
342636;24;3;2019;21:05;0;RD BR 020;;;;;Colisão;;;;Meio de Quadra;;;0;1;0;1;0;0;0;0;0;0;0;0;;
339657;24;3;2019;14:10;0;RD CE-040;;;;KM-06;Colisão;Luz do Dia;;;Meio de Quadra;;;0;0;2;1;0;0;0;0;0;0;0;0;-3,809596804;-38,47873348
339658;24;3;2019;15:49;0;RD CE-040;;;;KM-09;Colisão;Luz do Dia;;;Meio de Quadra;;;0;0;2;1;0;0;0;0;1;0;0;0;-3,834450897;-38,48246582
340639;24;3;2019;06:00;1654;AV SEN VIRGILIO TAVORA;RUA BENI DE CARVALHO;;;;Colisão Transversal;Luz do Dia;Nublado;Seca;Cruz;Semáforo;Comercial;0;1;1;1;0;0;0;0;0;0;0;0;-3,745678;-38,495995
340640;24;3;2019;09:10;25769;AV DR SILAS MUNGUBA;RUA CORUMBA;;0;;Colisão Lateral;Luz do Dia;Bom;Seca;T;Não Há Controle;Comercial;0;1;1;1;0;0;0;0;0;1;0;0;-3,801188;-38,530014
340641;24;3;2019;13:33;19331;AV GAL OSORIO DE PAIVA;RUA PRO GOMES BRASIL;;0;;Colisão Lateral;Luz do Dia;Bom;Seca;T;Semáforo;Comercial;0;0;2;1;0;0;0;0;0;0;0;0;-3,775618;-38,566451
340642;24;3;2019;13:10;271;AV JOVITA FEITOSA;RUA AMADEU FURTADO;;0;;Colisão Transversal;Luz do Dia;Nublado;Seca;Cruz;Semáforo;Comercial;0;0;2;1;0;0;0;0;0;0;0;0;-3,741173;-38,562915
340643;24;3;2019;20:30;1718;RUA CAP ARAGAO;RUA PILOTO D46;;793;;Choque c/ Obstáculo Fixo;Via Iluminada;Bom;Seca;Cruz;Gesto;Comercial;0;0;1;1;0;0;0;0;0;0;0;0;-3,76444;-38,510665
340644;24;3;2019;14:14;19683;RUA PRO JOSE DE BARCELOS;RUA AZEVEDO BOLAO;;0;;Colisão Transversal;Luz do Dia;Bom;Seca;Cruz;Pare;Comercial;0;1;1;1;0;0;0;0;0;1;0;0;-3,735196;-38,55061
340646;24;3;2019;09:47;0;AV JOR THOMAZ COELHO;;;555;;Colisão Lateral;Luz do Dia;Bom;Seca;Meio de Quadra;Não Há Controle;Comercial;0;0;2;1;0;0;0;0;0;0;0;0;-3,832397167;-38,49925133
340647;25;3;2019;06:30;17462;AV ABOLICAO;AV BEIRA MAR;;;;Colisão;Luz do Dia;Bom;Molhada;Outros;Semáforo;Lazer;0;1;1;0;1;0;0;0;0;1;0;0;-3,721576;-38,478759
340648;25;3;2019;14:48;20005;AV DR SILAS MUNGUBA;RUA DES OTACILIO PEIXOTO;;;;Colisão Traseira;Luz do Dia;Nublado;Seca;T;Semáforo;Comercial;0;1;1;1;0;0;0;0;0;1;0;0;-3,800419;-38,530329
340649;25;3;2019;16:02;5092;AV IMPERADOR;RUA SEN ALENCAR;;0;;Colisão Transversal;Luz do Dia;Bom;Seca;Cruz;Semáforo;Residencial;0;0;2;1;0;0;0;0;0;0;0;0;-3,723171;-38,533258
340650;25;3;2019;21:12;0;AV CARAPINIMA;;;2004;;Acidente Pessoal;Via Iluminada;Bom;Seca;Não Informado;Semáforo;Residencial;0;0;1;1;0;0;0;0;0;0;0;0;-3,738446;-38,538483
340651;25;3;2019;21:26;0;AV GOV RAUL BARBOSA;;;90;;Colisão Lateral;Via Iluminada;Bom;Seca;Meio de Quadra;Não Há Controle;Comercial;0;0;2;1;0;0;0;0;0;0;0;0;-3,7589576;-38,504704
340645;25;3;2019;03:42;0;AV CARAPINIMA;;;2425;;Choque c/ Obstáculo Fixo;Via Iluminada;Chuva;Molhada;Meio de Quadra;Semáforo;Comercial;0;1;0;1;0;0;0;0;0;0;0;0;-3,741095118;-38,54132959
339806;25;3;2019;02:45;0;AV MOZART PINHEIRO DE LUCENA;;;2316;;Choque c/ Obstáculo Fixo;;;;Meio de Quadra;;;1;2;0;0;0;0;0;0;0;1;0;0;-3,723515;-38,597226
339691;25;3;2019;16:00;5329;RUA PEDRO PEREIRA;RUA SOLON PINHEIRO;;;;Colisão Lateral;Luz do Dia;Bom;Seca;Cruz;Não Há Controle;Comercial;0;2;0;1;0;0;0;0;0;1;0;0;-3,730414;-38,526298
342284;25;3;2019;02:00;19366;RUA GERMANO FRANCK;AV DR SILAS MUNGUBA;;;;Queda;;;;Cruz;Semáforo;Comercial;0;1;0;0;0;0;0;0;0;1;0;0;-3,777251;-38,562004
342319;25;3;2019;15:28;0;TR SALGADINHO;;;72;;Queda;Luz do Dia;;;Meio de Quadra;;;0;1;0;0;0;0;0;0;0;1;0;0;;
342320;25;3;2019;18:06;0;AV GAL OSORIO DE PAIVA;;;6397;;Queda;Anoitecer;;;Meio de Quadra;;;0;1;0;0;0;0;0;0;0;1;0;0;-3,8088979;-38,6059703
342321;25;3;2019;18:34;0;RUA 12 PQ SANTANA;;;303;;Colisão;;;;Meio de Quadra;;;0;1;0;0;0;0;0;0;0;0;0;0;-3,72544;-38,48097
342322;25;3;2019;20:05;5062;RUA GAL SAMPAIO;RUA DR JOAO MOREIRA;;;;Queda;;;;Cruz;Semáforo Intermitente;Comercial;0;1;0;0;0;1;0;0;0;0;0;0;-3,72203;-38,529364
342323;25;3;2019;20:33;2326;RUA SEN ROBERT KENNEDY;AV PRS CASTELO BRANCO;;;;Queda;;;;Cruz;Semáforo;Comercial;0;1;0;0;0;0;0;0;0;1;0;0;-3,704117;-38,579042
342293;25;3;2019;05:25;0;AV SANTOS DUMONT;;;7844;;Queda;Amanhecer;;;Meio de Quadra;;;0;1;0;0;0;1;0;0;0;0;0;0;-3,748888576;-38,45412921
342294;25;3;2019;06:52;0;AV DR SILAS MUNGUBA;;;6450;;Colisão;Luz do Dia;;;Meio de Quadra;;;0;1;0;1;0;0;0;0;0;1;0;0;-3,80077;-38,53017
342295;25;3;2019;09:25;0;RUA VITORIA;;;333;;Atropelamento;Luz do Dia;;;Meio de Quadra;;;0;1;0;1;0;0;0;0;0;0;0;0;-3,7233363;-38,6042041
342296;25;3;2019;12:03;0;AV DR SILAS MUNGUBA;;;2672;;Queda;Luz do Dia;;;Meio de Quadra;;;0;1;0;0;0;0;0;0;0;1;0;0;-3,7866015;-38,5497695
342297;25;3;2019;12:58;0;RUA MIN ALBUQUERQUE LIMA;;;1491;;Queda;Luz do Dia;;;Meio de Quadra;;;0;1;0;0;0;0;0;0;0;1;0;0;-3,770513;-38,600002
342298;25;3;2019;13:01;0;AV CENTRAL;;;1491;;Atropelamento;Luz do Dia;;;Meio de Quadra;;;0;1;0;1;0;0;0;0;0;0;0;0;;
342334;26;3;2019;07:43;17390;RUA ALM RUBIM;RUA ELVIRA PINHO;;;;Colisão;Luz do Dia;;;Cruz;Pare;Residencial;0;1;0;1;0;0;0;0;0;1;0;0;-3,76726;-38,555324
342327;26;3;2019;06:34;0;RUA MIN ALBUQUERQUE LIMA;;;208;;Atropelamento;Luz do Dia;;;Meio de Quadra;;;0;2;0;1;0;0;0;0;0;0;0;0;-3,767540952;-38,60936245
342337;26;3;2019;07:59;10775;RUA TUPI D35;RUA JOCKEY CLUBE;;;;Colisão;Luz do Dia;;;Cruz;Pare;Residencial;0;2;0;1;0;0;0;0;0;1;0;0;-3,762117;-38,579897
342329;26;3;2019;07:07;0;RUA MARTINS CARVALHO;;;3927;;Colisão;Luz do Dia;;;Meio de Quadra;;;0;1;0;1;0;0;0;0;0;1;0;0;-3,788557;-38,627501
342342;26;3;2019;09:53;0;RUA FRE VIDAL;;;1821;;Colisão;Luz do Dia;;;Meio de Quadra;;;0;1;0;0;1;0;0;0;0;1;0;0;-3,759201171;-38,51740707
342339;26;3;2019;09:19;0;RUA WALDIR DIOGO;;;1127;;Colisão;Luz do Dia;;;Meio de Quadra;;;0;1;0;1;0;0;0;0;0;1;0;0;-3,802644935;-38,58801955
342344;26;3;2019;10:10;8069;RUA DES PRAXEDES;RUA WALDERY UCHOA;;;;Colisão;Luz do Dia;;;Cruz;Pare;Comercial;0;1;0;0;0;0;0;0;0;0;0;0;-3,758157;-38,551705
342349;26;3;2019;11:27;0;RUA TEN ELIEZER COSTA;;;146;;Queda;Luz do Dia;;;Meio de Quadra;;;0;1;0;0;0;0;0;0;0;1;0;0;-3,71028;-38,59095
342387;26;3;2019;23:56;0;RUA CARLOS CAMARA;;;1481;;Queda;;;;Meio de Quadra;;;0;1;0;0;0;1;0;0;0;0;0;0;-3,74887404;-38,54474418
342355;26;3;2019;11:44;0;AV DOMINGOS OLIMPIO;;;387;;Queda;Luz do Dia;;;Meio de Quadra;;;0;1;0;0;0;0;0;0;0;1;0;0;-3,73778;-38,527245
342358;26;3;2019;12:20;0;RUA POMPILIO GOMES;;;526;;Queda;Luz do Dia;;;Meio de Quadra;;;0;1;0;0;0;0;0;0;0;1;0;0;;
342368;26;3;2019;13:51;24130;AV ENG MELO NUNES;RUA ONIX;;;;Queda;Luz do Dia;;;;;;0;1;0;0;0;0;0;0;0;1;0;0;-3,73008;-38,476953
342369;26;3;2019;14:04;25861;RUA VIS CAIRU;RUA OLIVEIRA FILHO;;;;Colisão;Luz do Dia;;;Cruz;Pare;Residencial;0;1;0;0;1;0;0;0;0;1;0;0;-3,726554;-38,464122
342365;26;3;2019;13:38;0;AV JOR THOMAZ COELHO;;;;;Colisão;Luz do Dia;;;Meio de Quadra;;;0;2;0;0;0;0;0;0;0;0;0;0;;
342373;26;3;2019;15:46;0;RUA POMAR CARIOCA;;;878;;Colisão;Luz do Dia;;;Meio de Quadra;;;0;1;0;0;0;0;0;0;0;1;0;0;-3,7844941;-38,5917185
342371;26;3;2019;14:13;0;AV JOR THOMAZ COELHO;;;;;Colisão;Luz do Dia;;;Meio de Quadra;;;0;2;0;0;0;0;0;0;0;0;0;0;;
342361;26;3;2019;12:28;0;RUA JOAQUIM SA;;;299;;Queda;Luz do Dia;;;Meio de Quadra;;;0;1;0;0;0;0;0;0;0;1;0;0;-3,748240186;-38,508291
342381;26;3;2019;18:37;2706;RUA CEL VIRGILIO NOGUEIRA (BOM JARDIM);RUA OSCAR FRANCA;;;;Colisão;;;;Cruz;Semáforo;Comercial;0;1;0;0;0;0;0;0;0;1;0;0;;
342382;26;3;2019;19:31;0;AV BENJAMIM BRASIL;;;482;;Colisão;;;;Meio de Quadra;;;0;1;0;1;0;0;0;0;0;1;0;0;-3,804239103;-38,56888646
342385;26;3;2019;22:04;0;AV DIOGUINHO;;;4740;;Queda;;;;Meio de Quadra;;;0;1;0;0;0;0;0;0;0;1;0;0;-3,756506;-38,445668
342378;26;3;2019;16:22;8954;AV DOMINGOS OLIMPIO;RUA DOM JERONIMO D06;;;;Colisão;Luz do Dia;;;Cruz;Pare;Comercial;0;1;0;1;0;0;0;0;0;1;0;0;-3,733201;-38,543457
342637;26;3;2019;13:00;0;RD BR 222;;;;KM 00;Colisão Transversal;Luz do Dia;;;Meio de Quadra;;;0;2;0;1;0;0;0;1;0;0;0;0;;
343485;26;3;2019;19:50;0;RUA VINTE E QUATRO DE MAIO;;;857;;Colisão Lateral;Luz do Dia;Bom;Seca;Meio de Quadra;Não Há Controle;Comercial;0;1;1;1;1;0;0;0;0;0;0;0;-3,729365714;-38,5328007
339800;26;3;2019;22:30;2830;AV GAL OSORIO DE PAIVA;RUA OSCAR FRANCA;;;;Colisão Transversal;;;;T;Semáforo;Comercial;2;0;1;0;1;0;0;0;0;1;0;0;-3,794473;-38,592113
339810;26;3;2019;11:30;1716;AV GOV RAUL BARBOSA;RUA CAP ARAGAO;;;;Colisão;Luz do Dia;;;;;;1;0;0;0;0;0;1;0;0;1;0;0;-3,763977;-38,508802
340652;26;3;2019;08:35;25311;RUA ANTENOR ROCHA ALEXANDRE;RUA JOAO REGINO;;0;;Colisão Transversal;Luz do Dia;Bom;Seca;Cruz;Pare;Residencial;0;1;1;1;0;0;0;0;0;0;0;0;-3,792178;-38,48281
340653;26;3;2019;10:01;25269;AV DOS EXPEDICIONARIOS;RUA CEL AMANCIO CAVALCANTE;;;;Colisão Lateral;Luz do Dia;Bom;Seca;T;Não Há Controle;Comercial;0;1;1;1;0;0;0;0;0;1;0;0;-3,755998;-38,538468
340655;26;3;2019;20:00;0;RUA CEL FABRICIANO;;;3188;;Colisão Traseira;Via Iluminada;Nublado;Seca;Meio de Quadra;Não Há Controle;Residencial;0;1;1;1;0;0;0;0;0;1;0;0;-3,7799665;-38,6180355
340656;26;3;2019;19:30;1303;AV DOM LUIS;RUA BARBOSA DE FREITAS;;565;;Colisão Traseira;Via Iluminada;Bom;Seca;Cruz;Semáforo;Comercial;0;0;2;1;0;0;0;0;0;1;0;0;-3,733564;-38,496396
340657;26;3;2019;20:30;11768;AV PRS CASTELO BRANCO;AV FILOMENO GOMES;;;;Colisão Traseira;Via Iluminada;Bom;Seca;T;Semáforo;Residencial;0;3;0;0;0;0;0;0;0;1;0;0;-3,715542;-38,541982
340658;26;3;2019;21:09;0;BC CON CASTRO (VL. PERY);RUA EDUARDO PERDIGAO;;0;;Não Informado;Via Iluminada;Nublado;Seca;Cruz;Pare;Comercial;0;1;1;0;1;0;0;0;0;0;0;0;-3,7756672;-38,56471
340659;26;3;2019;18:59;0;AV ALBERTO CRAVEIRO;;;1486;;Colisão Traseira;Via Iluminada;Bom;Seca;Meio de Quadra;Não Há Controle;Comercial;0;2;0;0;0;0;0;0;0;1;0;0;-3,793491;-38,5176854
340660;26;3;2019;14:50;6751;RUA VILEBALDO AGUIAR;RUA PRO OTAVIO LOBO;;0;;Colisão Transversal;Luz do Dia;Nublado;Molhada;Cruz;Pare;Residencial;0;0;2;1;0;0;0;1;0;0;0;0;-3,743596;-38,478303