COD_ACIDENTE;DIA;MES;ANO;HORA;INTERSECAO;LOG1;LOG2;LOG3;NUMERO;REFERENCIA;NATUREZA;ILUMINACAO;TEMPO;SUPERFICIEPISTA;TIPOCRUZAMENTO;CONTROLETRAFEGO;USOSOLO;MORTOS;FERIDOS;ILESOS;AUTOMOVEL;ONIBUS;BICICLETA;CAMINHAO;MICROONIBUS;CICLOMOTOR;MOTOCICLETA;TRACAOANIMAL;TREM;LATITUDE;LONGITUDE
340661;27;3;2019;08:30;0;AV FRANCISCO SA;;;3787;;Colisão Lateral;Luz do Dia;Nublado;Seca;Meio de Quadra;Não Há Controle;Comercial;0;0;2;1;1;0;0;0;0;0;0;0;-3,716941646;-38,55873102
340662;27;3;2019;13:19;4269;AV PRS CASTELO BRANCO;RUA ALVARO DE ALENCAR;;0;;Colisão Lateral;Luz do Dia;Nublado;Molhada;T;Não Há Controle;Residencial;0;0;2;1;0;0;0;0;0;0;0;0;-3,711624;-38,55723
340663;27;3;2019;13:37;20403;RUA PDE PEDRO DE ALENCAR;RUA LUCIOLA;;;;Colisão Transversal;Luz do Dia;Nublado;Molhada;T;Pare;Residencial;0;2;0;0;0;0;0;0;0;1;0;0;-3,842251;-38,494322
342654;27;3;2019;14:45;0;RD BR 116;;;3000;KM-03;Colisão Lateral;Luz do Dia;;;Meio de Quadra;;;0;2;0;0;0;0;0;0;0;0;0;0;-3,779838;-38,514372
342426;27;3;2019;20:01;0;RUA ALM RUBIM;;;1400;;Colisão;;;;Meio de Quadra;;;0;1;0;1;0;0;0;0;0;1;0;0;-3,7697143;-38,5562226
342427;27;3;2019;20:17;0;RUA JAIME BENEVOLO;;;662;;Colisão;;;;Meio de Quadra;;;0;1;0;0;0;0;0;0;0;0;0;0;-3,73778;-38,527245
342388;27;3;2019;07:57;19559;RUA CON DE CASTRO;RUA OSVALDO ARANHA;;;;Colisão;Luz do Dia;;;T;Pare;Comercial;0;1;0;0;0;0;0;0;0;1;0;0;-3,783218;-38,571784
342390;27;3;2019;08:10;0;RUA COS LAFAYETE;;;690;;Colisão;Luz do Dia;;;Meio de Quadra;;;0;1;0;0;0;0;0;0;0;0;0;0;-3,7178575;-38,584183
342407;27;3;2019;13:22;0;RUA VITORIA REGIA;;;1381;;Colisão;Luz do Dia;;;Meio de Quadra;;;0;2;0;0;0;0;0;0;0;1;0;0;-3,7676684;-38,5898591
342408;27;3;2019;13:42;0;RUA DR CORREIA LIMA;;;2150;;Queda;Luz do Dia;;;Meio de Quadra;;;0;1;0;0;0;1;0;0;0;0;0;0;-3,794522;-38,4587986
342409;27;3;2019;14:29;25156;RUA 15 DE NOVEMBRO;RUA PERU;;;;Colisão;Luz do Dia;;;Cruz;Pare;Residencial;0;1;0;1;0;0;0;0;0;1;0;0;-3,770914;-38,550374
342410;27;3;2019;14:56;0;AV ALM HENRIQUE SABOIA;;;;;Colisão;Luz do Dia;;;Meio de Quadra;;;0;1;0;1;0;0;0;0;0;1;0;0;;
342411;27;3;2019;15:27;5258;RUA PDE MORORO;RUA PEDRO I;;;;Atropelamento;Luz do Dia;;;Cruz;Pare;Comercial;0;1;0;1;0;0;0;0;0;0;0;0;-3,728123;-38,53829
342412;27;3;2019;17:04;0;RUA JOAO IVO;;;195;;Queda;Anoitecer;;;Meio de Quadra;;;0;1;0;0;0;0;0;0;0;1;0;0;-3,83438439;-38,49753515
342401;27;3;2019;08:19;9671;RUA OSCAR FRANCA;RUA ARI MAIA;;;;Colisão;Luz do Dia;;;Cruz;Pare;Residencial;0;1;0;0;0;0;0;0;0;1;0;0;-3,784963;-38,621799
342402;27;3;2019;10:36;0;RUA LUIZA MIRANDA COELHO;;;713;;Colisão;Luz do Dia;;;Meio de Quadra;;;0;2;0;0;0;0;0;0;0;1;0;0;-3,77405;-38,49025
342404;27;3;2019;11:09;0;AV WASHINGTON SOARES;;;;;Queda;Luz do Dia;;;Meio de Quadra;;;0;1;0;0;0;0;0;0;0;1;0;0;;
342405;27;3;2019;12:59;0;AV AUGUSTO DOS ANJOS;;;687;;Queda;Luz do Dia;;;Meio de Quadra;;;0;1;0;0;0;0;0;0;0;1;0;0;-3,774371;-38,574025
342415;27;3;2019;17:14;0;AV SEN FERNANDES TAVORA;;;1485;;Colisão;Anoitecer;;;Meio de Quadra;;;0;1;0;1;0;0;0;0;0;1;0;0;-3,7610691;-38,5842607
342416;27;3;2019;17:50;0;RUA 35 CJ HAB ST S JOAO;;;12;;Atropelamento;Anoitecer;;;Meio de Quadra;;;0;1;0;0;0;0;0;0;0;0;0;0;-3,850594879;-38,50918136
342420;27;3;2019;18:05;9287;AV BORGES DE MELO;AV DOS EXPEDICIONARIOS;;;;Queda;Anoitecer;;;Cruz;Não Há Controle;Comercial;0;1;0;0;0;1;0;0;0;0;0;0;-3,753391;-38,537674
342429;27;3;2019;20:27;0;RUA SILVINHA TELES D69;;;319;;Colisão;;;;Meio de Quadra;;;0;1;0;1;0;0;0;0;0;1;0;0;-3,849290174;-38,52556961
342430;27;3;2019;20:41;9542;RUA ARI MAIA;RUA 23 DE JUNHO;;;;Colisão;;;;;;;0;3;0;0;0;0;0;0;0;1;0;0;-3,778665;-38,62003
342431;27;3;2019;22:02;0;RUA LUIZ AZEVEDO;;;452;;Queda;;;;Meio de Quadra;;;0;1;0;0;0;0;0;0;0;1;0;0;-3,7351148;-38,4773789
342432;27;3;2019;22:55;0;RUA ALBERTO MAGNO;;;72;;Colisão;;;;Meio de Quadra;;;0;1;0;1;0;0;0;0;0;1;0;0;-3,755657857;-38,54188886
342422;27;3;2019;18:11;0;AV GAL OSORIO DE PAIVA;;;1850;;Colisão;Anoitecer;;;Meio de Quadra;;;0;1;0;1;0;0;0;0;0;1;0;0;-3,783041565;-38,57819109
342423;27;3;2019;18:30;0;AV ODILON GUIMARAES;;;1470;;Colisão;Anoitecer;;;Meio de Quadra;;;0;1;0;0;0;0;0;0;0;0;0;0;-3,82527;-38,479229
342424;27;3;2019;18:41;5364;AV TRISTAO GONCALVES;RUA GAL CLARINDO DE QUEIROZ;;;;Colisão;;;;Cruz;Semáforo;Comercial;0;1;0;1;0;0;0;0;0;1;0;0;-3,731314;-38,534472
339659;27;3;2019;10:30;0;RD CE-025;;;;KM-01;Colisão;Luz do Dia;;;Meio de Quadra;;;0;0;2;1;0;0;0;0;0;0;0;0;-3,807811443;-38,4700486
339660;27;3;2019;11:30;0;RD CE-040;;;;KM-08;Colisão;Luz do Dia;;;Meio de Quadra;;;0;0;2;1;0;0;0;0;0;0;0;0;-3,825515822;-38,48153832
339661;28;3;2019;08:30;0;RD CE-040;;;;KM-02;Colisão;Luz do Dia;;;Meio de Quadra;;;0;0;3;1;0;0;1;0;0;0;0;0;-3,773616148;-38,4817994
339662;28;3;2019;07:50;0;RD CE-060;;;6155;KM-03;Colisão;Luz do Dia;;;Meio de Quadra;;;0;1;1;0;0;0;0;0;0;1;0;0;-3,843038;-38,585133
339663;28;3;2019;13:40;0;RD CE-040;;;;KM-08;Colisão;Luz do Dia;;;Meio de Quadra;;;0;0;2;1;0;0;0;0;0;0;0;0;-3,825515822;-38,48153832
342440;28;3;2019;07:39;0;RUA PORTO VELHO;;;1691;;Atropelamento;Luz do Dia;;;Meio de Quadra;;;0;1;0;0;0;0;0;0;0;1;0;0;-3,762361056;-38,59388117
342438;28;3;2019;00:32;0;RUA PDE PEDRO DE ALENCAR;;;41;;Colisão;;;;Meio de Quadra;;;0;1;0;0;0;0;0;0;0;1;0;0;-3,8137481;-38,6042412
342447;28;3;2019;07:58;0;AV ROGACIANO LEITE;;;;;Colisão;Luz do Dia;;;Meio de Quadra;;;0;1;0;0;0;0;0;0;0;0;0;0;;
342448;28;3;2019;08:09;0;AV LINEU MACHADO;;;850;;Colisão;Luz do Dia;;;Meio de Quadra;;;0;1;0;0;0;0;0;0;0;1;0;0;-3,7674975;-38,5777335
342449;28;3;2019;08:15;0;RUA PORTO VELHO;;;1691;;Queda;Luz do Dia;;;Meio de Quadra;;;0;1;0;0;0;0;0;0;0;1;0;0;-3,762361056;-38,59388117
342450;28;3;2019;08:21;0;AV JOAO PESSOA;;;6264;;Colisão;Luz do Dia;;;Meio de Quadra;;;0;1;0;0;0;0;0;0;0;1;0;0;-3,765062353;-38,55891341
342452;28;3;2019;08:38;0;RD BR 116;;;3550;;Queda;Luz do Dia;;;Meio de Quadra;;;0;1;0;0;0;0;0;0;0;1;0;0;;
342453;28;3;2019;09:06;0;RUA 26 BATALHAO;;;108;;Queda;Luz do Dia;;;Meio de Quadra;;;0;1;0;0;0;0;0;0;0;1;0;0;-3,80927;-38,56929
342469;28;3;2019;09:34;0;AV ENG HUMBERTO MONTE;;;953;;Queda;Luz do Dia;;;Meio de Quadra;;;0;2;0;0;0;0;0;0;0;1;0;0;-3,750494;-38,559425
342470;28;3;2019;09:44;0;RUA HOLANDA;;;200;;Colisão;Luz do Dia;;;Meio de Quadra;;;0;1;0;1;0;0;0;0;0;1;0;0;-3,791938;-38,566597
342487;28;3;2019;17:00;0;RUA PDE FRANCISCO PINTO;;;191;;Colisão;Anoitecer;;;Meio de Quadra;;;0;1;0;1;0;0;0;0;0;1;0;0;-3,744453;-38,538965
342488;28;3;2019;17:32;0;AV JOVITA FEITOSA;;;2818;;Queda;Anoitecer;;;Meio de Quadra;;;0;1;0;0;0;0;0;0;0;1;0;0;-3,741173;-38,562915
342489;28;3;2019;17:58;3844;RUA JOAO GENTIL;RUA ADOLFO HERBSTER;;;;Colisão;Anoitecer;;;Cruz;Pare;Residencial;0;1;0;1;0;0;0;0;0;1;0;0;-3,745475;-38,539577
342490;28;3;2019;18:21;15584;RUA LOPES TROVAO;RUA ALVES RIBEIRO;;;;Colisão;Anoitecer;;;Cruz;Pare;Residencial;0;1;0;0;0;0;0;0;0;0;0;0;-3,82274;-38,501838
342491;28;3;2019;18:39;0;AV FRANCISCO SA;;;2902;;Colisão;;;;Meio de Quadra;;;0;1;0;0;0;0;0;0;0;0;0;0;-3,71934704;-38,55150812
342492;28;3;2019;18:54;0;RD BR 116;;;1000;KM-01;Colisão;;;;Meio de Quadra;;;0;1;0;1;0;0;0;0;0;1;0;0;-3,762554;-38,518702
342493;28;3;2019;22:09;0;RUA DEMETRIO MENEZES;;;990;;Colisão;;;;Meio de Quadra;;;0;1;0;1;0;0;0;0;0;1;0;0;;
342472;28;3;2019;11:43;0;RD BR 116;;;12000;KM-12;Atropelamento;Luz do Dia;;;Meio de Quadra;;;0;1;0;0;0;0;0;0;0;1;0;0;-3,85574;-38,496066
342474;28;3;2019;12:11;0;RUA GERMANO FRANCK;;;1508;;Colisão;Luz do Dia;;;Meio de Quadra;;;0;1;0;0;0;0;0;0;0;0;0;0;;
342475;28;3;2019;12:20;0;AV JOSE LEON;;;661;;Colisão;Luz do Dia;;;Meio de Quadra;;;0;1;0;1;0;0;0;0;0;1;0;0;-3,78689819;-38,50516462
342476;28;3;2019;13:29;0;AV GOV RAUL BARBOSA;;;4262;;Queda;Luz do Dia;;;Meio de Quadra;;;0;2;0;0;0;0;0;0;0;1;0;0;-3,761659;-38,507767
342483;28;3;2019;15:50;0;AV JOSE DO PATROCINIO;;;1174;;Colisão;Luz do Dia;;;Meio de Quadra;;;0;1;0;1;0;0;0;0;0;1;0;0;-3,76359497;-38,54446358
342484;28;3;2019;16:12;15372;AV DOM LUIS;RUA CEL JUCA;;;;Colisão;Luz do Dia;;;Cruz;Semáforo;Comercial;0;1;0;1;0;0;0;0;0;1;0;0;-3,735452;-38,490579
342479;28;3;2019;13:34;0;RUA DA SAUDADE (MONTESE);;;497;;Queda;Luz do Dia;;;Meio de Quadra;;;0;1;0;0;0;0;0;0;0;1;0;0;-3,768913667;-38,54677867
342480;28;3;2019;14:31;0;RUA MARIO MAMEDE;;;50;;Queda;Luz do Dia;;;Meio de Quadra;;;0;1;0;0;0;0;0;0;0;1;0;0;-3,7896037;-38,4779317
340664;28;3;2019;07:01;13304;AV G CJ JOSE WALTER;AV I CJ JOSE WALTER;;;;Colisão Transversal;Luz do Dia;Bom;Seca;Cruz;Pare;Residencial;0;1;1;1;0;0;0;0;0;1;0;0;-3,839061;-38,554956
340665;28;3;2019;06:30;9132;AV 13 DE MAIO;RUA JAIME BENEVOLO;;0;;Colisão Transversal;Luz do Dia;Bom;Seca;Cruz;Semáforo;Comercial;0;0;1;1;0;0;0;0;0;0;0;0;-3,748122;-38,530741
340666;28;3;2019;07:50;5715;RUA ULISSES BEZERRA;AV DES GONZAGA;;0;;Colisão Lateral;Luz do Dia;Bom;Seca;Cruz;Semáforo;Comercial;0;0;2;1;0;0;0;0;0;0;0;0;-3,798159;-38,499492
340667;28;3;2019;10:41;22094;AV JOSE BASTOS;RUA DELMIRO FARIAS;;0;;Colisão Traseira;Luz do Dia;Bom;Seca;Cruz;Semáforo;Comercial;0;0;1;1;0;0;0;0;0;0;0;0;-3,748756;-38,549219
340668;28;3;2019;11:59;9034;AV AGUANAMBI;RUA CEL SOLON;;;;Colisão Traseira;Luz do Dia;Bom;Seca;Cruz;Não Há Controle;Comercial;0;1;1;1;0;0;0;0;0;1;0;0;-3,742854;-38,525818
340669;28;3;2019;13:52;0;RUA JOSE VILAR;;;1681;;Colisão Lateral;Luz do Dia;Chuva;Molhada;Meio de Quadra;Não Há Controle;Comercial;0;1;1;1;0;0;0;0;0;1;0;0;-3,73926;-38,505781
340670;28;3;2019;17:07;1485;RUA PDE VALDEVINO;RUA ANTONIO AUGUSTO;;;;Colisão Transversal;Luz do Dia;Chuva;Molhada;Cruz;Pare;Comercial;0;0;2;1;1;0;0;0;0;0;0;0;-3,739239;-38,516489
340671;28;3;2019;19:18;19174;RUA PEREIRA DE MIRANDA;RUA PRO OTAVIO LOBO;;0;;Colisão Lateral;Via Iluminada;Chuva;Molhada;Cruz;Pare;Residencial;0;0;2;1;0;0;0;0;0;0;0;0;-3,741389;-38,476904
340672;28;3;2019;22:02;7847;RUA JOSE VILAR;RUA JOAQUIM SA;;0;;Colisão Lateral;Via Iluminada;Bom;Seca;Cruz;Gesto;Residencial;0;0;3;1;0;0;0;0;0;0;0;0;-3,748119;-38,508665
340673;29;3;2019;13:27;0;AV ALBERTO CRAVEIRO;;;1153;;Colisão Lateral;Luz do Dia;Bom;Seca;Outros;Não Há Controle;Residencial;0;1;1;1;0;0;0;0;0;1;0;0;-3,790272;-38,517059
340674;29;3;2019;13:10;0;AV RUI BARBOSA;;;2160;;Colisão Transversal;Luz do Dia;Bom;Seca;Meio de Quadra;Não Há Controle;Comercial;0;1;1;1;0;0;0;0;0;1;0;0;-3,741651333;-38,51125567
340675;29;3;2019;14:35;9176;AV EDUARDO GIRAO;AV AGUANAMBI;;;;Colisão Lateral;Luz do Dia;Bom;Seca;Rotatória;Dê Preferência;Comercial;0;2;1;1;0;0;0;0;0;1;0;0;-3,756564;-38,523564
340676;29;3;2019;15:50;0;AV DUQ CAXIAS;;;1452;;Colisão Frontal;Luz do Dia;Bom;Seca;Meio de Quadra;Não Há Controle;Comercial;0;1;0;0;0;0;0;0;0;1;0;0;-3,729335;-38,537452
340677;29;3;2019;19:05;1576;AV PDE ANTONIO TOMAS;RUA CEL JUCA;;2160;;Engavetamento;Via Iluminada;Bom;Seca;Cruz;Gesto;Comercial;0;0;3;1;0;0;0;0;0;0;0;0;-3,742392;-38,492803
340678;29;3;2019;20:26;0;RUA DOM CARLOTO TAVORA;;;324;;Colisão Lateral;Anoitecer;Bom;Seca;Cruz;Pare;Comercial;0;0;2;1;0;0;0;0;0;1;0;0;-3,769536898;-38,55708598
340679;29;3;2019;21:16;0;AV SANTOS DUMONT;;;5140;;Colisão Lateral;Via Iluminada;Bom;Seca;Meio de Quadra;Não Há Controle;Comercial;0;0;2;1;1;0;0;0;0;0;0;0;-3,740424875;-38,48538275
340680;29;3;2019;20:05;6742;RUA CESAR FONSECA;RUA VILEBALDO AGUIAR;;0;;Colisão Transversal;Via Iluminada;Bom;Seca;Cruz;Pare;Residencial;0;0;2;1;0;0;0;0;0;0;0;0;-3,745131;-38,473588
342494;29;3;2019;08:02;19548;RUA PERU;AV DR SILAS MUNGUBA;;;;Atropelamento;Luz do Dia;;;;;;0;1;0;1;0;0;0;0;0;0;0;0;-3,783036;-38,554545
342495;29;3;2019;08:25;0;RUA VER PEDRO PAULO MOREIRA;;;678;;Colisão;Luz do Dia;;;Meio de Quadra;;;0;1;0;1;0;0;0;0;0;1;0;0;-3,786921857;-38,489189
342496;29;3;2019;08:27;0;RD BR 116;;;5368;;Colisão;Luz do Dia;;;Meio de Quadra;;;0;1;0;0;0;0;1;0;0;1;0;0;;
342497;29;3;2019;09:30;0;RUA PRO HERIBALDO COSTA;;;1142;;Colisão;Luz do Dia;;;Meio de Quadra;;;0;1;0;1;0;1;0;0;0;0;0;0;-3,762384379;-38,58511024
342498;29;3;2019;10:35;0;AV JOAO PESSOA;;;6318;;Colisão;Luz do Dia;;;Meio de Quadra;;;0;1;0;1;0;0;0;0;0;1;0;0;-3,765499;-38,559092
342499;29;3;2019;11:43;0;RUA MON DANTAS;;;;;Colisão;Luz do Dia;;;Meio de Quadra;;;0;1;0;1;0;0;0;0;0;1;0;0;;
342500;29;3;2019;12:02;0;RUA NAPOLEAO QUEZADO;;;;;Colisão;Luz do Dia;;;Meio de Quadra;;;0;1;0;0;0;0;1;0;0;1;0;0;;
342501;29;3;2019;12:17;0;RUA PDE PEDRO DE ALENCAR;;;540;;Atropelamento;Luz do Dia;;;Meio de Quadra;;;0;1;0;0;0;0;0;0;0;1;0;0;-3,832741;-38,494029
342503;29;3;2019;13:26;0;RD BR 116;;;10000;KM-10;Queda;Luz do Dia;;;Meio de Quadra;;;0;2;0;0;0;0;0;0;0;1;0;0;-3,834435;-38,503373
342510;29;3;2019;13:27;0;RUA OSORIO CORREIA;;;1652;;Queda;Luz do Dia;;;Meio de Quadra;;;0;1;0;0;0;0;0;0;0;1;0;0;-3,8234007;-38,5971759
342524;29;3;2019;14:49;0;RUA CEL MATOS DOURADO;;;294;;Colisão;Luz do Dia;;;Meio de Quadra;;;0;1;0;0;0;0;0;0;0;0;0;0;-3,741362021;-38,58517887
342527;29;3;2019;15:04;9039;RUA BAR RIO BRANCO;RUA PDE MIGUELINHO;;;;Colisão;Luz do Dia;;;Cruz;Pare;Escola;0;1;0;1;0;0;0;0;0;1;0;0;-3,742749;-38,53346
342528;29;3;2019;15:59;0;RD BR 116;;;;;Colisão;Luz do Dia;;;Meio de Quadra;;;0;1;0;0;0;0;0;0;0;0;0;0;;
342538;29;3;2019;18:13;0;RUA VALPARAISO;;;;;Colisão;Anoitecer;;;Meio de Quadra;;;0;1;0;1;0;0;0;0;0;1;0;0;;
342539;29;3;2019;18:36;11644;RUA CHUI;RUA PRO HERIBALDO COSTA;;;;Colisão;;;;Outros;Não Há Controle;Outros;0;1;0;1;0;0;0;0;0;1;0;0;-3,768978;-38,588544
342540;29;3;2019;19:10;19611;AV GODOFREDO MACIEL;RUA NEREU RAMOS;;;;Colisão;;;;T;Semáforo;Comercial;0;2;0;0;0;0;0;0;0;1;0;0;-3,78725;-38,566802
342541;29;3;2019;19:25;0;RUA ASSUNCAO;;;377;;Colisão;;;;Meio de Quadra;;;0;1;0;1;0;0;0;0;0;1;0;0;-3,733329;-38,528262
342542;29;3;2019;20:13;0;AV GAL OSORIO DE PAIVA;;;7665;;Atropelamento;;;;Meio de Quadra;;;0;1;0;0;0;0;0;0;0;1;0;0;-3,819277692;-38,61615092
342543;29;3;2019;20:22;0;AV ENG LEAL LIMA VERDE (SAPIRANGA/COITE);;;595;;Colisão;;;;Meio de Quadra;;;0;1;0;0;0;0;0;0;0;0;0;0;-3,793497529;-38,47589829
342544;29;3;2019;20:44;0;AV GAL OSORIO DE PAIVA;;;76;;Atropelamento;;;;Meio de Quadra;;;0;1;0;0;0;0;0;0;0;1;0;0;-3,772741087;-38,56306991
342545;29;3;2019;20:53;0;RUA CAP GUSTAVO;;;4330;;Queda;;;;Meio de Quadra;;;0;1;0;0;0;1;0;0;0;0;0;0;-3,759384818;-38,515881
342546;29;3;2019;21:32;0;RUA ALTO DAS PEDRINHAS;;;200;;Colisão;;;;Meio de Quadra;;;0;1;0;0;0;0;0;0;0;0;0;0;-3,7442476;-38,5995647
342533;29;3;2019;16:12;0;AV PERIMETRAL;;;4241;;Colisão;Luz do Dia;;;Meio de Quadra;;;0;1;0;1;0;0;0;0;0;1;0;0;;
342531;29;3;2019;15:59;0;RUA JOAOZITO ARRUDA;;;250;;Colisão;Luz do Dia;;;Meio de Quadra;;;0;1;0;0;0;0;0;0;0;0;0;0;-3,8027186;-38,4976954
342535;29;3;2019;17:30;0;RUA PRO HERIBALDO COSTA;;;1221;;Atropelamento;Anoitecer;;;Meio de Quadra;;;0;1;0;0;0;0;0;0;0;1;0;0;-3,762997;-38,585433
342720;29;3;2019;15:00;0;RD BR 116;;;;;Colisão Lateral;Luz do Dia;;;Meio de Quadra;;;0;2;0;1;0;0;0;0;0;1;0;0;;
342675;29;3;2019;08:15;0;RD BR 116;;;14000;KM-14;Colisão;Luz do Dia;;;Meio de Quadra;;;0;3;0;0;0;0;0;0;0;1;0;0;-3,873523;-38,499242
339668;29;3;2019;12:00;0;RD CE-040;;;;KM-05;Colisão;Luz do Dia;;;Meio de Quadra;;;0;0;1;0;0;0;0;1;0;0;0;0;-3,800595823;-38,47953463
339670;29;3;2019;12:10;0;AV SEN CARLOS JEREISSATI (AEROPORTO);;;;KM 03;Colisão;Luz do Dia;;;Meio de Quadra;;;0;0;2;1;0;0;0;0;0;0;0;0;-3,779641;-38,544038
339673;29;3;2019;10:30;0;RD CE-060;;;;KM-02;Colisão;Luz do Dia;;;Meio de Quadra;;;0;0;2;1;1;0;0;0;0;0;0;0;-3,834064;-38,582111
339674;29;3;2019;16:50;0;AV SEN CARLOS JEREISSATI (AEROPORTO);;;;KM 03;Colisão;Luz do Dia;;;Meio de Quadra;;;0;0;2;1;0;0;0;1;0;0;0;0;-3,779641;-38,544038
339677;29;3;2019;07:50;0;RD CE-040;;;;KM-05;Atropelamento;Luz do Dia;;;Meio de Quadra;;;0;1;1;0;0;0;0;0;0;0;0;0;-3,800595823;-38,47953463
339679;30;3;2019;10:00;0;RD CE-040;;;;KM-08;Engavetamento;Luz do Dia;;;Meio de Quadra;;;0;0;3;0;0;0;0;0;0;0;0;0;-3,825515822;-38,48153832
342559;30;3;2019;11:17;0;AV PRS COSTA E SILVA;;;794;;Colisão;Luz do Dia;;;Meio de Quadra;;;0;1;0;1;0;0;0;0;0;1;0;0;-3,8285519;-38,5317817
342555;30;3;2019;09:44;0;AV SEN FERNANDES TAVORA;;;;;Colisão;Luz do Dia;;;Meio de Quadra;;;0;1;0;1;0;0;0;0;0;1;0;0;;
342556;30;3;2019;09:57;5089;RUA MAJ FACUNDO;RUA DR JOAO MOREIRA;;;;Colisão;Luz do Dia;;;Cruz;Outros;Comercial;0;1;0;1;0;0;0;0;0;1;0;0;-3,723042;-38,526361
342557;30;3;2019;10:18;0;AV BEZERRA DE MENEZES;;;;;Queda;Luz do Dia;;;Meio de Quadra;;;0;1;0;0;0;0;0;0;0;1;0;0;;
342549;30;3;2019;05:52;0;RUA BERNARDO MANUEL;;;;;Colisão;Amanhecer;;;Meio de Quadra;;;0;1;0;1;0;0;0;0;0;1;0;0;;
342550;30;3;2019;06:09;0;RUA PRO HERIBALDO COSTA;;;450;;Colisão;Luz do Dia;;;Meio de Quadra;;;0;1;0;1;0;0;0;0;0;1;0;0;-3,7594841;-38,5835182
342551;30;3;2019;07:37;12864;AV DOMINGOS OLIMPIO;RUA ASSUNCAO;;;;Colisão;Luz do Dia;;;Cruz;Semáforo;Comercial;0;1;0;1;0;0;0;0;0;1;0;0;-3,737192;-38,529548
342552;30;3;2019;08:33;0;AV JOVITA FEITOSA;;;461;;Colisão;Luz do Dia;;;Meio de Quadra;;;0;1;0;1;0;0;0;0;0;1;0;0;-3,738094;-38,548012
342553;30;3;2019;09:34;0;RUA BERNARDO MANUEL;;;11115;;Colisão;Luz do Dia;;;Meio de Quadra;;;0;1;0;1;0;1;0;0;0;0;0;0;-3,816663568;-38,55687658
342576;30;3;2019;19:56;0;AV PRO GOMES DE MATOS;;;622;;Atropelamento;;;;Meio de Quadra;;;0;1;0;0;0;0;0;0;0;0;0;0;-3,758895;-38,543675
342577;30;3;2019;21:30;0;AV DR THEBERGE;;;2150;;Queda;;;;Meio de Quadra;;;0;1;0;0;0;0;0;0;0;1;0;0;-3,719218;-38,566456
342578;30;3;2019;21:38;0;RUA ELISEU VIANA;;;92;;Queda;;;;Meio de Quadra;;;0;1;0;0;0;0;0;0;0;1;0;0;-3,773649429;-38,587214
342579;30;3;2019;21:43;0;RUA VALPARAISO;;;1603;;Queda;;;;Meio de Quadra;;;0;1;0;0;0;0;0;0;0;1;0;0;-3,839529181;-38,53148502
342580;30;3;2019;22:17;0;AV ENG LEAL LIMA VERDE (SAPIRANGA/COITE);;;2411;;Colisão;;;;Meio de Quadra;;;0;2;0;1;0;0;0;0;0;1;0;0;-3,8149;-38,4743
342581;30;3;2019;22:26;0;AV WASHINGTON SOARES;;;4444;;Colisão;;;;Meio de Quadra;;;0;3;0;1;0;0;0;0;0;1;0;0;-3,7977;-38,47991
342582;30;3;2019;22:29;0;RUA JULIO SILVA;;;440;;Atropelamento;;;;Meio de Quadra;;;0;1;0;0;0;0;0;0;0;1;0;0;-3,74537;-38,45462
342583;30;3;2019;23:16;0;RUA MARTE (VILA UNIAO);;;;;Atropelamento;;;;Meio de Quadra;;;0;1;0;1;0;0;0;0;0;0;0;0;;
342584;30;3;2019;23:52;0;RUA VALPARAISO;;;655;;Queda;;;;Meio de Quadra;;;0;1;0;0;0;0;0;0;0;1;0;0;-3,843973039;-38,52607411
342564;30;3;2019;11:46;25933;AV ALM MAXIMIANO DA FONSECA;RUA MARIA ALICE FERRAZ;;;;Colisão;Luz do Dia;;;Cruz;Pare;Residencial;0;1;0;1;0;0;0;0;0;1;0;0;-3,770381;-38,489581
342565;30;3;2019;11:53;13430;RUA JOAO CORDEIRO;RUA ADOLFO SIQUEIRA;;;;Colisão;Luz do Dia;;;Cruz;Pare;Residencial;0;1;0;1;0;0;0;0;0;1;0;0;-3,742579;-38,518694
342566;30;3;2019;12:57;10988;RUA EQUADOR;RUA CON LIMA SUCUPIRA;;;;Queda;Luz do Dia;;;Cruz;Pare;Residencial;0;1;0;0;0;0;0;0;0;1;0;0;-3,777318;-38,553469
342567;30;3;2019;12:59;10681;AV MIGUEL DIAS;RUA FIRMINO ROCHA AGUIAR;;;;Colisão;Luz do Dia;;;Rotatória;Dê Preferência;Escola;0;1;0;0;0;0;0;0;0;0;0;0;-3,763517;-38,487708
342568;30;3;2019;13:02;0;AV HILDEBRANDO DE MELO;;;1736;;Colisão;Luz do Dia;;;Meio de Quadra;;;0;1;0;1;0;0;0;0;0;1;0;0;-3,72394;-38,58916
342569;30;3;2019;15:12;7765;RUA DOM EXPEDITO LOPES;RUA TIBURCIO CAVALCANTE;;;;Colisão;Luz do Dia;;;Cruz;Semáforo;Residencial;0;1;0;1;0;0;0;0;0;1;0;0;-3,743802;-38,505097
342570;30;3;2019;15:38;0;AV PRS CASTELO BRANCO;;;;;Colisão;Luz do Dia;;;Meio de Quadra;;;0;1;0;0;0;0;0;0;0;0;0;0;;
342571;30;3;2019;16:38;0;RUA COS GOUVEIA;;;351;;Colisão;Luz do Dia;;;Meio de Quadra;;;0;1;0;1;0;0;0;0;0;1;0;0;-3,717019;-38,564143