COD_ACIDENTE;DIA;MES;ANO;HORA;INTERSECAO;LOG1;LOG2;LOG3;NUMERO;REFERENCIA;NATUREZA;ILUMINACAO;TEMPO;SUPERFICIEPISTA;TIPOCRUZAMENTO;CONTROLETRAFEGO;USOSOLO;MORTOS;FERIDOS;ILESOS;AUTOMOVEL;ONIBUS;BICICLETA;CAMINHAO;MICROONIBUS;CICLOMOTOR;MOTOCICLETA;TRACAOANIMAL;TREM;LATITUDE;LONGITUDE
342572;30;3;2019;16:43;0;RUA CON DE CASTRO;;;5326;;Colisão;Luz do Dia;;;Meio de Quadra;;;0;1;0;1;0;0;0;0;0;1;0;0;-3,810035;-38,596258
342573;30;3;2019;17:36;0;RUA NELSON COELHO;;;356;;Colisão;Anoitecer;;;Meio de Quadra;;;0;2;0;1;0;0;0;0;0;1;0;0;-3,828863077;-38,46346154
342574;30;3;2019;18:08;0;AV JOR THOMAZ COELHO;;;;;Queda;Anoitecer;;;Meio de Quadra;;;0;1;0;0;0;0;0;0;0;1;0;0;;
342547;30;3;2019;00:40;0;ET PICI;;;292;;Queda;;;;Meio de Quadra;;;0;1;0;0;0;0;0;0;0;1;0;0;-3,762748859;-38,5786991
340681;30;3;2019;05:00;1585;RUA PDE VALDEVINO;RUA TIBURCIO CAVALCANTE;;;;Colisão Transversal;Amanhecer;Bom;Molhada;Cruz;Semáforo;Comercial;0;1;2;1;0;0;0;0;0;1;0;0;-3,742915;-38,504815
340682;30;3;2019;13:52;25538;AV SEN FERNANDES TAVORA;RUA CAETANO SILVA (A. NUNES);;0;;Colisão Traseira;Luz do Dia;Nublado;Molhada;T;Pare;Lazer;0;0;2;0;0;0;0;0;0;1;0;0;-3,7549412;-38,598553
340683;30;3;2019;20:41;12543;RUA ROSINHA SAMPAIO;RUA OTAVIO PARANHOS;;;;Colisão Transversal;Via Iluminada;Bom;Seca;Cruz;Pare;Comercial;1;0;1;1;0;0;0;0;0;1;0;0;-3,726838;-38,586491
340684;30;3;2019;21:03;0;AV PRO GOMES DE MATOS;;;630;;Colisão Transversal;Via Iluminada;Nublado;Molhada;Cruz;Pare;Comercial;0;1;1;0;1;1;0;0;0;0;0;0;-3,759084;-38,543838
340685;31;3;2019;08:51;17412;RUA ALBERTO MAGNO;RUA BAR SOBRAL;;;;Colisão;Luz do Dia;Nublado;Seca;Cruz;Semáforo;Comercial;0;2;0;1;0;0;0;0;0;0;0;0;-3,767991;-38,552417
340686;31;3;2019;11:00;7713;AV CARNEIRO DE MENDONCA;RUA URSULA GARCIA;;0;;Colisão Transversal;Luz do Dia;Nublado;Seca;T;Pare;Comercial;0;1;1;1;0;0;0;0;0;1;0;0;-3,766169;-38,562346
340687;31;3;2019;13:20;0;RUA AUGUSTA BENEVIDES;;;0;;Choque c/ Obstáculo Fixo;Luz do Dia;Nublado;Seca;Meio de Quadra;Não Há Controle;Rural;0;1;0;1;0;0;0;0;0;0;0;0;;
340688;31;3;2019;14:04;0;AV CASTELO DE CASTRO;;;1927;;Colisão Traseira;Luz do Dia;Bom;Seca;Meio de Quadra;Não Há Controle;Comercial;0;1;1;1;0;0;0;0;0;1;0;0;-3,8283834;-38,521313
340689;31;3;2019;15:49;0;AV HIS RAIMUNDO GIRAO;RUA FRANCISCO XAVIER;;0;;Colisão Lateral;Luz do Dia;Bom;Seca;;;;0;1;1;1;0;0;0;0;0;1;0;0;-3,7205868;-38,51217
340690;31;3;2019;18:57;0;AV GOV RAUL BARBOSA;;;5930;;Colisão Traseira;Via Iluminada;Chuva;Molhada;Meio de Quadra;Não Há Controle;Comercial;0;1;2;1;0;0;0;0;0;1;0;0;-3,7695875;-38,5106
340691;31;3;2019;19:31;5711;AV OLIVEIRA PAIVA;RUA CHICO LEMOS;;;;Colisão Transversal;Via Iluminada;Chuva;Molhada;Cruz;Semáforo;Comercial;0;1;2;1;0;0;0;0;0;0;0;0;-3,795857;-38,497091
342585;31;3;2019;00:58;0;AV GAL OSORIO DE PAIVA;;;;;Atropelamento;;;;Meio de Quadra;;;0;1;0;1;0;0;0;0;0;0;0;0;;
342586;31;3;2019;03:12;0;AV DR SILAS MUNGUBA;;;;;Atropelamento;;;;Meio de Quadra;;;0;1;0;1;0;0;0;0;0;0;0;0;;
342639;31;3;2019;22:05;0;RUA CARLOS VASCONCELOS;;;1615;;Colisão;;;;Meio de Quadra;;;0;1;0;1;0;0;0;0;0;0;0;0;-3,736251;-38,511844
342640;31;3;2019;22:23;0;AV SEN FERNANDES TAVORA;;;1694;;Queda;;;;Meio de Quadra;;;0;1;0;0;0;0;0;0;0;1;0;0;-3,759268333;-38,587622
342641;31;3;2019;22:29;0;AV GODOFREDO MACIEL;;;;;Colisão;;;;Meio de Quadra;;;0;1;0;1;0;0;0;0;0;1;0;0;;
342642;31;3;2019;22:43;0;AV DR THEBERGE;;;;;Atropelamento;;;;Meio de Quadra;;;0;1;0;1;0;0;0;0;0;0;0;0;;
342643;31;3;2019;22:51;0;AV CASTELO DE CASTRO;;;;;Queda;;;;Meio de Quadra;;;0;1;0;0;0;0;0;0;0;1;0;0;;
342613;31;3;2019;12:45;23797;RUA ANTONIO COSTA MENDES (PQ SÃO JOSÉ);RUA PLACIDO DE CASTRO;;;;Colisão;Luz do Dia;;;Cruz;Não Há Controle;Residencial;0;1;0;1;0;0;0;0;0;1;0;0;-3,79105;-38,584743
342614;31;3;2019;13:09;0;RUA DO POENTE;;;414;;Colisão;Luz do Dia;;;Meio de Quadra;;;0;1;0;1;0;0;0;0;0;1;0;0;-3,697794;-38,580343
342615;31;3;2019;14:05;0;RUA POMPILIO GOMES;;;927;;Colisão;Luz do Dia;;;Meio de Quadra;;;0;3;0;1;0;0;0;0;0;1;0;0;;
342616;31;3;2019;13:46;0;AV SEN CARLOS JEREISSATI (AEROPORTO);;;;;Colisão;Luz do Dia;;;Meio de Quadra;;;0;1;0;1;0;0;0;0;0;1;0;0;;
342622;31;3;2019;14:48;0;AV DR SILAS MUNGUBA;;;1555;;Colisão;Luz do Dia;;;Meio de Quadra;;;0;1;0;1;0;0;0;0;0;1;0;0;-3,78395;-38,55391
342623;31;3;2019;15:21;0;RUA MANUEL JESUINO;;;927;;Colisão;Luz do Dia;;;Meio de Quadra;;;0;1;0;0;0;0;0;0;0;1;0;0;-3,733659211;-38,48491063
342624;31;3;2019;15:28;0;AV JOAO DE ARAUJO LIMA;;;1042;;Colisão;Luz do Dia;;;Meio de Quadra;;;0;1;0;0;0;0;0;0;0;1;0;0;-3,830733312;-38,5601038
342625;31;3;2019;16:15;18808;RUA 44 CJ HAB ST S JOAO;AV B CJ HAB ST SAO JOAO;;;;Colisão;Luz do Dia;;;;;;0;1;0;0;0;0;0;1;0;1;0;0;-3,850469;-38,519271
342626;31;3;2019;16:38;0;AV JOAO DE ARAUJO LIMA;;;1054;;Queda;Luz do Dia;;;Meio de Quadra;;;0;1;0;0;0;0;0;0;0;1;0;0;-3,830967892;-38,56015529
342627;31;3;2019;16:50;5199;RUA LIBERATO BARROSO;RUA PRC ISABEL;;;;Colisão;Luz do Dia;;;Cruz;Pare;Comercial;0;1;0;1;0;0;0;0;0;1;0;0;-3,726167;-38,535356
342628;31;3;2019;17:08;0;AV PRS COSTA E SILVA;;;;;Acidente Pessoal;Anoitecer;;;Meio de Quadra;;;0;1;0;0;0;0;0;0;0;1;0;0;;
342629;31;3;2019;17:37;0;RUA ROMEU MARTINS;;;318;;Colisão;Anoitecer;;;Meio de Quadra;;;0;1;0;1;0;0;0;0;0;1;0;0;-3,7643895;-38,5554155
342630;31;3;2019;19:40;0;AV J CJ CEARA;;;2496;;Colisão;;;;Meio de Quadra;;;0;1;0;1;0;0;0;0;0;1;0;0;-3,771966;-38,618798
342631;31;3;2019;20:19;0;RUA MORADA NOVA;;;850;;Colisão;;;;Meio de Quadra;;;0;3;0;1;0;0;0;0;0;1;0;0;-3,84798;-38,51224
342632;31;3;2019;20:40;13719;RUA NELSON STUDART;AV PINTO BANDEIRA D56;;;;Colisão;;;;;;;0;1;0;0;0;0;0;0;0;1;0;0;-3,772984;-38,486693
342633;31;3;2019;20:55;0;RUA BETEL;;;1119;;Queda;;;;Meio de Quadra;;;0;1;0;0;0;0;0;0;0;1;0;0;-3,78829;-38,551
342634;31;3;2019;20:55;0;RUA CEL JOAO CORREIA;;;2602;;Queda;;;;Meio de Quadra;;;0;1;0;0;0;0;0;0;0;1;0;0;-3,7884869;-38,6147667
342635;31;3;2019;21:45;0;AV BENJAMIM BRASIL;;;1600;;Queda;;;;Meio de Quadra;;;0;1;0;0;0;0;0;0;0;1;0;0;-3,8063;-38,562623
342609;31;3;2019;12:34;0;RUA 26 BATALHAO;;;;;Colisão;Luz do Dia;;;Meio de Quadra;;;0;1;0;1;0;0;0;0;0;0;0;0;;
342605;31;3;2019;11:14;0;RUA DR WALDEMAR PAES ALCANTARA;;;377;;Queda;Luz do Dia;;;Meio de Quadra;;;0;1;0;0;0;0;0;0;0;1;0;0;-3,8158075;-38,5160128
342606;31;3;2019;12:10;0;RUA CON DE CASTRO;;;1388;;Queda;Luz do Dia;;;Meio de Quadra;;;0;1;0;0;0;0;0;0;0;1;0;0;-3,784019;-38,5725345
342603;31;3;2019;10:21;0;AV PASTEUR;;;206;;Queda;Luz do Dia;;;Meio de Quadra;;;0;1;0;0;0;0;0;0;0;1;0;0;-3,7079415;-38,557911
342600;31;3;2019;08:53;0;AV H CJ CEARA;;;2280;;Colisão;Luz do Dia;;;Meio de Quadra;;;0;1;0;1;0;0;0;0;0;1;0;0;-3,776674;-38,618043
342596;31;3;2019;06:12;0;RUA SAO BENEDITO;;;;;Queda;Luz do Dia;;;Meio de Quadra;;;0;1;0;0;0;0;0;0;0;1;0;0;;
342597;31;3;2019;06:13;0;RUA GAMA;;;506;;Colisão;Luz do Dia;;;Meio de Quadra;;;0;1;0;0;0;0;0;0;0;0;0;0;-3,711495;-38,6031559
342591;31;3;2019;03:39;0;RUA BERNARDO MANUEL;;;10410;;Queda;;;;Meio de Quadra;;;0;1;0;0;0;0;0;0;0;1;0;0;-3,8098755;-38,5548245
342588;31;3;2019;03:14;17585;RUA MARANHAO;RUA RIO GRANDE DO SUL;;;;Colisão;;;;Cruz;Pare;Residencial;0;2;0;1;0;0;0;0;0;0;0;0;-3,755695;-38,565689
346913;1;4;2019;20:37;0;RD DR MENDEL STEINBRUCH;;;691;;Colisão;;;;Meio de Quadra;;;0;0;2;0;0;0;0;0;0;0;0;0;;
346915;1;4;2019;00:01;15832;RUA EDUARDO PORTO;RUA PDE PEDRO DE ALENCAR;;;;Colisão;;;;;;;0;0;2;1;0;0;0;0;0;0;0;0;-3,832741;-38,494029
346916;1;4;2019;17:22;0;RD CE-040;;;2935;;Colisão;Anoitecer;;;Meio de Quadra;;;0;0;2;0;0;0;0;0;0;0;0;0;;
346918;1;4;2019;11:00;0;RD CE-040;;;;KM-04;Choque c/ Obstáculo Fixo;Luz do Dia;;;Meio de Quadra;;;0;0;1;0;0;0;0;0;0;0;0;0;-3,791613156;-38,48033084
343583;1;4;2019;01:18;1359;RUA CARLOS VASCONCELOS;RUA JOAO CARVALHO;;0;;Colisão Transversal;Mal Iluminada;Chuva;Molhada;Cruz;Pare;Comercial;0;0;2;1;0;0;0;0;0;0;0;0;-3,736251;-38,511844
343584;1;4;2019;01:55;0;AV GODOFREDO MACIEL;;;3000;;Colisão Traseira;Via Iluminada;Chuva;Molhada;Meio de Quadra;Semáforo;Comercial;0;0;1;1;0;0;0;0;0;1;0;0;-3,802020778;-38,57165256
343585;1;4;2019;08:50;0;AV PRS COSTA E SILVA;;;2190;;Queda;Luz do Dia;Nublado;Inundada;Meio de Quadra;Não Há Controle;Comercial;0;1;0;0;0;0;0;0;0;0;0;0;-3,819399143;-38,56194012
343586;1;4;2019;17:10;17446;RUA EQUADOR;RUA PRO TEODORICO;;0;;Colisão Transversal;Luz do Dia;Chuva;Molhada;Cruz;Pare;Comercial;0;0;1;0;0;0;0;0;0;0;0;0;-3,769655;-38,550989
343587;1;4;2019;17:40;0;RUA PEREIRA FILGUEIRAS;;;1144;;Colisão Transversal;Luz do Dia;Chuva;Molhada;Meio de Quadra;Não Há Controle;Comercial;0;0;2;1;0;0;0;0;0;0;0;0;-3,72844335;-38,5126749
343588;1;4;2019;20:18;7897;RUA MON CATAO;RUA HENRIQUETA GALENO;;;;Colisão Transversal;Via Iluminada;Nublado;Seca;T;Não Há Controle;Residencial;0;1;1;1;0;0;0;0;0;1;0;0;-3,747287;-38,493338
343589;1;4;2019;21:08;1484;AV PDE ANTONIO TOMAS;RUA JOAQUIM NABUCO;;77;;Engavetamento;Via Iluminada;Chuva;Molhada;Cruz;Gesto;Comercial;0;0;3;1;0;0;0;0;0;0;0;0;-3,739222;-38,502569
343590;1;4;2019;19:40;1566;RUA PDE VALDEVINO;RUA SILVA PAULET;;0;;Colisão Transversal;Via Iluminada;Bom;Seca;Cruz;Pare;Comercial;0;1;1;1;0;0;0;0;0;1;0;0;-3,741957;-38,507851
343591;1;4;2019;21:51;15909;RUA PDE PEDRO DE ALENCAR;RUA VENEZA;;;;Colisão Traseira;Anoitecer;Chuva;Molhada;Cruz;Semáforo;Residencial;0;0;2;1;0;0;0;0;0;0;0;0;-3,836296;-38,494157
343210;1;4;2019;00:53;0;AV SEN FERNANDES TAVORA;;;2433;;Atropelamento;;;;Meio de Quadra;;;0;1;1;0;0;0;0;0;0;1;0;0;-3,755953;-38,593889
343211;1;4;2019;02:00;0;RUA JULIO SILVA;;;440;;Queda;;;;Meio de Quadra;;;0;1;0;0;0;0;0;0;0;1;0;0;-3,74537;-38,45462
343212;1;4;2019;11:16;2995;RUA MARIA JULIA;VL SENHOR DO BOMFIM D20;;;;Colisão;Luz do Dia;;;;;;0;3;0;0;0;1;0;0;0;1;0;0;-3,802703;-38,603646
343220;1;4;2019;05:40;19611;AV GODOFREDO MACIEL;RUA NEREU RAMOS;;;;Colisão;Amanhecer;;;T;Semáforo;Comercial;0;1;1;1;0;1;0;0;0;0;0;0;-3,78725;-38,566802
343222;1;4;2019;07:01;0;AV PERIMETRAL;;;2190;;Queda;Luz do Dia;;;Meio de Quadra;;;0;1;0;0;0;0;0;0;0;1;0;0;;
343224;1;4;2019;07:21;0;AV MR HULL;;;3152;;Queda;Luz do Dia;;;Meio de Quadra;;;0;1;0;0;0;0;0;0;0;1;0;0;-3,737069;-38,572529
343225;1;4;2019;07:27;0;AV DOS EXPEDICIONARIOS;;;5400;;Colisão;Luz do Dia;;;Meio de Quadra;;;0;1;0;1;0;0;0;0;0;1;0;0;-3,767078542;-38,54182753
343226;1;4;2019;08:08;0;AV GAL OSORIO DE PAIVA;;;7675;;Atropelamento;Luz do Dia;;;Meio de Quadra;;;0;3;0;0;0;0;0;0;0;1;0;0;-3,819476923;-38,61634823
343227;1;4;2019;09:01;0;RUA ROSINHA SAMPAIO;;;964;;Colisão;Luz do Dia;;;Meio de Quadra;;;0;1;0;1;0;0;0;0;0;1;0;0;-3,726767;-38,587218
343228;1;4;2019;10:54;24907;AV DA INDEPENDENCIA;TR CAMPOS MOURAO;;;;Colisão;Luz do Dia;;;;;;0;1;0;1;0;0;0;0;0;1;0;0;-3,723742;-38,601739
343229;1;4;2019;15:20;0;RUA BERNARDO MANUEL;;;7536;;Colisão;Luz do Dia;;;Meio de Quadra;;;0;1;0;1;0;0;0;0;0;1;0;0;-3,784073;-38,546927
343231;1;4;2019;17:26;0;RUA JOSE ACIOLY;;;70;;Colisão;Anoitecer;;;Meio de Quadra;;;0;3;0;0;0;0;0;0;0;0;0;0;-3,731717488;-38,5851368
343245;1;4;2019;19:37;1566;RUA SILVA PAULET;RUA PDE VALDEVINO;;;;Colisão;;;;Cruz;Pare;Comercial;0;1;0;1;0;0;0;0;0;1;0;0;-3,741957;-38,507851
343246;1;4;2019;21:23;0;AV PERIMETRAL;;;;;Queda;;;;Meio de Quadra;;;0;1;0;0;0;0;0;0;0;1;0;0;;
343239;1;4;2019;17:49;0;AV OLIVEIRA PAIVA;;;;;Colisão;Anoitecer;;;Meio de Quadra;;;0;1;0;1;0;0;0;0;0;1;0;0;;
343240;1;4;2019;18:24;17377;RUA ELVIRA PINHO;RUA BAR CANINDE;;;;Colisão;Anoitecer;;;Cruz;Pare;Comercial;0;1;0;1;0;0;0;0;0;0;0;0;-3,766881;-38,556147
343241;1;4;2019;19:36;0;RUA CON DE CASTRO;;;6007;;Queda;;;;Meio de Quadra;;;0;1;0;0;0;0;0;0;0;1;0;0;-3,815328652;-38,59933207
343242;1;4;2019;20:19;0;AV FILOMENO GOMES;;;374;;Atropelamento;;;;Meio de Quadra;;;0;1;0;0;0;0;0;0;0;1;0;0;-3,71817;-38,54168
343243;1;4;2019;19:19;0;AV CESAR CALS;;;475;;Queda;;;;Meio de Quadra;;;0;1;0;0;0;0;0;0;0;1;0;0;-3,722168182;-38,46385327
343237;1;4;2019;17:47;0;RUA G CJ VILA VELHA;;;9;;Queda;Anoitecer;;;Meio de Quadra;;;0;1;0;0;0;1;0;0;0;0;0;0;-3,7164966;-38,6015946
343254;2;4;2019;08:23;0;RUA BAR SOBRAL;;;533;;Colisão;Luz do Dia;;;Meio de Quadra;;;0;1;0;1;0;0;0;0;0;1;0;0;-3,767246833;-38,55376975
343247;2;4;2019;05:37;0;AV PRS COSTA E SILVA;;;1181;;Colisão;Amanhecer;;;Meio de Quadra;;;0;2;1;1;0;1;0;0;0;0;0;0;-3,814562308;-38,56945665
343248;2;4;2019;06:24;0;AV GODOFREDO MACIEL;;;;;Colisão;Luz do Dia;;;Meio de Quadra;;;0;2;0;0;0;0;0;0;0;1;0;0;;
343249;2;4;2019;05:54;0;RUA SOLON PINHEIRO;;;186;;Atropelamento;Amanhecer;;;Meio de Quadra;;;0;1;1;0;1;0;0;0;0;0;0;0;-3,7322695;-38,5268955
343250;2;4;2019;06:24;0;RUA 7 PLANALTO MIRASSOL;;;120;;Queda;Luz do Dia;;;Meio de Quadra;;;0;1;0;0;0;0;0;0;0;1;0;0;-3,795758514;-38,54419581
343251;2;4;2019;06:49;0;AV GODOFREDO MACIEL;;;5575;;Colisão;Luz do Dia;;;Meio de Quadra;;;0;3;0;0;0;0;0;0;0;1;0;0;-3,8127673;-38,5750091
343256;2;4;2019;08:42;0;AV BORGES DE MELO;;;1881;;Colisão;Luz do Dia;;;Meio de Quadra;;;0;1;0;1;0;0;0;0;0;1;0;0;-3,755288;-38,535463
343259;2;4;2019;10:15;0;AV JOSE BASTOS;;;2864;;Colisão;Luz do Dia;;;Meio de Quadra;;;0;2;0;1;0;0;0;0;0;1;0;0;-3,7461585;-38,546583
343260;2;4;2019;11:12;2469;AV 20 DE JANEIRO;RUA ALBERTO DE OLIVEIRA;;;;Colisão;Luz do Dia;;;Cruz;Dê Preferência;Industrial;0;1;0;1;0;0;0;0;0;1;0;0;-3,708286;-38,575648
343262;2;4;2019;11:56;0;AV TEN LISBOA;;;;;Colisão;Luz do Dia;;;Meio de Quadra;;;0;2;0;0;0;0;0;0;0;0;0;1;;
343263;2;4;2019;12:24;11932;AV CASTELO DE CASTRO;AV PRS COSTA E SILVA;;;;Colisão;Luz do Dia;;;Cruz;Semáforo;Comercial;0;1;0;0;0;0;0;0;0;1;0;0;;
343268;2;4;2019;13:00;22701;RUA TAB JOAQUIM COELHO;RUA MARIO ALENCAR ARARIPE;;;;Colisão;Luz do Dia;;;Cruz;Pare;Residencial;0;2;0;1;0;0;0;0;0;1;0;0;-3,796826;-38,478147
343273;2;4;2019;13:08;0;AV GAL OSORIO DE PAIVA;;;1062;;Colisão;Luz do Dia;;;Meio de Quadra;;;0;3;0;0;0;0;0;0;0;1;0;0;-3,778734773;-38,57142565
343284;2;4;2019;14:25;0;RUA GOV JOAO CARLOS;;;308;;Colisão;Luz do Dia;;;Meio de Quadra;;;0;1;0;1;0;0;0;0;0;1;0;0;-3,778462;-38,5517195
343292;2;4;2019;14:46;22845;RUA CON LIMA SUCUPIRA;RUA GOV JOAO CARLOS;;;;Colisão;Luz do Dia;;;Cruz;Pare;Residencial;0;1;0;1;0;0;0;0;0;1;0;0;-3,777951;-38,551518
343294;2;4;2019;14:59;0;AV WASHINGTON SOARES;;;9336;;Queda;Luz do Dia;;;Meio de Quadra;;;0;2;0;0;0;0;0;0;0;1;0;0;-3,832597;-38,4825075
343298;2;4;2019;15:46;5777;RUA CHICO LEMOS;RUA JOSE A CAVALCANTE;;;;Colisão;Luz do Dia;;;Cruz;Pare;Residencial;0;1;0;1;0;0;0;0;0;1;0;0;-3,790905;-38,499317
343299;2;4;2019;17:03;25574;AV ENG HUMBERTO MONTE;RUA AZEVEDO BOLAO;;;;Colisão;Anoitecer;;;T;Pare;Comercial;0;1;0;1;0;0;0;0;0;1;0;0;-3,738942;-38,568895
343301;2;4;2019;17:17;0;AV GAL OSORIO DE PAIVA;;;1860;;Queda;Anoitecer;;;Meio de Quadra;;;0;1;0;0;0;0;0;0;0;1;0;0;-3,783092761;-38,57827685
343304;2;4;2019;17:27;0;AV DEP PAULINO ROCHA;;;1285;;Colisão;Anoitecer;;;Meio de Quadra;;;0;1;0;1;0;0;0;0;0;1;0;0;-3,807868425;-38,50850024
343305;2;4;2019;17:32;0;RUA DAURA;;;587;;Atropelamento;Anoitecer;;;Meio de Quadra;;;0;3;1;1;0;0;0;0;0;0;0;0;-3,822679902;-38,50869422
343310;2;4;2019;20:13;14021;RUA CAJAZEIRAS;RUA JOAQUIM FERREIRA;;;;Colisão;;;;;;;0;1;0;0;0;0;0;0;0;1;0;0;-3,816027;-38,468909
343319;2;4;2019;22:19;0;RD BR 116;;;;KM-06;Colisão;;;;Meio de Quadra;;;0;2;0;0;0;0;0;0;0;1;0;0;-3,804691;-38,503053
343316;2;4;2019;20:23;0;RUA PERGENTINO MAIA;;;1200;;Atropelamento;;;;Meio de Quadra;;;0;1;1;0;0;0;0;0;0;0;0;0;-3,831913;-38,485281
343202;2;4;2019;17:00;25574;RUA AZEVEDO BOLAO;AV ENG HUMBERTO MONTE;;;;Colisão;Anoitecer;;;T;Pare;Comercial;1;1;0;1;0;0;0;0;0;1;0;0;-3,738942;-38,568895
343592;2;4;2019;06:58;0;AV PRS COSTA E SILVA;;;1822;;Colisão Transversal;Luz do Dia;Nublado;Seca;Meio de Quadra;Não Há Controle;Comercial;0;0;2;1;0;0;0;0;0;0;0;0;-3,8177676;-38,565445
343593;2;4;2019;09:23;13386;RUA JOAO BRIGIDO;RUA ANTONIO AUGUSTO;;0;;Colisão Frontal;Luz do Dia;Bom;Seca;Cruz;Pare;Comercial;0;0;2;1;0;0;0;0;0;0;0;0;-3,740279;-38,516813
343594;2;4;2019;10:07;0;AV PRO GOMES DE MATOS;;;1016;;Colisão Traseira;Luz do Dia;Bom;Seca;Meio de Quadra;Não Há Controle;Comercial;0;1;1;1;0;0;0;0;0;1;0;0;-3,761728;-38,54610704
343595;2;4;2019;07:56;0;RUA PEDRO LAZAR;;;0;;Não Informado;Luz do Dia;Bom;Seca;Meio de Quadra;Não Há Controle;Comercial;0;0;2;0;0;0;0;0;0;0;0;0;;
343596;2;4;2019;14:00;0;AV DR SILAS MUNGUBA;;;5011;;Colisão Traseira;Luz do Dia;Nublado;Seca;Meio de Quadra;Não Há Controle;Comercial;0;1;1;1;0;0;0;0;0;1;0;0;-3,797120078;-38,53162736
343597;2;4;2019;15:40;15141;AV MON TABOSA;RUA CARLOS VASCONCELOS;;0;;Colisão Transversal;Luz do Dia;Bom;Seca;Cruz;Semáforo;Comercial;0;0;2;1;0;0;0;0;0;0;0;0;-3,724289;-38,507985
343598;2;4;2019;15:06;22845;RUA GOV JOAO CARLOS;RUA CON LIMA SUCUPIRA;;;;Colisão Transversal;Luz do Dia;Bom;Seca;Cruz;Pare;Residencial;0;1;1;1;0;0;0;0;0;1;0;0;-3,777951;-38,551518
343599;2;4;2019;18:34;0;AV VIS RIO BRANCO;;;1257;;Colisão Traseira;Via Iluminada;Bom;Seca;Meio de Quadra;Semáforo;Comercial;0;0;2;1;0;0;0;0;0;0;0;0;-3,7318745;-38,5249345
343600;2;4;2019;19:23;0;AV OLIVEIRA PAIVA;;;1291;;Colisão Traseira;Via Iluminada;Bom;Seca;Meio de Quadra;Semáforo;Comercial;0;0;2;1;0;0;0;0;0;0;0;0;-3,795466882;-38,49444676
343601;2;4;2019;19:16;0;AV GODOFREDO MACIEL;RUA MOREIRA DA ROCHA;;3933;;Colisão Transversal;Via Iluminada;Bom;Seca;Meio de Quadra;Pare;Comercial;0;2;1;1;0;0;0;0;0;1;0;0;-3,808503;-38,573667
343607;2;4;2019;19:10;0;RUA CHICO LEMOS;RUA JOSE ALVES CAVALCANTE;;0;;Colisão Transversal;Luz do Dia;Bom;Seca;Cruz;Pare;Residencial;0;1;0;1;0;0;0;0;0;1;0;0;-3,7909509;-38,4992874
346920;2;4;2019;16:00;0;AV DR SILAS MUNGUBA;;;5011;;Colisão;Luz do Dia;;;Meio de Quadra;;;0;0;2;0;0;0;0;0;0;0;0;0;-3,797120078;-38,53162736
346921;2;4;2019;20:12;5777;RUA CHICO LEMOS;RUA JOSE A CAVALCANTE;;;;Colisão;;;;Cruz;Pare;Residencial;0;0;2;0;0;0;0;0;0;0;0;0;-3,790905;-38,499317
346923;2;4;2019;21:15;0;AV GODOFREDO MACIEL;;;;;Colisão;;;;Meio de Quadra;;;0;0;2;0;0;0;0;0;0;0;0;0;;
342858;2;4;2019;11:30;0;RD CE-040;;;;KM-10;Colisão;Luz do Dia;Bom;Seca;Meio de Quadra;;;0;1;0;1;0;0;0;0;0;0;0;0;-3,84257666;-38,48088284
342964;2;4;2019;17:50;0;ACESSO F UI 401;;;;;Colisão;Anoitecer;;;Meio de Quadra;;;0;3;0;1;0;0;0;0;0;0;0;0;;
345787;2;4;2019;21:16;0;RUA TUPI D35;;;1610;;Atropelamento;;;;Meio de Quadra;;;0;1;1;0;0;0;0;0;0;1;0;0;-3,771050913;-38,58458097
342981;3;4;2019;18:45;0;ACESSO F UI 401;;;;;Colisão;;;;Meio de Quadra;;;0;2;0;1;0;0;0;0;0;0;0;0;;
342985;3;4;2019;19:26;0;RD CE-060;;;;KM-01;Atropelamento;;;;Meio de Quadra;;;0;1;0;0;0;0;0;0;0;0;0;0;-3,826136;-38,5795
342729;3;4;2019;09:20;24951;RUA IRM SIMAS;AV ALM HENRIQUE SABOIA;;;;Queda;Luz do Dia;Chuva;Molhada;;;;1;1;0;0;0;0;0;0;0;1;0;0;-3,729215;-38,480858
346924;3;4;2019;09:50;0;AV GOV RAUL BARBOSA;;;;;Colisão;Luz do Dia;;;Meio de Quadra;;;0;0;2;0;0;0;0;0;0;0;0;0;;
346928;3;4;2019;07:47;0;AV ALM HENRIQUE SABOIA;;;856;;Outros;Luz do Dia;;;Meio de Quadra;;;0;0;1;0;0;0;0;0;0;0;0;0;-3,7283333;-38,4802777
346929;3;4;2019;15:50;0;RUA PDE LUIS FIGUEIRA;;;252;;Colisão;Luz do Dia;;;Meio de Quadra;;;0;0;2;0;0;0;0;0;0;0;0;0;-3,732412295;-38,51430682
346930;3;4;2019;20:05;0;RUA AUDISIO PINHEIRO;;;;;Colisão;;;;Meio de Quadra;;;0;0;2;1;0;0;0;0;0;0;0;0;;
346931;3;4;2019;22:00;0;TR JOSE DE ALENCAR D25;;;;;Choque c/ Obstáculo Fixo;;;;Meio de Quadra;;;0;0;1;0;0;0;0;0;0;0;0;0;;
346932;3;4;2019;19:00;0;AV GODOFREDO MACIEL;;;5111;;Colisão;;;;Meio de Quadra;;;0;0;2;0;0;0;0;0;0;0;0;0;-3,819395263;-38,57683842