COD_ACIDENTE;DIA;MES;ANO;HORA;INTERSECAO;LOG1;LOG2;LOG3;NUMERO;REFERENCIA;NATUREZA;ILUMINACAO;TEMPO;SUPERFICIEPISTA;TIPOCRUZAMENTO;CONTROLETRAFEGO;USOSOLO;MORTOS;FERIDOS;ILESOS;AUTOMOVEL;ONIBUS;BICICLETA;CAMINHAO;MICROONIBUS;CICLOMOTOR;MOTOCICLETA;TRACAOANIMAL;TREM;LATITUDE;LONGITUDE
346935;3;4;2019;21:30;0;AV JOSE BASTOS;;;2736;;Colisão;;;;Meio de Quadra;;;0;0;2;0;0;0;0;0;0;0;0;0;-3,7451565;-38,545579
346926;3;4;2019;15:05;0;RUA BALDUINO FREIRE;;;1630;;Colisão;Luz do Dia;;;Meio de Quadra;;;0;0;2;0;0;0;1;0;0;0;0;0;-3,7352777;-38,5852777
343608;3;4;2019;18:53;7923;RUA ISAC AMARAL;AV GOV RAUL BARBOSA;;0;;Colisão Lateral;Via Iluminada;Bom;Seca;Cruz;Gesto;Comercial;0;0;2;1;0;0;0;0;0;0;0;0;-3,753019;-38,503726
343609;3;4;2019;14:14;0;RUA AUDISIO PINHEIRO;;;550;;Colisão Transversal;Luz do Dia;Nublado;Seca;Meio de Quadra;Pare;Residencial;0;1;1;1;0;0;0;0;0;1;0;0;-3,757588;-38,588356
343610;3;4;2019;19:43;0;RUA RAIMUNDO NERY;;;649;;Atropelamento;Via Iluminada;Bom;Seca;Meio de Quadra;Não Há Controle;Residencial;0;2;0;0;0;0;0;0;0;1;0;0;-3,792191389;-38,58725667
343611;3;4;2019;19:45;0;AV I CJ JOSE WALTER;;;910;;Colisão Lateral;Via Iluminada;Chuva;Molhada;Meio de Quadra;Não Há Controle;Residencial;0;1;1;1;0;0;0;0;0;1;0;0;-3,832013;-38,552824
343612;3;4;2019;21:00;0;AV SGT HERMINIO SAMPAIO;;;0;;Queda;Via Iluminada;Bom;Seca;Meio de Quadra;Não Há Controle;Lazer;0;1;0;0;0;0;0;0;0;1;0;0;;
343602;3;4;2019;08:20;17311;RUA ROMEU MARTINS;RUA JOAO FIRMINO;;0;;Colisão Transversal;Luz do Dia;Chuva;Molhada;Cruz;Pare;Residencial;0;0;1;1;0;0;0;0;0;0;0;0;-3,764274;-38,555582
343603;3;4;2019;08:03;0;AV GOV RAUL BARBOSA;;;0;;Colisão Transversal;Luz do Dia;Chuva;Molhada;Meio de Quadra;Não Há Controle;Comercial;0;1;1;0;0;0;0;0;0;1;0;0;;
343605;3;4;2019;10:40;5343;AV BEZERRA DE MENEZES;RUA PDE IBIAPINA;;0;;Colisão Traseira;Luz do Dia;Nublado;Molhada;Cruz;Semáforo;Comercial;0;0;2;1;0;0;0;0;0;0;0;0;-3,730548;-38,539973
343606;3;4;2019;10:21;0;RUA ALBERTO MAGNO;;;1504;;Colisão Lateral;Luz do Dia;Nublado;Seca;Meio de Quadra;Não Há Controle;Comercial;0;0;2;1;0;0;0;0;0;0;0;0;-3,766914;-38,551758
343399;3;4;2019;18:53;0;AV JOSE BASTOS;;;2736;;Colisão;;;;Meio de Quadra;;;0;1;0;1;0;0;0;0;0;1;0;0;-3,7451565;-38,545579
343405;3;4;2019;20:14;0;AV WASHINGTON SOARES;;;;;Queda;;;;Meio de Quadra;;;0;2;0;0;0;0;0;0;0;1;0;0;;
343408;3;4;2019;20:45;0;AV JOSE BASTOS;;;2874;;Colisão;;;;Meio de Quadra;;;0;1;0;1;0;0;0;0;0;1;0;0;-3,7462066;-38,5467716
343415;3;4;2019;21:26;0;RUA PORTO VELHO;;;200;;Colisão;;;;Meio de Quadra;;;0;1;1;1;0;1;0;0;0;0;0;0;-3,768327207;-38,58261048
343417;3;4;2019;22:00;0;RUA PROF GLAUCO LOBO;;;108;;Queda;;;;Meio de Quadra;;;0;1;0;0;0;0;0;0;0;1;0;0;-3,80747;-38,57942
343420;3;4;2019;23:12;0;RUA MARIA GOMES DE SA;;;;;Colisão;;;;Meio de Quadra;;;0;1;1;0;0;0;0;0;0;1;0;0;;
343324;3;4;2019;06:39;0;RUA JORGE DUMAR;;;1841;;Queda;Luz do Dia;;;Meio de Quadra;;;0;1;0;0;0;0;0;0;0;1;0;0;-3,751691;-38,539138
343332;3;4;2019;07:29;17300;RUA ROMEU MARTINS;RUA ZACARIAS GONDIM;;;;Colisão;Luz do Dia;;;Cruz;Pare;Residencial;0;1;1;1;0;0;0;0;0;1;0;0;-3,76376;-38,556313
343333;3;4;2019;07:47;0;AV FRANCISCO SA;;;;;Colisão;Luz do Dia;;;Meio de Quadra;;;0;1;0;0;0;0;0;0;0;0;0;0;;
343334;3;4;2019;09:37;0;AV BORGES DE MELO;;;;;Queda;Luz do Dia;;;Meio de Quadra;;;0;1;0;0;0;0;0;0;0;1;0;0;;
343335;3;4;2019;10:21;0;AV DR SILAS MUNGUBA;;;366;;Atropelamento;Luz do Dia;;;Meio de Quadra;;;0;1;0;0;0;0;0;0;0;1;0;0;-3,777697471;-38,56173206
343337;3;4;2019;11:12;16364;RUA NOVA FORTALEZA (MONDUBIM);RUA TRINDADE;;;;Colisão;Luz do Dia;;;;;;0;2;0;1;0;0;0;0;0;1;0;0;-3,838522;-38,577732
343341;3;4;2019;11:45;0;AV PERIMETRAL;;;753;;Queda;Luz do Dia;;;Meio de Quadra;;;0;1;0;0;0;0;0;0;0;1;0;0;;
343330;3;4;2019;06:46;26259;RUA JOSE ABILIO;RUA BRAGANCA;;;;Colisão;Luz do Dia;;;Cruz;Pare;Residencial;0;1;1;1;0;0;0;0;0;1;0;0;-3,7841867;-38,5974467
343345;3;4;2019;12:09;185;RUA BALDUINO FREIRE;AV ENG SERRAINE;;;;Colisão;Luz do Dia;;;Cruz;Pare;Residencial;0;1;0;0;0;0;0;0;0;0;0;0;-3,735387;-38,585511
343351;3;4;2019;12:10;0;RUA WALDIR DIOGO;;;760;;Colisão;Luz do Dia;;;Meio de Quadra;;;0;1;0;0;0;0;0;0;0;0;0;0;-3,804742486;-38,58479179
343352;3;4;2019;12:11;10005;RUA TAQUARI;RUA DUAS NACOES;;;;Colisão;Luz do Dia;;;Cruz;Pare;Residencial;0;1;0;0;0;0;0;0;0;0;0;0;-3,776149;-38,601822
343353;3;4;2019;13:58;0;RUA VITAL BRASIL;;;198;;Colisão;Luz do Dia;;;Meio de Quadra;;;0;1;0;1;0;0;0;0;0;1;0;0;-3,782346;-38,582692
343358;3;4;2019;14:16;19029;RUA SOLON ONOFRE;AV ENG ALBERTO SA;;;;Colisão;Luz do Dia;;;Cruz;Pare;Residencial;0;1;0;1;0;0;0;0;0;1;0;0;-3,735314;-38,473145
343362;3;4;2019;15:08;0;RUA DR JOSE ROBERTO SALES;;;840;;Atropelamento;Luz do Dia;;;Meio de Quadra;;;0;1;1;1;0;0;0;0;0;0;0;0;-3,8287251;-38,5895258
343365;3;4;2019;15:50;0;AV ENG LEAL LIMA VERDE (SAPIRANGA/COITE);;;2064;;Atropelamento;Luz do Dia;;;Meio de Quadra;;;0;1;0;0;0;0;0;0;0;1;0;0;-3,80979;-38,47451
343366;3;4;2019;17:03;0;RUA SAO PAULO;;;2096;;Queda;Anoitecer;;;Meio de Quadra;;;0;1;0;0;0;0;0;0;0;1;0;0;-3,720563;-38,544167
343368;3;4;2019;17:49;0;AV OLIVEIRA PAIVA;;;;;Colisão;Anoitecer;;;Meio de Quadra;;;0;1;0;1;0;0;0;0;0;1;0;0;;
343369;3;4;2019;18:11;19559;RUA CON DE CASTRO;RUA OSVALDO ARANHA;;;;Atropelamento;Anoitecer;;;T;Pare;Comercial;0;1;0;0;0;0;0;0;0;1;0;0;-3,783218;-38,571784
343374;3;4;2019;18:27;0;RUA BERNARDO MANUEL;;;;;Colisão;Anoitecer;;;Meio de Quadra;;;0;1;0;0;0;0;0;0;0;0;0;0;;
343385;3;4;2019;18:29;0;RUA CEL FABRICIANO;;;1986;;Colisão;Anoitecer;;;Meio de Quadra;;;0;2;0;0;0;0;0;0;0;1;0;0;-3,782325583;-38,60938312
343386;3;4;2019;18:33;0;RUA PRO PAULO LOPES;;;166;;Colisão;;;;Meio de Quadra;;;0;1;0;0;0;0;0;0;0;0;0;0;-3,75748917;-38,58382677
343388;3;4;2019;18:34;0;AV D CJ JOSE WALTER;;;791;;Colisão;;;;Meio de Quadra;;;0;1;0;1;0;0;0;0;0;0;0;0;-3,830303247;-38,56000942
343401;3;4;2019;19:37;0;AV JOSE BASTOS;;;2874;;Atropelamento;;;;Meio de Quadra;;;0;1;0;1;0;0;0;0;0;0;0;0;-3,7462066;-38,5467716
343320;3;4;2019;00:23;0;RUA MARIO DE ANDRADE;;;482;;Queda;;;;Meio de Quadra;;;0;2;0;0;0;0;0;0;0;1;0;0;-3,752371778;-38,56028522
343423;4;4;2019;00:48;6804;RUA ALMEIDA PRADO;RUA BENTO ALBUQUERQUE;;;;Colisão;;;;Cruz;Semáforo;Residencial;0;2;1;1;0;0;0;0;0;1;0;0;-3,746101;-38,475918
343427;4;4;2019;00:56;0;RUA JULIO SILVA;;;;;Colisão;;;;Meio de Quadra;;;0;1;1;0;0;1;0;0;0;1;0;0;;
343430;4;4;2019;04:17;0;RUA OSCAR FRANCA;;;434;;Queda;;;;Meio de Quadra;;;0;1;0;0;0;0;0;0;0;1;0;0;-3,793091;-38,596024
343432;4;4;2019;07:20;0;RUA SEBASTIAO DE ABREU;;;;;Queda;Luz do Dia;;;Meio de Quadra;;;0;1;0;0;0;0;0;0;0;1;0;0;;
343434;4;4;2019;07:52;25102;AV FILOMENO GOMES;AV FRANCISCO SA;;;;Queda;Luz do Dia;;;Cruz;Semáforo;Residencial;0;1;0;0;0;0;0;0;0;1;0;0;-3,722733;-38,5410994
343438;4;4;2019;08:29;0;RUA TEN MOACIR MATOS;;;598;;Colisão;Luz do Dia;;;Meio de Quadra;;;0;1;0;0;0;0;0;0;0;1;0;0;-3,766361294;-38,55377382
343440;4;4;2019;09:00;0;AV JOVITA FEITOSA;;;2998;;Colisão;Luz do Dia;;;Meio de Quadra;;;0;1;0;1;0;0;0;0;0;1;0;0;-3,741501154;-38,56450885
343441;4;4;2019;09:00;0;AV GOV RAUL BARBOSA;;;7171;;Queda;Luz do Dia;;;Meio de Quadra;;;0;1;0;0;0;0;0;0;0;1;0;0;-3,775378;-38,513012
343442;4;4;2019;09:03;13742;AV WASHINGTON SOARES;RUA NELSON STUDART;;;;Colisão;Luz do Dia;;;T;Pare;Residencial;0;1;0;0;0;0;0;0;0;0;0;0;-3,773794;-38,481827
343445;4;4;2019;09:06;0;RUA BETEL;;;204;;Atropelamento;Luz do Dia;;;Meio de Quadra;;;0;1;0;1;0;0;0;0;0;0;0;0;-3,79299;-38,55302
343447;4;4;2019;10:11;3324;RUA URUGUAI;RUA VIRIATO RIBEIRO;;;;Colisão;Luz do Dia;;;Cruz;Pare;Comercial;0;1;0;0;0;0;0;0;0;1;0;0;-3,748176;-38,563322
343449;4;4;2019;10:33;0;RUA PDE PEDRO DE ALENCAR;;;2230;;Colisão;Luz do Dia;;;Meio de Quadra;;;0;1;0;1;0;0;0;0;0;1;0;0;-3,84754047;-38,49472202
343453;4;4;2019;11:05;17606;RUA PARANA;RUA CEARA;;;;Colisão;Luz do Dia;;;Cruz;Pare;Residencial;0;1;0;1;0;0;0;0;0;1;0;0;-3,757261;-38,568348
343462;4;4;2019;12:17;0;AV ALBERTO CRAVEIRO;;;1137;;Colisão;Luz do Dia;;;Meio de Quadra;;;0;1;0;1;0;0;0;0;0;1;0;0;-3,789324364;-38,51710627
343463;4;4;2019;13:06;0;AV JOVITA FEITOSA;;;385;;Colisão;Luz do Dia;;;Meio de Quadra;;;0;1;0;1;0;0;0;0;0;1;0;0;-3,737938706;-38,54718376
343466;4;4;2019;13:11;0;RUA PLANALTO DO PICI;;;;;Queda;Luz do Dia;;;Meio de Quadra;;;0;1;0;0;0;0;0;0;0;1;0;0;;
343470;4;4;2019;14:02;11009;RUA JULIO VERNE;RUA EQUADOR;;;;Colisão;Luz do Dia;;;Cruz;Pare;Residencial;0;1;0;1;0;0;0;0;0;1;0;0;-3,775427;-38,552843
343486;4;4;2019;14:45;0;RUA CON DE CASTRO;;;1230;;Queda;Luz do Dia;;;Meio de Quadra;;;0;1;0;0;0;0;0;0;0;1;0;0;-3,7829735;-38,571559
343487;4;4;2019;14:46;0;AV WASHINGTON SOARES;;;;;Colisão;Luz do Dia;;;Meio de Quadra;;;0;2;0;0;0;1;0;0;0;1;0;0;;
343488;4;4;2019;16:35;0;AV AGUANAMBI;;;;;Colisão;Luz do Dia;;;Meio de Quadra;;;0;1;0;0;0;0;0;0;0;0;0;0;;
343489;4;4;2019;16:48;0;RUA PORTO VELHO;;;833;;Queda;Luz do Dia;;;Meio de Quadra;;;0;1;0;0;0;0;0;0;0;1;0;0;-3,7432135;-38,523044
343490;4;4;2019;16:56;0;RUA MAL BITENCOURT;;;1085;;Queda;Luz do Dia;;;Meio de Quadra;;;0;1;0;0;0;0;0;0;0;1;0;0;-3,793338423;-38,53040885
343491;4;4;2019;17:26;0;RUA BERNARDO MANUEL;;;7700;;Atropelamento;Anoitecer;;;Meio de Quadra;;;0;1;1;1;0;0;0;0;0;0;0;0;-3,785421;-38,547328
343493;4;4;2019;17:50;0;AV MR HULL;;;5651;;Atropelamento;Anoitecer;;;Meio de Quadra;;;0;2;1;0;0;0;0;0;0;1;0;0;-3,740213;-38,59534
343494;4;4;2019;18:04;0;AV PRS CASTELO BRANCO;;;;;Colisão;Anoitecer;;;Meio de Quadra;;;0;1;0;1;0;0;0;0;0;1;0;0;;
343496;4;4;2019;19:00;0;RUA ARTUR DE CARVALHO;;;560;;Colisão;;;;Meio de Quadra;;;0;1;0;1;0;0;0;0;0;1;0;0;-3,7966093;-38,6000516
343498;4;4;2019;19:33;0;AV SEN FERNANDES TAVORA;;;;;Colisão;;;;Meio de Quadra;;;0;1;0;0;0;0;0;0;0;0;0;0;;
343499;4;4;2019;20:44;1927;AV ISABEL BEZERRA;RUA MARIA QUINTINO;;;;Colisão;;;;Cruz;Pare;Residencial;0;2;1;1;0;0;0;0;0;1;0;0;-3,855018;-38,50073
343502;4;4;2019;21:22;0;RUA BETEL;;;2980;;Queda;;;;Meio de Quadra;;;0;2;0;0;0;0;0;0;0;1;0;0;;
343503;4;4;2019;22:23;0;RUA PORTO VELHO;;;98;;Colisão;;;;Meio de Quadra;;;0;1;0;1;0;0;0;0;0;1;0;0;-3,8174924;-38,5739722
343504;4;4;2019;22:26;12609;RUA AMOR PERFEITO;RUA ANTONIETA CLOTILDE;;;;Colisão;;;;Cruz;Pare;Residencial;0;1;1;1;0;0;0;0;0;1;0;0;-3,717255;-38,58253
343505;4;4;2019;23:36;0;AV GAL OSORIO DE PAIVA;;;1350;;Colisão;;;;Meio de Quadra;;;0;1;0;1;0;0;0;0;0;1;0;0;-3,780034532;-38,5735198
343613;4;4;2019;01:45;6804;RUA BENTO ALBUQUERQUE;RUA ALMEIDA PRADO;;0;;Colisão Transversal;Via Iluminada;Chuva;Molhada;Cruz;Semáforo;Residencial;0;1;1;1;0;0;0;0;0;1;0;0;-3,746101;-38,475918
343614;4;4;2019;08:10;7752;AV CARNEIRO DE MENDONCA;AV JOAO PESSOA;;0;;Colisão Lateral;Luz do Dia;Chuva;Molhada;T;Semáforo;Comercial;0;0;2;1;1;0;0;0;0;0;0;0;-3,767222;-38,559808
343615;4;4;2019;09:00;17365;RUA TEN MOACIR MATOS;RUA EUZEBIO DE QUEIROS;;0;;Colisão Transversal;Luz do Dia;Chuva;Molhada;Duplo T;Pare;Residencial;0;2;1;0;0;0;0;0;0;1;0;0;-3,76639;-38,553728
343616;4;4;2019;13:50;0;AV FRANCISCO SA;;;1608;;Colisão Traseira;Luz do Dia;Bom;Seca;Meio de Quadra;Não Há Controle;Comercial;0;0;2;0;1;0;0;0;0;0;0;0;-3,7153442;-38,565197
343617;4;4;2019;15:14;11009;RUA EQUADOR;RUA JULIO VERNE;;;;Colisão Transversal;Luz do Dia;Bom;Seca;Cruz;Pare;Comercial;0;1;1;1;0;0;0;0;0;1;0;0;-3,775427;-38,552843
343618;4;4;2019;16:30;9282;RD BR 116;AV AGUANAMBI;;0;;Colisão Lateral;Luz do Dia;Bom;Seca;Cruz;Semáforo;Comercial;0;1;1;1;0;0;0;0;0;1;0;0;-3,755351;-38,5232
343619;4;4;2019;19:43;0;AV BERNARDO MANUEL;;;7675;;Atropelamento;Mal Iluminada;Bom;Seca;Meio de Quadra;Não Há Controle;Comercial;0;1;1;1;0;0;0;0;0;0;0;0;-3,7853088;-38,54714
343620;4;4;2019;20:17;0;RUA ENG EDMUNDO ALMEIDA FILHO;RUA ABELARDO MARINHO;;0;;Não Informado;Via Iluminada;Bom;Seca;T;Pare;Residencial;0;0;2;1;0;0;0;0;0;0;0;0;-3,764295;-38,530371
343621;4;4;2019;19:50;0;AV DOM LUIS;;;500;;Colisão Transversal;Via Iluminada;Bom;Seca;Rotatória;Semáforo;Comercial;0;0;2;1;1;0;0;0;0;0;0;0;-3,733239;-38,497383
343704;4;4;2019;10:08;17359;AV PRO GOMES DE MATOS;RUA IRM BAZET;;0;;Colisão Lateral;Luz do Dia;Chuva;Molhada;Cruz;Pare;Comercial;0;0;1;1;0;0;0;0;0;0;0;0;-3,766045;-38,54981
346940;4;4;2019;20:50;0;RUA BERNARDO MANUEL;;;621;;Atropelamento;;;;Meio de Quadra;;;0;1;1;0;0;0;0;0;0;0;0;0;-3,7855555;-38,5472222
346941;4;4;2019;13:45;0;RUA 6 PLANALTO ITAPERI;;;6;;Colisão;Luz do Dia;;;Meio de Quadra;;;0;0;2;1;0;0;0;0;0;0;0;0;-3,807594077;-38,55336231
346936;4;4;2019;02:00;0;RUA ALMEIDA PRADO;;;1250;;Colisão;;;;Meio de Quadra;;;0;0;2;1;0;0;0;0;0;0;0;0;-3,747856296;-38,4766403
346937;4;4;2019;14:00;0;AV DR THEBERGE;;;1618;;Colisão;Luz do Dia;;;Meio de Quadra;;;0;0;2;0;0;0;0;0;0;0;0;0;-3,715470333;-38,56522267
342986;4;4;2019;12:00;0;RD CE-040;;;;KM-03;Colisão;Luz do Dia;;;Meio de Quadra;;;0;2;0;1;0;0;0;0;0;0;0;0;-3,782614325;-38,4810839
342991;4;4;2019;08:50;0;RD CE-040;;;;KM-03;Colisão;Luz do Dia;;;Meio de Quadra;;;0;2;0;0;1;0;0;0;0;0;0;0;-3,782614325;-38,4810839
342993;4;4;2019;09:30;0;RD CE-040;;;;KM-03;Colisão;Luz do Dia;;;Meio de Quadra;;;0;2;0;1;0;0;1;0;0;0;0;0;-3,782614325;-38,4810839
343008;4;4;2019;07:55;0;RD BR 116;;;15000;KM-15;Colisão;Luz do Dia;;Molhada;Meio de Quadra;;;0;0;3;1;0;0;0;0;0;0;0;0;-3,882329;-38,501113
345915;4;4;2019;18:55;0;AV PRO JOSE ARTHUR CARVALHO;;;725;;Colisão;;;;Meio de Quadra;;;0;1;1;1;0;0;0;0;0;1;0;0;-3,826479;-38,473498
345932;5;4;2019;02:39;0;LOGRADOURO SEM NOME;;;;;Queda;;;;Meio de Quadra;;;0;2;0;0;0;0;0;0;0;1;0;0;;
343010;5;4;2019;18:10;0;RD BR 116;;;1000;KM-01;Engavetamento;Anoitecer;;;Meio de Quadra;;;0;0;4;1;1;0;0;0;0;0;0;0;-3,762554;-38,518702
343022;5;4;2019;09:00;0;RD BR 116;;;12000;KM-12;Queda;Luz do Dia;;;Meio de Quadra;;;0;0;1;0;0;0;0;0;0;1;0;0;-3,85574;-38,496066
346942;5;4;2019;02:03;0;AV GAL OSORIO DE PAIVA;;;1350;;Colisão;;;;Meio de Quadra;;;0;0;2;0;0;0;0;0;0;0;0;0;-3,780034532;-38,5735198
346943;5;4;2019;08:50;0;AV WASHINGTON SOARES;;;10425;;Colisão;Luz do Dia;;;Meio de Quadra;;;0;0;2;0;0;0;1;0;0;0;0;0;;
346944;5;4;2019;10:30;0;AV AUGUSTO DOS ANJOS;;;1500;;Colisão;Luz do Dia;;;Meio de Quadra;;;0;0;2;0;1;0;0;0;0;0;0;0;-3,779722;-38,578766
343622;5;4;2019;07:05;24293;RUA JULIO ABREU;RUA DELMIRO GOUVEIA;;0;;Colisão Transversal;Luz do Dia;Nublado;Seca;Cruz;Pare;Comercial;0;2;1;1;0;0;0;0;0;1;0;0;-3,7359;-38,488072
343623;5;4;2019;07:15;0;RUA OSVALDO CRUZ;RUA CEL ALVES TEIXEIRA;;0;;Colisão Transversal;Luz do Dia;Nublado;Molhada;Cruz;Pare;Comercial;0;0;2;1;0;0;0;0;0;0;0;0;-3,7476627;-38,5041949
343624;5;4;2019;09:32;4087;AV FRANCISCO SA;RUA LUCAS PINTO;;0;;Colisão Transversal;Luz do Dia;Chuva;Molhada;Cruz;Não Há Controle;Comercial;0;1;1;1;0;0;0;0;0;1;0;0;-3,716763;-38,559268
343625;5;4;2019;13:01;2283;RUA SEN ROBERT KENNEDY;RUA DOMINGOS DA VEIGA;;;;Colisão Transversal;Luz do Dia;Bom;Molhada;Cruz;Pare;Residencial;0;1;0;1;0;0;0;0;0;0;0;0;-3,703095;-38,578553
343626;5;4;2019;14:34;22053;RUA CAP FRANCISCO PEDRO;RUA MINERVINO DE CASTRO;;0;;Colisão Transversal;Luz do Dia;Nublado;Seca;Cruz;Pare;Residencial;0;0;2;1;0;0;0;0;0;1;0;0;-3,742611;-38,544763
343627;5;4;2019;19:42;0;RUA ANDRADE FURTADO;;;333;;Choque c/ Obstáculo Fixo;Via Iluminada;Bom;Seca;Meio de Quadra;Gesto;Comercial;0;0;1;0;0;0;0;0;0;0;0;0;-3,744025;-38,48515
343628;5;4;2019;19:15;4530;AV DEP PAULINO ROCHA;RUA TEN TITO BARROS;;;;Engavetamento;Via Iluminada;Bom;Seca;T;Pare;Comercial;0;0;2;1;0;0;0;0;0;0;0;0;-3,801032;-38,507311
343629;5;4;2019;21:09;0;RUA JUAZEIRO DO NORTE;;;251;;Colisão Lateral;Anoitecer;Bom;Seca;Cruz;Pare;Residencial;0;0;2;0;1;0;0;0;0;1;0;0;-3,727534339;-38,4912082
343630;5;4;2019;22:48;2779;RUA OSCAR ARARIPE;RUA VICENTE PINHEIRO;;;;Colisão Transversal;Via Iluminada;Bom;Seca;Cruz;Pare;Residencial;0;1;1;1;0;0;0;0;0;1;0;0;-3,792701;-38,5946
343566;5;4;2019;17:35;0;RUA SAMUEL UCHOA;;;850;;Queda;Anoitecer;;;Meio de Quadra;;;0;1;0;0;0;0;0;0;0;1;0;0;-3,753158;-38,54729131
343567;5;4;2019;18:15;0;RD BR 116;;;;;Colisão;Anoitecer;;;Meio de Quadra;;;0;1;0;0;0;0;0;0;0;0;0;0;;
343568;5;4;2019;18:15;0;RUA GONCALVES DIAS;;;394;;Atropelamento;Anoitecer;;;Meio de Quadra;;;0;1;0;1;0;0;0;0;0;0;0;0;-3,7468956;-38,5575676
343569;5;4;2019;18:25;0;RUA DR BEZERRINHA;;;246;;Atropelamento;Anoitecer;;;Meio de Quadra;;;0;1;0;0;0;0;0;0;0;0;0;0;-3,750835;-38,55357522
343570;5;4;2019;19:02;0;AV PRS COSTA E SILVA;;;5333;;Colisão;;;;Meio de Quadra;;;0;2;0;1;0;0;0;0;0;1;0;0;-3,828038604;-38,53263788
343571;5;4;2019;19:05;0;AV DOS JANGADEIROS;;;435;;Colisão;;;;Meio de Quadra;;;0;1;0;0;0;0;0;0;0;0;0;0;-3,72244;-38,47634
343572;5;4;2019;20:07;0;AV DR SILAS MUNGUBA;;;1280;;Colisão;;;;Meio de Quadra;;;0;1;0;1;0;0;0;0;0;1;0;0;-3,782811;-38,554776
343573;5;4;2019;20:08;0;RUA JOSE NAPOLEAO;;;251;;Colisão;;;;;;;0;1;0;0;1;0;0;0;0;0;0;0;-3,727160714;-38,49018739
343574;5;4;2019;20:09;0;AV PERIMETRAL;;;5333;;Colisão;;;;Meio de Quadra;;;0;1;0;1;0;0;0;0;0;1;0;0;;
343575;5;4;2019;20:37;0;RUA MENEZES DE OLIVEIRA;;;420;;Atropelamento;;;;Meio de Quadra;;;0;1;0;1;0;0;0;0;0;0;0;0;-3,71075;-38,5918801
343506;5;4;2019;01:52;0;RUA 3 CJ POLAR;;;163;;Queda;;;;Meio de Quadra;;;0;2;0;0;0;0;0;0;0;1;0;0;-3,7835;-38,50181
343508;5;4;2019;02:39;0;RUA G CJ VILA VELHA;;;;;Queda;;;;Meio de Quadra;;;0;1;0;0;0;0;0;0;0;1;0;0;;
343509;5;4;2019;02:44;0;RUA G CJ VILA VELHA;;;;;Queda;;;;Meio de Quadra;;;0;1;0;0;0;0;0;0;0;1;0;0;;
343512;5;4;2019;04:23;0;RUA JOAQUIM NABUCO;;;3147;;Colisão;;;;Meio de Quadra;;;0;1;0;1;0;0;0;0;0;1;0;0;-3,752218;-38,506752
343517;5;4;2019;05:46;0;AV AUGUSTO DOS ANJOS;;;1500;;Atropelamento;Amanhecer;;;Meio de Quadra;;;0;1;0;0;1;0;0;0;0;0;0;0;-3,779722;-38,578766
343519;5;4;2019;06:46;0;AV GODOFREDO MACIEL;;;4140;;Queda;Luz do Dia;;;Meio de Quadra;;;0;1;0;0;0;0;0;0;0;1;0;0;-3,811354;-38,574605
343521;5;4;2019;07:06;0;AV DOM LUIS;;;120;;Colisão;Luz do Dia;;;Meio de Quadra;;;0;3;0;1;0;0;0;0;0;1;0;0;-3,7321219;-38,500741
343523;5;4;2019;07:07;0;AV GODOFREDO MACIEL;;;1440;;Colisão;Luz do Dia;;;Meio de Quadra;;;0;1;0;1;0;0;0;0;0;1;0;0;-3,8121774;-38,574942
343525;5;4;2019;07:14;0;AV PRS CASTELO BRANCO;;;4054;;Queda;Luz do Dia;;;Meio de Quadra;;;0;1;0;0;0;0;0;0;0;1;0;0;-3,7081745;-38,5690355
343528;5;4;2019;07:15;0;RUA CON DE CASTRO;;;5326;;Colisão;Luz do Dia;;;Meio de Quadra;;;0;2;0;1;0;0;0;0;0;1;0;0;-3,810035;-38,596258
343530;5;4;2019;07:51;0;AV BERNARDO MANUEL;;;;;Queda;Luz do Dia;;;Meio de Quadra;;;0;1;0;0;0;0;0;0;0;1;0;0;;
343531;5;4;2019;07:55;13234;AV I CJ JOSE WALTER;AV E CJ JOSE WALTER;;;;Queda;Luz do Dia;;;Cruz;Pare;Comercial;0;1;0;0;0;0;0;0;0;1;0;0;-3,835398;-38,553829
343532;5;4;2019;07:56;4080;RUA CEARA;AV JOSE BASTOS;;;;Colisão;Luz do Dia;;;Cruz;Semáforo;Comercial;0;1;0;1;0;0;0;0;0;1;0;0;-3,760008;-38,564112
343533;5;4;2019;07:59;0;RD BR 116;;;5319;KM-02;Colisão;Luz do Dia;;;Meio de Quadra;;;0;1;0;0;0;0;0;0;0;1;0;0;-3,771391;-38,51678
343534;5;4;2019;08:20;0;RUA JACINTO MATOS;;;944;;Colisão;Luz do Dia;;;Meio de Quadra;;;0;1;0;1;0;0;0;0;0;1;0;0;-3,71929;-38,54676
343535;5;4;2019;09:21;0;AV BORGES DE MELO;;;;;Colisão;Luz do Dia;;;Meio de Quadra;;;0;1;0;0;0;0;0;0;0;1;0;0;;
343536;5;4;2019;10:20;0;RUA EDUARDO SABOIA;;;387;;Atropelamento;Luz do Dia;;;Meio de Quadra;;;0;1;0;0;0;0;0;0;0;1;0;0;-3,73694;-38,48153
343537;5;4;2019;10:51;0;AV CEL CARVALHO;;;;;Atropelamento;Luz do Dia;;;Meio de Quadra;;;0;1;0;0;1;0;0;0;0;0;0;0;;