COD_ACIDENTE;DIA;MES;ANO;HORA;INTERSECAO;LOG1;LOG2;LOG3;NUMERO;REFERENCIA;NATUREZA;ILUMINACAO;TEMPO;SUPERFICIEPISTA;TIPOCRUZAMENTO;CONTROLETRAFEGO;USOSOLO;MORTOS;FERIDOS;ILESOS;AUTOMOVEL;ONIBUS;BICICLETA;CAMINHAO;MICROONIBUS;CICLOMOTOR;MOTOCICLETA;TRACAOANIMAL;TREM;LATITUDE;LONGITUDE
343538;5;4;2019;12:37;0;RUA PERDIGAO DE OLIVEIRA;;;415;;Queda;Luz do Dia;;;Meio de Quadra;;;0;1;0;0;0;0;0;0;0;1;0;0;-3,775940709;-38,57340722
343539;5;4;2019;13:01;0;RUA ANTONIO COSTA MENDES (PQ SÃO JOSÉ);;;465;;Colisão;Luz do Dia;;;Meio de Quadra;;;0;1;0;1;0;0;0;0;0;1;0;0;-3,790146;-38,58391782
343542;5;4;2019;13:51;22053;RUA CAP FRANCISCO PEDRO;RUA MINERVINO DE CASTRO;;;;Colisão;Luz do Dia;;;Cruz;Dê Preferência;Residencial;0;1;0;0;0;0;0;0;0;0;0;0;-3,742611;-38,544763
343543;5;4;2019;14:19;0;AV WASHINGTON SOARES;;;4335;;Colisão;Luz do Dia;;;Meio de Quadra;;;0;1;0;1;0;0;0;0;0;1;0;0;-3,79527;-38,47994
343544;5;4;2019;15:10;0;RD BR 116;;;4895;;Colisão;Luz do Dia;;;Meio de Quadra;;;0;1;0;0;0;0;0;0;0;0;0;0;;
343545;5;4;2019;16:12;0;RUA ROSINHA SAMPAIO;;;2371;;Colisão;Luz do Dia;;;Meio de Quadra;;;0;1;0;1;0;0;0;0;0;1;0;0;-3,723605;-38,599496
343551;5;4;2019;16:22;1819;RUA JOCENO MONTEIRO;RUA MARIA QUINTINO;;;;Colisão;Luz do Dia;;;;;;0;1;0;0;0;0;0;0;0;1;0;0;-3,8568712;-38,501061
343553;5;4;2019;16:37;0;RUA ISAIE BORIS;;;1921;;Colisão;Luz do Dia;;;Meio de Quadra;;;0;1;0;1;0;0;0;0;0;1;0;0;;
343561;5;4;2019;16:49;3368;RUA RIO GRANDE DO SUL;RUA AMAZONAS;;;;Colisão;Luz do Dia;;;Cruz;Pare;Residencial;0;1;0;1;0;0;0;0;0;1;0;0;-3,753306;-38,564164
343562;5;4;2019;16:51;22684;RUA TAB JOAQUIM COELHO;RUA SANDRA GENTIL;;;;Colisão;Luz do Dia;;;;;;0;1;0;0;0;0;0;0;0;1;0;0;-3,796061;-38,468843
343563;5;4;2019;16:55;23748;RUA CON DE CASTRO;RUA LEAO DO NORTE;;;;Colisão;Luz do Dia;;;T;Pare;Comercial;0;1;0;1;0;0;0;0;0;1;0;0;-3,786042;-38,574385
343564;5;4;2019;17:01;0;RUA DRAGAO DO MAR;;;440;;Colisão;Anoitecer;;;Meio de Quadra;;;0;1;0;1;0;0;0;0;0;1;0;0;-3,721798056;-38,51689144
343654;5;4;2019;09:10;0;AV AUGUSTO DOS ANJOS;;;1500;;Atropelamento;Luz do Dia;Nublado;Molhada;Meio de Quadra;Não Há Controle;Comercial;0;1;1;0;1;0;0;0;0;0;0;0;-3,779722;-38,578766
344333;5;4;2019;21:25;2779;RUA OSCAR ARARIPE;RUA VICENTE PINHEIRO;;;;Colisão;;;;Cruz;Pare;Residencial;0;2;1;1;0;0;0;0;0;1;0;0;-3,792701;-38,5946
344334;5;4;2019;21:45;0;RUA MARIA JULIA;;;313;;Colisão;;;;Meio de Quadra;;;0;1;0;0;0;0;0;0;0;1;0;0;-3,78837;-38,598645
344335;5;4;2019;23:12;0;RUA JUSTINIANO DE SERPA;;;694;;Colisão;;;;Meio de Quadra;;;0;1;0;0;0;0;0;0;0;0;0;0;-3,73725;-38,5416
344336;5;4;2019;23:17;0;RUA PRO COSTA MENDES;;;1999;;Queda;;;;Meio de Quadra;;;0;1;0;0;0;1;0;0;0;0;0;0;-3,74691;-38,55553
344338;5;4;2019;23:42;0;RUA GOV JOAO CARLOS;;;739;;Colisão;;;;Meio de Quadra;;;0;1;0;1;0;0;0;0;0;1;0;0;-3,781383756;-38,55289127
344339;6;4;2019;00:19;0;AV FRANCISCO SA;;;4829;;Queda;;;;Meio de Quadra;;;0;1;0;0;0;0;0;0;0;1;0;0;-3,714234;-38,566692
344341;6;4;2019;01:38;0;RUA BAR RIO BRANCO;;;;;Colisão;;;;Meio de Quadra;;;0;1;1;1;0;0;0;0;0;1;0;0;;
344344;6;4;2019;01:49;5405;RUA GAL CLARINDO DE QUEIROZ;RUA BAR RIO BRANCO;;;;Colisão;;;;Cruz;Semáforo;Comercial;0;1;0;0;0;0;0;0;0;1;0;0;-3,732679;-38,530239
344345;6;4;2019;06:26;0;AV CEL CARVALHO;;;3750;;Queda;Luz do Dia;;;Meio de Quadra;;;0;1;0;0;0;0;0;0;0;1;0;0;;
344347;6;4;2019;06:28;19833;AV JOVITA FEITOSA;AV ENG HUMBERTO MONTE;;;;Colisão;Luz do Dia;;;Cruz;Semáforo;Comercial;0;1;0;1;0;0;0;0;0;1;0;0;-3,741963;-38,566544
344353;6;4;2019;08:00;0;RUA HOMEM DE MELO;;;555;;Queda;Luz do Dia;;;Meio de Quadra;;;0;1;0;0;0;1;0;0;0;0;0;0;-3,815172;-38,493445
344359;6;4;2019;08:14;0;AV SGT HERMINIO SAMPAIO;;;1468;;Colisão;Luz do Dia;;;Meio de Quadra;;;0;1;1;1;0;0;0;0;0;1;0;0;-3,725130098;-38,55371772
344360;6;4;2019;08:58;0;RUA PESSOA ANTA;;;38;;Atropelamento de Animal;Luz do Dia;;;Meio de Quadra;;;0;1;0;0;0;0;0;0;0;1;0;0;-3,721221;-38,52291325
344365;6;4;2019;09:05;0;AV GOV RAUL BARBOSA;;;;;Colisão;Luz do Dia;;;Meio de Quadra;;;0;1;0;1;0;0;0;0;0;0;0;0;;
344366;6;4;2019;09:20;1432;AV SANTOS DUMONT;AV SEN VIRGILIO TAVORA;;;;Colisão;Luz do Dia;;;Cruz;Semáforo;Residencial;0;1;0;1;0;0;0;0;0;1;0;0;-3,737828;-38,493482
344377;6;4;2019;11:07;0;RUA MANUEL CASTELO BRANCO;;;468;;Atropelamento;Luz do Dia;;;Meio de Quadra;;;0;1;0;0;0;0;0;0;0;1;0;0;-3,832124955;-38,49118161
344371;6;4;2019;10:02;0;RUA NEREU RAMOS;;;150;;Queda;Luz do Dia;;;Meio de Quadra;;;0;1;0;0;0;0;0;0;0;1;0;0;-3,786708;-38,5683075
344372;6;4;2019;10:03;12603;RUA TULIPA;RUA FENELON BOMILCAR;;;;Colisão;Luz do Dia;;;Cruz;Pare;Comercial;0;1;0;0;0;0;0;0;0;1;0;0;-3,716114;-38,580157
344374;6;4;2019;10:51;0;RUA MANUEL CASTELO BRANCO;;;419;;Atropelamento;Luz do Dia;;;Meio de Quadra;;;0;1;0;0;0;0;0;0;0;1;0;0;-3,831996048;-38,49161864
344375;6;4;2019;11:00;0;AV DEP PAULINO ROCHA;;;1001;;Colisão;Luz do Dia;;;Meio de Quadra;;;0;1;0;1;0;0;0;0;0;1;0;0;-3,80762;-38,5084
344389;6;4;2019;11:36;0;RUA TEODOMIRO DE CASTRO;;;4429;;Colisão;Luz do Dia;;;Meio de Quadra;;;0;1;0;1;0;0;0;0;0;1;0;0;-3,718721385;-38,57239531
344390;6;4;2019;12:52;1219;RUA JOAO CORDEIRO;RUA COSTA BARROS;;;;Colisão;Luz do Dia;;;Cruz;Semáforo;Residencial;0;1;0;1;0;0;0;0;0;1;0;0;-3,729449;-38,514331
344391;6;4;2019;14:00;0;AV SEN CARLOS JEREISSATI (AEROPORTO);;;;;Colisão;Luz do Dia;;;Meio de Quadra;;;0;1;0;1;0;0;0;0;0;1;0;0;;
344396;6;4;2019;14:03;0;AV SEN CARLOS JEREISSATI (AEROPORTO);;;757;;Colisão;Luz do Dia;;;Meio de Quadra;;;0;1;0;1;0;0;0;0;0;1;0;0;;
344397;6;4;2019;15:32;0;RUA MIGUEL ARAGAO;;;1029;;Colisão;Luz do Dia;;;Meio de Quadra;;;0;1;0;1;0;0;0;0;0;1;0;0;-3,83242;-38,58855
344402;6;4;2019;15:36;0;RUA GAL SAMPAIO;;;1746;;Atropelamento;Luz do Dia;;;Meio de Quadra;;;0;1;0;1;0;0;0;0;0;0;0;0;-3,733523;-38,53274373
344403;6;4;2019;16:20;23279;AV GAL OSORIO DE PAIVA;RUA ICAPUY;;;;Colisão;Luz do Dia;;;Cruz;Semáforo;Residencial;0;1;0;0;0;0;0;0;0;0;0;0;-3,807471;-38,604738
344406;6;4;2019;16:48;0;RUA GAL SAMPAIO;;;1746;;Atropelamento;Luz do Dia;;;Meio de Quadra;;;0;1;0;1;0;0;0;0;0;0;0;0;-3,733523;-38,53274373
344407;6;4;2019;17:06;0;RUA SAO PAULO;;;;;Colisão;Anoitecer;;;Meio de Quadra;;;0;1;0;0;0;0;0;0;0;0;0;0;;
344408;6;4;2019;17:12;0;RUA DULCINEIA GONDIM;;;668;;Queda;Anoitecer;;;Meio de Quadra;;;0;1;0;0;0;1;0;0;0;0;0;0;-3,757311206;-38,54737588
344409;6;4;2019;17:22;0;RUA DULCINEIA GONDIM;;;703;;Queda;Anoitecer;;;Meio de Quadra;;;0;1;0;0;0;1;0;0;0;0;0;0;-3,757095735;-38,54761729
344412;6;4;2019;18:14;0;AV GODOFREDO PIMENTEL;;;550;;Queda;Anoitecer;;;Meio de Quadra;;;0;1;0;0;0;0;0;0;0;1;0;0;-3,732163049;-38,58913668
344413;6;4;2019;18:19;0;RUA DEP MATOSO FILHO;;;550;;Queda;Anoitecer;;;Meio de Quadra;;;0;1;0;0;0;0;0;0;0;1;0;0;-3,7320685;-38,5895875
344415;6;4;2019;18:27;0;AV C CJ NOVA ASSUNCAO;;;761;;Atropelamento;Anoitecer;;;Meio de Quadra;;;0;1;0;1;0;0;0;0;0;0;0;0;;
344424;6;4;2019;19:15;0;AV WASHINGTON SOARES;;;;;Queda;;;;Meio de Quadra;;;0;1;0;0;0;0;0;0;0;1;0;0;;
344425;6;4;2019;19:48;0;AV BERNARDO MANUEL;;;8920;;Atropelamento;;;;Meio de Quadra;;;0;1;1;0;0;0;0;0;0;1;0;0;-3,7975742;-38,551185
344426;6;4;2019;20:24;25307;AV DES GONZAGA;AV JOSE LEON;;;;Colisão;;;;T;Pare;Comercial;0;1;0;1;0;1;0;0;0;0;0;0;-3,78708;-38,504513
344420;6;4;2019;18:49;0;RUA PRO JOAQUIM ANTONIO;;;650;;Queda;;;;Meio de Quadra;;;0;1;0;0;0;0;0;0;0;1;0;0;-3,7268005;-38,563961
344418;6;4;2019;18:40;0;AV ODILON GUIMARAES;;;1357;;Atropelamento;;;;Meio de Quadra;;;0;1;1;0;0;0;1;0;0;0;0;0;-3,825933833;-38,47973083
343631;6;4;2019;09:23;1716;AV GOV RAUL BARBOSA;AV GAL MURILO BORGES;;0;;Colisão Transversal;Luz do Dia;Chuva;Molhada;Rotatória;Dê Preferência;Comercial;0;0;3;1;0;0;0;0;0;0;0;0;-3,763977;-38,508802
343632;6;4;2019;09:30;0;AV SGT HERMINIO SAMPAIO;;;1511;;Outros;Luz do Dia;Nublado;Seca;Meio de Quadra;Semáforo;Residencial;0;0;1;1;0;0;0;0;0;0;0;0;-3,725194459;-38,55406895
343633;6;4;2019;11:10;0;AV 13 DE MAIO;;;1251;;Colisão Lateral;Luz do Dia;Bom;Seca;Meio de Quadra;Semáforo;Comercial;0;0;2;1;0;0;0;0;0;0;0;0;-3,748763;-38,529981
343634;6;4;2019;16:30;24497;AV MOZART PINHEIRO DE LUCENA;RUA FLORENCIO ALENCAR;;;;Não Informado;Luz do Dia;Nublado;Seca;T;Não Há Controle;Residencial;0;2;2;0;0;0;0;0;0;1;0;0;-3,708937;-38,592968
343635;6;4;2019;20:00;0;RUA JOAQUIM LIMA;AV ALM HENRIQUE SABOIA;;0;;Colisão Lateral;Mal Iluminada;Bom;Seca;Meio de Quadra;Pare;Residencial;0;1;2;1;0;0;0;0;0;1;0;0;-3,739127;-38,486716
343636;6;4;2019;18:30;25132;AV ODILON GUIMARAES;RUA VASCO DE ATAIDE;;;;Atropelamento;Via Iluminada;Bom;Seca;Cruz;Não Há Controle;Comercial;0;1;1;0;0;0;0;0;0;0;0;0;-3,826027;-38,479805
344473;6;4;2019;22:17;0;AV PERIMETRAL;;;5317;;Queda;;;;Meio de Quadra;;;0;2;0;0;0;0;0;0;0;1;0;0;;
344481;6;4;2019;22:42;0;RUA PRA HELOISA F LIMA;;;137;;Atropelamento;;;;Meio de Quadra;;;0;1;0;1;0;0;0;0;0;0;0;0;-3,7483753;-38,5435353
344451;6;4;2019;21:14;0;AV PERIMETRAL;;;105;;Colisão;;;;Meio de Quadra;;;0;1;0;1;0;0;0;0;0;1;0;0;;
346946;6;4;2019;02:45;0;RUA PRO CABRAL;;;241;;Choque c/ Obstáculo Fixo;;;;Meio de Quadra;;;0;0;1;0;0;0;0;0;0;0;0;0;-3,82048;-38,59052
346952;6;4;2019;17:50;10005;RUA DUAS NACOES;RUA TAQUARI;;;;Colisão;Anoitecer;;;Cruz;Pare;Residencial;0;0;2;0;0;0;0;0;0;0;0;0;-3,776149;-38,601822
346949;6;4;2019;11:10;1432;AV SANTOS DUMONT;AV SEN VIRGILIO TAVORA;;;;Colisão;Luz do Dia;;;Cruz;Semáforo;Residencial;0;0;2;0;0;0;0;0;0;0;0;0;-3,737828;-38,493482
342994;6;4;2019;11:40;0;ACESSO F UI 401;;;;;Colisão;Luz do Dia;;;Meio de Quadra;;;0;2;0;1;0;0;0;0;0;1;0;0;;
342995;6;4;2019;14:00;0;ACESSO F UI 401;;;;;Colisão;Luz do Dia;;;Meio de Quadra;;;0;2;0;1;0;0;0;0;0;1;0;0;;
339693;6;4;2019;19:30;1432;AV SEN VIRGILIO TAVORA;AV SANTOS DUMONT;;;;Colisão Transversal;Luz do Dia;Nublado;Seca;Cruz;Semáforo;Residencial;0;0;1;0;0;0;0;0;0;1;0;0;-3,737828;-38,493482
339694;6;4;2019;;0;AV AGUANAMBI;;;;;Choque c/ Obstáculo Fixo;Via Iluminada;Bom;Seca;Meio de Quadra;Semáforo;Comercial;0;0;1;1;0;0;0;0;0;0;0;0;;
339695;6;4;2019;07:30;15819;AV JOR THOMAZ COELHO;RUA STA EFIGENIA;;;;Choque c/ Obstáculo Fixo;Luz do Dia;Bom;Seca;T;Não Há Controle;Comercial;0;0;1;1;0;0;0;0;0;0;0;0;-3,832374;-38,50055
339697;6;4;2019;10:30;11063;RUA AMERICO VESPUCIO;RUA OFIR;;;;Colisão Lateral;Luz do Dia;Nublado;Seca;Cruz;Não Há Controle;Residencial;0;0;2;1;0;0;0;0;0;1;0;0;-3,788172;-38,550368
346412;6;4;2019;07:00;0;AV MR HULL;;;5826;;Colisão;Luz do Dia;;;Meio de Quadra;;;1;0;1;0;0;0;0;0;0;1;0;0;-3,7404855;-38,5972045
346415;7;4;2019;03:00;0;AV DOS EXPEDICIONARIOS;;;4556;;Atropelamento;;;;Meio de Quadra;;;1;0;1;1;0;0;0;0;0;0;0;0;-3,7530476;-38,5375688
339698;7;4;2019;14:00;1316;AV SANTOS DUMONT;RUA TIBURCIO CAVALCANTE;;;;Colisão Lateral;Luz do Dia;Bom;Seca;Cruz;Semáforo;Residencial;0;0;2;1;0;0;0;0;0;1;0;0;-3,734979;-38,502259
342999;7;4;2019;07:00;0;RD CE-040;;;;KM-12;Choque c/ Obstáculo Fixo;Luz do Dia;;;Meio de Quadra;;;0;2;0;1;0;0;0;0;0;1;0;0;-3,857690949;-38,47204254
343000;7;4;2019;18:00;0;RD CE-040;;;;KM-05;Colisão;Anoitecer;;;Meio de Quadra;;;0;3;0;1;0;0;0;0;0;1;0;0;-3,800595823;-38,47953463
346953;7;4;2019;01:45;0;AV ODILON GUIMARAES;;;100;YPIOCA;Atropelamento;;;;Meio de Quadra;;;0;1;1;0;0;0;0;0;0;0;0;0;-3,8261111;-38,48
346954;7;4;2019;08:20;0;RUA DR PEDRO BORGES;;;197;;Choque c/ Obstáculo Fixo;Luz do Dia;;;Meio de Quadra;;;0;0;1;1;0;0;0;0;0;0;0;0;-3,728113067;-38,52791587
346955;7;4;2019;12:00;0;AV FRE CIRILO;;;4810;;Colisão;Luz do Dia;;;Meio de Quadra;;;0;0;2;0;0;0;0;0;0;0;0;0;-3,825721;-38,493769
344501;7;4;2019;01:07;0;AV JOR JOAO RAMOS;;;1580;;Colisão;;;;Meio de Quadra;;;0;1;0;0;0;0;0;0;0;1;0;0;-3,842481;-38,571124
344504;7;4;2019;02:47;0;RUA BRAGANCA;;;740;;Colisão;;;;Meio de Quadra;;;0;1;0;0;0;0;1;0;0;1;0;0;-3,7806175;-38,59653113
344505;7;4;2019;03:14;0;RUA ANTONIO FIUZA;;;32;;Colisão;;;;Meio de Quadra;;;0;1;0;1;0;0;0;0;0;1;0;0;-3,768452;-38,551577
344511;7;4;2019;10:33;0;RUA NOVE UI 211;;;260;;Queda;Luz do Dia;;;Meio de Quadra;;;0;1;0;0;0;0;0;0;0;1;0;0;-3,818;-38,53211
344512;7;4;2019;12:08;0;RUA EMILIA GONCALVES;;;881;;Queda;Luz do Dia;;;Meio de Quadra;;;0;2;0;0;0;0;0;0;0;1;0;0;-3,7303606;-38,593928
344521;7;4;2019;12:13;0;AV SEN CARLOS JEREISSATI (AEROPORTO);;;;;Colisão;Luz do Dia;;;Meio de Quadra;;;0;1;0;1;0;0;0;0;0;1;0;0;;
344529;7;4;2019;12:48;11630;RUA PRO HERIBALDO COSTA;RUA BOA VISTA;;;;Colisão;Luz do Dia;;;Cruz;Pare;Comercial;0;1;0;1;0;0;0;0;0;1;0;0;-3,767974;-38,588035
344533;7;4;2019;13:35;13304;AV I CJ JOSE WALTER;AV G CJ JOSE WALTER;;;;Colisão;Luz do Dia;;;Cruz;Pare;Residencial;0;1;0;1;0;0;0;0;0;1;0;0;-3,839061;-38,554956
344509;7;4;2019;08:14;0;AV PRS CASTELO BRANCO;;;;;Colisão;Luz do Dia;;;Meio de Quadra;;;0;1;0;1;0;0;0;0;0;1;0;0;;
344537;7;4;2019;13:41;0;RUA BOM JESUS (GRANJA LISBOA);;;1775;;Colisão;Luz do Dia;;;Meio de Quadra;;;0;1;1;1;0;0;0;0;0;1;0;0;-3,792073149;-38,60848755
344539;7;4;2019;13:47;0;AV ENG ALBERTO SA;;;1111;;Colisão;Luz do Dia;;;Meio de Quadra;;;0;2;1;1;0;0;0;0;0;1;0;0;-3,735314;-38,473145
344542;7;4;2019;15:09;25137;RUA BENI DE CARVALHO;RUA BARBOSA DE FREITAS;;;;Colisão;Luz do Dia;;;Cruz;Semáforo;Comercial;0;2;0;1;0;0;0;0;0;1;0;0;-3,744414;-38,49989
344547;7;4;2019;15:41;0;AV SEN FERNANDES TAVORA;;;;;Colisão;Luz do Dia;;;Meio de Quadra;;;0;1;0;0;0;0;0;0;0;0;0;0;;
344548;7;4;2019;16:06;0;AV SEN FERNANDES TAVORA;;;;;Colisão;Luz do Dia;;;Meio de Quadra;;;0;1;0;0;0;0;0;0;0;0;0;0;;
344550;7;4;2019;16:06;11002;RUA EQUADOR;RUA ELCIAS LOPES;;;;Atropelamento;Luz do Dia;;;Cruz;Pare;Lazer;0;1;0;1;0;0;0;0;0;0;0;0;-3,772451;-38,551915
344545;7;4;2019;15:17;5472;RUA JAIME BENEVOLO;RUA ANTONIO POMPEU;;;;Colisão;Luz do Dia;;;Cruz;Semáforo;Comercial;0;1;0;1;0;0;0;0;0;0;0;0;-3,736033;-38,526664
344561;7;4;2019;16:22;0;AV PERIMETRAL;;;;;Queda;Luz do Dia;;;Meio de Quadra;;;0;1;0;0;0;1;0;0;0;0;0;0;;
344567;7;4;2019;17:08;0;RUA 7 CJ JOSE WALTER;;;;;Colisão;Anoitecer;;;Meio de Quadra;;;0;1;0;1;0;0;0;0;0;1;0;0;;
344571;7;4;2019;17:21;14755;RUA STA LIDUINA D42;RUA ALBANO AMARAL;;;;Colisão;Anoitecer;;;Cruz;Pare;Residencial;0;1;0;1;0;0;0;0;0;1;0;0;-3,797816;-38,584983
344580;7;4;2019;18:02;0;RUA DELTA;;;441;;Colisão;Anoitecer;;;Meio de Quadra;;;0;1;1;0;0;1;0;0;0;1;0;0;-3,792927;-38,57711
344582;7;4;2019;18:06;0;AV BEZERRA DE MENEZES;;;;;Colisão;Anoitecer;;;Meio de Quadra;;;0;1;0;0;0;0;0;0;0;0;0;0;;
344583;7;4;2019;19:19;0;AV SEN FERNANDES TAVORA;;;2870;;Atropelamento;Anoitecer;;;Meio de Quadra;;;0;1;0;1;0;0;0;0;0;0;0;0;-3,755286;-38,597421
344588;7;4;2019;21:05;2428;RUA JACAUNA;RUA CANDIDO CASTELO BRANCO;;;;Colisão;;;;;;;0;2;0;1;0;0;0;0;0;1;0;0;-3,706635;-38,583412
344585;7;4;2019;20:06;0;RUA JUVENAL DE CARVALHO;;;;;Colisão;;;;Meio de Quadra;;;0;1;0;0;0;0;0;0;0;0;0;0;;
344593;7;4;2019;22:01;0;RUA CURITIBA;;;1138;;Queda;;;;Meio de Quadra;;;0;2;0;0;0;0;0;0;0;1;0;0;-3,75483;-38,59352
344596;7;4;2019;22:10;0;RUA CON DE CASTRO;;;8810;;Queda;;;;Meio de Quadra;;;0;1;0;0;0;0;0;0;0;1;0;0;-3,822017;-38,604393
344597;7;4;2019;22:14;0;RUA DIOGO CORREIA;;;330;;Queda;;;;Meio de Quadra;;;0;1;0;0;0;1;0;0;0;0;0;0;-3,771049922;-38,59007588
344599;7;4;2019;22:31;0;RUA DINAMARCA;;;134;;Queda;;;;Meio de Quadra;;;0;1;0;0;0;0;0;0;0;1;0;0;-3,78378135;-38,57067558
344600;7;4;2019;22:39;0;RUA FRANCISCO SALGADO;;;653;;Queda;;;;Meio de Quadra;;;0;1;0;0;0;0;0;0;0;1;0;0;;
344601;7;4;2019;22:54;0;RUA ALVES LIMA;;;815;;Queda;;;;Meio de Quadra;;;0;2;0;0;0;0;0;0;0;1;0;0;-3,707806778;-38,56843433
344605;7;4;2019;23:00;0;RUA RIO GRANDE DO SUL;;;373;;Colisão;;;;Meio de Quadra;;;0;1;1;1;0;0;0;0;0;1;0;0;-3,752560021;-38,56367921
343637;7;4;2019;04:10;0;AV ALBERTO CRAVEIRO;;;0;;Choque c/ Obstáculo Fixo;Mal Iluminada;Bom;Seca;Meio de Quadra;Dê Preferência;Comercial;0;1;0;1;0;0;0;0;0;0;0;0;;
343638;7;4;2019;13:30;15664;RUA NICOLAU COELHO;AV FRE CIRILO;;0;;Não Informado;Luz do Dia;Bom;Seca;Cruz;Dê Preferência;Comercial;0;0;2;0;0;0;0;0;0;1;0;0;-3,825721;-38,493769
343640;7;4;2019;15:25;5472;RUA JAIME BENEVOLO;RUA ANTONIO POMPEU;;0;;Colisão Transversal;Luz do Dia;Bom;Seca;Cruz;Semáforo;Comercial;0;1;1;1;0;0;0;0;0;0;0;0;-3,736033;-38,526664
343641;7;4;2019;16:31;0;AV SEN FERNANDES TAVORA;TV HELENA MARIA;;0;;Não Informado;Luz do Dia;Bom;Seca;T;Dê Preferência;Comercial;0;0;2;0;0;0;0;0;0;1;0;0;-3,7661059;-38,5749566
343642;7;4;2019;19:06;5180;RUA TEN BENEVOLO;RUA DOM JOAQUIM;;;;Colisão Transversal;Via Iluminada;Bom;Seca;Cruz;Pare;Comercial;0;0;2;1;0;0;0;0;0;0;0;0;-3,725524;-38,51667
343643;7;4;2019;21:15;0;RUA CON DE CASTRO;;;0;;Não Informado;Via Iluminada;Bom;Seca;Meio de Quadra;Não Há Controle;Residencial;0;0;1;0;0;0;0;0;0;0;0;0;;
343657;7;4;2019;10:24;25254;RUA JOAQUIM DE FIGUEIREDO FILHO;RUA CRISANTO M DA ROCHA;;;;Colisão Transversal;Luz do Dia;Bom;Seca;Cruz;Dê Preferência;Comercial;0;1;1;1;0;0;0;0;0;0;0;0;-3,736858;-38,505062
343673;8;4;2019;08:41;0;RUA NEREU RAMOS;;;0;;Colisão Traseira;Luz do Dia;Nublado;Molhada;Outros;Não Há Controle;Residencial;0;0;2;1;0;0;0;0;0;0;0;0;;
343644;8;4;2019;08:20;0;AV ALBERTO CRAVEIRO;;;1795;;Colisão Lateral;Luz do Dia;Chuva;Molhada;Outros;Não Há Controle;Residencial;0;0;1;1;0;0;0;0;0;1;0;0;-3,795238;-38,518044
343645;8;4;2019;16:48;0;AV PRS COSTA E SILVA;;;0;;Engavetamento;Luz do Dia;Bom;Seca;Meio de Quadra;Semáforo;Residencial;0;1;1;1;0;0;0;0;0;1;0;0;;
343646;8;4;2019;17:10;21582;RUA COSTA FREIRE;RUA LUIS VIEIRA;;0;;Colisão Transversal;Luz do Dia;Bom;Seca;Cruz;Pare;Comercial;0;0;1;0;0;0;0;0;0;1;0;0;-3,79485;-38,587064
343647;8;4;2019;17:33;1716;AV GOV RAUL BARBOSA;AV GAL MURILO BORGES;;;;Atropelamento;Anoitecer;Bom;Seca;Rotatória;Não Há Controle;Comercial;0;1;1;0;0;0;0;0;0;1;0;0;-3,763977;-38,508802
343648;8;4;2019;19:27;282;RUA ABILIO MARTINS;RUA ERICO MOTA;;;;Colisão Lateral;Via Iluminada;Bom;Seca;Cruz;Pare;Comercial;0;0;2;1;0;0;0;0;0;1;0;0;-3,742376;-38,561548
343649;8;4;2019;16:20;5710;AV OLIVEIRA PAIVA;RUA CON BRAVEZA;;;;Colisão Lateral;Via Iluminada;Bom;Seca;Cruz;Pare;Comercial;0;0;3;1;1;0;0;0;0;0;0;0;-3,796485;-38,498448
343650;8;4;2019;16:20;5463;RUA DNA LEOPOLDINA;RUA BARBARA DE ALENCAR;;;;Colisão Frontal;Luz do Dia;Bom;Seca;Cruz;Pare;Comercial;0;1;1;0;1;1;0;0;0;0;0;0;-3,735695;-38,521102
343651;8;4;2019;21:00;20042;AV DEP PAULINO ROCHA;AV ALBERTO CRAVEIRO;;;;Colisão Lateral;Via Iluminada;Bom;Seca;Rotatória;Dê Preferência;Comercial;0;1;1;1;0;0;0;0;0;0;0;0;-3,807229;-38,524782
343652;8;4;2019;20:38;3813;AV 13 DE MAIO;RUA TEREZA CRISTINA;;0;;Colisão Lateral;Via Iluminada;Bom;Seca;T;Semáforo;Comercial;0;0;2;1;0;0;0;0;0;1;0;0;-3,739334;-38,541017
343653;8;4;2019;21:15;9240;RUA MARIO MAMEDE;RUA DEP OSWALDO STUDART;;0;;Colisão Transversal;Via Iluminada;Bom;Seca;Duplo T;Semáforo;Escola;0;1;1;1;0;0;0;0;0;0;0;0;-3,752752;-38,527367
343373;8;4;2019;13:48;0;AV PRS CASTELO BRANCO;;;4310;;Colisão;Luz do Dia;;;Meio de Quadra;;;0;1;1;1;0;0;0;0;0;1;0;0;-3,707572684;-38,57068626
343295;8;4;2019;09:34;0;RUA ANTONIO BENTO;;;590;;Colisão;Luz do Dia;;;Meio de Quadra;;;0;1;1;1;0;1;0;0;0;0;0;0;-3,7844262;-38,54823993
343293;8;4;2019;08:55;0;RUA RAIMUNDO NERY;;;121;;Colisão;Luz do Dia;;;Meio de Quadra;;;0;1;1;1;0;0;0;0;0;1;0;0;-3,796768;-38,585309
343266;8;4;2019;01:46;0;RUA HOMEM DE MELO;;;760;;Atropelamento;;;;Meio de Quadra;;;0;1;1;1;0;0;0;0;0;0;0;0;-3,815017625;-38,49165938
343281;8;4;2019;08:08;0;AV ALBERTO CRAVEIRO;;;1795;;Colisão;Luz do Dia;;;Meio de Quadra;;;0;2;1;1;0;0;0;0;0;1;0;0;-3,795238;-38,518044