COD_ACIDENTE;DIA;MES;ANO;HORA;INTERSECAO;LOG1;LOG2;LOG3;NUMERO;REFERENCIA;NATUREZA;ILUMINACAO;TEMPO;SUPERFICIEPISTA;TIPOCRUZAMENTO;CONTROLETRAFEGO;USOSOLO;MORTOS;FERIDOS;ILESOS;AUTOMOVEL;ONIBUS;BICICLETA;CAMINHAO;MICROONIBUS;CICLOMOTOR;MOTOCICLETA;TRACAOANIMAL;TREM;LATITUDE;LONGITUDE
343282;8;4;2019;08:21;0;AV DOMINGOS OLIMPIO;;;795;;Colisão;Luz do Dia;;;Meio de Quadra;;;0;1;1;1;0;0;0;0;0;1;0;0;-3,7368724;-38,5306805
343285;8;4;2019;08:16;7503;AV ALBERTO CRAVEIRO;RUA MAJ VAZ CLARIM;;;;Colisão;Luz do Dia;;;Y;Gesto;Comercial;0;1;1;1;0;0;0;0;0;1;0;0;-3,783767;-38,516874
343274;8;4;2019;07:57;9670;RUA ARI MAIA;RUA OSCAR ARARIPE;;;;Queda;Luz do Dia;;;Cruz;Não Há Controle;Residencial;0;1;0;0;0;0;0;0;0;1;0;0;-3,784266;-38,621576
343269;8;4;2019;04:39;16324;RUA NOVA FORTALEZA (MONDUBIM);RUA STA TEREZA;;;;Queda;;;;;;;0;1;0;0;0;0;0;0;0;1;0;0;;
343270;8;4;2019;06:26;1574;RUA JOSE VILAR;RUA PDE VALDEVINO;;;;Colisão;Luz do Dia;;;Cruz;Semáforo;Comercial;0;1;1;1;0;0;0;0;0;1;0;0;-3,7423;-38,506779
343271;8;4;2019;06:43;0;AV SIQUEIRA CAMPOS;;;1393;;Queda;Luz do Dia;;;Meio de Quadra;;;0;1;0;0;0;0;0;0;0;1;0;0;-3,8094916;-38,5913938
343272;8;4;2019;07:16;5162;RUA SAO PAULO;RUA GAL SAMPAIO;;;;Colisão;Luz do Dia;;;Cruz;Semáforo;Comercial;0;2;1;1;0;0;0;0;0;1;0;0;-3,725134;-38,530266
343264;8;4;2019;01:41;0;AV DR THEBERGE;;;;;Queda;;;;Meio de Quadra;;;0;1;0;0;0;0;0;0;0;1;0;0;;
343261;8;4;2019;01:28;0;RUA PAU BRASIL;;;;;Queda;;;;Meio de Quadra;;;0;1;0;0;0;0;0;0;0;1;0;0;;
343252;8;4;2019;00:00;0;RUA ALICE;;;270;;Queda;;;;Meio de Quadra;;;0;1;0;0;0;1;0;0;0;0;0;0;-3,79007696;-38,4998415
343253;8;4;2019;00:11;0;RUA MINAS GERAIS;;;1156;;Colisão;Luz do Dia;;;Meio de Quadra;;;0;1;1;1;0;0;0;0;0;1;0;0;-3,759082698;-38,5670103
343255;8;4;2019;00:28;0;ROD CE 010;;;;;Atropelamento de Animal;;;;Meio de Quadra;;;0;1;0;0;0;0;0;0;0;1;0;0;;
343394;8;4;2019;20:59;0;AV COS GOMES DE FREITAS (SAPIRANGA/COITE);;;4313;;Atropelamento;;;;Meio de Quadra;;;0;1;1;0;0;0;0;0;0;1;0;0;-3,794727548;-38,46841058
343395;8;4;2019;21:38;17436;RUA EQUADOR;RUA TRES MARIAS D39 (MONTESE);;;;Atropelamento;;;;Cruz;Semáforo;Comercial;0;1;1;1;0;0;0;0;0;0;0;0;-3,768994;-38,550757
343396;8;4;2019;22:12;0;RUA JOSE HIPOLITO;;;1460;;Queda;;;;Meio de Quadra;;;0;2;0;0;0;0;0;0;0;1;0;0;-3,8379585;-38,4816935
343389;8;4;2019;19:21;0;AV 13 DE MAIO;;;;;Colisão;;;;Meio de Quadra;;;0;1;1;1;0;0;0;0;0;1;0;0;;
343371;8;4;2019;13:42;0;AV TEN LISBOA;;;1990;;Atropelamento;Luz do Dia;;;Meio de Quadra;;;0;1;1;0;0;0;0;0;0;0;0;1;-3,7193287;-38,5617837
343391;8;4;2019;19:33;0;RUA MIN ALBUQUERQUE LIMA;;;204;;Colisão;;;;Meio de Quadra;;;0;1;1;1;0;1;0;0;0;0;0;0;-3,767516648;-38,60939995
343392;8;4;2019;20:12;0;RUA NEREIDE;;;737;;Colisão;;;;Meio de Quadra;;;0;1;1;0;0;0;0;0;0;1;0;0;-3,7879915;-38,5974162
343375;8;4;2019;15:35;21582;RUA COSTA FREIRE;RUA LUIS VIEIRA;;;;Colisão;Luz do Dia;;;Cruz;Pare;Comercial;0;1;1;0;0;0;0;0;0;0;0;0;-3,79485;-38,587064
343376;8;4;2019;16:09;0;AV PERIMETRAL;;;;;Colisão;Luz do Dia;;;Meio de Quadra;;;0;1;1;0;0;0;1;0;0;1;0;0;;
343377;8;4;2019;15:45;0;AV DOS EXPEDICIONARIOS;;;;;Queda;Luz do Dia;;;Meio de Quadra;;;0;1;0;0;0;0;0;0;0;1;0;0;;
343379;8;4;2019;17:14;0;RUA BENTO ALBUQUERQUE;;;140;;Colisão;Anoitecer;;;Meio de Quadra;;;0;1;1;1;0;0;0;0;0;1;0;0;-3,7423485;-38,4875335
343380;8;4;2019;17:24;0;AV ENG LEAL LIMA VERDE (SAPIRANGA/COITE);;;1549;;Colisão;Anoitecer;;;Meio de Quadra;;;0;1;1;1;0;0;0;0;0;1;0;0;-3,804016233;-38,4749746
343381;8;4;2019;17:40;0;AV WASHINGTON SOARES;;;;;Colisão;Anoitecer;;;Meio de Quadra;;;0;1;1;0;0;0;0;0;0;0;0;0;;
343382;8;4;2019;18:31;24414;RUA LINEU JUCA;RUA JOAO CAMARA;;;;Colisão;;;;;;;0;1;1;1;0;0;0;0;0;1;0;0;-3,769301;-38,532188
343383;8;4;2019;18:41;0;RUA STA JULIA;;;203;;Atropelamento;;;;Meio de Quadra;;;0;1;1;1;0;0;0;0;0;0;0;0;-3,775518;-38,56963
343384;8;4;2019;18:58;0;AV WASHINGTON SOARES;;;;;Colisão;;;;Meio de Quadra;;;0;1;1;1;0;0;0;0;0;1;0;0;;
343348;8;4;2019;13:27;0;RUA JULIO BRAGA;;;1835;;Colisão;Luz do Dia;;;Meio de Quadra;;;0;3;0;0;0;0;0;0;0;0;0;0;-3,773663;-38,586113
343346;8;4;2019;12:34;7871;RUA PRO FRANCISCO GONCALVES;RUA LEONARDO MOTA;;;;Colisão;Luz do Dia;;;Cruz;Pare;Comercial;0;1;1;1;0;0;0;0;0;1;0;0;-3,747308;-38,499748
343342;8;4;2019;09:42;0;RUA CARLOS AMORA;;;;;Colisão;Luz do Dia;;;Meio de Quadra;;;0;1;1;1;0;0;0;0;0;1;0;0;;
343343;8;4;2019;10:17;0;RUA RAIMUNDO NERY;;;587;;Queda;Luz do Dia;;;Meio de Quadra;;;0;1;0;0;0;1;0;0;0;0;0;0;-3,792540125;-38,5871095
343344;8;4;2019;10:38;6722;AV ENG SANTANA JUNIOR;RUA DR GILBERTO STUDART;;;;Colisão;Luz do Dia;;;Outros;Pare;Comercial;0;2;1;1;0;0;0;0;0;1;0;0;-3,741972;-38,486048
344497;8;4;2019;21:58;3813;RUA TEREZA CRISTINA;AV 13 DE MAIO;;;;Colisão;;;;T;Semáforo;Comercial;0;1;0;0;0;0;0;0;0;1;0;0;-3,739334;-38,541017
346957;8;4;2019;09:15;0;AV SEN CARLOS JEREISSATI (AEROPORTO);;;;KM 01;Colisão;Luz do Dia;;;Meio de Quadra;;;0;0;2;0;0;0;0;0;0;0;0;0;-3,783753;-38,52685
346811;8;4;2019;11:01;4259;RUA NAT FEIJO;RUA PLACIDO CARVALHO;;;;Colisão;Luz do Dia;;;Cruz;Pare;Residencial;0;1;1;1;0;0;0;0;0;1;0;0;-3,721655;-38,555624
346828;8;4;2019;18:41;0;RUA BERNARDO MANUEL;;;;;Queda;;;;Meio de Quadra;;;0;1;0;0;0;1;0;0;0;0;0;0;;
346838;8;4;2019;21:57;0;RUA CON DE CASTRO;;;780;;Colisão;;;;Meio de Quadra;;;0;1;1;1;0;0;0;0;0;1;0;0;-3,78024;-38,56905
343009;8;4;2019;08:30;0;RD BR 116;;;1000;KM-01;Colisão Traseira;Luz do Dia;;;Meio de Quadra;;;0;0;3;1;0;0;0;0;0;0;0;0;-3,762554;-38,518702
339699;8;4;2019;23:00;0;AV DEP PAULINO ROCHA;;;;;Colisão Traseira;Não Iluminada;Bom;Seca;Meio de Quadra;Não Há Controle;Lazer;0;0;2;0;1;0;0;0;0;0;0;0;;
339700;8;4;2019;08:20;12862;AV DOMINGOS OLIMPIO;RUA MAJ FACUNDO;;;;Colisão Lateral;Luz do Dia;Bom;Seca;T;Pare;Comercial;1;0;2;0;1;0;0;0;0;1;0;0;-3,736813;-38,530827
339701;8;4;2019;18:46;14667;RUA JUIZ DE FORA;RUA DES AVELAR;;;;Colisão Transversal;Via Iluminada;Bom;Seca;Cruz;Pare;Residencial;0;1;1;0;0;0;0;1;0;1;0;0;-3,7945699;-38,4887756
345956;8;4;2019;09:09;0;AV D CJ CEARA;;;935;;Choque c/ Obstáculo Fixo;Luz do Dia;;;Meio de Quadra;;;0;2;0;0;0;0;0;0;0;0;0;0;-3,75993;-38,603746
346532;9;4;2019;11:21;0;AV AUGUSTO DOS ANJOS;;;846;;Atropelamento;Luz do Dia;;;Meio de Quadra;;;1;0;1;0;0;0;0;0;0;1;0;0;-3,775211375;-38,57478413
339849;9;4;2019;22:30;0;RUA MON CARNEIRO DA CUNHA;;;;;Colisão Lateral;Via Iluminada;Bom;Seca;Meio de Quadra;Pare;Residencial;0;2;0;0;0;0;0;0;0;1;0;0;;
346840;9;4;2019;12:28;0;RUA BAR RIO BRANCO;;;922;;Atropelamento;Luz do Dia;;;Meio de Quadra;;;0;1;1;0;0;0;0;0;0;1;0;0;-3,726546682;-38,52829464
346801;9;4;2019;16:02;0;AV C CJ CEARA;;;1240;;Colisão;Luz do Dia;;;Meio de Quadra;;;0;1;1;1;0;0;0;0;0;1;0;0;-3,7682694;-38,6131986
346960;9;4;2019;10:00;0;RUA JURANDIR L ALENCAR;;;;;Colisão;Luz do Dia;;;Meio de Quadra;;;0;0;2;0;0;0;0;0;0;0;0;0;;
344498;9;4;2019;22:22;0;AV AUGUSTO DOS ANJOS;;;;;Colisão;;;;Meio de Quadra;;;0;2;0;1;0;0;0;0;0;1;0;0;;
344499;9;4;2019;05:33;0;RUA VERBENA;;;173;;Queda;Amanhecer;;;Meio de Quadra;;;0;1;0;0;0;0;0;0;0;1;0;0;-3,777307254;-38,58795378
344491;9;4;2019;18:29;15300;RUA NUNES VALENTE;RUA REPUBLICA DO LIBANO;;;;Atropelamento;Anoitecer;;;T;Pare;Residencial;0;1;1;1;0;0;0;0;0;0;0;0;-3,729677;-38,501646
344492;9;4;2019;18:37;0;AV JOAO PESSOA;;;4901;;Colisão;;;;Meio de Quadra;;;0;1;1;0;0;0;0;0;0;0;0;0;-3,755443;-38,552153
344493;9;4;2019;19:01;0;AV PRS CASTELO BRANCO;;;2535;;Queda;;;;Meio de Quadra;;;0;1;0;0;0;0;0;0;0;1;0;0;-3,713113;-38,550593
344494;9;4;2019;19:13;0;RUA SEN POMPEU;;;350;SANTA CASA DE MISERICORDIA;Colisão;;;;Meio de Quadra;;;0;1;1;1;1;0;0;0;0;0;0;0;-3,72205;-38,52815
344452;9;4;2019;17:19;0;RUA WALDIR DIOGO;;;698;;Colisão;Anoitecer;;;Meio de Quadra;;;0;1;1;0;0;0;0;0;0;1;0;0;-3,805171033;-38,58412723
344489;9;4;2019;17:40;0;AV DR SILAS MUNGUBA;;;4392;;Queda;Anoitecer;;;Meio de Quadra;;;0;1;0;0;0;0;0;0;0;1;0;0;-3,79273225;-38,53539689
344454;9;4;2019;17:34;0;AV DR SILAS MUNGUBA;;;129;;Queda;Anoitecer;;;Meio de Quadra;;;0;2;0;0;0;0;0;0;0;1;0;0;-3,79309;-38,53503
344496;9;4;2019;21:27;0;RUA MON CARNEIRO DA CUNHA;;;;;Colisão;;;;Meio de Quadra;;;0;1;1;0;0;0;0;0;0;1;0;0;;
343397;9;4;2019;03:55;0;AV PRS COSTA E SILVA;;;1726;;Queda;;;;Meio de Quadra;;;0;1;0;0;0;0;0;0;0;1;0;0;-3,8173695;-38,5658935
343398;9;4;2019;06:40;0;AV GAL OSORIO DE PAIVA;;;4711;;Colisão;Luz do Dia;;;Meio de Quadra;;;0;1;1;1;0;0;0;0;0;1;0;0;-3,80037;-38,59772
343554;9;4;2019;12:30;0;AV BORGES DE MELO;;;1277;;Queda;Luz do Dia;;;Meio de Quadra;;;0;1;0;0;0;0;0;0;0;1;0;0;-3,760118;-38,529837
343555;9;4;2019;13:15;0;AV JOR THOMAZ COELHO;;;182;;Colisão;Luz do Dia;;;Meio de Quadra;;;0;1;1;1;0;1;0;0;0;0;0;0;-3,83245;-38,4994
343556;9;4;2019;13:17;0;RUA JOAQUIM TORRES;;;671;;Colisão;Luz do Dia;;;Meio de Quadra;;;0;1;1;1;0;0;0;0;0;1;0;0;-3,7419;-38,51655
343557;9;4;2019;13:20;0;RUA PORTO VELHO;;;709;;Colisão;Luz do Dia;;;Meio de Quadra;;;0;1;1;0;0;0;0;0;0;1;0;0;-3,7432021;-38,5229985
343559;9;4;2019;15:51;0;RUA JONAS SAMPAIO;;;315;;Queda;Luz do Dia;;;Meio de Quadra;;;0;1;0;0;0;0;0;0;0;1;0;0;-3,81784;-38,47776
343560;9;4;2019;16:41;0;RUA MAJ GERARDO MENDES;;;723;;Colisão;Luz do Dia;;;Meio de Quadra;;;0;1;1;1;0;0;0;0;0;1;0;0;-3,7679932;-38,5128995
343547;9;4;2019;08:13;0;AV BORGES DE MELO;;;;;Colisão;Luz do Dia;;;Meio de Quadra;;;0;1;1;1;0;0;0;0;0;1;0;0;;
343548;9;4;2019;09:33;0;AV DR SILAS MUNGUBA;;;5002;;Colisão;Luz do Dia;;;Meio de Quadra;;;0;1;1;1;0;0;0;0;0;1;0;0;-3,79706297;-38,53164994
343549;9;4;2019;10:46;0;AV ENG HUMBERTO MONTE;;;1640;;Colisão;Luz do Dia;;;Meio de Quadra;;;0;1;1;1;0;1;0;0;0;0;0;0;-3,74633;-38,562809
343550;9;4;2019;11:16;0;RUA ALBERTO MAGNO;;;134;;Colisão;Luz do Dia;;;Meio de Quadra;;;0;1;1;1;0;0;0;0;0;1;0;0;-3,757121;-38,543185
343540;9;4;2019;06:52;0;ET DO ANCURI;;;2500;;Colisão;Luz do Dia;;;Meio de Quadra;;;0;1;1;0;0;0;0;0;0;1;0;0;-3,868776202;-38,52401057
343541;9;4;2019;07:28;0;AV GAL OSORIO DE PAIVA;;;;;Colisão;Luz do Dia;;;Meio de Quadra;;;0;1;1;0;0;0;0;0;0;0;0;0;;
343658;9;4;2019;11:00;12613;AV CEL CARVALHO;RUA GAL TOME CORDEIRO;;0;;Colisão Lateral;Luz do Dia;Bom;Seca;T;Pare;Comercial;0;0;1;1;0;0;0;0;1;0;0;0;-3,716001;-38,588318
343659;9;4;2019;13:46;23372;AV PONTES VIEIRA;RUA FRE VIDAL;;;;Colisão Lateral;Luz do Dia;Bom;Seca;T;Pare;Comercial;0;1;1;0;0;0;0;0;0;1;0;0;-3,753282;-38,518209
343660;9;4;2019;12:30;15245;AV ANTONIO JUSTA;RUA LEONARDO MOTA;;0;;Queda;Luz do Dia;Bom;Seca;Cruz;Pare;Residencial;0;1;0;0;0;0;0;0;0;1;0;0;-3,727945;-38,493542
343661;9;4;2019;18:20;0;AV 13 DE MAIO;;;2400;;Colisão Lateral;Via Iluminada;Bom;Seca;Meio de Quadra;Não Há Controle;Comercial;0;0;2;1;1;0;0;0;0;0;0;0;-3,741504;-38,5384715
343662;9;4;2019;19:42;0;AV AMERICO BARREIRA;;;0;;Colisão Lateral;Via Iluminada;Bom;Molhada;Meio de Quadra;Semáforo;Comercial;0;1;1;1;0;0;0;0;0;1;0;0;;
343663;9;4;2019;20:12;25033;AV BEZERRA DE MENEZES;RUA ANTONINA DO NORTE;;0;;Não Informado;Via Iluminada;Bom;Seca;T;Pare;Comercial;0;1;1;1;0;0;0;0;0;0;0;0;-3,73344;-38,553697
343664;9;4;2019;18:30;15300;RUA NUNES VALENTE;RUA REPUBLICA DO LIBANO;;;;Atropelamento;Anoitecer;Bom;Seca;T;Pare;Residencial;0;1;1;0;0;0;0;0;0;0;0;0;-3,729677;-38,501646
344421;9;4;2019;16:52;15501;AV FRE CIRILO;RUA FREDERICO SEVERO;;;;Colisão;Luz do Dia;;;T;Pare;Residencial;0;1;1;0;0;0;0;0;0;1;0;0;-3,81987;-38,496307
344422;9;4;2019;17:05;11840;RUA MON DANTAS;RUA DNA MAROQUINHA;;;;Colisão;Anoitecer;;;Cruz;Pare;Comercial;0;1;1;1;0;0;0;0;0;1;0;0;-3,720021;-38,545833
343655;9;4;2019;07:46;1364;RUA JOSE VILAR;RUA TORRES CAMARA;;;;Colisão Transversal;Luz do Dia;Bom;Seca;Cruz;Semáforo;Residencial;0;1;2;1;0;0;0;0;0;1;0;0;-3,736301;-38,50484
343656;9;4;2019;08:36;0;RUA CEL DIONISIO ALENCAR;;;2500;;Colisão Lateral;Luz do Dia;Nublado;Material Derrapante;Meio de Quadra;Não Há Controle;Comercial;0;1;1;0;0;0;0;0;0;1;0;0;-3,8564003;-38,506943
343665;10;4;2019;05:35;0;RUA VERBENA;;;173;;Colisão Traseira;Luz do Dia;Bom;Seca;Meio de Quadra;Não Há Controle;Residencial;0;1;1;0;1;0;0;0;0;1;0;0;-3,777307254;-38,58795378
343666;10;4;2019;10:26;0;AV E CJ DOS BANCARIOS;;;116;;Colisão Lateral;Luz do Dia;Bom;Seca;T;Não Há Controle;Comercial;0;1;1;1;0;0;0;0;0;1;0;0;-3,7190826;-38,597187
343667;10;4;2019;10:39;7906;RUA BARBOSA DE FREITAS;RUA PRO FRANCISCO GONCALVES;;;;Colisão Traseira;Luz do Dia;Bom;Seca;T;Pare;Escola;0;0;2;1;0;0;0;0;0;0;0;0;-3,746993;-38,500705
343668;10;4;2019;12:50;0;AV AGUANAMBI;;;1953;;Queda;Luz do Dia;Bom;Seca;Meio de Quadra;Não Há Controle;Comercial;0;0;1;0;0;0;0;0;0;1;0;0;-3,753844;-38,523451
343669;10;4;2019;09:40;0;RUA DR MARLIO FERNANDES;;;80;;Colisão Lateral;Luz do Dia;Nublado;Seca;Meio de Quadra;Não Há Controle;Residencial;0;1;1;0;0;0;0;0;0;1;0;0;-3,758752681;-38,4848447
343670;10;4;2019;13:35;0;RUA GAL SAMPAIO;;;1706;;Queda;Luz do Dia;Bom;Seca;Meio de Quadra;Não Há Controle;Comercial;0;2;0;0;0;0;0;0;0;1;0;0;-3,733173;-38,53264107
343671;10;4;2019;14:45;19683;RUA AZEVEDO BOLAO;RUA PRO JOSE DE BARCELOS;;;;Colisão Transversal;Luz do Dia;Bom;Seca;Cruz;Pare;Residencial;0;1;1;1;0;0;0;0;0;0;0;0;-3,735196;-38,55061
343546;10;4;2019;21:17;1364;RUA JOSE VILAR;RUA TORRES CAMARA;;;;Colisão;Luz do Dia;;;Cruz;Semáforo;Residencial;0;1;1;1;0;0;0;0;0;1;0;0;-3,736301;-38,50484
343134;10;4;2019;15:20;0;ACESSO F UI 401;;;;;Colisão;Luz do Dia;;;Meio de Quadra;;;0;3;0;1;0;0;0;0;0;0;0;0;;
343131;10;4;2019;08:20;0;RD CE-040;;;;KM-08;Colisão;Luz do Dia;;;Meio de Quadra;;;0;2;0;1;0;0;0;0;0;0;0;0;-3,825515822;-38,48153832
343132;10;4;2019;09:00;0;RD CE-040;;;;KM-04;Colisão;Luz do Dia;;;Meio de Quadra;;;0;2;0;1;0;0;0;0;0;1;0;0;-3,791613156;-38,48033084
344633;10;4;2019;07:30;0;RD BR 116;;;;;Queda;Luz do Dia;;;Meio de Quadra;;;0;2;0;0;0;0;0;0;0;1;0;0;;
344634;10;4;2019;07:47;0;AV PRS CASTELO BRANCO;;;;;Queda;Luz do Dia;;;Meio de Quadra;;;0;1;1;0;0;0;0;0;0;1;0;0;;
344627;10;4;2019;07:19;0;RUA ANTONIO COSTA MENDES;;;439;;Colisão;Luz do Dia;;;Meio de Quadra;;;0;1;1;1;0;0;0;0;0;1;0;0;-3,78995;-38,58376
344502;10;4;2019;07:11;0;AV PRS COSTA E SILVA;;;1900;;Colisão;Luz do Dia;;;Meio de Quadra;;;0;1;1;0;0;0;0;0;0;1;0;0;-3,818092649;-38,56454678
346962;10;4;2019;08:10;12864;AV DOMINGOS OLIMPIO;RUA ASSUNCAO;;;;Colisão;Luz do Dia;;;Cruz;Semáforo;Comercial;0;0;2;0;0;0;0;0;0;0;0;0;-3,737192;-38,529548
346965;10;4;2019;09:00;0;RUA ANSELMO NOGUEIRA;;;170;;Colisão;Luz do Dia;;;Meio de Quadra;;;0;0;2;0;0;0;0;0;0;0;0;0;-3,78463;-38,58819
346971;10;4;2019;15:55;0;AV WASHINGTON SOARES;;;;;Colisão;Luz do Dia;;;Meio de Quadra;;;0;0;2;0;0;0;0;0;0;0;0;0;;
346972;10;4;2019;19:50;0;RUA PIRAJUI;;;;;Colisão;;;;Meio de Quadra;;;0;0;2;0;0;0;0;0;0;0;0;0;;
346795;10;4;2019;11:30;15778;RUA TAQUATIARA;RUA STA CLARA DE ASSIS;;;;Colisão;Luz do Dia;;;Cruz;Pare;Comercial;0;1;1;1;0;0;0;0;0;1;0;0;-3,830267;-38,502459
346796;10;4;2019;09:15;0;AV ENG HUMBERTO MONTE;;;1945;;Queda;Luz do Dia;;;Meio de Quadra;;;0;1;0;0;0;0;0;0;0;1;0;0;-3,74401513;-38,56466687
346797;10;4;2019;08:44;0;AV WASHINGTON SOARES;;;;;Atropelamento;Luz do Dia;;;Meio de Quadra;;;0;1;1;0;0;0;0;0;0;1;0;0;;
346798;10;4;2019;08:13;0;RUA E CJ VILA VELHA;;;116;;Colisão;Luz do Dia;;;Meio de Quadra;;;0;2;1;1;0;0;0;0;0;1;0;0;-3,71717;-38,60386
346793;10;4;2019;11:56;15141;AV MON TABOSA;RUA CARLOS VASCONCELOS;;;;Colisão;Luz do Dia;;;Cruz;Semáforo;Comercial;0;1;1;1;0;0;0;0;0;1;0;0;-3,724289;-38,507985
346786;10;4;2019;13:03;0;RUA OSCAR ARARIPE;;;55;;Atropelamento;Luz do Dia;;;Meio de Quadra;;;0;1;1;0;0;0;0;0;0;1;0;0;-3,78832;-38,60826
346788;10;4;2019;13:00;0;AV PRS COSTA E SILVA;;;4655;;Colisão;Luz do Dia;;;Meio de Quadra;;;0;1;1;0;0;0;0;0;0;1;0;0;-3,825900438;-38,53878974
346790;10;4;2019;12:15;25053;AV ODILON GUIMARAES;AV PRO JOSE ARTHUR CARVALHO;;;;Colisão;Luz do Dia;;;Y;Não Há Controle;Misto;0;1;1;1;0;0;0;0;0;1;0;0;-3,825468;-38,47936
346766;10;4;2019;20:41;0;RD BR 116;;;15000;KM-15;Atropelamento;;;;Meio de Quadra;;;0;1;1;0;0;0;0;0;0;0;0;0;-3,882329;-38,501113
343018;10;4;2019;07:52;0;RD BR 116;;;13000;KM-13;Tombamento;Luz do Dia;;;Meio de Quadra;;;0;0;1;0;0;0;0;0;0;0;0;0;-3,86467;-38,497727
343051;10;4;2019;06:11;0;RD BR 116;;;16000;KM-16;Queda;Luz do Dia;;;Meio de Quadra;;;0;2;0;0;0;0;0;0;0;1;0;0;-3,7611657;-38,5190567
344768;10;4;2019;13:06;5313;RUA PEDRO I;RUA VINTE E QUATRO DE MAIO;;;;Atropelamento;Luz do Dia;;;Cruz;Pare;Comercial;0;1;1;0;1;0;0;0;0;0;0;0;-3,72983;-38,532952
344769;10;4;2019;13:32;12511;RUA DES GOMES PARENTE;AV LINEU MACHADO;;;;Colisão;Luz do Dia;;;Cruz;Pare;Residencial;0;1;1;1;0;0;0;0;0;1;0;0;-3,772496;-38,580327
344771;10;4;2019;13:58;0;AV CASTELO DE CASTRO;;;1186;;Colisão;Luz do Dia;;;Meio de Quadra;;;0;1;1;1;0;0;0;0;0;1;0;0;-3,839579806;-38,52176432
344773;10;4;2019;14:08;0;AV FRANCISCO SA;;;2560;;Atropelamento;Luz do Dia;;;Meio de Quadra;;;0;1;1;0;0;0;0;0;0;1;0;0;-3,720360014;-38,54839599
344776;10;4;2019;14:13;11701;RUA VIS CAUIPE;RUA TUPI D35;;;;Colisão;Luz do Dia;;;Cruz;Não Há Controle;Residencial;0;1;1;1;0;0;0;0;0;1;0;0;-3,772061;-38,585112
344933;10;4;2019;14:37;19683;RUA AZEVEDO BOLAO;RUA PRO JOSE DE BARCELOS;;;;Colisão;Luz do Dia;;;Cruz;Pare;Residencial;0;1;1;1;0;0;0;0;0;0;0;0;-3,735196;-38,55061
344934;10;4;2019;14:42;0;AV FRANCISCO SA;;;2643;;Atropelamento;Luz do Dia;;;Meio de Quadra;;;0;1;1;1;0;0;0;0;0;0;0;0;-3,720147534;-38,54904826
344935;10;4;2019;15:00;0;RUA PDE PEDRO DE ALENCAR;;;1750;;Colisão;Luz do Dia;;;Meio de Quadra;;;0;1;1;1;0;0;0;0;0;1;0;0;-3,843529608;-38,49437137
344937;10;4;2019;15:12;0;RUA JOSE CARLOS GURGEL NOGUEIRA;;;180;;Queda;Luz do Dia;;;Meio de Quadra;;;0;2;0;0;0;0;0;0;0;1;0;0;-3,7338915;-38,4744265
344939;10;4;2019;17:23;0;AV ROGACIANO LEITE;;;;;Colisão;Anoitecer;;;Meio de Quadra;;;0;1;1;1;0;0;0;0;0;1;0;0;;
344940;10;4;2019;18:12;0;RUA VIRIATO RIBEIRO;;;136;;Colisão;Anoitecer;;;Meio de Quadra;;;0;1;1;1;0;0;0;0;0;1;0;0;-3,754788839;-38,55677816
344941;10;4;2019;18:19;0;RUA BERNARDO MANUEL;;;;;Queda;Anoitecer;;;Meio de Quadra;;;0;2;0;0;0;0;0;0;0;1;0;0;;
344943;10;4;2019;18:51;0;AV BENJAMIM BRASIL;;;543;;Atropelamento;;;;Meio de Quadra;;;0;1;1;0;0;0;0;0;0;1;0;0;-3,804220411;-38,56894966
345024;10;4;2019;18:55;0;RUA CON DE CASTRO;;;4138;;Colisão;;;;Meio de Quadra;;;0;1;1;1;0;0;0;0;0;1;0;0;-3,802108491;-38,58939929
345029;10;4;2019;19:05;0;AL OXALA;;;752;;Queda;;;;Meio de Quadra;;;0;1;0;0;0;1;0;0;0;0;0;0;-3,7787466;-38,5582621
345030;10;4;2019;18:34;0;AV ALM HENRIQUE SABOIA;;;5380;;Colisão;;;;Meio de Quadra;;;0;2;0;0;0;1;0;0;0;1;0;0;-3,7539766;-38,5028894
345031;10;4;2019;19:30;15801;RUA CEL ERNESTO MATOS;RUA PERGENTINO MAIA;;;;Colisão;;;;Cruz;Pare;Comercial;0;1;1;1;0;0;0;0;0;1;0;0;-3,831264;-38,489871
345032;10;4;2019;19:53;0;RUA RAIMUNDO MARQUES;;;1831;;Queda;;;;Meio de Quadra;;;0;2;0;0;0;0;0;0;0;1;0;0;-3,80887;-38,5998
345033;10;4;2019;20:06;0;RUA PRO CARVALHO;;;3060;KATO FLORES;Colisão;;;;Meio de Quadra;;;0;1;1;1;0;0;0;0;0;1;0;0;-3,751351486;-38,51522581
345035;10;4;2019;21:46;0;AV PERIMETRAL;;;854;;Colisão;;;;Meio de Quadra;;;0;2;0;0;0;0;0;0;0;1;0;0;;
345036;10;4;2019;22:19;0;RUA ALUISIO AZEVEDO;;;;;Queda;;;;Meio de Quadra;;;0;2;0;0;0;0;0;0;0;1;0;0;;
345990;10;4;2019;09:02;0;AV IMPERADOR;;;545;;Choque c/ Obstáculo Fixo;Luz do Dia;;;Meio de Quadra;;;0;1;1;0;0;0;0;1;0;0;0;0;-3,725578;-38,533977
346004;11;4;2019;07:22;0;RUA JURANDIR L ALENCAR;;;586;;Atropelamento;Luz do Dia;;;Meio de Quadra;;;0;1;1;0;0;0;0;0;0;1;0;0;-3,72332;-38,58265