COD_ACIDENTE;DIA;MES;ANO;HORA;INTERSECAO;LOG1;LOG2;LOG3;NUMERO;REFERENCIA;NATUREZA;ILUMINACAO;TEMPO;SUPERFICIEPISTA;TIPOCRUZAMENTO;CONTROLETRAFEGO;USOSOLO;MORTOS;FERIDOS;ILESOS;AUTOMOVEL;ONIBUS;BICICLETA;CAMINHAO;MICROONIBUS;CICLOMOTOR;MOTOCICLETA;TRACAOANIMAL;TREM;LATITUDE;LONGITUDE
345768;11;4;2019;14:12;0;AV FRANCISCO SA;;;4724;;Queda;Luz do Dia;;;Meio de Quadra;;;0;1;0;0;0;0;0;0;0;1;0;0;-3,714222357;-38,56672629
345769;11;4;2019;15:51;0;RUA QUIXADA D06;;;400;;Queda;Luz do Dia;;;Meio de Quadra;;;0;1;0;0;0;0;0;0;0;1;0;0;-3,8295978;-38,5709957
345770;11;4;2019;16:19;5108;RUA PRC ISABEL;RUA SAO PAULO;;;;Colisão;Luz do Dia;;;Cruz;Pare;Comercial;0;1;1;1;0;0;0;0;0;1;0;0;-3,723679;-38,534619
345771;11;4;2019;17:11;0;RUA FRANCISCO JOSE A PEREIRA;;;211;;Colisão;Anoitecer;;;Meio de Quadra;;;0;1;0;1;0;0;0;0;0;1;0;0;-3,811852249;-38,50266201
345772;11;4;2019;17:13;1716;AV GOV RAUL BARBOSA;RUA CAP ARAGAO;;;;Queda;Anoitecer;;;;;;0;1;0;0;0;0;0;0;0;1;0;0;-3,763977;-38,508802
345773;11;4;2019;17:44;0;RUA ERICO MOTA;;;588;;Colisão;Anoitecer;;;Meio de Quadra;;;0;1;1;1;0;1;0;0;0;0;0;0;-3,7415398;-38,56168
345774;11;4;2019;18:45;0;AV PRO JOSE ARTHUR CARVALHO;;;;;Colisão;;;;Meio de Quadra;;;0;1;1;1;0;0;0;0;0;1;0;0;;
345775;11;4;2019;20:32;0;RUA OSCAR ARARIPE;;;3781;;Queda;;;;Meio de Quadra;;;0;1;0;0;0;1;0;0;0;0;0;0;-3,783435;-38,624525
345776;11;4;2019;20:45;0;RUA SABIAGUABA;;;3500;;Atropelamento;;;;Meio de Quadra;;;0;1;1;0;0;0;0;0;0;1;0;0;-3,7966221;-38,4502541
345777;11;4;2019;21:20;23347;RUA JOSE VILAR;RUA EDUARDO BEZERRA;;;;Queda;;;;Cruz;Pare;Residencial;0;1;0;0;0;0;0;0;0;1;0;0;-3,753529;-38,51037
345778;11;4;2019;23:02;0;AV JOSE TAVARES;;;1377;;Colisão;;;;Meio de Quadra;;;0;1;1;0;0;0;0;0;0;0;0;0;;
345039;11;4;2019;06:22;0;AV PERIMETRAL;;;;;Colisão;Luz do Dia;;;Meio de Quadra;;;0;1;1;1;0;0;0;0;0;0;0;0;;
345311;11;4;2019;07:22;0;AV AGUANAMBI;;;;;Colisão;Luz do Dia;;;Meio de Quadra;;;0;1;1;1;0;0;0;0;0;1;0;0;;
345314;11;4;2019;07:35;0;RUA FRANCISCA MARIA DA CONCEICAO;;;580;BOMBEIROS;Colisão;Luz do Dia;;;Meio de Quadra;;;0;1;1;0;0;0;0;0;0;1;0;0;-3,8405565;-38,5679435
345315;11;4;2019;07:42;0;RUA VIS MAUA;;;905;;Atropelamento;Luz do Dia;;;Meio de Quadra;;;0;1;1;1;0;0;0;0;0;0;0;0;-3,733909;-38,498715
345316;11;4;2019;08:02;0;AV GOV RAUL BARBOSA;;;3465;;Colisão;Luz do Dia;;;Meio de Quadra;;;0;1;1;0;0;0;0;0;0;0;0;0;-3,7615147;-38,507182
345319;11;4;2019;08:21;0;AV EDILSON B SOARES;;;781;;Colisão;Luz do Dia;;;Meio de Quadra;;;0;2;0;1;0;0;0;0;0;1;0;0;-3,7893144;-38,4789562
345324;11;4;2019;08:42;0;AV JOSE BASTOS;;;;;Atropelamento;Luz do Dia;;;Meio de Quadra;;;0;1;1;0;0;0;0;0;0;1;0;0;;
345325;11;4;2019;09:42;0;RUA DNA LUCIA PINHEIRO (QUINTINO CUNHA);;;385;;Colisão;Luz do Dia;;;Meio de Quadra;;;0;1;1;1;0;0;0;0;0;1;0;0;;
345327;11;4;2019;09:47;0;AV FRANCISCO SA;;;4307;;Colisão;Luz do Dia;;;Meio de Quadra;;;0;1;1;1;0;0;0;0;0;1;0;0;-3,7153399;-38,5634137
345329;11;4;2019;10:03;0;AV EDUARDO GIRAO;;;;;Colisão;Luz do Dia;;;Meio de Quadra;;;0;1;1;1;0;0;0;0;0;1;0;0;;
345330;11;4;2019;12:17;0;AV DOS EXPEDICIONARIOS;;;3260;;Colisão;Luz do Dia;;;Meio de Quadra;;;0;1;1;1;0;0;0;0;0;1;0;0;-3,74726;-38,53577
345331;11;4;2019;14:04;7926;RUA BARBOSA DE FREITAS;AV ANTONIO SALES;;;;Colisão;Luz do Dia;;;Cruz;Semáforo;Comercial;0;1;1;1;0;0;0;0;0;1;0;0;-3,746051;-38,500407
339852;11;4;2019;09:06;15792;RUA CEL FRANCISCO PEREIRA (MESSEJANA);RUA PERGENTINO MAIA;;;;Colisão Transversal;Luz do Dia;Nublado;Seca;Cruz;Pare;Comercial;0;1;2;1;1;0;0;0;0;0;0;0;-3,830868;-38,492803
343020;11;4;2019;08:00;0;RD BR 116;;;3000;KM-03;Colisão;Luz do Dia;;;Meio de Quadra;;;0;1;2;0;0;1;0;0;0;0;0;0;-3,779838;-38,514372
343021;11;4;2019;13:23;0;RD BR 222;;;4895;KM-02;Colisão Traseira;Luz do Dia;;;Meio de Quadra;;;0;1;1;1;0;0;0;0;0;1;0;0;-3,7403624;-38,5969961
342740;11;4;2019;08:19;22701;RUA TAB JOAQUIM COELHO;RUA MARIO ALENCAR ARARIPE;;;;Colisão Transversal;Luz do Dia;;;Cruz;Pare;Residencial;1;0;1;1;0;0;0;0;0;1;0;0;-3,796826;-38,478147
346974;11;4;2019;13:20;0;AV ALBERTO NEPOMUCENO;;;77;;Colisão;Luz do Dia;;;Meio de Quadra;;;0;0;2;0;0;0;0;0;0;0;0;0;-3,722081;-38,523662
346976;11;4;2019;22:03;0;RUA FCO JOSE A PEREIRA;;;267;;Colisão;;;;Meio de Quadra;;;0;0;2;0;0;0;0;0;0;0;0;0;-3,8223864;-38,607938
346977;11;4;2019;08:00;0;AV AGUANAMBI;;;;;Colisão;Luz do Dia;;;Meio de Quadra;;;0;0;2;0;1;0;0;0;0;0;0;0;;
343672;11;4;2019;03:22;0;AV BORGES DE MELO;;;1277;;Choque c/ Obstáculo Fixo;Via Iluminada;Bom;Seca;Outros;Não Há Controle;Residencial;0;0;1;1;0;0;0;0;0;0;0;0;-3,760118;-38,529837
343674;11;4;2019;07:46;0;AV AGUANAMBI;;;0;ROTATÓRIA;Colisão Transversal;Luz do Dia;Nublado;Seca;Outros;Semáforo;Comercial;0;0;2;1;0;0;0;0;0;1;0;0;;
343675;11;4;2019;06:44;0;RUA PDE PEDRO DE ALENCAR;;;1791;;Colisão Transversal;Luz do Dia;Chuva;Molhada;Meio de Quadra;Dê Preferência;Comercial;0;1;1;1;0;0;0;0;0;1;0;0;-3,843805;-38,494382
343676;11;4;2019;09:18;6742;RUA CESAR FONSECA;RUA VILEBALDO AGUIAR;;0;;Colisão Transversal;Luz do Dia;Chuva;Molhada;Cruz;Pare;Residencial;0;0;2;1;0;0;0;0;0;0;0;0;-3,745131;-38,473588
343677;11;4;2019;10:00;0;AV TRISTAO GONCALVES;;;368;;Queda;Luz do Dia;Bom;Seca;Meio de Quadra;Não Há Controle;Comercial;0;1;0;0;0;0;0;0;0;1;0;0;-3,725123318;-38,53260773
343678;11;4;2019;13:41;0;AV 13 DE MAIO;;;441;;Colisão Traseira;Luz do Dia;Bom;Seca;Meio de Quadra;Semáforo;Comercial;0;1;1;1;0;0;0;0;0;1;0;0;-3,752733;-38,52533659
343679;11;4;2019;11:39;6743;RUA ALMEIDA PRADO;AV SANTOS DUMONT;;;;Colisão Transversal;Luz do Dia;Bom;Seca;Meio de Quadra;Não Há Controle;Comercial;0;1;1;1;0;0;0;0;0;1;0;0;-3,743712;-38,475153
343680;11;4;2019;18:15;25683;RUA DAMASCENO GIRAO;RUA ANTONIO MENDES (JD AMERICA);;0;;Colisão Lateral;Anoitecer;Bom;Seca;Cruz;Pare;Residencial;0;1;1;1;0;0;0;0;0;0;0;0;-3,75151;-38,539797
343681;11;4;2019;20:59;0;RUA FRANCISCO JOSE A PEREIRA;;;285;;Colisão Transversal;Luz do Dia;Bom;Molhada;Meio de Quadra;Não Há Controle;Residencial;0;1;1;0;0;0;0;0;0;1;0;0;-3,811856918;-38,50332766
343682;11;4;2019;17:46;0;AV BORGES DE MELO;;;100;;Não Informado;Anoitecer;Bom;Seca;Meio de Quadra;Semáforo;Escola;0;0;1;0;1;0;0;0;0;0;0;0;-3,752853;-38,538433
343683;12;4;2019;09:28;0;RUA TRAJANO ALVES DE AGUIAR;RUA DES AVELAR;;0;;Colisão Traseira;Luz do Dia;Bom;Seca;Meio de Quadra;Pare;Residencial;0;1;1;0;0;0;0;0;0;1;0;0;-3,7941423;-38,4925638
343684;12;4;2019;08:59;0;RUA MON SABINO FEIJAO;;;1701;;Choque c/ Obstáculo Fixo;Amanhecer;Bom;Seca;Meio de Quadra;Não Há Controle;Residencial;0;1;0;1;0;0;0;0;0;0;0;0;-3,799369;-38,598877
343685;12;4;2019;10:36;0;RUA BARBARA DE ALENCAR;;;0;;Colisão Lateral;Luz do Dia;Bom;Seca;Meio de Quadra;Pare;Comercial;0;1;1;1;0;0;0;0;0;1;0;0;;
343686;12;4;2019;17:16;0;RUA JUA;;;1727;;Colisão Lateral;Luz do Dia;Bom;Seca;Meio de Quadra;Não Há Controle;Residencial;0;1;0;1;0;0;0;0;0;1;0;0;-3,8415632;-38,517807
343687;12;4;2019;18:29;19168;RUA LAURO NOGUEIRA;RUA ZAMENHOF;;;;Colisão Transversal;Anoitecer;Bom;Seca;T;Pare;Residencial;0;1;1;0;0;1;0;0;0;0;0;0;-3,741026;-38,475372
343136;12;4;2019;08:00;0;ACESSO F UI 401;;;2;;Colisão;Luz do Dia;;;Meio de Quadra;;;0;3;0;1;0;0;0;0;0;0;0;0;-3,801523;-38,51069
343699;12;4;2019;10:29;17359;RUA IRM BAZET;AV PRO GOMES DE MATOS;;;;Colisão Transversal;Luz do Dia;Bom;Seca;Cruz;Pare;Comercial;0;1;1;1;0;0;0;0;0;1;0;0;-3,766045;-38,54981
346979;12;4;2019;09:05;14679;AV OLIVEIRA PAIVA;RUA PDE JANUARIO CAMPOS;;;;Colisão;Luz do Dia;;;Cruz;Semáforo;Comercial;0;0;2;0;0;0;0;0;0;0;0;0;-3,796018;-38,489646
346734;12;4;2019;16:39;0;AV DEP PAULINO ROCHA;;;2180;;Colisão;Luz do Dia;;;Meio de Quadra;;;0;1;1;0;0;0;0;0;0;0;0;0;-3,810811;-38,516682
346744;12;4;2019;11:02;0;RD QUARTO ANEL VIARIO;;;;;Colisão;Luz do Dia;;;Meio de Quadra;;;0;1;1;1;0;0;0;0;0;1;0;0;;
346712;12;4;2019;23:14;0;AV DEP PAULINO ROCHA;;;1311;;Colisão;;;;Meio de Quadra;;;0;1;1;0;0;0;0;0;0;0;0;0;-3,808586367;-38,50863609
346713;12;4;2019;23:07;0;RUA PDE ANTONIO NUNES GURGEL;;;110;;Queda;;;;Meio de Quadra;;;0;1;0;0;0;0;0;0;0;1;0;0;-3,77298;-38,59266
346719;12;4;2019;21:31;0;AV SEN CARLOS JEREISSATI (AEROPORTO);;;;;Queda;;;;Meio de Quadra;;;0;1;0;0;0;0;0;0;0;1;0;0;;
346721;12;4;2019;20:23;3863;RUA SEN POMPEU;AV 13 DE MAIO;;;;Queda;;;;;;;0;1;0;0;0;1;0;0;0;0;0;0;-3,744515;-38,534969
346727;12;4;2019;19:11;0;AV IMPERADOR;;;1347;;Queda;;;;Meio de Quadra;;;0;1;0;0;0;0;0;0;0;1;0;0;-3,733045;-38,536179
346723;12;4;2019;19:23;0;AV DA INDEPENDENCIA;;;1720;;Atropelamento;;;;Meio de Quadra;;;0;1;1;0;0;0;0;0;0;1;0;0;-3,725549;-38,595586
343030;12;4;2019;10:30;0;RD BR 116;;;9000;KM-09;Colisão;Luz do Dia;;;Meio de Quadra;;;0;0;2;1;0;0;0;0;0;0;0;0;-3,830837;-38,504865
343056;12;4;2019;16:45;0;RD BR 116;;;3000;KM-03;Tombamento;Luz do Dia;;;Meio de Quadra;;;0;1;0;0;0;0;0;0;0;1;0;0;-3,779838;-38,514372
345779;12;4;2019;04:39;0;TR LUCIANO QUEIROZ;;;893;;Queda;;;;Meio de Quadra;;;0;1;0;0;0;0;0;0;0;1;0;0;;
345792;12;4;2019;05:49;0;AV SEN CARLOS JEREISSATI (AEROPORTO);;;;;Queda;Amanhecer;;;Meio de Quadra;;;0;1;0;0;0;0;0;0;0;1;0;0;;
345795;12;4;2019;06:13;0;RUA RIO GRANDE DO SUL;;;1344;;Colisão;Luz do Dia;;;Meio de Quadra;;;0;1;1;0;0;0;0;0;0;0;0;0;-3,760011;-38,568467
345799;12;4;2019;07:39;17397;RUA ROMEU MARTINS;AV PRO GOMES DE MATOS;;;;Colisão;Luz do Dia;;;Cruz;Pare;Comercial;0;1;1;1;0;0;0;0;0;1;0;0;-3,767447;-38,551023
346002;12;4;2019;12:54;0;AV PRS CASTELO BRANCO;;;2031;;Colisão;Luz do Dia;;;Meio de Quadra;;;0;1;1;1;0;0;0;0;0;1;0;0;-3,714758714;-38,54595693
346039;12;4;2019;16:39;0;AV N CJ JOSE WALTER;;;141;;Colisão;Luz do Dia;;;Meio de Quadra;;;0;1;1;0;0;1;0;0;0;1;0;0;-3,7722466;-38,5036583
346032;12;4;2019;14:40;0;AV JOSE JATAHY;;;630;;Colisão;Luz do Dia;;;Meio de Quadra;;;0;1;1;1;0;0;0;0;0;1;0;0;-3,7269246;-38,545492
346034;12;4;2019;14:44;9039;RUA PDE MIGUELINHO;RUA BAR RIO BRANCO;;;;Colisão;Luz do Dia;;;Cruz;Pare;Escola;0;1;1;1;0;0;0;0;0;1;0;0;-3,742749;-38,53346
346061;12;4;2019;13:39;0;AV WASHINGTON SOARES;;;2559;;Queda;Luz do Dia;;;Meio de Quadra;;;0;1;0;0;0;0;0;0;0;1;0;0;-3,8270537;-38,4820068
346063;12;4;2019;14:44;1273;AV SANTOS DUMONT;RUA DR JOSE LOURENCO;;;;Colisão;Luz do Dia;;;Cruz;Pare;Comercial;0;2;0;1;0;0;0;0;0;1;0;0;-3,733299;-38,50738
346066;12;4;2019;18:49;0;RUA EQUADOR;;;1033;;Colisão;;;;Meio de Quadra;;;0;1;1;0;0;1;0;0;0;1;0;0;-3,777177652;-38,55342257
346069;12;4;2019;19:19;0;AV MR HULL;;;;;Colisão;;;;Meio de Quadra;;;0;2;0;0;0;1;0;0;0;1;0;0;;
346073;12;4;2019;14:48;0;RUA DR JUSTA ARAUJO D45;;;512;;Colisão;Luz do Dia;;;Meio de Quadra;;;0;1;1;1;0;0;0;0;0;0;0;0;-3,780270423;-38,551683
346075;12;4;2019;15:36;0;AV JOAO PESSOA;;;5883;;Colisão;Luz do Dia;;;Meio de Quadra;;;0;1;0;0;0;0;0;0;0;0;0;0;-3,761747;-38,557535
345982;12;4;2019;10:34;0;RD BR 116;;;10040;;Colisão;Luz do Dia;;;Meio de Quadra;;;0;1;1;1;0;0;1;0;0;0;0;0;;
345961;12;4;2019;07:59;0;AV ENG HUMBERTO MONTE;;;1601;;Colisão;Luz do Dia;;;Meio de Quadra;;;0;1;1;0;0;0;0;0;0;1;0;0;-3,746582;-38,56259471
345964;12;4;2019;08:03;0;AV PERIMETRAL;;;3000;;Queda;Luz do Dia;;;Meio de Quadra;;;0;1;0;0;0;0;0;0;0;1;0;0;;
345967;12;4;2019;08:00;0;RUA BERNARDO MANUEL;;;7593;;Atropelamento;Luz do Dia;;;Meio de Quadra;;;0;1;1;0;0;0;0;0;0;1;0;0;-3,784561;-38,547074
345969;12;4;2019;08:31;0;AV CASTELO DE CASTRO;;;3041;;Queda;Luz do Dia;;;Meio de Quadra;;;0;1;0;0;0;0;0;0;0;1;0;0;-3,8519238;-38,5234621
345970;12;4;2019;09:07;0;RUA BERNARDO MANUEL;;;;;Atropelamento;Luz do Dia;;;Meio de Quadra;;;0;1;1;0;0;0;0;0;0;1;0;0;;
345972;12;4;2019;09:46;5463;RUA BARBARA DE ALENCAR;RUA DNA LEOPOLDINA;;;;Colisão;Luz do Dia;;;Cruz;Pare;Comercial;0;1;1;1;0;0;0;0;0;1;0;0;-3,735695;-38,521102
345977;12;4;2019;10:09;0;AV PRS CASTELO BRANCO;;;;;Colisão;Luz do Dia;;;Meio de Quadra;;;0;1;1;1;0;0;0;0;0;1;0;0;;
346416;12;4;2019;13:00;0;RUA GUARAPARI;;;1200;;Atropelamento;Luz do Dia;;;Meio de Quadra;;;1;0;0;0;0;0;0;0;0;1;0;0;-3,81876;-38,61812
346094;12;4;2019;16:44;0;RUA JABORANDI;;;1772;;Colisão;Luz do Dia;;;Meio de Quadra;;;0;1;0;0;0;0;0;0;0;0;0;0;-3,842053;-38,51820767
346097;12;4;2019;16:46;0;RD BR 116;;;3000;KM-03;Atropelamento;Luz do Dia;;;Meio de Quadra;;;0;1;0;0;0;0;0;0;0;1;0;0;-3,779838;-38,514372
346101;12;4;2019;18:10;0;RUA HIPOLITO PAMPLONA;;;400;;Atropelamento;Anoitecer;;;Meio de Quadra;;;0;1;1;0;0;0;0;0;0;1;0;0;-3,744976957;-38,59612452
346099;13;4;2019;18:14;22665;AV ENG LEAL LIMA VERDE (SAPIRANGA/COITE);AV COS GOMES DE FREITAS (SAPIRANGA/COITE);;;;Colisão;Anoitecer;;;Rotatória;Dê Preferência;Escola;0;1;1;1;0;1;0;0;0;0;0;0;-3,795341;-38,475739
346107;13;4;2019;20:13;0;LOGRADOURO SEM NOME;;;;;Atropelamento;;;;Meio de Quadra;;;0;1;1;1;0;0;0;0;0;0;0;0;;
346109;13;4;2019;20:17;0;RUA CAP OLAVO;;;78;;Queda;;;;Meio de Quadra;;;0;1;0;0;0;1;0;0;0;0;0;0;-3,762966591;-38,51630977
346110;13;4;2019;21:33;0;RUA PASSEIO DOS CAJUEIROS;;;1509;;Atropelamento;;;;Meio de Quadra;;;0;1;1;1;0;0;0;0;0;0;0;0;;
346096;13;4;2019;18:13;0;RUA SGT JOAO PINHEIRO;;;;;Queda;Anoitecer;;;Meio de Quadra;;;0;1;1;0;0;0;0;0;0;1;0;0;;
346091;13;4;2019;17:08;0;RUA ALUISIO AZEVEDO;;;599;;Colisão;Anoitecer;;;Meio de Quadra;;;0;1;1;1;0;0;0;0;0;1;0;0;-3,770664;-38,578296
346081;13;4;2019;14:08;266;AV JOVITA FEITOSA;RUA ERICO MOTA;;;;Atropelamento;Luz do Dia;;;Cruz;Semáforo;Residencial;0;1;1;1;0;0;0;0;0;0;0;0;-3,740938;-38,56185
346089;13;4;2019;16:58;0;RUA RIO ARAGUAIA;;;240;;Colisão;Luz do Dia;;;Meio de Quadra;;;0;1;1;1;0;0;0;0;0;1;0;0;-3,719063923;-38,58151154
346074;13;4;2019;07:09;0;AV JOSE BASTOS;;;3390;;Queda;Luz do Dia;;;Meio de Quadra;;;0;1;0;0;0;0;0;0;0;1;0;0;-3,7482325;-38,5487826
346077;13;4;2019;11:00;5162;RUA SAO PAULO;RUA GAL SAMPAIO;;;;Atropelamento;Luz do Dia;;;Cruz;Semáforo;Comercial;0;1;1;0;0;0;0;0;0;1;0;0;-3,725134;-38,530266
346079;13;4;2019;13:29;0;AV PRS CASTELO BRANCO;;;;;Colisão;Luz do Dia;;;;;;0;1;1;0;1;1;0;0;0;0;0;0;;
339858;13;4;2019;07:53;10775;RUA JOCKEY CLUBE;RUA TUPI D35;;;;Colisão Transversal;Luz do Dia;Bom;Seca;Cruz;Pare;Residencial;0;1;1;1;0;0;0;0;0;1;0;0;-3,762117;-38,579897
346705;13;4;2019;09:15;0;RUA DOM PEDRO II;;;60;;Colisão;Luz do Dia;;;Meio de Quadra;;;0;1;1;1;0;0;0;0;0;1;0;0;-3,780587476;-38,56895705
346708;13;4;2019;07:42;0;AV DIOGUINHO;;;5741;;Colisão;Luz do Dia;;;Meio de Quadra;;;0;1;1;1;0;1;0;0;0;0;0;0;-3,764086;-38,441968
346709;13;4;2019;05:56;0;AV ENG HUMBERTO MONTE;;;1981;;Queda;Amanhecer;;;Meio de Quadra;;;0;1;0;0;0;0;0;0;0;1;0;0;-3,743796;-38,564826
346710;13;4;2019;00:54;0;AV GODOFREDO MACIEL;;;5742;;Queda;;;;Meio de Quadra;;;0;1;0;0;0;1;0;0;0;0;0;0;-3,824808814;-38,57894697
346711;13;4;2019;00:16;0;AV GOV PARSIFAL BARROSO;;;;;Colisão;;;;Meio de Quadra;;;0;1;1;0;0;0;0;0;0;0;0;0;;
346696;13;4;2019;14:07;0;RUA SUICA;;;265;;Colisão;Luz do Dia;;;Meio de Quadra;;;0;1;1;0;0;0;0;0;0;0;0;0;-3,79344984;-38,57252996
346702;13;4;2019;11:18;0;TR BARRETO;;;2773;;Queda;Luz do Dia;;;Meio de Quadra;;;0;1;0;0;0;0;0;0;0;1;0;0;;
346703;13;4;2019;11:12;11068;RUA EQUADOR;RUA ALEMANHA;;;;Colisão;Luz do Dia;;;Cruz;Pare;Residencial;0;2;0;1;0;0;0;0;0;1;0;0;-3,783589;-38,556406
346664;13;4;2019;23:32;0;AV GODOFREDO MACIEL;;;4015;;Colisão;;;;Meio de Quadra;;;0;1;1;1;0;0;0;0;0;1;0;0;-3,810062667;-38,57417106
346665;13;4;2019;23:26;0;AV PRO JOSE ARTHUR CARVALHO;;;2111;;Colisão;;;;Meio de Quadra;;;0;1;1;1;0;0;0;0;0;1;0;0;-3,825025;-38,461354
346666;13;4;2019;22:33;0;RUA PEDRO DANTAS;;;130;;Queda;;;;Meio de Quadra;;;0;2;0;0;0;0;0;0;0;1;0;0;-3,786448704;-38,51888304
346667;13;4;2019;22:28;0;AV JOVITA FEITOSA;;;;;Colisão;;;;Meio de Quadra;;;0;1;1;1;0;0;0;0;0;1;0;0;;
346668;13;4;2019;22:04;0;RD BR 116;;;8000;KM-08;Queda;;;;Meio de Quadra;;;0;1;0;0;0;0;0;0;0;1;0;0;-3,822018;-38,503269
346669;13;4;2019;21:57;7183;AV PASTEUR;RUA NOSSA SRA DAS GRACAS;;;;Atropelamento;;;;Cruz;Não Há Controle;Residencial;0;1;1;1;0;0;0;0;0;0;0;0;-3,708729;-38,558168
346670;13;4;2019;21:43;0;AV CEL CARVALHO;;;837;;Colisão;;;;Meio de Quadra;;;0;1;1;0;0;0;0;0;0;1;0;0;-3,709812;-38,589859
346672;13;4;2019;21:30;9132;RUA JAIME BENEVOLO;AV 13 DE MAIO;;;;Queda;;;;Cruz;Semáforo;Comercial;0;1;0;0;0;0;0;0;0;1;0;0;-3,748122;-38,530741
346673;13;4;2019;21:00;0;RUA NENEN ARRUDA;;;1433;;Queda;;;;Meio de Quadra;;;0;1;0;0;0;0;0;0;0;1;0;0;-3,82239;-38,47549
346681;13;4;2019;20:01;0;RUA LEITAO CERQUEIRA;;;400;;Colisão;;;;Meio de Quadra;;;0;1;1;1;0;0;0;0;0;1;0;0;-3,82928;-38,56422
346682;13;4;2019;17:53;5364;AV TRISTAO GONCALVES;RUA GAL CLARINDO DE QUEIROZ;;;;Colisão;Anoitecer;;;Cruz;Semáforo;Comercial;0;1;1;0;0;0;0;0;0;1;0;0;-3,731314;-38,534472
346683;13;4;2019;17:41;0;AV JOSE BASTOS;;;3950;;Colisão;Anoitecer;;;Meio de Quadra;;;0;1;1;0;0;0;0;0;0;0;0;0;-3,7526255;-38,553085
346685;13;4;2019;15:41;0;AV GODOFREDO MACIEL;;;4190;;Colisão;Luz do Dia;;;Meio de Quadra;;;0;2;1;1;0;0;0;0;0;1;0;0;-3,8110495;-38,5745829
346986;13;4;2019;11:45;0;RUA MARCILIO DIAS;;;;;Colisão;Luz do Dia;;;Meio de Quadra;;;0;0;2;0;0;0;0;0;0;0;0;0;;
346984;13;4;2019;12:10;11856;AV FRANCISCO SA;RUA JOSE PINTO DO CARMO;;;;Colisão;Luz do Dia;;;Cruz;Semáforo;Residencial;0;0;2;0;1;0;0;0;0;0;0;0;-3,721324;-38,545407
343818;13;4;2019;06:50;13374;AV ANTONIO SALES;RUA NOSSA SRA DA PIEDADE;;;;Colisão;Luz do Dia;Bom;Seca;Cruz;Pare;Comercial;0;1;1;1;0;0;0;0;0;1;0;0;-3,739378;-38,521867
343141;13;4;2019;08:05;0;ACESSO F UI 401;;;0;;Colisão;Luz do Dia;;;Meio de Quadra;;;0;2;0;1;0;0;0;0;0;1;0;0;;
343142;13;4;2019;13:50;0;ACESSO F UI 401;;;2;;Colisão;Luz do Dia;;;Meio de Quadra;;;0;2;0;1;0;0;0;0;0;0;0;0;-3,801523;-38,51069
343199;13;4;2019;21:50;25435;AV ALBERTO CRAVEIRO;RUA PAULA FRANCINETE;;;;Colisão;;;;T;Não Há Controle;Comercial;1;0;1;0;0;0;0;0;0;1;0;0;-3,795238;-38,518044
343688;13;4;2019;08:46;8025;AV JOAO PESSOA;RUA PRO COSTA MENDES;;;;Colisão Transversal;Luz do Dia;Bom;Seca;Cruz;Semáforo;Comercial;0;0;2;1;0;0;0;0;0;0;0;0;-3,752393;-38,549441
343689;13;4;2019;08:40;9132;AV 13 DE MAIO;RUA JAIME BENEVOLO;;;;Colisão;Luz do Dia;Nublado;Molhada;Cruz;Semáforo;Comercial;0;1;2;1;0;0;0;0;0;1;0;0;-3,748122;-38,530741
343690;13;4;2019;08:08;5292;RUA GONCALVES LEDO;RUA COSTA BARROS;;0;;Colisão Lateral;Luz do Dia;Bom;Seca;Cruz;Pare;Comercial;0;0;1;1;0;0;0;0;0;0;0;0;-3,729088;-38,515426
343691;13;4;2019;14:02;1520;AV JULIO VENTURA;RUA NUNES VALENTE;;;;Colisão Traseira;Luz do Dia;Bom;Seca;Cruz;Semáforo;Comercial;0;1;2;1;0;0;0;0;0;1;0;0;-3,740301;-38,505037
343692;13;4;2019;12:10;22009;RUA TIRADENTES;RUA FRANCISCA CLOTILDE;;;;Colisão Transversal;Luz do Dia;Bom;Seca;Cruz;Pare;Residencial;0;1;1;1;0;0;0;0;0;1;0;0;-3,74047;-38,550861
343693;13;4;2019;19:35;23458;RUA PAULO FIRMEZA;RUA PRO CARVALHO;;;;Colisão Transversal;Via Iluminada;Bom;Seca;Cruz;Gesto;Comercial;0;1;2;1;0;0;0;0;0;0;0;0;-3,757232;-38,514078
343694;14;4;2019;15:08;22176;AV ENG HUMBERTO MONTE;AV JOSE BASTOS;;;;Colisão Traseira;Luz do Dia;Nublado;Seca;Meio de Quadra;Semáforo;Comercial;0;1;1;1;0;0;0;0;0;0;0;0;-3,754966;-38,555455
343695;14;4;2019;16:38;0;RUA BERNARDO MANUEL;;;10231;;Colisão Traseira;Luz do Dia;Bom;Seca;Meio de Quadra;Não Há Controle;Comercial;0;0;3;1;0;0;0;0;0;0;0;0;-3,808745581;-38,5544935
343696;14;4;2019;20:20;0;AV SGT HERMINIO SAMPAIO;;;3364;;Colisão Frontal;Via Iluminada;Bom;Seca;Meio de Quadra;Não Há Controle;Residencial;0;1;1;1;0;0;0;0;0;1;0;0;-3,728287;-38,57096