COD_ACIDENTE;DIA;MES;ANO;HORA;INTERSECAO;LOG1;LOG2;LOG3;NUMERO;REFERENCIA;NATUREZA;ILUMINACAO;TEMPO;SUPERFICIEPISTA;TIPOCRUZAMENTO;CONTROLETRAFEGO;USOSOLO;MORTOS;FERIDOS;ILESOS;AUTOMOVEL;ONIBUS;BICICLETA;CAMINHAO;MICROONIBUS;CICLOMOTOR;MOTOCICLETA;TRACAOANIMAL;TREM;LATITUDE;LONGITUDE
343697;14;4;2019;22:46;0;RUA JOSE MESSIAS MATOS;;;580;;Colisão Frontal;Via Iluminada;Bom;Molhada;Meio de Quadra;Pare;Comercial;0;0;2;1;0;0;0;0;0;0;0;0;-3,7963514;-38,516544
346987;14;4;2019;16:35;0;RD BR 116;;;;KM-06;Colisão;Luz do Dia;;;Meio de Quadra;;;0;0;2;0;0;0;0;0;0;0;0;0;-3,804691;-38,503053
346988;14;4;2019;20:20;0;AV OLIVEIRA PAIVA;;;;;Colisão;;;;Meio de Quadra;;;0;0;2;0;0;0;0;0;0;0;0;0;;
346655;14;4;2019;17:51;0;RUA GONCALO SOUTO;;;429;;Queda;Anoitecer;;;Meio de Quadra;;;0;1;0;0;0;0;0;0;0;1;0;0;-3,768618875;-38,53072363
346656;14;4;2019;12:36;0;AV DR SILAS MUNGUBA;;;4821;;Colisão;Luz do Dia;;;Meio de Quadra;;;0;3;0;0;0;0;0;0;0;1;0;0;-3,795318797;-38,53281691
346661;14;4;2019;07:25;0;AV PERIMETRAL;;;169;;Colisão;Luz do Dia;;;Meio de Quadra;;;0;1;1;1;0;1;0;0;0;0;0;0;;
346662;14;4;2019;02:39;0;AV BORGES DE MELO;;;;;Queda;;;;Meio de Quadra;;;0;1;0;0;0;0;0;0;0;1;0;0;;
346663;14;4;2019;01:49;0;RUA BEIJA FLOR;;;30;;Queda;;;;Meio de Quadra;;;0;1;0;0;0;0;0;0;0;1;0;0;-3,784724231;-38,50682938
346620;14;4;2019;23:18;0;AV GODOFREDO MACIEL;;;;;Queda;;;;Meio de Quadra;;;0;1;0;0;0;0;0;0;0;1;0;0;;
346621;14;4;2019;20:04;0;AV GAL OSORIO DE PAIVA;;;4467;;Colisão;;;;Meio de Quadra;;;0;2;0;0;0;0;0;0;0;1;0;0;-3,797619643;-38,59517029
346622;14;4;2019;22:49;0;RUA ANTONIO ARRUDA;;;1138;;Colisão;;;;Meio de Quadra;;;0;1;1;1;0;0;0;0;0;1;0;0;-3,717564;-38,593259
346623;14;4;2019;21:22;17678;RUA JOSE PEDRA;RUA MAJ TELESFORO;;;;Colisão;;;;Cruz;Não Há Controle;Residencial;0;1;1;1;0;0;0;0;0;1;0;0;-3,798287;-38,55052
346624;14;4;2019;21:14;0;RUA JANDIRA;;;465;;Atropelamento;;;;Meio de Quadra;;;0;1;1;1;0;0;0;0;0;0;0;0;-3,71109;-38,58657
346650;14;4;2019;19:29;0;AV SORIANO ALBUQUERQUE;;;67;;Colisão;;;;Meio de Quadra;;;0;1;1;0;0;0;0;0;0;0;0;0;-3,7475562;-38,5208378
346652;14;4;2019;18:37;0;AV CARNEIRO DE MENDONCA;;;;;Colisão;;;;Meio de Quadra;;;0;1;1;1;0;0;0;0;0;1;0;0;;
346653;14;4;2019;18:30;0;RUA SAO FIDELIS D71;;;330;;Atropelamento;Anoitecer;;;Meio de Quadra;;;0;1;1;1;0;0;0;0;0;0;0;0;-3,819850796;-38,59176877
339862;14;4;2019;19:30;0;RUA JACINTO MATOS;;;558;;Choque c/ Obstáculo Fixo;Via Iluminada;Bom;Seca;Meio de Quadra;Outros;Residencial;0;1;2;1;0;0;0;0;0;0;0;0;-3,7159735;-38,546449
339863;14;4;2019;05:50;9243;AV EDUARDO GIRAO;AV DOS EXPEDICIONARIOS;;;;Colisão Traseira;Amanhecer;Chuva;Molhada;Cruz;Semáforo;Comercial;0;1;1;1;0;0;0;0;0;0;0;0;-3,750712;-38,536849
346112;14;4;2019;01:34;0;RUA ACRE;;;282;;Atropelamento;;;;Meio de Quadra;;;0;2;0;0;0;0;0;0;0;1;0;0;-3,757297;-38,56332781
346114;14;4;2019;04:56;0;AV GOV RAUL BARBOSA;;;900;;Queda;;;;Meio de Quadra;;;0;1;0;0;0;0;0;0;0;1;0;0;-3,77306;-38,51262
346115;14;4;2019;08:25;5405;RUA BAR RIO BRANCO;RUA GAL CLARINDO DE QUEIROZ;;;;Colisão;Luz do Dia;;;Cruz;Semáforo;Comercial;0;1;1;1;0;0;0;0;0;1;0;0;-3,732679;-38,530239
346117;14;4;2019;15:05;0;RUA ARTUR DE SOUZA;;;841;;Colisão;Luz do Dia;;;Meio de Quadra;;;0;1;1;1;0;0;0;0;0;1;0;0;-3,8271135;-38,57327161
346119;14;4;2019;15:31;0;RUA EUCLIDES PAULINO BARROSO;;;215;;Atropelamento de Animal;Luz do Dia;;;Meio de Quadra;;;0;1;0;0;0;0;0;0;0;1;0;0;-3,8193675;-38,6114963
346124;14;4;2019;15:39;21850;RUA EMILIA GONCALVES;RUA GAL ALIPIO DOS SANTOS;;;;Atropelamento;Luz do Dia;;;Cruz;Pare;Residencial;0;1;1;1;0;0;0;0;0;0;0;0;-3,731997;-38,593202
346135;14;4;2019;20:16;3767;AV DOMINGOS OLIMPIO;AV IMPERADOR;;;;Colisão;;;;Cruz;Não Há Controle;Comercial;0;1;1;0;0;1;0;0;0;0;0;0;-3,73479;-38,536697
346136;14;4;2019;20:39;0;AL BENEDITAS;;;291;;Queda;;;;Meio de Quadra;;;0;1;0;0;0;0;0;0;0;1;0;0;-3,749173199;-38,47242503
346137;14;4;2019;20:52;0;RUA JOSE MONTEIRO DOS SANTOS;;;1213;;Queda;;;;Meio de Quadra;;;0;1;0;0;0;0;0;0;0;1;0;0;-3,750837438;-38,54999218
346127;14;4;2019;18:30;0;AV GODOFREDO MACIEL;;;4747;;Colisão;Anoitecer;;;Meio de Quadra;;;0;2;0;0;0;1;0;0;0;1;0;0;-3,817197;-38,574641
346133;14;4;2019;20:11;10418;RUA JOSE MENDONCA;AV D CJ CEARA;;;;Colisão;;;;Y;Semáforo;Comercial;0;1;1;0;0;0;0;0;0;1;0;0;-3,761731;-38,603056
346989;15;4;2019;16:40;0;AV SEN CARLOS JEREISSATI (AEROPORTO);;;;KM 01;Colisão;Luz do Dia;;;Meio de Quadra;;;0;0;2;0;0;0;0;0;0;0;0;0;-3,783753;-38,52685
343023;15;4;2019;07:00;0;RD BR 116;;;6000;KM-06;Colisão;Luz do Dia;;;Meio de Quadra;;;0;0;4;1;0;0;0;0;0;1;0;0;-3,804691;-38,503053
342735;15;4;2019;08:20;0;RUA PRO VIRGILIO DE MORAIS;;;450;;Atropelamento;Luz do Dia;;;Meio de Quadra;;;1;0;0;0;0;0;0;0;0;1;0;0;-3,752440582;-38,59688047
343698;15;4;2019;07:11;9024;RUA DR JOAO DE DEUS D11;RUA DOM SEBASTIAO LEME;;0;;Colisão Transversal;Luz do Dia;Chuva;Molhada;Cruz;Pare;Residencial;0;0;2;1;0;0;0;0;0;0;0;0;-3,745333;-38,526391
343223;15;4;2019;08:41;0;RUA DOM CARLOTO TAVORA;;;690;;Colisão;Luz do Dia;;;Meio de Quadra;;;0;1;0;1;0;0;0;0;0;1;0;0;-3,770645426;-38,55402602
343221;15;4;2019;08:06;0;AV LUCIANO CARNEIRO;;;1320;;Queda;Luz do Dia;;;Meio de Quadra;;;0;1;0;0;0;0;0;0;0;1;0;0;-3,759152;-38,534917
343232;15;4;2019;09:54;0;RUA CON DE CASTRO;;;;;Atropelamento;Luz do Dia;;;Meio de Quadra;;;0;1;0;1;0;0;0;0;0;0;0;0;;
343234;15;4;2019;10:51;0;AV MAJ ASSIS;;;1083;;Colisão;Luz do Dia;;;Meio de Quadra;;;0;1;0;1;0;0;0;0;0;1;0;0;-3,7236105;-38,58897733
343235;15;4;2019;11:19;0;AV FRANCISCO SA;;;5662;;Colisão;Luz do Dia;;;Meio de Quadra;;;0;1;0;1;0;0;0;0;0;1;0;0;-3,7113847;-38,57500256
343236;15;4;2019;12:38;0;AV DR ALDY MENTOR;;;;;Colisão;Luz do Dia;;;Meio de Quadra;;;0;1;0;0;0;0;0;0;0;0;0;0;;
343230;15;4;2019;09:06;0;AV GAL OSORIO DE PAIVA;;;;;Colisão;Luz do Dia;;;Meio de Quadra;;;0;1;0;1;0;0;0;0;0;1;0;0;;
343213;15;4;2019;02:48;0;AV GAL OSORIO DE PAIVA;;;;;Colisão;;;;Meio de Quadra;;;0;1;0;0;0;0;0;0;0;1;0;0;;
343214;15;4;2019;06:51;0;RUA VITAL BRASIL;;;;;Colisão;Luz do Dia;;;Meio de Quadra;;;0;1;0;1;0;0;0;0;0;0;0;0;;
343215;15;4;2019;06:57;0;RUA DOM CARLOTO TAVORA;;;1995;;Colisão;Luz do Dia;;;Meio de Quadra;;;0;1;0;1;0;0;0;0;0;1;0;0;;
343216;15;4;2019;07:09;0;AV BEIRA MAR;;;3430;;Queda;Luz do Dia;;;Meio de Quadra;;;0;0;1;0;0;0;0;0;0;1;0;0;-3,724736;-38,4903835
343217;15;4;2019;07:17;17378;RUA ALBERTO MAGNO;RUA ROMEU MARTINS;;;;Colisão;Luz do Dia;;;Cruz;Pare;Comercial;0;0;1;1;0;0;0;0;0;1;0;0;-3,766914;-38,551758
343218;15;4;2019;07:58;1564;RUA CAROLINA SUCUPIRA;RUA LEONARDO MOTA;;;;Colisão;Luz do Dia;;;Cruz;Pare;Residencial;0;1;0;1;0;0;0;0;0;1;0;0;-3,741825;-38,497995
343219;15;4;2019;08:04;0;AV WASHINGTON SOARES;;;5300;;Colisão;Luz do Dia;;;Meio de Quadra;;;0;1;0;1;0;0;0;0;0;1;0;0;-3,805722;-38,479076
343143;15;4;2019;08:30;0;RD CE-040;;;;KM-08;Outros;Luz do Dia;;;Meio de Quadra;;;0;1;0;0;0;0;0;0;0;1;0;0;-3,825515822;-38,48153832
343144;15;4;2019;;0;RD CE-040;;;;KM-05;Colisão;;;;Meio de Quadra;;;0;3;0;1;0;0;0;0;0;0;0;0;-3,800595823;-38,47953463
343145;15;4;2019;15:37;0;AV SEN CARLOS JEREISSATI (AEROPORTO);;;;;Colisão;Luz do Dia;;;Meio de Quadra;;;0;2;0;0;0;0;0;0;0;1;0;0;;
343238;15;4;2019;13:18;0;AV PRS CASTELO BRANCO;;;6125;;Colisão;Luz do Dia;;;Meio de Quadra;;;0;1;0;0;0;1;0;0;0;0;0;0;-3,701135176;-38,58543641
343244;15;4;2019;14:28;0;AV ROGACIANO LEITE;;;2533;;Atropelamento;Luz do Dia;;;Meio de Quadra;;;0;1;0;0;0;0;0;0;0;0;0;0;-3,779574;-38,50140641
343311;15;4;2019;19:17;5108;RUA PRC ISABEL;RUA SAO PAULO;;;;Colisão;;;;Cruz;Pare;Comercial;0;2;0;1;0;0;0;0;0;1;0;0;-3,723679;-38,534619
343312;15;4;2019;19:28;0;AV G CJ JOSE WALTER;;;;;Queda;;;;Meio de Quadra;;;0;1;0;0;0;0;0;0;0;1;0;0;;
343313;15;4;2019;21:33;15269;AV RUI BARBOSA;RUA TEN BENEVOLO;;;;Colisão;;;;Cruz;Semáforo;Residencial;0;0;1;1;0;0;0;0;0;1;0;0;-3,728685;-38,507048
343306;15;4;2019;16:33;0;AV MOZART PINHEIRO DE LUCENA;;;1886;;Colisão;Luz do Dia;;;Meio de Quadra;;;0;1;0;1;0;1;0;0;0;0;0;0;-3,718701;-38,595801
343308;15;4;2019;17:25;0;AV GOV RAUL BARBOSA;;;1100;;Queda;Anoitecer;;;Meio de Quadra;;;0;2;0;0;0;0;0;0;0;1;0;0;-3,76121;-38,50572
343309;15;4;2019;18:21;0;RUA BENTO ALBUQUERQUE;;;2010;;Colisão;Anoitecer;;;Meio de Quadra;;;0;2;0;1;0;0;0;0;0;1;0;0;-3,747564;-38,471347
343302;15;4;2019;15:13;0;AV PERIMETRAL;;;2260;;Colisão;Luz do Dia;;;Meio de Quadra;;;0;1;0;0;0;0;0;0;0;0;0;0;;
343300;15;4;2019;14:28;0;AV MR HULL;;;;;Atropelamento;Luz do Dia;;;Meio de Quadra;;;0;1;0;0;1;0;0;0;0;0;0;0;;
343700;15;4;2019;10:04;6752;RUA PRO OTAVIO LOBO;AV SANTOS DUMONT;;;;Queda;Luz do Dia;Nublado;Molhada;Meio de Quadra;Semáforo;Comercial;0;1;0;0;0;0;0;0;0;1;0;0;-3,742845;-38,477829
343701;15;4;2019;15:48;0;AV PRS COSTA E SILVA;;;2260;;Atropelamento;Luz do Dia;Bom;Seca;Meio de Quadra;Não Há Controle;Residencial;0;1;1;0;1;0;0;0;0;0;0;0;-3,819643143;-38,56142927
343702;15;4;2019;16:50;15306;RUA ANA BILHAR;RUA LEONARDO MOTA;;0;;Colisão Transversal;Luz do Dia;Bom;Seca;Cruz;Semáforo;Residencial;0;0;2;1;0;0;0;0;0;0;0;0;-3,729944;-38,494191
343703;15;4;2019;16:30;12465;AV LINEU MACHADO;RUA PERDIGAO DE OLIVEIRA;;0;;Choque c/ Obstáculo Fixo;Luz do Dia;Bom;Seca;Cruz;Pare;Comercial;0;2;0;1;0;0;0;0;0;0;0;0;-3,773406;-38,580786
343314;16;4;2019;03:11;0;RUA CONCEICAO;;;199;;Queda;;;;Meio de Quadra;;;0;0;1;0;0;0;0;0;0;1;0;0;-3,83756;-38,57822
343315;16;4;2019;06:02;0;RUA GONTRAN GIFFONI;;;100;;Queda;Luz do Dia;;;Meio de Quadra;;;0;1;0;0;0;0;0;0;0;1;0;0;-3,766426;-38,494942
343322;16;4;2019;07:45;0;RD BR 116;;;4000;KM-04;Colisão;Luz do Dia;;;Meio de Quadra;;;0;1;0;1;0;0;0;0;0;1;0;0;-3,802354;-38,503869
343372;16;4;2019;21:14;0;AV FRANCISCO SA;;;7365;;Atropelamento;;;;Meio de Quadra;;;0;1;0;0;0;0;0;0;0;1;0;0;-3,7068421;-38,5852498
343349;16;4;2019;10:59;0;RUA SGT JOAO PINHEIRO;;;;;Colisão;Luz do Dia;;;Meio de Quadra;;;0;1;1;0;0;1;0;0;0;1;0;0;;
343350;16;4;2019;11:57;0;AV SEN FERNANDES TAVORA;;;1802;;Colisão;Luz do Dia;;;Meio de Quadra;;;0;1;0;0;0;0;0;0;0;0;0;0;-3,758610333;-38,58885375
343363;16;4;2019;18:31;0;RUA ERNESTO MONTEIRO;;;3004;;Colisão;;;;Meio de Quadra;;;0;1;0;1;0;0;0;0;0;1;0;0;-3,80003;-38,47015
343364;16;4;2019;19:46;0;AV GODOFREDO MACIEL;;;2575;;Colisão;;;;Meio de Quadra;;;0;1;0;1;0;0;0;0;0;1;0;0;-3,7982952;-38,5704756
343370;16;4;2019;20:51;0;RUA MARTINS CARVALHO;;;4351;;Colisão;;;;Meio de Quadra;;;0;1;0;1;0;0;0;0;0;1;0;0;-3,78853;-38,62761
343367;16;4;2019;20:21;0;AV GAL OSORIO DE PAIVA;;;31;;Colisão;;;;Meio de Quadra;;;0;2;0;1;0;0;0;0;0;1;0;0;-3,772117273;-38,56254591
343347;16;4;2019;10:41;0;RUA JOAQUIM FROTA;;;790;;Colisão;Luz do Dia;;;Meio de Quadra;;;0;1;0;1;0;0;0;0;0;1;0;0;-3,8012915;-38,471392
343331;16;4;2019;09:08;0;RUA RAD JOAO RAMOS (DUNAS);;;1033;;Colisão;Luz do Dia;;;Meio de Quadra;;;0;1;0;0;0;0;0;0;0;0;0;0;;
343359;16;4;2019;15:40;0;AV GODOFREDO MACIEL;;;5608;;Choque c/ Obstáculo Fixo;Luz do Dia;;;Meio de Quadra;;;0;1;1;0;0;0;1;0;0;1;0;0;-3,822832;-38,5783
343360;16;4;2019;15:59;0;AV EDILSON B SOARES;;;1906;;Colisão;Luz do Dia;;;Meio de Quadra;;;0;1;0;1;0;0;0;0;0;1;0;0;-3,7886778;-38,471541
343361;16;4;2019;17:35;2802;RUA OSCAR FRANCA;RUA VICENTE PINHEIRO;;;;Queda;Anoitecer;;;;;;0;0;1;0;0;0;0;0;0;1;0;0;-3,793479;-38,594834
343354;16;4;2019;12:37;2762;RUA EDSON MARTINS;RUA VICENTE PINHEIRO;;;;Colisão;Luz do Dia;;;Cruz;Pare;Comercial;0;1;1;0;0;0;1;0;0;1;0;0;-3,792014;-38,59435
343355;16;4;2019;14:03;12551;RUA MARIA CLARA;AV HILDEBRANDO DE MELO;;;;Colisão;Luz do Dia;;;Cruz;Não Há Controle;Misto;0;1;0;1;0;0;0;0;0;1;0;0;-3,725093;-38,589234
343357;16;4;2019;14:13;0;RUA MONTE LIBANO;;;800;;Colisão;Luz do Dia;;;Meio de Quadra;;;0;1;0;1;0;0;0;0;0;1;0;0;-3,82672;-38,56351
343338;16;4;2019;09:33;137;RUA MARTINS NETO;RUA RUI MONTE;;;;Colisão;Luz do Dia;;;;;;0;1;0;1;0;0;0;0;0;1;0;0;-3,740128;-38,587494
343339;16;4;2019;10:04;4589;RUA CEL ZACARIAS J FRANCA;RD BR 116;;;;Queda;Luz do Dia;;;;;;0;1;0;0;0;0;0;0;0;1;0;0;-3,808483;-38,501323
343340;16;4;2019;10:21;0;RUA URUCUTUBA;;;2100;;Colisão;Luz do Dia;;;Meio de Quadra;;;0;0;1;0;0;0;0;0;0;0;0;0;-3,7986285;-38,615219
343336;16;4;2019;09:25;5711;AV OLIVEIRA PAIVA;RUA CHICO LEMOS;;;;Colisão;Luz do Dia;;;Cruz;Semáforo;Comercial;0;1;0;1;0;0;0;0;0;1;0;0;-3,795857;-38,497091
343317;16;4;2019;06:18;0;AV PRO JOSE ARTHUR CARVALHO;;;1220;;Colisão;Luz do Dia;;;Meio de Quadra;;;0;0;1;0;0;0;0;0;0;1;0;0;-3,8269785;-38,470341
343318;16;4;2019;07:43;12644;RUA ALBERTO FERREIRA;RUA ABELARDO FERREIRA;;;;Colisão;Luz do Dia;;;Cruz;Pare;Comercial;0;1;0;1;0;0;0;0;0;1;0;0;-3,719517;-38,582979
343327;16;4;2019;07:47;0;AV CONTORNO NORTE D71;;;819;;Colisão;Luz do Dia;;;Meio de Quadra;;;0;0;1;1;0;0;0;0;0;1;0;0;-3,81533;-38,58527
343329;16;4;2019;08:05;0;RUA MARIA GOMES DE SA;;;36;;Colisão;Luz do Dia;;;Meio de Quadra;;;0;1;0;1;0;0;0;0;0;1;0;0;-3,8280846;-38,5767677
343147;16;4;2019;06:20;0;RD CE-060;;;2;;Colisão;Luz do Dia;;;Meio de Quadra;;;0;2;0;0;1;0;0;0;0;1;0;0;;
343705;16;4;2019;09:28;0;RUA PINTO MADEIRA;;;437;;Colisão Traseira;Luz do Dia;Nublado;Molhada;Meio de Quadra;Não Há Controle;Comercial;0;1;1;1;0;0;0;0;0;1;0;0;-3,731298;-38,520847
343706;16;4;2019;10:45;5711;AV OLIVEIRA PAIVA;RUA CHICO LEMOS;;0;;Colisão Transversal;Luz do Dia;Nublado;Seca;Cruz;Semáforo;Escola;0;1;1;1;0;0;0;0;0;1;0;0;-3,795857;-38,497091
343707;16;4;2019;15:16;3860;AV 13 DE MAIO;AV DA UNIVERSIDADE;;;;Colisão Lateral;Luz do Dia;Nublado;Molhada;Cruz;Semáforo;Comercial;0;0;2;0;1;0;0;0;0;0;0;0;-3,740962;-38,539107
343709;16;4;2019;20:27;0;AV GODOFREDO MACIEL;;;2727;;Colisão Traseira;Via Iluminada;Bom;Seca;Meio de Quadra;Não Há Controle;Comercial;0;1;1;1;0;0;0;0;0;1;0;0;-3,799374;-38,57081
343710;16;4;2019;21:40;0;AV ABOLICAO;;;3090;;Colisão Traseira;Anoitecer;Bom;Seca;Meio de Quadra;Semáforo;Residencial;0;0;2;1;0;0;0;0;0;0;0;0;-3,726679;-38,49129
343711;16;4;2019;22:09;0;AV GAL OSORIO DE PAIVA;;;31;;Colisão Lateral;Via Iluminada;Bom;Seca;Meio de Quadra;Pare;Comercial;0;1;1;1;0;0;0;0;0;1;0;0;-3,772117273;-38,56254591
346991;16;4;2019;10:45;9597;RUA LONDRINA;RUA JOSE TORRES;;;;Colisão;Luz do Dia;;;Cruz;Não Há Controle;Rural;0;0;2;0;0;0;0;0;0;0;0;0;-3,779916;-38,607258
346993;16;4;2019;08:20;0;RUA DEMETRIO MENEZES;;;;;Colisão;Luz do Dia;;;Meio de Quadra;;;0;0;2;0;0;0;0;0;0;0;0;0;;
346191;16;4;2019;03:11;0;RUA N S DA  CONCEICAO (MONDUBIM);;;199;;Queda;;;;Meio de Quadra;;;0;1;0;0;0;0;0;0;0;1;0;0;-3,7163859;-38,6074625
346199;16;4;2019;18:31;0;AV EDILSON B SOARES;;;781;;Colisão;;;;Meio de Quadra;;;0;1;1;1;0;0;0;0;0;1;0;0;-3,7893144;-38,4789562
346209;17;4;2019;16:30;0;AV FILOMENO GOMES;;;1661;;Colisão;Luz do Dia;;;Meio de Quadra;;;0;1;1;1;0;0;0;0;0;1;0;0;-3,72269;-38,54108
346995;17;4;2019;10:45;0;RD BR 116;;;;;Colisão;Luz do Dia;;;Meio de Quadra;;;0;0;2;1;0;0;0;0;0;0;0;0;;
346999;17;4;2019;20:30;0;AV GODOFREDO MACIEL;;;4806;;Colisão;;;;Meio de Quadra;;;0;0;2;0;0;0;0;0;0;0;0;0;-3,8175195;-38,57490725
343712;17;4;2019;05:52;0;AV FRANCISCO SA;;;3190;;Colisão Frontal;Luz do Dia;Bom;Seca;Meio de Quadra;Não Há Controle;Comercial;0;1;1;0;0;0;0;0;0;1;0;0;-3,718081;-38,555342
343713;17;4;2019;13:00;0;AV OLAVO BILAC;RUA CEL RAIMUNDO GUANABARA;;1560;;Colisão Lateral;Luz do Dia;Bom;Seca;Meio de Quadra;Pare;Comercial;0;1;1;1;0;0;0;0;0;1;0;0;-3,7341467;-38,5644283
343714;17;4;2019;16:22;0;RUA ADOLFO CAMINHA;;;96;;Colisão Lateral;Luz do Dia;Bom;Seca;Meio de Quadra;Semáforo;Comercial;0;0;2;0;0;0;0;0;0;1;0;0;-3,721104984;-38,52423352
343715;17;4;2019;17:24;0;AV ROGACIANO LEITE;RUA WALDEMAR ALCANTARA;;0;;Colisão Lateral;Luz do Dia;Bom;Seca;Cruz;Semáforo;Comercial;0;0;1;0;0;0;0;0;1;0;0;0;-3,7705326;-38,4980751
343414;17;4;2019;13:56;0;RUA CEL MATOS DOURADO;;;1291;;Atropelamento;Luz do Dia;;;Meio de Quadra;;;0;1;1;1;0;0;0;0;0;0;0;0;-3,751127;-38,583666
343416;17;4;2019;14:08;0;AV GODOFREDO MACIEL;;;600;;Choque c/ Obstáculo Fixo;Luz do Dia;;;Meio de Quadra;;;0;1;0;1;0;0;0;0;0;1;0;0;-3,781341;-38,565258
343421;17;4;2019;14:12;0;AV GAL OSORIO DE PAIVA;;;1431;;Atropelamento;Luz do Dia;;;Meio de Quadra;;;0;1;0;0;0;0;0;0;0;1;0;0;-3,780428636;-38,5741302
343409;17;4;2019;13:15;0;RUA MONTEIRO LOBATO;;;1502;;Queda;Luz do Dia;;;Meio de Quadra;;;0;1;0;0;0;1;0;0;0;0;0;0;;
343411;17;4;2019;13:16;0;RUA JOAO VITOR;;;311;;Queda;Luz do Dia;;;Meio de Quadra;;;0;0;1;0;0;0;0;0;0;1;0;0;-3,7950706;-38,6167533
343406;17;4;2019;13:05;0;AV DOS EXPEDICIONARIOS;;;921;;Colisão;Luz do Dia;;;Meio de Quadra;;;0;0;1;1;0;0;0;0;0;1;0;0;;
343407;17;4;2019;13:14;0;RUA BERNARDO MANUEL;;;10921;;Colisão;Luz do Dia;;;Meio de Quadra;;;0;2;0;0;0;1;0;0;0;0;0;0;-3,814430102;-38,55620086
343400;17;4;2019;08:12;0;AV WASHINGTON SOARES;;;;;Atropelamento;Luz do Dia;;;;;;0;1;1;1;0;0;0;0;0;0;0;0;;
343443;17;4;2019;18:03;0;AV JOSE TAVARES;;;;;Colisão;Anoitecer;;;Meio de Quadra;;;0;1;0;0;0;0;0;0;0;1;0;0;;
343444;17;4;2019;18:17;0;RUA ROCHA LIMA;;;895;;Colisão;Anoitecer;;;Meio de Quadra;;;0;1;0;1;0;0;0;0;0;1;0;0;-3,738330769;-38,51624808
343439;17;4;2019;17:50;0;RUA AVILA GOULART;;;;;Atropelamento;Anoitecer;;;Meio de Quadra;;;0;1;1;0;0;0;0;0;0;1;0;0;;
343436;17;4;2019;16:27;0;AV ENG HUMBERTO MONTE;;;1933;;Colisão;Luz do Dia;;;Meio de Quadra;;;0;1;0;1;0;0;0;0;0;1;0;0;-3,744168261;-38,56454974
343437;17;4;2019;16:49;0;AV SGT HERMINIO SAMPAIO;;;;;Atropelamento;Luz do Dia;;;Meio de Quadra;;;0;1;0;1;0;0;0;0;0;0;0;0;;
343433;17;4;2019;16:18;25279;AV ROGACIANO LEITE;RUA DES WALDEMAR ALVES PEREIRA;;;;Colisão;Luz do Dia;;;Cruz;Semáforo;Comercial;0;1;0;0;0;0;0;0;0;0;0;0;-3,7705326;-38,4980751
343431;17;4;2019;16:18;0;RUA LEONARDO MOTA;;;715;;Atropelamento;Luz do Dia;;;Meio de Quadra;;;0;1;1;1;0;0;0;0;0;0;0;0;-3,732618545;-38,49504945
343428;17;4;2019;15:56;0;RUA CON LIMA SUCUPIRA;;;1341;;Colisão;Luz do Dia;;;Meio de Quadra;;;0;1;0;1;0;0;0;0;0;1;0;0;-3,779486;-38,546801
343429;17;4;2019;16:13;0;AV PRS CASTELO BRANCO;;;4797;;Colisão;Luz do Dia;;;Meio de Quadra;;;0;1;0;1;0;1;0;0;0;0;0;0;-3,706034;-38,574852
343424;17;4;2019;14:40;0;AV CARAPINIMA;;;2380;;Queda;Luz do Dia;;;Meio de Quadra;;;0;1;0;0;0;0;0;0;0;1;0;0;-3,74061799;-38,540854
343467;17;4;2019;22:54;0;RUA BRI TORRES;;;1442;;Atropelamento;;;;Meio de Quadra;;;0;1;0;1;0;0;0;0;0;0;0;0;-3,770406645;-38,58239939
343468;17;4;2019;23:43;0;AV ALM HENRIQUE SABOIA;;;3325;;Queda;;;;Meio de Quadra;;;0;1;0;0;0;0;0;0;0;1;0;0;-3,7530593;-38,5017387
343464;17;4;2019;19:13;0;RUA PRO EDGAR DE ARRUDA;;;927;;Colisão;;;;Meio de Quadra;;;0;1;1;1;0;0;0;0;0;1;0;0;-3,759016;-38,583335
343465;17;4;2019;21:35;0;AV COSTA OESTE;;;5719;;Queda;;;;Meio de Quadra;;;0;1;0;0;0;0;0;0;0;1;0;0;;
343093;17;4;2019;09:30;0;RD BR 116;;;3000;KM-03;Colisão;Luz do Dia;;;Meio de Quadra;;;0;0;2;1;0;0;0;0;0;0;0;0;-3,779838;-38,514372
343378;17;4;2019;00:19;0;AV PRS CASTELO BRANCO;;;;;Atropelamento;;;;Meio de Quadra;;;0;1;1;0;0;0;0;0;0;1;0;0;;
343393;17;4;2019;07:44;0;RUA CEL VIRGILIO NOGUEIRA (BOM JARDIM);;;1294;;Colisão;Luz do Dia;;;Meio de Quadra;;;0;0;1;1;0;0;0;0;0;1;0;0;-3,79497;-38,61076
343390;17;4;2019;06:28;0;AV ROGACIANO LEITE;;;200;;Colisão;Luz do Dia;;;Meio de Quadra;;;0;1;0;0;0;0;0;0;0;1;0;0;-3,759001;-38,49188
343402;17;4;2019;09:02;0;RUA COS LAFAYETE;;;405;;Colisão;Luz do Dia;;;Meio de Quadra;;;0;1;0;0;0;0;0;0;0;0;0;0;-3,7181038;-38,58160387
343403;17;4;2019;11:16;0;RUA PORTO VELHO;;;765;;Colisão;Luz do Dia;;;Meio de Quadra;;;0;1;1;0;0;0;0;0;0;1;0;0;-3,765567;-38,58778