COD_ACIDENTE;DIA;MES;ANO;HORA;INTERSECAO;LOG1;LOG2;LOG3;NUMERO;REFERENCIA;NATUREZA;ILUMINACAO;TEMPO;SUPERFICIEPISTA;TIPOCRUZAMENTO;CONTROLETRAFEGO;USOSOLO;MORTOS;FERIDOS;ILESOS;AUTOMOVEL;ONIBUS;BICICLETA;CAMINHAO;MICROONIBUS;CICLOMOTOR;MOTOCICLETA;TRACAOANIMAL;TREM;LATITUDE;LONGITUDE
343404;17;4;2019;11:32;0;AV AUGUSTO DOS ANJOS;;;573;;Colisão;Luz do Dia;;;Meio de Quadra;;;0;0;1;1;0;0;0;0;0;1;0;0;-3,773472;-38,573202
343426;17;4;2019;15:53;0;RUA CEL NUNES DE MELO;;;31;;Queda;Luz do Dia;;;Meio de Quadra;;;0;0;1;0;0;0;0;0;0;1;0;0;-3,740012143;-38,54508686
344578;17;4;2019;18:00;0;AV ALBERTO CRAVEIRO;;;960;;Queda;Anoitecer;;;Meio de Quadra;;;0;1;0;0;0;0;0;0;0;1;0;0;-3,786445;-38,517203
344573;17;4;2019;17:34;14755;RUA STA LIDUINA D42;RUA ALBANO AMARAL;;;;Colisão;Anoitecer;;;Cruz;Pare;Residencial;0;1;0;1;0;0;0;0;0;1;0;0;-3,797816;-38,584983
343565;18;4;2019;18:04;0;RUA CRUZEIRO D69;;;;;Queda;Anoitecer;;;Meio de Quadra;;;0;1;0;0;0;1;0;0;0;0;0;0;;
343085;18;4;2019;09:30;0;RD BR 116;;;9000;KM-09;Queda;Luz do Dia;;;Meio de Quadra;;;0;1;0;0;0;1;0;0;0;0;0;0;-3,830837;-38,504865
343086;18;4;2019;07:10;0;RD BR 222;;;;KM-02;Colisão;Luz do Dia;;;Meio de Quadra;;;0;1;0;0;0;0;0;0;0;1;0;0;-3,7403624;-38,5969961
343473;18;4;2019;01:19;1279;RUA OSVALDO CRUZ (ALDEOTA);AV DOM LUIS;;;;Colisão;;;;Cruz;Semáforo;Comercial;0;1;0;1;0;0;0;0;0;0;0;0;-3,732616;-38,499353
343475;18;4;2019;01:26;0;AV AGUANAMBI;;;1965;;Queda;;;;Meio de Quadra;;;0;2;0;0;0;0;0;0;0;1;0;0;-3,7542465;-38,523484
343478;18;4;2019;05:37;0;AV WASHINGTON LUIS;;;184;;Atropelamento;Amanhecer;;;Meio de Quadra;;;0;1;1;1;0;0;0;0;0;0;0;0;-3,717115639;-38,59086172
343529;18;4;2019;18:00;0;RUA CON DE CASTRO;;;3070;;Colisão;Anoitecer;;;Meio de Quadra;;;0;2;1;1;0;0;0;0;0;1;0;0;-3,795422158;-38,58306016
343526;18;4;2019;17:03;0;AV ODILON GUIMARAES;;;4254;;Colisão;Anoitecer;;;Meio de Quadra;;;0;0;1;0;0;0;0;0;0;0;0;0;-3,811842632;-38,46381769
343527;18;4;2019;17:17;0;AV FRE CIRILO;;;;;Atropelamento;Anoitecer;;;Meio de Quadra;;;0;1;0;1;0;0;0;0;0;0;0;0;;
343524;18;4;2019;16:46;0;RD BR 116;;;4000;KM-04;Colisão;Luz do Dia;;;Meio de Quadra;;;0;1;0;1;0;0;0;0;0;1;0;0;-3,802354;-38,503869
343522;18;4;2019;16:25;0;AV SIQUEIRA CAMPOS;;;836;;Colisão;Luz do Dia;;;Meio de Quadra;;;0;2;0;1;0;0;0;0;0;1;0;0;-3,817615642;-38,62288918
343520;18;4;2019;16:12;0;AV CONTORNO SUL;;;1759;;Colisão;Luz do Dia;;;Meio de Quadra;;;0;0;1;0;0;0;0;0;0;1;0;0;-3,837846333;-38,51998606
343518;18;4;2019;15:39;0;AV GODOFREDO MACIEL;;;1155;;Colisão;Luz do Dia;;;Meio de Quadra;;;0;1;0;0;0;0;0;0;0;1;0;0;-3,785784;-38,566591
343513;18;4;2019;13:44;0;AV JOSE BASTOS;;;4400;;Atropelamento;Luz do Dia;;;Meio de Quadra;;;0;2;0;0;0;0;0;0;0;1;0;0;-3,75526;-38,5557415
343514;18;4;2019;13:59;0;AV SEN FERNANDES TAVORA;;;2840;;Atropelamento;Luz do Dia;;;Meio de Quadra;;;0;2;1;1;0;0;0;0;0;1;0;0;-3,755286;-38,597421
343515;18;4;2019;15:37;0;RUA JOAO REGINO;;;233;;Queda;Luz do Dia;;;Meio de Quadra;;;0;1;0;0;0;0;0;0;0;1;0;0;-3,789663;-38,483001
343516;18;4;2019;15:39;0;RUA MAL BITENCOURT;;;1035;;Colisão;Luz do Dia;;;Meio de Quadra;;;0;1;0;0;0;0;0;0;0;1;0;0;-3,792812;-38,530257
343510;18;4;2019;10:38;0;AV GAL OSORIO DE PAIVA;;;5623;;Colisão;Luz do Dia;;;Meio de Quadra;;;0;1;0;1;0;0;0;0;0;1;0;0;-3,806072632;-38,60340016
343480;18;4;2019;05:43;0;AV MON TABOSA;;;1001;;Queda;Amanhecer;;;Meio de Quadra;;;0;2;0;0;0;0;0;0;0;1;0;0;-3,724155;-38,510333
343507;18;4;2019;10:19;0;RUA DR VALDEMAR DE ALCANTARA;;;;;Colisão;Luz do Dia;;;Meio de Quadra;;;0;1;0;0;0;0;0;0;0;0;0;0;;
343500;18;4;2019;08:43;0;RUA CHASTINET GUIMARAES;;;109;;Colisão;Luz do Dia;;;Meio de Quadra;;;0;1;1;1;0;1;0;0;0;0;0;0;-3,7217649;-38,5662184
343501;18;4;2019;10:13;0;RUA ANA BATISTA;;;271;;Colisão;Luz do Dia;;;Meio de Quadra;;;0;1;0;1;0;0;0;0;0;1;0;0;-3,72;-38,58446
343497;18;4;2019;08:37;0;RUA L CJ VILA VELHA;;;1318;;Colisão;Luz do Dia;;;Meio de Quadra;;;0;1;1;1;0;0;0;0;0;1;0;0;;
343492;18;4;2019;07:27;0;RUA JOR ANTONIO P TAVARES;;;1585;;Colisão;Luz do Dia;;;Meio de Quadra;;;0;1;0;0;0;0;0;0;0;1;0;0;-3,815488;-38,506033
343716;18;4;2019;01:10;1279;AV DOM LUIS;RUA OSVALDO CRUZ (ALDEOTA);;0;SHOPPING AVENIDA;Colisão Transversal;Via Iluminada;Bom;Seca;Cruz;Semáforo;Comercial;0;0;2;1;0;0;0;0;0;0;0;0;-3,732616;-38,499353
343717;18;4;2019;05:43;0;RUA FRANCISCA CLOTILDE;;;1010;;Colisão Transversal;Amanhecer;Nublado;Seca;Meio de Quadra;Pare;Residencial;0;2;1;0;1;0;0;0;0;1;0;0;-3,745793;-38,555657
343718;18;4;2019;10:18;0;AV L CJ NOVA ASSUNCAO;;;1240;;Colisão Frontal;Luz do Dia;Bom;Seca;T;Pare;Residencial;0;1;1;1;0;0;0;0;0;1;0;0;-3,7150364;-38,60069
343719;18;4;2019;14:12;0;RUA VINTE E CINCO DE MARCO;;;559;;Colisão Lateral;Luz do Dia;Bom;Seca;Meio de Quadra;Não Há Controle;Comercial;0;0;2;1;0;0;0;0;0;0;0;0;-3,728867586;-38,52236245
343720;18;4;2019;10:12;0;AV SGT HERMINIO SAMPAIO;;;1108;;Colisão Lateral;Luz do Dia;Bom;Seca;T;Semáforo;Comercial;0;0;2;1;0;0;0;0;0;0;0;0;-3,724638;-38,550431
343721;18;4;2019;11:24;23380;RUA CAP TIBURCIO DA FROTA;RUA NUNES VALENTE;;;;Colisão Transversal;Luz do Dia;Bom;Seca;Cruz;Pare;Residencial;0;1;1;1;0;0;0;0;0;0;0;0;-3,754506;-38,509109
343722;18;4;2019;19:36;0;AV GODOFREDO MACIEL;;;1155;;Colisão Lateral;Via Iluminada;Bom;Seca;Meio de Quadra;Não Há Controle;Comercial;0;1;2;1;0;0;0;0;0;1;0;0;-3,785784;-38,566591
343723;18;4;2019;22:12;9072;AV PONTES VIEIRA;AV VIS RIO BRANCO;;;;Colisão Traseira;Via Iluminada;Bom;Seca;Outros;Semáforo;Comercial;0;1;1;1;1;0;0;0;0;0;0;0;-3,753544;-38,520486
343576;18;4;2019;18:21;15172;RUA JULIO IBIAPINA;AV BEIRA MAR;;;;Colisão;Anoitecer;;;;Não Há Controle;Comercial;0;0;1;1;0;1;0;0;0;0;0;0;-3,725637;-38,491503
343577;18;4;2019;18:56;0;RUA ANARIO BRAGA;;;844;;Atropelamento;;;;Meio de Quadra;;;0;2;0;0;0;0;0;0;0;1;0;0;-3,736716737;-38,59387942
343578;18;4;2019;20:06;0;AV GODOFREDO MACIEL;;;1155;;Colisão;;;;Meio de Quadra;;;0;0;1;1;0;0;0;0;0;1;0;0;-3,785784;-38,566591
343579;18;4;2019;20:20;0;AV OLIVEIRA PAIVA;;;;;Queda;;;;;;;0;1;0;0;0;0;0;0;0;1;0;0;;
343581;18;4;2019;22:34;15196;RUA DEP MOREIRA DA ROCHA;RUA BAR ARACATI;;;;Colisão;;;;Cruz;Pare;Residencial;0;1;0;1;0;0;0;0;0;1;0;0;-3,726543;-38,509905
343029;18;4;2019;10:35;0;RD BR 222;;;;KM-03;Colisão;Luz do Dia;;;Meio de Quadra;;;0;0;2;1;0;0;0;0;0;0;0;0;-3,740300848;-38,59594097
339864;18;4;2019;07:00;0;AV ALBERTO CRAVEIRO;;;2111;;Colisão Traseira;Luz do Dia;Bom;Seca;Meio de Quadra;Semáforo;Residencial;0;1;1;1;0;0;0;0;0;1;0;0;-3,798762;-38,518798
339874;19;4;2019;09:00;5062;RUA DR JOAO MOREIRA;RUA GAL SAMPAIO;;;;Colisão Lateral;Luz do Dia;Nublado;Molhada;Cruz;Semáforo Intermitente;Comercial;0;3;0;1;0;0;0;0;0;1;0;0;-3,72203;-38,529364
346304;19;4;2019;11:36;0;AV CONTORNO LESTE;;;137;;Colisão;Luz do Dia;;;Meio de Quadra;;;0;1;2;0;0;0;0;0;0;1;0;0;-3,80779475;-38,58612825
343724;19;4;2019;00:50;5445;AV HERACLITO GRACA;RUA DNA LEOPOLDINA;;;;Colisão Transversal;Via Iluminada;Bom;Seca;Cruz;Semáforo;Comercial;0;1;1;0;0;0;0;0;0;1;0;0;-3,7347254;-38,5207959
343725;19;4;2019;07:57;1292;AV DES MOREIRA;RUA MARCOS MACEDO;;;;Colisão Traseira;Luz do Dia;Bom;Seca;Cruz;Semáforo;Comercial;0;0;2;1;0;0;0;0;0;1;0;0;-3,734244;-38,497711
343726;19;4;2019;08:44;0;AV BORGES DE MELO;;;0;;Choque c/ Obstáculo Fixo;Amanhecer;Chuva;Material Derrapante;Meio de Quadra;Não Há Controle;Comercial;0;1;0;1;0;0;0;0;0;0;0;0;;
343727;19;4;2019;16:15;20129;AV DEP PAULINO ROCHA;RUA POMPILIO GOMES;;;;Colisão Lateral;Luz do Dia;Bom;Seca;T;Semáforo;Residencial;0;2;2;0;0;0;0;0;0;1;0;0;-3,810076;-38,519652
343728;19;4;2019;10:38;0;RUA BAR SOBRAL;;;978;;Colisão Lateral;Luz do Dia;Nublado;Seca;Meio de Quadra;Não Há Controle;Comercial;0;0;3;1;0;0;0;0;0;0;0;0;-3,765047833;-38,55772525
343729;19;4;2019;19:45;0;RUA GAL CORDEIRO NETO;;;540;;Colisão Lateral;Via Iluminada;Bom;Seca;Meio de Quadra;Não Há Controle;Comercial;0;1;1;1;0;0;0;0;0;0;0;0;-3,8095517;-38,57166
343200;19;4;2019;19:30;0;RD CE-040;;;;KM-10;Atropelamento;Via Iluminada;Bom;Seca;Meio de Quadra;;;1;0;1;1;0;0;0;0;0;0;0;0;-3,84257666;-38,48088284
344423;19;4;2019;11:00;25016;RUA TEODOMIRO DE CASTRO;RUA GRACA ARANHA;;;;Colisão;Luz do Dia;;;Duplo T;Pare;Residencial;0;2;0;1;0;0;0;0;0;1;0;0;-3,7169902;-38,5764295
344419;19;4;2019;10:45;0;RUA AVILA GOULART;;;900;;Atropelamento;Luz do Dia;;;Meio de Quadra;;;0;1;0;0;0;0;0;0;0;1;0;0;;
344435;19;4;2019;15:42;0;AV DA INDEPENDENCIA;;;2787;;Colisão;Luz do Dia;;;Meio de Quadra;;;0;1;0;0;0;0;0;0;0;0;0;0;-3,72287;-38,60491
344427;19;4;2019;11:34;0;RUA 103 CJ NOVO MONDUBIM;;;163;;Colisão;Luz do Dia;;;Meio de Quadra;;;0;1;0;0;0;0;0;0;0;1;0;0;-3,80796028;-38,58637056
344428;19;4;2019;14:21;0;AV ALM TAMANDARE;;;75;;Atropelamento;Luz do Dia;;;Meio de Quadra;;;0;1;0;0;0;0;0;0;0;1;0;0;-3,7197;-38,51982
344429;19;4;2019;15:05;0;RUA MIGUEL GURGEL;;;;;Queda;Luz do Dia;;;Meio de Quadra;;;0;1;0;0;0;0;0;0;0;1;0;0;;
344416;19;4;2019;10:10;0;AV SEN FERNANDES TAVORA;;;1375;;Colisão;Luz do Dia;;;Meio de Quadra;;;0;2;0;1;0;0;0;0;0;1;0;0;-3,760591;-38,585156
344417;19;4;2019;10:10;0;RUA TEODORICO BARROSO;;;586;;Atropelamento;Luz do Dia;;;Meio de Quadra;;;0;1;0;1;0;0;0;0;0;0;0;0;-3,766259025;-38,54293288
344414;19;4;2019;07:41;0;AV MR HULL;;;2933;;Queda;Luz do Dia;;;Meio de Quadra;;;0;2;0;0;0;0;0;0;0;1;0;0;-3,736822;-38,5706905
344410;19;4;2019;01:44;0;AV BENJAMIM BRASIL;;;;;Colisão;;;;Meio de Quadra;;;0;1;0;1;0;0;0;0;0;1;0;0;;
344411;19;4;2019;06:44;0;AV GODOFREDO MACIEL;;;5149;;Atropelamento;Luz do Dia;;;Meio de Quadra;;;0;1;1;0;1;0;0;0;0;0;0;0;-3,819727273;-38,57715136
344404;19;4;2019;00:26;0;AV E CJ CEARA;;;146;;Atropelamento;;;;Meio de Quadra;;;1;0;1;0;0;0;1;0;0;0;0;0;-3,759586471;-38,60523429
344405;19;4;2019;01:24;0;AV GOV RAUL BARBOSA;;;7506;;Choque c/ Obstáculo Fixo;;;;Meio de Quadra;;;0;1;0;0;0;0;0;0;0;1;0;0;-3,7777855;-38,5136555
344453;19;4;2019;18:16;0;RUA NOSSA SRA DAS GRACAS;;;804;;Colisão;Anoitecer;;;Meio de Quadra;;;0;1;0;0;0;0;0;0;0;0;0;0;-3,709604757;-38,55544132
344443;19;4;2019;17:02;0;RUA JOAQUIM CORREIA;;;801;;Queda;Anoitecer;;;Meio de Quadra;;;0;1;0;0;0;0;0;0;0;1;0;0;-3,8342873;-38,5721251
344438;19;4;2019;15:56;10780;AV SEN FERNANDES TAVORA;RUA PDE SA LEITAO;;;;Colisão;Luz do Dia;;;Cruz;Pare;Misto;0;1;0;1;0;0;0;0;0;1;0;0;-3,762452;-38,581677
344439;19;4;2019;16:28;0;AV PRS COSTA E SILVA;;;;;Colisão;Luz do Dia;;;Meio de Quadra;;;0;1;1;1;0;0;0;0;0;1;0;0;;
344440;19;4;2019;16:31;0;AV SEN FERNANDES TAVORA;;;2433;;Queda;Luz do Dia;;;Meio de Quadra;;;0;1;0;0;0;0;0;0;0;1;0;0;-3,755953;-38,593889
344441;19;4;2019;16:42;0;AV GAL OSORIO DE PAIVA;;;2451;;Colisão;Luz do Dia;;;Meio de Quadra;;;0;1;0;1;0;0;0;0;0;1;0;0;-3,786823532;-38,58416408
344464;19;4;2019;19:18;0;RD CE-040;;;9472;;Atropelamento;;;;Meio de Quadra;;;0;1;0;0;0;0;0;0;0;1;0;0;;
344465;19;4;2019;16:26;0;RUA JACINTO MATOS;;;598;;Colisão;Luz do Dia;;;Meio de Quadra;;;0;1;0;1;0;0;0;0;0;0;0;0;-3,71649;-38,5465817
344466;19;4;2019;20:28;0;RUA BAR CRATO;;;1575;;Queda;;;;Meio de Quadra;;;0;1;0;0;0;0;0;0;0;1;0;0;-3,72223;-38,56333
344467;19;4;2019;21:20;0;RUA 2 DE ABRIL;;;145;;Queda;;;;Meio de Quadra;;;0;0;1;0;0;0;0;0;0;1;0;0;-3,801543523;-38,52655406
344468;19;4;2019;23:23;0;AV DOLOR BARREIRA;;;901;;Colisão;;;;Meio de Quadra;;;0;1;0;1;0;0;0;0;0;1;0;0;-3,733890133;-38,47037693
344469;19;4;2019;23:42;10863;RUA PORTO VELHO;RUA PRO HERIBALDO COSTA;;;;Colisão;;;;Cruz;Semáforo;Residencial;0;2;0;1;0;0;0;0;0;1;0;0;-3,765974;-38,587014
344470;20;4;2019;03:07;0;AV 13 DE MAIO;;;2166;;Choque c/ Obstáculo Fixo;;;;Meio de Quadra;;;0;1;0;1;0;0;0;0;0;0;0;0;-3,743488088;-38,536156
344471;20;4;2019;06:44;0;AV BEZERRA DE MENEZES;;;;;Colisão;Luz do Dia;;;Meio de Quadra;;;0;1;0;1;0;0;0;0;0;1;0;0;;
344487;20;4;2019;09:15;17285;RUA JOAO FIRMINO;RUA IRM BAZET;;;;Colisão;Luz do Dia;;;Cruz;Pare;Residencial;0;2;0;1;0;0;0;0;0;1;0;0;-3,762808;-38,554308
344488;20;4;2019;09:28;0;AV IMPERADOR;;;1347;;Colisão;Luz do Dia;;;Meio de Quadra;;;0;2;0;0;0;0;0;0;0;1;0;0;-3,733045;-38,536179
344482;20;4;2019;07:10;0;AV JOSE SABOIA;;;;;Queda;Luz do Dia;;;Meio de Quadra;;;0;1;0;0;0;0;0;0;0;1;0;0;;
344483;20;4;2019;06:54;0;AV ALBERTO CRAVEIRO;;;;;Queda;Luz do Dia;;;Meio de Quadra;;;0;1;0;0;0;0;0;0;0;1;0;0;;
344484;20;4;2019;07:38;0;AV ENG HUMBERTO MONTE;;;;;Queda;Luz do Dia;;;Meio de Quadra;;;0;2;0;0;0;0;0;0;0;1;0;0;;
344485;20;4;2019;08:20;0;AV VIS RIO BRANCO;;;4000;;Atropelamento;Luz do Dia;;;Meio de Quadra;;;0;1;0;0;0;0;0;0;0;1;0;0;-3,755643;-38,520075
344500;20;4;2019;16:36;0;RUA PEDRO MARTINS;;;804;;Colisão;Luz do Dia;;;Meio de Quadra;;;0;1;0;1;0;0;0;0;0;1;0;0;-3,798036;-38,604684
344503;20;4;2019;18:53;21171;RUA BRASILIA;RUA PERNAMBUCO;;;;Colisão;;;;;;;0;1;0;0;0;0;0;0;0;1;0;0;;
344490;20;4;2019;13:06;0;AV ENG HUMBERTO MONTE;;;2754;;Colisão;Luz do Dia;;;Meio de Quadra;;;0;1;0;1;0;0;0;0;0;1;0;0;-3,739666;-38,5683355
344506;20;4;2019;21:10;12457;AV AUGUSTO DOS ANJOS;AV SEN FERNANDES TAVORA;;;;Colisão;;;;Cruz;Semáforo;Comercial;0;1;0;1;0;1;0;0;0;0;0;0;-3,770153;-38,570427
344507;20;4;2019;21:46;25519;AV GOV RAUL BARBOSA;AV ALM HENRIQUE SABOIA;;;;Colisão;;;;Y;Não Há Controle;Residencial;0;1;0;1;0;0;0;0;0;1;0;0;-3,758466;-38,50458
344508;20;4;2019;22:00;0;AV BEZERRA DE MENEZES;;;;;Colisão;;;;Meio de Quadra;;;0;0;1;0;0;0;0;0;0;1;0;0;;
344513;20;4;2019;22:21;0;RUA BOA VISTA;;;287;;Atropelamento;;;;Meio de Quadra;;;0;1;0;0;0;0;0;0;0;1;0;0;-3,770432;-38,583444
344514;20;4;2019;22:56;0;AV JOR THOMAZ COELHO;;;1578;;Colisão;;;;Meio de Quadra;;;0;1;0;0;0;0;0;0;0;0;0;0;-3,829904271;-38,50913561
344515;20;4;2019;23:30;0;RUA DOM QUINTINO;;;292;;Atropelamento;;;;Meio de Quadra;;;0;1;0;0;0;0;0;0;0;1;0;0;-3,712714;-38,548689
344510;20;4;2019;22:02;0;RUA OLYNTHO ARRUDA;;;13;;Colisão;;;;Meio de Quadra;;;0;1;0;0;0;0;0;0;0;0;0;0;-3,8016493;-38,4970649
343730;20;4;2019;09:20;0;AV VIS RIO BRANCO;;;4000;;Choque c/ Obstáculo Fixo;Luz do Dia;Chuva;Seca;Meio de Quadra;Não Há Controle;Comercial;0;1;1;1;0;0;0;0;0;1;0;0;-3,755643;-38,520075
343731;20;4;2019;18:00;1287;RUA BAR ARACATI;RUA PINTO MADEIRA;;0;;Colisão Transversal;Anoitecer;Bom;Molhada;Cruz;Pare;Comercial;0;0;3;1;0;0;0;0;0;0;0;0;-3,733944;-38,512278
343732;20;4;2019;20:29;5692;AV DES GONZAGA;RUA MARGARIDA DE QUEIROZ;;;;Colisão Transversal;Via Iluminada;Bom;Seca;Cruz;Semáforo;Comercial;0;1;1;1;0;0;0;0;0;1;0;0;-3,793168;-38,501753
343733;20;4;2019;21:29;0;RUA BERNARDO MANUEL;;;7535;;Colisão Lateral;Via Iluminada;Bom;Seca;Cruz;Não Há Controle;Comercial;0;1;1;1;0;0;0;0;0;1;0;0;-3,784073;-38,546927
343734;20;4;2019;18:15;0;RUA JOSE BAIMA;;;355;;Atropelamento;Via Iluminada;Bom;Seca;Meio de Quadra;Não Há Controle;Residencial;0;2;1;1;0;0;0;0;0;0;0;0;-3,8312097;-38,481544
343735;20;4;2019;22:20;3030;RUA DIOGO CORREIA;RUA ANDRE REBOUCAS;;;;Colisão Transversal;Via Iluminada;Bom;Seca;Cruz;Semáforo;Comercial;0;1;1;1;0;0;0;0;0;1;0;0;-3,774008;-38,588606
347003;20;4;2019;12:55;0;AV VIS RIO BRANCO;;;4000;;Colisão;Luz do Dia;;;Meio de Quadra;;;0;0;2;1;0;0;0;0;0;0;0;0;-3,755643;-38,520075
346315;20;4;2019;22:56;0;LOGRADOURO SEM NOME;;;;;Queda;;;;Meio de Quadra;;;0;1;0;0;0;0;0;0;0;1;0;0;;
339880;20;4;2019;15:30;5255;AV TRISTAO GONCALVES;RUA PEDRO PEREIRA;;;;Colisão Transversal;Luz do Dia;Bom;Molhada;Cruz;Semáforo;Comercial;0;1;1;1;0;0;0;0;0;1;0;0;-3,728075;-38,533489
339881;21;4;2019;15:00;12068;AV CASTELO DE CASTRO;AV MON AMARILIO RODRIGUES;;;;Colisão Transversal;Luz do Dia;Bom;Seca;Cruz;Semáforo;Comercial;0;0;2;1;0;0;0;0;0;1;0;0;-3,835217;-38,521635
339887;21;4;2019;09:30;17399;RUA ISAIE BORIS;RUA PERU;;;;Colisão Transversal;Luz do Dia;Chuva;Molhada;Cruz;Semáforo;Comercial;0;0;1;0;0;0;0;0;0;1;0;0;-3,767501;-38,549634
339893;21;4;2019;10:35;0;RUA JOSE FACANHA;;;584;;Colisão Frontal;Luz do Dia;Chuva;Molhada;Meio de Quadra;Não Há Controle;Comercial;0;0;2;1;1;0;0;0;0;0;0;0;-3,75263698;-38,55672308
347005;21;4;2019;01:00;0;RUA DIOGO CORREIA;;;67;;Colisão;;;;Meio de Quadra;;;0;0;2;0;0;0;0;0;0;0;0;0;-3,774008;-38,588606
347006;21;4;2019;08:00;0;AV SEN CARLOS JEREISSATI (AEROPORTO);;;;KM 03;Colisão;Luz do Dia;;;Meio de Quadra;;;0;1;1;0;0;1;0;0;0;0;0;0;-3,779641;-38,544038
343736;21;4;2019;19:36;15117;AV HIS RAIMUNDO GIRAO;RUA MON BRUNO;;0;;Colisão Frontal;Via Iluminada;Bom;Seca;T;Não Há Controle;Comercial;0;1;1;1;0;0;0;0;0;1;0;0;-3,723076;-38,506415
343737;21;4;2019;20:29;0;AV AUGUSTO DOS ANJOS;;;1660;;Colisão Transversal;Via Iluminada;Bom;Seca;Meio de Quadra;Não Há Controle;Comercial;0;1;1;1;0;0;0;0;0;1;0;0;-3,780843333;-38,57974783
343738;21;4;2019;20:54;0;AV ALBERTO CRAVEIRO;;;2585;;Atropelamento;Via Iluminada;Bom;Seca;Meio de Quadra;Semáforo;Comercial;0;1;1;1;0;0;0;0;0;0;0;0;-3,80285809;-38,5212652
343739;21;4;2019;21:24;17378;RUA ALBERTO MAGNO;RUA ROMEU MARTINS;;0;;Não Informado;Via Iluminada;Bom;Seca;Cruz;Pare;Comercial;0;2;1;1;0;0;0;0;0;1;0;0;-3,766914;-38,551758
343740;21;4;2019;22:35;0;AV ANTONIO SALES;;;2050;;Colisão Traseira;Via Iluminada;Bom;Seca;Cruz;Semáforo;Comercial;0;0;2;1;0;0;0;0;0;0;0;0;-3,74442825;-38,50570088
344538;21;4;2019;22:25;0;RUA AQUILES BORIS;;;318;;Atropelamento;;;;Meio de Quadra;;;0;1;1;1;0;0;0;0;0;0;0;0;-3,72379;-38,52105
344543;21;4;2019;23:41;0;AV DR SILAS MUNGUBA;;;1199;;Colisão;;;;Meio de Quadra;;;0;1;0;1;0;0;0;0;0;0;0;0;-3,782377;-38,555434
344540;21;4;2019;23:06;0;RUA SILVINHA TELES D69;;;420;;Queda;;;;Meio de Quadra;;;0;1;0;0;0;0;0;0;0;1;0;0;-3,848672909;-38,52630555
344541;21;4;2019;23:37;0;RUA HOLANDA;;;1199;;Colisão;;;;Meio de Quadra;;;0;1;0;1;0;0;0;0;0;0;0;0;-3,8001809;-38,5614598
344534;21;4;2019;21:43;25395;RUA SAO BERNARDO;RUA TULIPA;;;;Colisão;;;;T;Outros;Residencial;0;1;0;1;0;0;0;0;0;1;0;0;-3,712139;-38,578675
344535;21;4;2019;21:54;13177;AV I CJ JOSE WALTER;AV D CJ JOSE WALTER;;;;Colisão;;;;Cruz;Semáforo;Misto;0;1;0;1;0;0;0;0;0;1;0;0;-3,83244;-38,552957
344530;21;4;2019;19:09;0;AV ALBERTO CRAVEIRO;;;2670;;Atropelamento;;;;Meio de Quadra;;;0;1;0;1;0;0;0;0;0;0;0;0;-3,803272839;-38,52160166
344531;21;4;2019;19:51;0;AV SEN FERNANDES TAVORA;;;905;;Queda;;;;Meio de Quadra;;;0;2;0;0;0;0;0;0;0;1;0;0;-3,762891111;-38,5808475
344532;21;4;2019;20:14;0;RUA ROSA VIRGINIA;;;651;;Queda;;;;Meio de Quadra;;;0;0;1;0;0;0;0;0;0;1;0;0;-3,8068715;-38,5031261
344522;21;4;2019;09:08;10113;RUA RAIMUNDO PINHEIRO;RUA CEL FABRICIANO;;;;Colisão;Luz do Dia;;;Cruz;Não Há Controle;;0;1;0;1;0;0;0;0;0;1;0;0;-3,786115;-38,596207
344523;21;4;2019;14:38;0;AV CASTELO DE CASTRO;;;642;;Colisão;Luz do Dia;;;Meio de Quadra;;;0;1;0;1;0;0;0;0;0;1;0;0;-3,835217;-38,521635
344524;21;4;2019;15:55;0;RUA AUDISIO PINHEIRO;;;43;;Queda;Luz do Dia;;;Meio de Quadra;;;0;1;0;0;0;0;0;0;0;1;0;0;-3,7408843;-38,5896281
344525;21;4;2019;18:04;6584;AV H CJ CEARA;AV J CJ CEARA;;;;Colisão;Anoitecer;;;Cruz;Outros;Residencial;0;1;0;1;0;0;0;0;0;1;0;0;-3,777092;-38,621543
344526;21;4;2019;18:15;0;AV TEN LISBOA;;;938;;Atropelamento;Anoitecer;;;Meio de Quadra;;;0;2;0;0;0;0;0;0;0;1;0;0;-3,7183414;-38,5444251
344527;21;4;2019;18:16;0;RUA CEL MATOS DOURADO;;;;;Queda;Anoitecer;;;Meio de Quadra;;;0;1;0;0;0;0;0;0;0;1;0;0;;
344528;21;4;2019;18:37;0;AV DEP PAULINO ROCHA;;;;;Atropelamento;;;;Meio de Quadra;;;0;1;0;1;0;0;0;0;0;0;0;0;;
344516;21;4;2019;01:40;0;AV A CJ CEARA;;;1580;;Colisão;;;;Meio de Quadra;;;0;2;0;0;0;0;0;0;0;1;0;0;-3,776076;-38,606186