COD_ACIDENTE;DIA;MES;ANO;HORA;INTERSECAO;LOG1;LOG2;LOG3;NUMERO;REFERENCIA;NATUREZA;ILUMINACAO;TEMPO;SUPERFICIEPISTA;TIPOCRUZAMENTO;CONTROLETRAFEGO;USOSOLO;MORTOS;FERIDOS;ILESOS;AUTOMOVEL;ONIBUS;BICICLETA;CAMINHAO;MICROONIBUS;CICLOMOTOR;MOTOCICLETA;TRACAOANIMAL;TREM;LATITUDE;LONGITUDE
344517;21;4;2019;03:31;0;AV MOZART PINHEIRO DE LUCENA;;;19;;Queda;;;;Meio de Quadra;;;0;1;0;0;0;1;0;0;0;0;0;0;-3,7062684;-38,5921817
344518;21;4;2019;04:16;0;AV ALM BARROSO;;;774;;Atropelamento;;;;Meio de Quadra;;;0;1;0;0;0;0;0;0;0;0;0;0;-3,720313;-38,516088
344519;21;4;2019;07:36;0;AV TRISTAO GONCALVES;;;701;;Atropelamento;Luz do Dia;;;Meio de Quadra;;;0;1;1;0;0;0;0;0;0;1;0;0;-3,72798;-38,53347
344520;21;4;2019;08:25;17399;RUA ISAIE BORIS;RUA CEL ALEXANDRINO;;;;Colisão;Luz do Dia;;;;;;0;2;0;1;0;0;0;0;0;1;0;0;-3,767501;-38,549634
344544;22;4;2019;01:05;0;AV SEN CARLOS JEREISSATI (AEROPORTO);;;;;Colisão;;;;Meio de Quadra;;;0;0;1;0;0;0;0;0;0;1;0;0;;
344546;22;4;2019;04:08;0;AV PRS CASTELO BRANCO;;;;;Queda;;;;Meio de Quadra;;;0;0;1;0;0;0;0;0;0;1;0;0;;
344552;22;4;2019;08:13;6125;AV I CJ CEARA;RUA 870 CJ CEARA;;;;Colisão;Luz do Dia;;;T;Pare;Comercial;0;1;1;0;0;1;0;0;0;1;0;0;-3,768602;-38,597193
344574;22;4;2019;16:34;1716;AV GOV RAUL BARBOSA;AV GAL MURILO BORGES;;;;Colisão;Luz do Dia;;;Rotatória;Dê Preferência;Residencial;0;1;0;1;0;1;0;0;0;0;0;0;-3,763977;-38,508802
344575;22;4;2019;17:47;0;AV DR SILAS MUNGUBA;;;1199;;Colisão;Anoitecer;;;Meio de Quadra;;;0;1;0;1;0;0;0;0;0;1;0;0;-3,782377;-38,555434
344576;22;4;2019;18:01;0;RUA CEL JUCA;;;1994;;Colisão;Anoitecer;;;Meio de Quadra;;;0;1;0;1;0;0;0;0;0;1;0;0;-3,7496545;-38,495165
344577;22;4;2019;18:33;0;RUA OSCAR FRANCA;;;1849;;Queda;;;;Meio de Quadra;;;0;1;0;0;0;1;0;0;0;0;0;0;-3,789396444;-38,60730729
344579;22;4;2019;19:21;0;AV GAL OSORIO DE PAIVA;;;;;Colisão;;;;Meio de Quadra;;;0;1;0;1;0;0;0;0;0;1;0;0;;
344572;22;4;2019;14:01;0;RUA ALUISIO AZEVEDO;;;39;;Colisão;Luz do Dia;;;Meio de Quadra;;;0;0;1;1;0;0;0;0;0;1;0;0;-3,77327212;-38,57346472
344581;22;4;2019;21:33;0;AV GAL OSORIO DE PAIVA;;;3377;;Queda;;;;Meio de Quadra;;;0;1;0;0;0;0;0;0;0;1;0;0;-3,7905925;-38,5883405
344568;22;4;2019;12:38;10962;RUA ANTONIO FIUZA;RUA DOM CARLOTO TAVORA;;;;Colisão;Luz do Dia;;;Cruz;Pare;Residencial;0;2;0;1;0;0;0;0;0;1;0;0;-3,771157;-38,552567
344569;22;4;2019;12:40;0;AV BEZERRA DE MENEZES;;;146;;Colisão;Luz do Dia;;;Meio de Quadra;;;0;1;1;1;0;1;0;0;0;0;0;0;-3,73076;-38,5414498
344570;22;4;2019;13:26;19328;RUA EDUARDO PERDIGAO;RUA CON DE CASTRO;;;;Colisão;Luz do Dia;;;Cruz;Pare;Comercial;0;1;0;0;0;0;0;0;0;0;0;0;-3,775579;-38,564769
344555;22;4;2019;08:31;0;AV MIN JOSE AMERICO;;;709;;Queda;Luz do Dia;;;Meio de Quadra;;;0;1;0;0;0;0;0;0;0;1;0;0;-3,81055;-38,494252
344565;22;4;2019;09:55;0;RUA CEL MATOS DOURADO;;;692;;Queda;Luz do Dia;;;Meio de Quadra;;;0;1;0;0;0;0;0;0;0;1;0;0;-3,74532;-38,58481
344566;22;4;2019;10:54;0;AV CANDIDO PORTINARI;;;84;;Queda;Luz do Dia;;;Meio de Quadra;;;0;1;0;0;0;1;0;0;0;0;0;0;-3,801693732;-38,4837082
344557;22;4;2019;08:44;0;AV CARNEIRO DE MENDONCA;;;485;;Colisão;Luz do Dia;;;Meio de Quadra;;;0;1;0;1;0;0;0;0;0;1;0;0;-3,765627;-38,563646
344592;22;4;2019;22:27;0;RUA GERMANO FRANCK;;;42;;Colisão;;;;Meio de Quadra;;;0;1;0;1;0;0;0;0;0;1;0;0;-3,773553194;-38,55773426
343741;22;4;2019;00:54;0;RUA CON DE CASTRO;;;2904;;Colisão Transversal;Via Iluminada;Bom;Seca;Meio de Quadra;Não Há Controle;Residencial;0;0;2;1;0;0;0;0;0;0;0;0;-3,794379;-38,58209424
343742;22;4;2019;00:52;19539;AV DR SILAS MUNGUBA;RUA EQUADOR;;;;Colisão Transversal;Via Iluminada;Bom;Seca;Cruz;Semáforo;Comercial;0;0;2;1;0;0;0;0;0;0;0;0;-3,782377;-38,555434
343743;22;4;2019;07:57;0;AV PRS COSTA E SILVA;;;0;UPA (JOSE WALTER);Colisão Traseira;Luz do Dia;Bom;Seca;Meio de Quadra;Não Há Controle;Industrial;0;2;1;1;0;0;0;0;0;1;0;0;;
343744;22;4;2019;08:19;0;AV HERACLITO GRACA;;;362;;Colisão Lateral;Luz do Dia;Bom;Seca;Meio de Quadra;Não Há Controle;Comercial;0;0;2;1;0;0;0;0;0;0;0;0;-3,734483;-38,52147
343745;22;4;2019;11:43;3188;RUA EMILIO DE MENESES;RUA LUZIA MOREIRA;;;;Colisão Traseira;Luz do Dia;Bom;Seca;Cruz;Pare;Residencial;0;4;1;1;0;0;0;0;0;1;0;0;-3,780117;-38,593217
343746;22;4;2019;15:34;9154;AV 13 DE MAIO;RUA MARTINHO RODRIGUES;;;;Queda;Luz do Dia;Bom;Seca;Cruz;Semáforo;Comercial;0;2;0;0;0;0;0;0;0;1;0;0;-3,752832;-38,525221
343747;22;4;2019;16:22;20042;AV DR SILAS MUNGUBA;AV ALBERTO CRAVEIRO;;0;;Colisão Lateral;Luz do Dia;Bom;Seca;Rotatória;Não Há Controle;Comercial;0;1;1;1;0;0;0;0;0;1;0;0;-3,807229;-38,524782
343748;22;4;2019;18:48;11607;AV JOSE LEON;AV DR JOAO MACIEL FILHO;;;;Colisão Frontal;Via Iluminada;Bom;Seca;T;Pare;Residencial;0;1;2;1;0;0;0;0;0;1;0;0;-3,78913;-38,496603
343749;22;4;2019;15:39;0;AV BORGES DE MELO;;;2061;;Colisão Traseira;Luz do Dia;Bom;Seca;Meio de Quadra;Não Há Controle;Residencial;0;0;2;1;0;0;0;0;0;0;0;0;-3,75429213;-38,53663339
343087;22;4;2019;17:25;0;RD BR 116;;;4000;KM-04;Tombamento;Anoitecer;;;Meio de Quadra;;;0;2;1;1;0;0;0;0;0;1;0;0;-3,802354;-38,503869
342739;22;4;2019;06:00;0;AV GODOFREDO MACIEL;;;5549;;Choque c/ Obstáculo Fixo;Luz do Dia;;;Meio de Quadra;;;1;1;1;1;0;0;0;0;0;1;0;0;-3,8127649;-38,5750083
342737;22;4;2019;22:00;11022;RUA BAR CANINDE;RUA MUNDICA PAULA;;;;Colisão Traseira;;;;Cruz;Pare;Residencial;1;0;1;1;0;0;0;0;0;1;0;0;-3,773214;-38,558309
339897;22;4;2019;06:40;19611;RUA NEREU RAMOS;AV GODOFREDO MACIEL;;;;Colisão Traseira;Luz do Dia;Nublado;Molhada;T;Semáforo;Comercial;0;1;1;0;1;0;0;0;0;1;0;0;-3,78725;-38,566802
340019;23;4;2019;06:30;0;RUA SOLON ONOFRE;;;500;;Outros;Luz do Dia;Chuva;Molhada;Meio de Quadra;Não Há Controle;Residencial;0;0;1;1;0;0;0;0;0;0;0;0;-3,73685;-38,474103
347008;23;4;2019;00:20;10116;RUA 23 DE JUNHO;RUA VALDEMAR PAES;;;;Colisão;;;;;;;0;0;2;0;0;0;0;0;0;0;0;0;-3,784472;-38,599043
347009;23;4;2019;15:10;0;AV JOAO PESSOA;;;4901;;Colisão;Luz do Dia;;;Meio de Quadra;;;0;0;2;0;0;0;0;0;0;0;0;0;-3,755443;-38,552153
343088;23;4;2019;07:25;0;RD BR 116;;;3000;KM-03;Colisão;Luz do Dia;;;Meio de Quadra;;;0;0;2;1;0;0;0;0;0;1;0;0;-3,779838;-38,514372
343328;23;4;2019;17:47;6969;AV B CJ ESPERANCA;AV F CJ ESPERANCA;;;;Colisão;Anoitecer;;;Cruz;Pare;Residencial;0;1;1;0;0;0;0;0;0;1;0;0;-3,817486;-38,588467
343325;23;4;2019;17:35;5127;RUA GAL SAMPAIO;RUA SEN ALENCAR;;;;Colisão;Anoitecer;;;Cruz;Semáforo;Comercial;0;1;1;1;0;0;0;0;0;1;0;0;-3,724192;-38,529984
343326;23;4;2019;17:36;0;TR ISAIAS BORIS  D39;;;383;;Queda;Anoitecer;;;Meio de Quadra;;;0;1;0;0;0;0;0;0;0;1;0;0;-3,7018159;-38,5731363
343323;23;4;2019;17:11;0;RD BR 116;;;5000;KM-05;Colisão;Anoitecer;;;Meio de Quadra;;;0;1;1;1;0;0;0;0;0;1;0;0;-3,796502;-38,506787
343286;23;4;2019;13:45;0;AV WASHINGTON SOARES;;;;;Colisão;Luz do Dia;;;Meio de Quadra;;;0;1;1;1;0;0;0;0;0;1;0;0;;
343287;23;4;2019;14:39;0;AV DR SILAS MUNGUBA;;;5258;;Queda;Luz do Dia;;;Meio de Quadra;;;0;1;0;0;0;0;0;0;0;1;0;0;-3,799334;-38,530752
343288;23;4;2019;14:57;0;RUA OZELIA PONTES;;;90;;Colisão;Luz do Dia;;;Meio de Quadra;;;0;1;1;1;0;0;0;0;0;1;0;0;-3,81919;-38,47768
343289;23;4;2019;16:01;19570;RUA ESPANHA;RUA NEREU RAMOS;;;;Colisão;Luz do Dia;;;T;Pare;Residencial;0;1;1;1;0;0;0;0;0;1;0;0;-3,783961;-38,574434
343290;23;4;2019;16:15;100;RUA TOMAS RODRIGUES;AV MR HULL;;;;Colisão;Luz do Dia;;;Cruz;Semáforo;Comercial;0;1;1;1;0;0;0;0;0;1;0;0;-3,740004;-38,593915
343291;23;4;2019;16:41;0;RUA MARIA JULIA;;;1456;;Colisão;Luz do Dia;;;Meio de Quadra;;;0;1;1;1;0;0;0;0;0;1;0;0;-3,797168957;-38,60118957
343283;23;4;2019;12:43;0;AV BORGES DE MELO;;;124;;Colisão;Luz do Dia;;;Meio de Quadra;;;0;1;1;1;0;0;0;0;0;1;0;0;-3,761342;-38,520039
343267;23;4;2019;07:49;0;AV DES FAUSTINO ALBUQUERQUE;;;732;;Colisão;Luz do Dia;;;Meio de Quadra;;;0;1;1;1;0;0;0;0;0;1;0;0;-3,786336;-38,499589
343296;23;4;2019;17:10;0;AV PRS JUSCELINO KUBITSCHEK (PASSARÉ);;;3440;;Colisão;Anoitecer;;;Meio de Quadra;;;0;1;1;0;0;0;0;0;0;1;0;0;-3,810949364;-38,52779532
343257;23;4;2019;07:02;0;AV WASHINGTON SOARES;;;9190;;Colisão;Luz do Dia;;;Meio de Quadra;;;0;1;1;1;0;0;0;0;0;1;0;0;-3,831821685;-38,48243004
343258;23;4;2019;07:05;10001;RUA AIRES DA CUNHA;RUA TAQUARI;;;;Colisão;Luz do Dia;;;;;;0;1;1;1;0;0;0;0;0;1;0;0;-3,775572;-38,603836
343265;23;4;2019;07:46;5100;AV MON TABOSA;AV DOM MANUEL;;;;Queda;Luz do Dia;;;Cruz;Semáforo;Residencial;0;1;0;0;0;0;0;0;0;1;0;0;-3,7235838;-38,5195518
343275;23;4;2019;08:08;0;RUA COSTA SOUZA;;;100;;Colisão;Luz do Dia;;;Meio de Quadra;;;0;1;1;1;0;1;0;0;0;0;0;0;-3,747200556;-38,53662447
343276;23;4;2019;08:56;0;RUA GUSTAVO SAMPAIO;;;2115;;Colisão;Luz do Dia;;;Meio de Quadra;;;0;1;1;1;0;0;0;0;0;1;0;0;-3,73669697;-38,56340058
343277;23;4;2019;11:14;0;RUA VICENTE SPINDOLA;;;5478;;Colisão;Luz do Dia;;;Meio de Quadra;;;0;1;1;1;0;0;0;0;0;1;0;0;;
343278;23;4;2019;11:33;0;AV WASHINGTON SOARES;;;4352;;Atropelamento;Luz do Dia;;;Meio de Quadra;;;0;1;1;0;0;0;0;0;0;1;0;0;-3,794935;-38,479979
343279;23;4;2019;12:31;0;RUA JUVENAL GALENO;;;150;;Colisão;Luz do Dia;;;Meio de Quadra;;;0;1;1;1;0;0;0;0;0;1;0;0;-3,740748;-38,5371425
343750;23;4;2019;09:33;8054;AV JOAO PESSOA;RUA APOLO;;0;;Colisão Traseira;Luz do Dia;Chuva;Molhada;T;Pare;Comercial;0;0;2;1;1;0;0;0;0;0;0;0;-3,755045;-38,5518
343751;23;4;2019;13:06;978;AV BORGES DE MELO;RD BR 116;;0;;Não Informado;Luz do Dia;Nublado;Seca;T;Pare;Residencial;0;1;1;1;0;0;0;0;0;1;0;0;-3,761468;-38,518888
343752;23;4;2019;19:17;0;RUA GAL SAMPAIO;;;616;;Colisão Transversal;Anoitecer;Bom;Seca;Meio de Quadra;Não Há Controle;Comercial;0;0;2;1;0;0;0;0;0;1;0;0;-3,723966254;-38,52991921
343446;23;4;2019;23:48;0;AV HIS RAIMUNDO GIRAO;;;;;Colisão;;;;Meio de Quadra;;;0;2;1;1;0;0;0;0;0;1;0;0;;
343425;23;4;2019;22:33;19081;RUA DES WALDETARIO P MOTA;RUA EDUARDO SABOIA;;;;Colisão;;;;Cruz;Pare;Comercial;0;1;1;1;0;0;0;0;0;1;0;0;-3,737338;-38,480948
343412;23;4;2019;18:51;0;AV MIN JOSE AMERICO;;;388;;Colisão;;;;Meio de Quadra;;;0;1;1;1;0;0;0;0;0;1;0;0;-3,811474;-38,496335
343410;23;4;2019;18:12;0;RUA PEDRO PEREIRA;;;315;;Atropelamento;Anoitecer;;;Meio de Quadra;;;0;1;1;1;0;0;0;0;0;0;0;0;-3,729683;-38,528531
343422;23;4;2019;20:31;0;ET PICI;;;;;Colisão;;;;Meio de Quadra;;;0;1;1;0;0;0;0;0;0;1;0;0;;
343418;23;4;2019;20:28;0;AV PRS CASTELO BRANCO;;;;;Colisão;;;;Meio de Quadra;;;0;1;0;0;0;0;0;0;0;0;0;0;;
343754;23;4;2019;15:07;7779;RUA VIS MAUA;RUA DOM EXPEDITO LOPES;;;;Colisão Transversal;Luz do Dia;Bom;Seca;Cruz;Pare;Residencial;0;0;2;0;0;0;0;0;0;0;0;0;-3,744731;-38,502182
343755;24;4;2019;12:50;0;RUA CON DE CASTRO;;;4701;;Colisão Transversal;Luz do Dia;Bom;Seca;Meio de Quadra;Não Há Controle;Escola;0;0;1;1;0;0;0;0;0;1;0;0;-3,8066554;-38,5935
343756;24;4;2019;19:25;4194;AV FRANCISCO SA;AV TEN LISBOA;;0;;Colisão Lateral;Via Iluminada;Bom;Seca;Cruz;Cancela;Residencial;0;0;2;1;0;0;0;0;0;0;0;0;-3,717874;-38,555953
343757;24;4;2019;13:30;0;AV BEZERRA DE MENEZES;;;113;;Colisão Lateral;Luz do Dia;Bom;Seca;Meio de Quadra;Semáforo;Comercial;0;1;2;1;0;0;0;0;0;1;0;0;-3,7317813;-38,5457604
344340;24;4;2019;21:55;0;AV JOVITA FEITOSA;;;2214;;Queda;;;;Meio de Quadra;;;0;1;0;0;0;0;0;0;0;1;0;0;-3,740029585;-38,55737951
344346;24;4;2019;22:32;0;RUA OSCAR BEZERRA ARAUJO;;;2199;;Colisão;;;;Meio de Quadra;;;0;1;1;0;0;0;0;0;0;1;0;0;-3,7929949;-38,6281475
344342;24;4;2019;22:22;0;AV N CJ JOSE WALTER;;;;;Queda;;;;Meio de Quadra;;;0;1;0;0;0;0;0;0;0;1;0;0;;
344343;24;4;2019;22:24;0;AV WASHINGTON SOARES;;;;;Queda;;;;Meio de Quadra;;;0;1;0;0;0;0;0;0;0;1;0;0;;
344337;24;4;2019;21:21;0;AV SGT HERMINIO SAMPAIO;;;992;;Colisão;;;;Meio de Quadra;;;0;1;1;1;0;0;0;0;0;1;0;0;-3,724574;-38,549632
343448;24;4;2019;06:21;0;AV SEN CARLOS JEREISSATI (AEROPORTO);;;;;Colisão;Luz do Dia;;;Meio de Quadra;;;0;1;0;0;0;0;0;0;0;0;0;0;;
343450;24;4;2019;06:52;9124;AV VIS RIO BRANCO;RUA MON SALAZAR;;;;Colisão;Luz do Dia;;;Cruz;Semáforo;Comercial;0;1;1;1;0;0;0;0;0;1;0;0;-3,756701;-38,51987
343451;24;4;2019;07:06;0;RUA OSCAR BEZERRA ARAUJO;;;1930;;Colisão;Luz do Dia;;;Meio de Quadra;;;0;1;1;1;0;0;0;0;0;1;0;0;-3,7491277;-38,4974836
343452;24;4;2019;07:21;0;RUA VALPARAISO;;;2026;;Colisão;Luz do Dia;;;Meio de Quadra;;;0;1;1;1;0;1;0;0;0;0;0;0;-3,846398;-38,5198565
343454;24;4;2019;07:30;0;RUA STA MARLUCIA;;;267;;Queda;Luz do Dia;;;Meio de Quadra;;;0;1;0;0;0;0;0;0;0;1;0;0;-3,805768836;-38,5818003
343455;24;4;2019;07:53;0;RUA ANDRADE FURTADO;;;1716;;Colisão;Luz do Dia;;;Meio de Quadra;;;0;1;0;0;0;0;0;0;0;0;0;0;-3,747482;-38,474343
343456;24;4;2019;09:15;0;AV PRS CASTELO BRANCO;;;;;Queda;Luz do Dia;;;Meio de Quadra;;;0;1;0;0;0;1;0;0;0;0;0;0;;
343457;24;4;2019;09:15;0;AV GAL OSORIO DE PAIVA;;;;;Atropelamento;Luz do Dia;;;Meio de Quadra;;;0;1;1;1;0;0;0;0;0;0;0;0;;
343458;24;4;2019;09:43;0;AV ENG HUMBERTO MONTE;;;571;;Colisão;Luz do Dia;;;Meio de Quadra;;;0;1;1;0;0;0;0;0;0;1;0;0;-3,753111213;-38,5571882
343459;24;4;2019;11:40;0;RUA PDE PEDRO DE ALENCAR;;;1967;;Colisão;Luz do Dia;;;Meio de Quadra;;;0;1;1;1;0;0;0;0;0;1;0;0;-3,845159068;-38,49448389
343460;24;4;2019;11:55;0;VL DO MAR;;;840;;Colisão;Luz do Dia;;;Meio de Quadra;;;0;1;1;1;0;0;0;0;0;1;0;0;-3,7217953;-38,5133932
343461;24;4;2019;12:14;0;RUA ANTONIO PEREIRA;;;30;;Choque c/ Obstáculo Fixo;Luz do Dia;;;Meio de Quadra;;;0;1;1;0;0;0;1;0;0;1;0;0;-3,834265404;-38,56188744
343479;24;4;2019;18:56;0;TR SAO JOAO BATISTA;;;;;Colisão;;;;Meio de Quadra;;;0;1;1;0;0;0;0;0;0;1;0;0;;
343476;24;4;2019;17:22;0;AV ODILON GUIMARAES;;;2460;;Atropelamento de Animal;Anoitecer;;;Meio de Quadra;;;0;1;0;0;0;0;0;0;0;1;0;0;-3,81782212;-38,47355328
343477;24;4;2019;17:54;25497;RUA CAP MELO;RUA CAP TIBURCIO DA FROTA;;;;Colisão;Anoitecer;;;Cruz;Pare;Residencial;0;1;1;0;0;0;0;0;0;1;0;0;-3,754915;-38,513386
343474;24;4;2019;14:17;0;AV 13 DE MAIO;;;;;Colisão;Luz do Dia;;;Meio de Quadra;;;0;1;1;1;0;0;0;0;0;1;0;0;;
343471;24;4;2019;13:27;0;AV MR HULL;;;;;Colisão;Luz do Dia;;;Meio de Quadra;;;0;1;1;1;0;0;0;0;0;1;0;0;;
343472;24;4;2019;13:54;0;RUA DELTA;;;385;;Colisão;Luz do Dia;;;Meio de Quadra;;;0;1;1;1;0;0;0;0;0;1;0;0;-3,791796;-38,57707
343469;24;4;2019;12:53;0;RUA CON DE CASTRO;;;;;Colisão;Luz do Dia;;;Meio de Quadra;;;0;1;1;1;0;0;0;0;0;1;0;0;;
343481;24;4;2019;20:32;0;RUA IEDA CARVALHO;;;431;;Queda;;;;Meio de Quadra;;;0;1;0;0;0;1;0;0;0;0;0;0;-3,78524;-38,48656
343482;24;4;2019;20:34;10012;RUA EMILIO DE MENESES;RUA DUAS NACOES;;;;Colisão;;;;Cruz;Pare;Residencial;0;1;1;1;0;1;0;0;0;0;0;0;-3,77758;-38,602223
343753;24;4;2019;08:01;0;RUA OSCAR ARARIPE;AV SEN VIRGILIO TAVORA;;0;;Colisão Transversal;Luz do Dia;Bom;Molhada;Cruz;Semáforo;Comercial;0;1;1;1;0;0;0;0;0;1;0;0;-3,7882576;-38,60863
343089;24;4;2019;14:00;0;RD BR 222;;;;KM-01;Colisão;Luz do Dia;;;Meio de Quadra;;;0;0;2;1;0;0;0;0;0;1;0;0;-3,737698444;-38,57814693
343091;24;4;2019;16:40;0;RD BR 116;;;2000;KM-02;Colisão;Luz do Dia;;;Meio de Quadra;;;0;1;1;1;0;0;0;0;0;1;0;0;-3,771391;-38,51678
347022;24;4;2019;03:30;0;RUA BAR CRATO;;;;;Colisão;;;;Meio de Quadra;;;0;0;2;0;0;0;0;0;0;0;0;0;;
347023;24;4;2019;23:00;10634;AV WASHINGTON SOARES;AV MIGUEL DIAS;;;;Atropelamento;;;;T;Semáforo;Comercial;0;1;1;0;0;0;0;0;0;0;0;0;-3,757742;-38,488341
347024;24;4;2019;18:00;53;RUA PDE PERDIGAO SAMPAIO;RUA CEL JOAQUIM FRANKLIN;;;;Colisão;Anoitecer;;;Cruz;Pare;Escola;0;1;1;0;0;0;0;0;0;1;0;0;-3,743393;-38,594164
340020;24;4;2019;18:25;0;AV DES MOREIRA;;;1500;;Colisão Lateral;Via Iluminada;Bom;Seca;Meio de Quadra;Outros;Outros;0;1;1;0;0;0;0;0;0;1;0;0;-3,739184;-38,499298
347029;25;4;2019;03:00;0;AV BEZERRA DE MENEZES;;;433;;Colisão;;;;Meio de Quadra;;;0;0;2;0;0;0;0;0;0;0;0;0;-3,7324393;-38,54887654
347026;25;4;2019;01:00;0;RUA BAR CANINDE;;;1192;;Colisão;;;;Meio de Quadra;;;0;0;2;1;0;0;0;0;0;0;0;0;-3,767223553;-38,55626998
343092;25;4;2019;06:15;0;RD BR 222;;;;KM-03;Tombamento;Luz do Dia;;;Meio de Quadra;;;0;1;2;0;0;0;0;0;0;1;0;0;-3,740300848;-38,59594097
343095;25;4;2019;17:13;0;RD BR 116;;;8000;KM-08;Colisão;Anoitecer;;;Meio de Quadra;;;0;2;1;0;1;0;0;0;0;1;0;0;-3,822018;-38,503269
344376;25;4;2019;19:14;0;RUA RUI MONTE;;;135;;Colisão;;;;Meio de Quadra;;;0;1;1;1;0;0;0;0;0;1;0;0;-3,740171556;-38,58749089
344373;25;4;2019;19:09;0;RD CE-040;;;;;Colisão;;;;Meio de Quadra;;;0;1;1;0;0;0;1;0;0;1;0;0;;
344378;25;4;2019;19:55;0;AV SEN CARLOS JEREISSATI (AEROPORTO);;;1600;;Colisão;;;;Meio de Quadra;;;0;1;1;0;0;0;0;0;0;1;0;0;-3,783753;-38,52685
344379;25;4;2019;22:27;0;AV F CJ CEARA;;;103;;Atropelamento;;;;Meio de Quadra;;;0;2;0;0;0;0;0;0;0;1;0;0;-3,763043194;-38,60870516
344380;25;4;2019;23:46;0;AV GAL OSORIO DE PAIVA;;;5623;;Queda;;;;Meio de Quadra;;;0;1;0;0;0;0;0;0;0;1;0;0;-3,806072632;-38,60340016
344367;25;4;2019;16:30;0;AV WASHINGTON SOARES;;;4587;;Colisão;Luz do Dia;;;Meio de Quadra;;;0;1;1;1;0;0;0;0;0;1;0;0;-3,799478;-38,479636
344368;25;4;2019;16:49;0;AV SGT HERMINIO SAMPAIO;;;3647;;Queda;Luz do Dia;;;Meio de Quadra;;;0;1;0;0;0;0;0;0;0;1;0;0;-3,7291005;-38,57312244
344369;25;4;2019;18:38;0;RUA BAR AQUIRAZ;;;510;;Colisão;;;;Meio de Quadra;;;0;1;1;1;0;0;0;0;0;1;0;0;-3,7584355;-38,5475191
344370;25;4;2019;18:41;0;RUA AFONSO LOPES;;;;;Queda;;;;Meio de Quadra;;;0;1;0;0;0;0;0;0;0;1;0;0;;
344361;25;4;2019;11:36;0;AV LAURO VIEIRA CHAVES;;;;;Colisão;Luz do Dia;;;Meio de Quadra;;;0;1;1;1;0;0;0;0;0;1;0;0;;
344362;25;4;2019;13:42;3408;RUA MATOS VASCONCELOS;RUA DES PRAXEDES;;;;Colisão;Luz do Dia;;;Cruz;Pare;Residencial;0;1;1;1;0;0;0;0;0;1;0;0;-3,755879;-38,554688
344363;25;4;2019;15:03;0;AV RECREIO D64;;;940;;Colisão;Luz do Dia;;;Meio de Quadra;;;0;1;0;0;0;0;0;0;0;0;0;0;-3,812584;-38,4494745
344364;25;4;2019;16:05;0;AV GOV RAUL BARBOSA;;;7235;;Colisão;Luz do Dia;;;Meio de Quadra;;;0;1;1;1;0;0;0;0;0;1;0;0;-3,775537444;-38,51303133
344354;25;4;2019;08:20;0;AV PRS CASTELO BRANCO;;;2813;;Colisão;Luz do Dia;;;Meio de Quadra;;;0;1;1;1;0;0;0;0;0;1;0;0;-3,712442174;-38,55289557
344355;25;4;2019;08:42;7395;RUA ARACAJU;RUA PRO EDGAR DE ARRUDA;;;;Colisão;Luz do Dia;;;Cruz;Pare;Residencial;0;1;1;1;0;0;0;0;0;1;0;0;-3,757416;-38,586324
344356;25;4;2019;09:04;0;AV DOMINGOS OLIMPIO;;;1559;;Colisão;Luz do Dia;;;Meio de Quadra;;;0;1;1;1;0;0;0;0;0;1;0;0;-3,734573385;-38,53736962
344357;25;4;2019;09:24;0;RUA DA SAUDADE D04;;;311;;Colisão;Luz do Dia;;;Meio de Quadra;;;0;1;1;1;0;0;0;0;0;1;0;0;-3,719300125;-38,53465572
344358;25;4;2019;10:44;0;AV ENG SANTANA JUNIOR;;;188;;Colisão;Luz do Dia;;;Meio de Quadra;;;0;2;1;1;0;0;0;0;0;1;0;0;-3,731393;-38,479398
344348;25;4;2019;00:01;0;RUA BAR CANINDE;;;334;;Colisão;;;;Meio de Quadra;;;0;1;1;1;0;0;0;0;0;0;0;0;-3,771985422;-38,55791572
344349;25;4;2019;00:06;0;RUA DES PRAXEDES;;;1936;;Queda;;;;Meio de Quadra;;;0;1;0;0;0;0;0;0;0;1;0;0;-3,7647116;-38,5374952
344350;25;4;2019;07:32;0;AV JOAO PESSOA;;;4700;;Colisão;Luz do Dia;;;Meio de Quadra;;;0;1;1;1;0;0;0;0;0;1;0;0;-3,753686635;-38,55059607
344351;25;4;2019;07:50;0;RUA GAL ONOFRE;;;242;;Colisão;Luz do Dia;;;Meio de Quadra;;;0;1;1;1;0;0;0;0;0;1;0;0;-3,7350525;-38,4729815
344352;25;4;2019;08:14;0;AV JOAO PESSOA;;;5500;;Colisão;Luz do Dia;;;Meio de Quadra;;;0;1;1;1;0;0;0;0;0;1;0;0;-3,7590135;-38,555364
343758;25;4;2019;07:25;0;RUA TEODORO DE PAIVA;;;255;;Colisão Traseira;Luz do Dia;Chuva;Molhada;Meio de Quadra;Não Há Controle;Residencial;0;0;2;1;0;0;0;0;0;0;0;0;-3,776369;-38,496547
343759;25;4;2019;14:21;23009;RUA BRUNO VALENTE;RUA ANITA GARIBALDI;;;;Colisão;Luz do Dia;Bom;Seca;Cruz;Pare;Comercial;0;1;1;1;0;0;0;0;0;1;0;0;-3,788221;-38,539228