COD_ACIDENTE;DIA;MES;ANO;HORA;INTERSECAO;LOG1;LOG2;LOG3;NUMERO;REFERENCIA;NATUREZA;ILUMINACAO;TEMPO;SUPERFICIEPISTA;TIPOCRUZAMENTO;CONTROLETRAFEGO;USOSOLO;MORTOS;FERIDOS;ILESOS;AUTOMOVEL;ONIBUS;BICICLETA;CAMINHAO;MICROONIBUS;CICLOMOTOR;MOTOCICLETA;TRACAOANIMAL;TREM;LATITUDE;LONGITUDE
343760;25;4;2019;14:50;0;AV VIS RIO BRANCO;;;1315;;Não Informado;Luz do Dia;Bom;Seca;Meio de Quadra;Semáforo;Comercial;0;0;2;1;0;0;0;0;0;0;0;0;-3,732458;-38,524814
343761;25;4;2019;16:10;15778;RUA TAQUATIARA;RUA STA CLARA DE ASSIS;;0;;Colisão Transversal;Luz do Dia;Nublado;Seca;Cruz;Pare;Residencial;0;1;1;1;0;0;0;0;0;1;0;0;-3,830267;-38,502459
343762;25;4;2019;16:22;15322;RUA CANUTO DE AGUIAR;RUA BARBOSA DE FREITAS;;;;Colisão Transversal;Luz do Dia;Bom;Seca;Cruz;Pare;Residencial;0;0;2;1;0;0;0;0;0;0;0;0;-3,730624;-38,495453
343763;25;4;2019;18:21;7813;RUA TIBURCIO CAVALCANTE;RUA JULIO SIQUEIRA;;;;Colisão Lateral;Anoitecer;Bom;Seca;Cruz;Gesto;Comercial;0;2;1;1;0;0;0;0;0;1;0;0;-3,750135;-38,507128
343764;25;4;2019;20:01;15106;RUA JOAO CORDEIRO;RUA DRAGAO DO MAR;;;;Colisão;Via Iluminada;Bom;Seca;Cruz;Pare;Residencial;0;1;1;1;0;0;0;0;0;1;0;0;-3,722283;-38,512096
343765;25;4;2019;18:00;0;AV OLIVEIRA PAIVA;;;2415;;Colisão Traseira;Via Iluminada;Bom;Seca;Meio de Quadra;Não Há Controle;Comercial;0;0;2;1;0;0;0;0;0;0;0;0;-3,796116787;-38,48451758
343766;26;4;2019;12:32;0;AV MR HULL;;;5768;RODOVIARIA DOS POBRES;Colisão Transversal;Luz do Dia;Nublado;Seca;Meio de Quadra;Não Há Controle;Comercial;1;0;1;1;0;0;0;0;0;1;0;0;-3,740228571;-38,59544607
343767;26;4;2019;15:08;15208;RUA TOMAS POMPEU;RUA SILVA PAULET;;0;;Colisão Traseira;Luz do Dia;Chuva;Molhada;Cruz;Pare;Comercial;0;0;2;1;0;0;0;0;0;0;0;0;-3,726755;-38,502944
343768;26;4;2019;15:49;0;RUA CEL MATOS DOURADO;;;;;Colisão;Luz do Dia;Nublado;Molhada;Outros;Não Há Controle;Comercial;0;0;2;0;1;0;0;0;0;1;0;0;;
343769;26;4;2019;17:15;11836;RUA JACINTO MATOS;RUA MON DANTAS;;0;;Colisão Transversal;Luz do Dia;Nublado;Molhada;Cruz;Pare;Comercial;0;1;1;1;0;0;0;0;0;1;0;0;-3,719714;-38,5468
343770;26;4;2019;19:12;9176;AV AGUANAMBI;AV EDUARDO GIRAO;;;;Colisão Lateral;Via Iluminada;Bom;Seca;Rotatória;Gesto;Comercial;0;2;1;0;0;0;0;0;0;1;0;0;-3,756564;-38,523564
343771;26;4;2019;09:44;0;AV DOM MANUEL;;;621;;Colisão Lateral;Luz do Dia;Nublado;Molhada;Meio de Quadra;Não Há Controle;Comercial;0;1;1;1;0;0;0;0;0;1;0;0;-3,72960362;-38,52151928
344381;26;4;2019;08:49;10997;RUA 15 DE NOVEMBRO;RUA EDITE BRAGA;;;;Colisão;Luz do Dia;;;Cruz;Pare;Residencial;0;1;1;1;0;0;0;0;0;1;0;0;-3,769575;-38,554083
344382;26;4;2019;09:21;0;RUA VINTE E CINCO DE MARCO;;;780;;Colisão;Luz do Dia;;;Meio de Quadra;;;0;1;0;0;0;0;0;0;0;0;0;0;-3,730648;-38,522925
344383;26;4;2019;09:39;0;RUA PLACIDO DE CASTRO;;;467;;Colisão;Luz do Dia;;;Meio de Quadra;;;0;1;1;1;0;0;0;0;0;1;0;0;-3,791099277;-38,5846904
344384;26;4;2019;09:53;0;RUA JOAO GENTIL;;;;;Colisão;Luz do Dia;;;Meio de Quadra;;;0;1;1;1;0;0;0;0;0;1;0;0;;
344385;26;4;2019;10:16;7873;AV PONTES VIEIRA;RUA BARBOSA DE FREITAS;;;;Colisão;Luz do Dia;;;Cruz;Semáforo;Comercial;0;1;1;0;0;0;0;0;0;1;0;0;-3,751381;-38,502094
344386;26;4;2019;10:36;0;AV WASHINGTON SOARES;;;;;Colisão;Luz do Dia;;;Meio de Quadra;;;0;1;0;0;0;0;0;0;0;1;0;0;;
344387;26;4;2019;11:16;0;AV DIOGUINHO;;;5230;;Atropelamento;Luz do Dia;;;Meio de Quadra;;;0;1;1;1;0;0;0;0;0;0;0;0;-3,76558;-38,4413
344388;26;4;2019;11:36;0;RUA BENTO ALBUQUERQUE;;;41;;Queda;Luz do Dia;;;Meio de Quadra;;;0;1;0;0;0;1;0;0;0;0;0;0;-3,75054;-38,46215
344392;26;4;2019;12:28;0;RUA RIO BRANCO;;;2955;;Queda;Luz do Dia;;;Meio de Quadra;;;0;1;0;0;0;0;0;0;0;1;0;0;-3,7442684;-38,5339419
344393;26;4;2019;12:32;0;AV GAL OSORIO DE PAIVA;;;38;;Atropelamento;Luz do Dia;;;Meio de Quadra;;;0;2;0;0;0;0;0;0;0;1;0;0;-3,772131848;-38,56255815
344395;26;4;2019;13:13;19297;RUA STA JULIA;RUA LEONEL CHAVES;;;;Colisão;Luz do Dia;;;Cruz;Pare;Residencial;0;1;1;1;0;0;0;0;0;1;0;0;-3,774531;-38,568283
344398;26;4;2019;13:42;0;AV PERIMETRAL;;;;;Colisão;Luz do Dia;;;Meio de Quadra;;;0;1;1;1;0;0;0;0;0;1;0;0;;
344399;26;4;2019;13:55;0;RUA 854 CJ CEARA;;;1491;;Colisão;Luz do Dia;;;Meio de Quadra;;;0;1;1;1;0;0;0;0;0;1;0;0;;
344400;26;4;2019;14:40;0;RUA RAIMUNDO FACANHA;;;135;;Colisão;Luz do Dia;;;Meio de Quadra;;;0;1;1;1;0;0;0;0;0;1;0;0;-3,73847;-38,54511
344401;26;4;2019;17:11;0;AV GAL OSORIO DE PAIVA;;;8050;;Colisão;Anoitecer;;;Meio de Quadra;;;0;1;1;1;0;0;0;0;0;1;0;0;-3,82144518;-38,61828467
344430;26;4;2019;17:49;0;RUA BERNARDO MANUEL;;;;;Colisão;Anoitecer;;;Meio de Quadra;;;0;1;0;0;0;0;1;0;0;1;0;0;;
344431;26;4;2019;18:08;0;AV DR SILAS MUNGUBA;;;;;Colisão;Anoitecer;;;Meio de Quadra;;;0;1;1;1;0;1;0;0;0;0;0;0;;
344432;26;4;2019;18:14;0;AV VICENTE DE CASTRO;;;4999;;Queda;Anoitecer;;;Meio de Quadra;;;0;1;0;0;0;1;0;0;0;0;0;0;-3,7186408;-38,4751502
344433;26;4;2019;18:16;0;RUA DJALMA BENEVIDES;;;231;;Atropelamento;Anoitecer;;;Meio de Quadra;;;0;1;1;0;0;0;0;0;0;1;0;0;-3,80979;-38,58518
344434;26;4;2019;18:45;23791;RUA RAIMUNDO NERY;RUA COSTA FREIRE;;;;Colisão;;;;Cruz;Não Há Controle;Comercial;0;1;1;1;0;0;0;0;0;1;0;0;-3,794144;-38,586423
344436;26;4;2019;18:50;0;AV PERIMETRAL;;;;;Colisão;;;;Meio de Quadra;;;0;1;1;1;0;0;0;0;0;1;0;0;;
344437;26;4;2019;19:27;0;AV ABOLICAO;;;4999;;Colisão;;;;Meio de Quadra;;;0;1;1;1;0;1;0;0;0;0;0;0;;
344442;26;4;2019;23:51;17378;RUA ALBERTO MAGNO;RUA ROMEU MARTINS;;;;Colisão;;;;Cruz;Pare;Comercial;0;1;1;1;0;0;0;0;0;0;0;0;-3,766914;-38,551758
340021;26;4;2019;12:30;0;AV VIS RIO BRANCO;;;2955;;Queda;Luz do Dia;Chuva;Molhada;Meio de Quadra;Não Há Controle;Residencial;0;2;1;0;0;0;0;0;0;1;0;0;-3,746873864;-38,52183655
340693;27;4;2019;11:30;5189;RUA PDE IBIAPINA;RUA PEDRO PEREIRA;;;;Colisão Lateral;Luz do Dia;Bom;Seca;Cruz;Não Há Controle;Escola;0;0;3;1;0;0;0;0;0;1;0;0;-3,72594;-38,540601
340694;27;4;2019;06:30;0;AV CONTORNO (CASTELÃO);;;630;;Outros;Luz do Dia;Bom;Seca;Meio de Quadra;Dê Preferência;Residencial;0;1;1;0;0;0;0;0;0;1;0;0;;
346377;27;4;2019;05:08;0;LOGRADOURO SEM NOME;;;;;Queda;Amanhecer;;;Meio de Quadra;;;0;1;0;0;0;0;0;0;0;1;0;0;;
346386;27;4;2019;12:33;0;AV PRO JOSE ARTHUR CARVALHO;;;725;;Colisão;Luz do Dia;;;Meio de Quadra;;;0;1;1;1;0;0;0;0;0;1;0;0;-3,826479;-38,473498
344474;27;4;2019;11:32;0;AV MON TABOSA;;;1152;;Colisão;Luz do Dia;;;Meio de Quadra;;;0;1;1;1;0;0;0;0;0;1;0;0;-3,72425;-38,508736
344475;27;4;2019;11:45;0;AV JOR THOMAZ COELHO;;;2335;;Colisão;Luz do Dia;;;Meio de Quadra;;;0;1;0;0;0;0;0;0;0;0;0;0;-3,828171819;-38,51716573
344476;27;4;2019;12:11;0;AV PERIMETRAL;;;;;Colisão;Luz do Dia;;;Meio de Quadra;;;0;1;1;1;0;0;0;0;0;1;0;0;;
344477;27;4;2019;12:14;0;RUA PDE IBIAPINA;;;1293;;Colisão;Luz do Dia;;;Meio de Quadra;;;0;1;1;1;0;0;0;0;0;1;0;0;-3,726476458;-38,54052565
344479;27;4;2019;12:36;15139;AV MON TABOSA;RUA BAR ARACATI;;;;Colisão;Luz do Dia;;;Cruz;Semáforo;Comercial;0;1;1;1;0;0;0;0;0;1;0;0;-3,724226;-38,509158
344480;27;4;2019;13:37;0;RUA JANDIRA;;;664;;Colisão;Luz do Dia;;;Meio de Quadra;;;0;1;1;1;0;0;0;0;0;1;0;0;-3,71485;-38,58685
344444;27;4;2019;00:09;23343;AV PONTES VIEIRA;RUA TIBURCIO CAVALCANTE;;;;Colisão;;;;Cruz;Semáforo;Comercial;0;1;1;1;0;0;0;0;0;1;0;0;-3,752053;-38,507749
344445;27;4;2019;00:35;0;AV GAL OSORIO DE PAIVA;;;;;Colisão;;;;Meio de Quadra;;;0;1;1;1;0;0;0;0;0;1;0;0;;
344446;27;4;2019;01:13;0;RUA ILDEFONSO ALBANO;;;;;Atropelamento;;;;Meio de Quadra;;;0;1;1;1;0;0;0;0;0;0;0;0;;
344447;27;4;2019;01:18;0;RUA PORTO VELHO;;;948;;Colisão;;;;Meio de Quadra;;;0;1;1;1;0;0;0;0;0;1;0;0;-3,76517;-38,588528
344448;27;4;2019;01:24;0;AV CEL CARVALHO;;;;;Atropelamento;;;;Meio de Quadra;;;0;1;1;1;0;0;0;0;0;0;0;0;;
344449;27;4;2019;03:33;0;RUA SULAMITA PORTELA;;;192;;Queda;;;;Meio de Quadra;;;0;0;2;0;0;0;0;0;0;1;0;0;-3,725518909;-38,60040303
344450;27;4;2019;03:39;0;AV WASHINGTON SOARES;;;2155;;Queda;;;;Meio de Quadra;;;0;1;0;0;0;0;0;0;0;1;0;0;-3,778152;-38,481446
344455;27;4;2019;06:00;0;AV MR HULL;;;5607;;Colisão;Luz do Dia;;;Meio de Quadra;;;0;1;1;1;0;0;0;0;0;1;0;0;-3,740099375;-38,594545
344456;27;4;2019;07:12;0;AV ALBERTO CRAVEIRO;;;;;Colisão;Luz do Dia;;;Meio de Quadra;;;0;1;1;0;0;0;0;0;0;1;0;0;;
344457;27;4;2019;07:42;0;RUA RENATO BRAGA;;;;;Colisão;Luz do Dia;;;Meio de Quadra;;;0;1;0;0;0;0;0;0;0;0;0;0;;
344458;27;4;2019;09:03;23793;RUA RAIMUNDO NERY;RUA ANTONIO COSTA MENDES (PQ SÃO JOSÉ);;;;Colisão;Luz do Dia;;;Cruz;Outros;Residencial;0;1;1;1;0;0;0;0;0;1;0;0;-3,7932465;-38,5867886
344459;27;4;2019;09:26;0;RUA TULIPA NEGRA;;;1631;;Colisão;Luz do Dia;;;Meio de Quadra;;;0;1;1;1;0;0;0;0;0;1;0;0;-3,82192;-38,59416
344460;27;4;2019;10:13;0;AV GAL OSORIO DE PAIVA;;;;;Colisão;Luz do Dia;;;Meio de Quadra;;;0;1;1;1;0;1;0;0;0;0;0;0;;
344461;27;4;2019;10:37;0;RUA VITAL BRASIL;;;1885;;Colisão;Luz do Dia;;;Meio de Quadra;;;0;1;0;0;0;0;0;0;0;0;0;0;-3,778082324;-38,59774738
344462;27;4;2019;11:13;0;AV CARNEIRO DE MENDONCA;;;1494;;Colisão;Luz do Dia;;;Meio de Quadra;;;0;1;1;1;0;0;0;0;0;1;0;0;-3,7613085;-38,571991
344463;27;4;2019;11:21;0;RUA PDE IBIAPINA;;;;;Colisão;Luz do Dia;;;Meio de Quadra;;;0;1;1;1;0;0;0;0;0;1;0;0;;
344495;27;4;2019;15:51;0;RUA CAP FRANCISCO PEDRO;;;1556;;Colisão;Luz do Dia;;;Meio de Quadra;;;0;1;1;1;0;0;0;0;0;1;0;0;-3,7515535;-38,55282
344486;27;4;2019;14:53;0;RUA PAULINO ROCHA D32;;;277;;Colisão;Luz do Dia;;;Meio de Quadra;;;0;1;1;1;0;0;0;0;0;1;0;0;-3,7817868;-38,6240637
344558;27;4;2019;18:29;0;AV GOV RAUL BARBOSA;;;5604;;Colisão;Anoitecer;;;Meio de Quadra;;;0;1;1;1;0;1;0;0;0;0;0;0;-3,7681965;-38,5098
344559;27;4;2019;18:35;0;AV ALBERTO CRAVEIRO;;;;;Colisão;;;;Meio de Quadra;;;0;1;1;1;0;0;0;0;0;1;0;0;;
344560;27;4;2019;19:04;0;AV CASTELO DE CASTRO;;;94;;Colisão;;;;Meio de Quadra;;;0;1;1;0;0;1;0;0;0;1;0;0;-3,829482;-38,5214485
344562;27;4;2019;20:29;0;AV JOSE BASTOS;;;;;Colisão;;;;Meio de Quadra;;;0;1;1;1;0;0;0;0;0;1;0;0;;
344563;27;4;2019;20:39;0;AV C CJ CEARA;;;1789;;Colisão;;;;Meio de Quadra;;;0;1;1;0;0;0;0;0;0;1;0;0;-3,774070667;-38,615734
344564;27;4;2019;20:57;0;AV SEN FERNANDES TAVORA;;;;;Queda;;;;Meio de Quadra;;;0;0;1;0;0;0;0;0;0;1;0;0;;
344556;27;4;2019;18:16;0;RUA AMOR PERFEITO;;;72;;Queda;Anoitecer;;;Meio de Quadra;;;0;1;0;0;0;1;0;0;0;0;0;0;-3,71531;-38,58237
344584;27;4;2019;21:01;0;RUA DES WALDETARIO P MOTA;;;558;;Colisão;;;;Meio de Quadra;;;0;1;1;0;0;0;0;0;0;1;0;0;-3,734478;-38,47916
344589;27;4;2019;01:37;0;AV GAL OSORIO DE PAIVA;;;;;Colisão;;;;Meio de Quadra;;;0;1;1;1;0;0;0;0;0;1;0;0;;
344553;27;4;2019;16:41;0;AV ENG HUMBERTO MONTE;;;968;;Queda;Luz do Dia;;;Meio de Quadra;;;0;1;0;0;0;0;0;0;0;1;0;0;-3,7503344;-38,5595498
344554;27;4;2019;18:08;0;AV PRS CASTELO BRANCO;;;3176;;Colisão;Anoitecer;;;Meio de Quadra;;;0;1;1;1;0;0;0;0;0;1;0;0;-3,711070898;-38,55918259
344551;27;4;2019;16:39;22109;RUA GUSTAVO BRAGA;RUA MON FURTADO;;;;Colisão;Luz do Dia;;;Cruz;Pare;Comercial;0;1;1;1;0;0;0;0;0;1;0;0;-3,750477;-38,553203
344586;27;4;2019;23:45;0;AV C CJ CEARA;;;1929;;Colisão;;;;Meio de Quadra;;;0;1;1;1;0;0;0;0;0;1;0;0;-3,77536;-38,6161
344587;27;4;2019;23:50;0;AV CEL CARVALHO;;;2036;;Colisão;;;;Meio de Quadra;;;0;1;1;1;0;0;0;0;0;1;0;0;-3,7155473;-38,5884242
343772;27;4;2019;08:33;7629;RUA STA CATARINA (BELA VISTA / PAN AMERICANO);RUA ALAGOAS;;;;Colisão Lateral;Luz do Dia;Bom;Seca;Cruz;Pare;Residencial;0;0;2;0;1;0;0;0;0;0;0;0;-3,760356;-38,56955
343774;27;4;2019;11:12;5283;AV DOM MANUEL;AV SANTOS DUMONT;;;;Colisão Transversal;Luz do Dia;Bom;Seca;Cruz;Semáforo;Escola;0;2;0;0;0;0;0;0;0;1;0;0;-3,728774;-38,52125
343775;27;4;2019;17:32;0;AV ALBERTO CRAVEIRO;;;0;;Colisão Transversal;Via Iluminada;Bom;Seca;Rotatória;Não Há Controle;Comercial;0;0;2;1;1;0;0;0;0;0;0;0;;
343776;27;4;2019;18:48;0;AV DEP PAULINO ROCHA;;;0;;Colisão Traseira;Via Iluminada;Bom;Seca;Meio de Quadra;Dê Preferência;Comercial;0;1;1;1;0;0;0;0;0;1;0;0;;
343777;27;4;2019;21:05;0;AV WASHINGTON SOARES;;;85;;Colisão Lateral;Via Iluminada;Bom;Seca;Meio de Quadra;Não Há Controle;Comercial;0;0;2;1;0;0;0;0;0;0;0;0;-3,757674;-38,488585
343778;27;4;2019;21:01;0;RUA VALDETARIO MOTA;RUA AVILA GOULART;;558;;Colisão Transversal;Via Iluminada;Bom;Seca;;;;0;2;0;0;0;0;0;0;0;1;0;0;-3,734652;-38,47921
343096;27;4;2019;17:10;0;RD BR 116;;;14000;KM-14;Colisão Traseira;Anoitecer;;;Meio de Quadra;;;0;0;3;1;0;0;0;0;0;1;0;0;-3,873523;-38,499242
343099;27;4;2019;17:10;0;RD BR 116;;;14000;KM-14;Colisão;Anoitecer;;;Meio de Quadra;;;0;0;1;0;0;0;0;0;0;0;0;0;-3,873523;-38,499242
343779;28;4;2019;02:13;0;AV EDILSON B SOARES;;;1471;;Colisão Traseira;Mal Iluminada;Chuva;Molhada;Meio de Quadra;Não Há Controle;Residencial;0;0;2;1;0;0;0;0;0;0;0;0;-3,788781;-38,472805
343780;28;4;2019;07:56;0;AV PRS CASTELO BRANCO;;;901;;Choque c/ Obstáculo Fixo;Mal Iluminada;Chuva;Molhada;Meio de Quadra;Não Há Controle;Comercial;0;1;0;1;0;0;0;0;0;0;0;0;-3,719760919;-38,53134654
343781;28;4;2019;08:35;7629;RUA STA CATARINA (BELA VISTA / PAN AMERICANO);RUA ALAGOAS;;0;;Colisão Lateral;Luz do Dia;Nublado;Molhada;Cruz;Pare;Residencial;0;1;1;1;0;0;0;0;0;0;0;0;-3,760356;-38,56955
343782;28;4;2019;08:39;0;AV ALM HENRIQUE SABOIA;;;700;;Colisão Lateral;Luz do Dia;Chuva;Molhada;Outros;Não Há Controle;Residencial;0;1;0;0;0;0;0;0;0;1;0;0;-3,7291942;-38,480934
343783;28;4;2019;13:50;17412;RUA BAR SOBRAL;RUA ALBERTO MAGNO;;0;;Colisão Traseira;Luz do Dia;Nublado;Seca;Cruz;Semáforo;Comercial;0;0;2;1;0;0;0;0;0;1;0;0;-3,767991;-38,552417
343784;28;4;2019;15:17;0;AV PRS COSTA E SILVA;;;580;;Choque c/ Obstáculo Fixo;Luz do Dia;Nublado;Seca;;;;0;0;1;1;0;0;0;0;0;0;0;0;-3,811955;-38,574221
343785;28;4;2019;15:50;26077;AV DUQ CAXIAS;AV JOSE JATAHY;;0;;Colisão Lateral;Luz do Dia;Bom;Seca;T;Semáforo;Comercial;0;0;2;1;0;0;0;0;1;0;0;0;-3,72667;-38,5455663
343786;28;4;2019;19:43;0;AV ROGACIANO LEITE;;;200;;Engavetamento;Via Iluminada;Bom;Seca;Cruz;Semáforo;Residencial;0;1;1;1;0;0;0;0;0;0;0;0;-3,759001;-38,49188
343787;28;4;2019;19:00;25027;AV DR SILAS MUNGUBA;RUA PRA STELLA COCHRANE;;0;;Colisão Traseira;Via Iluminada;Bom;Seca;T;Semáforo;Residencial;0;1;0;1;0;0;0;0;0;1;0;0;-3,79309;-38,535043
343796;28;4;2019;21:30;9020;RUA JAIME BENEVOLO;RUA SALDANHA MARINHO;;0;;Colisão Transversal;Via Iluminada;Bom;Seca;Cruz;Semáforo;Residencial;0;0;1;1;0;0;0;0;0;0;0;0;-3,743046;-38,528994
344608;28;4;2019;05:53;0;RD BR 116;;;;;Queda;Amanhecer;;;Meio de Quadra;;;0;1;0;0;0;0;0;0;0;1;0;0;;
344609;28;4;2019;06:46;0;AV JOAO PESSOA;;;6600;;Colisão;Luz do Dia;;;Meio de Quadra;;;0;1;1;1;0;0;0;0;0;1;0;0;-3,767432;-38,559885
344610;28;4;2019;06:50;0;RUA LUIZA MIRANDA COELHO;;;600;;Colisão;Luz do Dia;;;Meio de Quadra;;;0;1;0;0;0;0;0;0;0;0;0;0;-3,7736299;-38,4916188
344611;28;4;2019;07:52;6745;RUA BENTO ALBUQUERQUE;RUA PRO OTAVIO LOBO;;;;Colisão;Luz do Dia;;;Cruz;Semáforo;Residencial;0;1;1;1;0;0;0;0;0;1;0;0;-3,745035;-38,479196
344612;28;4;2019;08:28;0;AV 13 DE MAIO;;;441;;Queda;Luz do Dia;;;Meio de Quadra;;;0;1;0;0;0;0;0;0;0;1;0;0;-3,752733;-38,52533659
344613;28;4;2019;09:37;0;RUA MONTE PASCOAL;;;640;;Colisão;Luz do Dia;;;Meio de Quadra;;;0;1;1;1;0;0;0;0;0;1;0;0;-3,76657;-38,53527
344622;28;4;2019;17:41;0;AV DIOGUINHO;;;;;Colisão;Anoitecer;;;Meio de Quadra;;;0;1;1;1;0;0;0;0;0;1;0;0;;
344615;28;4;2019;13:25;6817;RUA FRANCISCO MATOS;RUA BENTO ALBUQUERQUE;;;;Colisão;Luz do Dia;;;Cruz;Pare;Residencial;0;1;1;1;0;0;0;0;0;1;0;0;-3,747862;-38,470436
344616;28;4;2019;13:34;25008;RUA TEODOMIRO DE CASTRO;RUA SILVIO ROMERO;;;;Queda;Luz do Dia;;;Cruz;Pare;Residencial;0;1;0;0;0;0;0;0;0;1;0;0;-3,719538;-38,570794
344617;28;4;2019;14:42;0;AV PERIMETRAL;;;859;;Colisão;Luz do Dia;;;Meio de Quadra;;;0;1;0;0;0;0;0;0;0;0;0;0;;
344618;28;4;2019;16:11;0;AV E CJ CEARA;;;;;Queda;Luz do Dia;;;Meio de Quadra;;;0;1;0;0;0;0;0;0;0;1;0;0;;
344619;28;4;2019;16:17;0;AV BEZERRA DE MENEZES;;;516;;Colisão;Luz do Dia;;;Meio de Quadra;;;0;1;1;1;0;0;0;0;0;1;0;0;-3,732608321;-38,54971118
344620;28;4;2019;17:05;0;AV CASTELO DE CASTRO;;;766;;Colisão;Anoitecer;;;Meio de Quadra;;;0;1;1;1;0;0;0;0;0;1;0;0;-3,83624;-38,52166
344628;28;4;2019;19:35;0;AV WASHINGTON SOARES;;;;;Atropelamento;;;;Meio de Quadra;;;0;1;1;1;0;0;0;0;0;0;0;0;;
344624;28;4;2019;18:34;13534;AV SORIANO ALBUQUERQUE;RUA JOAO CORDEIRO;;;;Queda;Anoitecer;;;Cruz;Não Há Controle;Comercial;0;1;0;0;0;0;0;0;0;1;0;0;-3,747871;-38,519458
344630;28;4;2019;20:20;0;RUA 1036 CJ CEARA;;;12;;Colisão;;;;Meio de Quadra;;;0;1;1;0;0;0;0;0;0;1;0;0;-3,759660583;-38,61112908
344631;28;4;2019;20:43;0;RUA DIREITA;;;30;;Queda;;;;Meio de Quadra;;;0;0;1;0;0;0;0;0;0;1;0;0;-3,837933;-38,574534
344632;28;4;2019;20:43;21504;RUA EDUARDO ARAUJO;RUA LUIS GUEDES;;;;Colisão;;;;;;;0;2;1;1;0;0;0;0;0;1;0;0;-3,817345;-38,598007
344626;28;4;2019;19:28;0;RUA CARMEN MIRANDA;;;60;;Queda;;;;Meio de Quadra;;;0;1;0;0;0;0;0;0;0;1;0;0;-3,783757409;-38,50763824
344590;28;4;2019;02:55;0;AV DOM LUIS;;;906;;Queda;;;;Meio de Quadra;;;0;1;0;0;0;0;0;0;0;1;0;0;-3,734513;-38,493503
344591;28;4;2019;05:19;0;RUA 412 CJ CEARA;;;;;Queda;Amanhecer;;;Meio de Quadra;;;0;1;0;0;0;0;0;0;0;1;0;0;;
346389;28;4;2019;01:33;0;LOGRADOURO SEM NOME;;;;;Colisão;;;;Meio de Quadra;;;0;1;1;1;0;0;0;0;0;1;0;0;;
346396;28;4;2019;11:28;0;RUA VIS CAIRU;;;542;;Queda;Luz do Dia;;;Meio de Quadra;;;0;1;0;0;0;0;0;0;0;1;0;0;-3,72706;-38,46521
346404;28;4;2019;18:12;0;RUA DR JOSE ROBERTO SALES;;;24;;Colisão;Anoitecer;;;Meio de Quadra;;;0;2;1;1;0;0;0;0;0;1;0;0;-3,8262217;-38,588362
346434;28;4;2019;01:00;0;AV GAL OSORIO DE PAIVA;;;7270;;Atropelamento;;;;Meio de Quadra;;;1;0;1;1;0;0;0;0;0;0;0;0;-3,8151178;-38,6120611
340697;28;4;2019;10:59;0;RUA LAURO NOGUEIRA;;;1900;;Colisão Traseira;Luz do Dia;Nublado;Seca;Meio de Quadra;Semáforo;Comercial;0;0;2;1;0;0;0;0;0;0;0;0;-3,7435009;-38,4677512
344652;28;4;2019;21:04;0;AV PRS CASTELO BRANCO;;;2262;;Atropelamento;;;;Meio de Quadra;;;0;1;1;1;0;0;0;0;0;0;0;0;-3,713855553;-38,54814885
344653;28;4;2019;21:55;0;AV PERIMETRAL;;;325;;Colisão;;;;Meio de Quadra;;;0;1;1;0;0;0;0;0;0;1;0;0;;
344655;29;4;2019;00:35;0;AV SIQUEIRA CAMPOS;;;2170;;Queda;;;;Meio de Quadra;;;0;1;0;0;0;0;0;0;0;1;0;0;;
344656;29;4;2019;04:14;0;RUA PORTO VELHO;;;394;;Colisão;;;;Meio de Quadra;;;0;1;0;0;0;0;0;0;0;0;0;0;-3,767276966;-38,58458636
344661;29;4;2019;06:34;0;AV CEL CARVALHO;;;2726;;Colisão;Luz do Dia;;;Meio de Quadra;;;0;1;0;0;0;0;0;0;0;0;0;0;-3,726938;-38,585413
344662;29;4;2019;06:49;0;RUA AQUILES BORIS;;;77;;Atropelamento;Luz do Dia;;;Meio de Quadra;;;0;1;1;1;0;0;0;0;0;0;0;0;-3,76863;-38,54804
344663;29;4;2019;06:52;0;AV MR HULL;;;;;Colisão;Luz do Dia;;;Meio de Quadra;;;0;1;0;0;0;0;0;0;0;0;0;0;;
344664;29;4;2019;07:01;1564;RUA CAROLINA SUCUPIRA;RUA LEONARDO MOTA;;;;Colisão;Luz do Dia;;;Cruz;Pare;Residencial;0;1;1;1;0;0;0;0;0;1;0;0;-3,741825;-38,497995
344665;29;4;2019;07:57;0;AV JOAO PESSOA;;;5061;;Colisão;Luz do Dia;;;Meio de Quadra;;;0;1;1;0;0;0;0;0;0;1;0;0;-3,75615;-38,552846
344668;29;4;2019;08:28;0;RUA MAJ GERARDO MENDES;;;656;;Colisão;Luz do Dia;;;Meio de Quadra;;;0;1;1;1;0;0;0;0;0;0;0;0;-3,768778784;-38,5127318
344695;29;4;2019;08:36;0;RUA EVARISTO DE CASTRO;;;235;;Colisão;Luz do Dia;;;Meio de Quadra;;;0;1;1;1;0;1;0;0;0;0;0;0;-3,79254;-38,58312
344696;29;4;2019;08:36;0;AV WASHINGTON SOARES;;;;;Colisão;Luz do Dia;;;Meio de Quadra;;;0;1;1;1;0;0;0;0;0;1;0;0;;
344697;29;4;2019;09:19;0;AV 13 DE MAIO;;;1251;;Colisão;Luz do Dia;;;Meio de Quadra;;;0;1;1;0;0;0;0;0;0;1;0;0;-3,748763;-38,529981