COD_ACIDENTE;DIA;MES;ANO;HORA;INTERSECAO;LOG1;LOG2;LOG3;NUMERO;REFERENCIA;NATUREZA;ILUMINACAO;TEMPO;SUPERFICIEPISTA;TIPOCRUZAMENTO;CONTROLETRAFEGO;USOSOLO;MORTOS;FERIDOS;ILESOS;AUTOMOVEL;ONIBUS;BICICLETA;CAMINHAO;MICROONIBUS;CICLOMOTOR;MOTOCICLETA;TRACAOANIMAL;TREM;LATITUDE;LONGITUDE
344698;29;4;2019;09:56;0;RUA MARIO FILHO;;;1061;;Queda;Luz do Dia;;;Meio de Quadra;;;0;0;1;0;0;1;0;0;0;0;0;0;-3,8049278;-38,5884629
344734;29;4;2019;20:45;581;AV FRANCISCO SA;AV PASTEUR;;;;Colisão;;;;Cruz;Semáforo;Comercial;0;1;1;1;0;0;0;0;0;1;0;0;-3,716325;-38,560567
344700;29;4;2019;10:16;0;AV MON HELIO CAMPOS D22;;;381;;Colisão;Luz do Dia;;;Meio de Quadra;;;0;1;1;1;0;0;0;0;0;1;0;0;-3,704694471;-38,56621034
344701;29;4;2019;10:44;25156;RUA PERU;RUA 15 DE NOVEMBRO;;;;Queda;Luz do Dia;;;Cruz;Pare;Residencial;0;1;0;0;0;1;0;0;0;0;0;0;-3,770914;-38,550374
344702;29;4;2019;11:32;25852;RUA MARTINS CARVALHO;RUA A CJ PALMARES (G. LISBOA);;;;Colisão;Luz do Dia;;;Cruz;Não Há Controle;Comercial;0;1;1;1;0;0;0;0;0;1;0;0;;
344703;29;4;2019;11:40;0;RUA 1 LT ARVOREDO;;;450;;Colisão;Luz do Dia;;;Meio de Quadra;;;0;1;1;1;0;0;0;0;0;1;0;0;-3,82355;-38,53023
344704;29;4;2019;12:11;0;AV PERIMETRAL;;;381;;Colisão;Luz do Dia;;;Meio de Quadra;;;0;1;1;1;0;0;0;0;0;1;0;0;;
344705;29;4;2019;14:07;0;AV GODOFREDO MACIEL;;;4707;;Colisão;Luz do Dia;;;Meio de Quadra;;;0;1;1;1;0;0;0;0;0;1;0;0;-3,816324826;-38,57454187
344708;29;4;2019;14:46;0;AV JOAO PESSOA;;;7015;;Colisão;Luz do Dia;;;Meio de Quadra;;;0;1;1;1;0;0;0;0;0;1;0;0;-3,771198;-38,561439
344709;29;4;2019;15:41;19833;AV ENG HUMBERTO MONTE;AV JOVITA FEITOSA;;;;Colisão;Luz do Dia;;;Cruz;Semáforo;Comercial;0;1;1;1;0;0;0;0;0;1;0;0;-3,741963;-38,566544
344710;29;4;2019;15:55;0;RUA JOSE VILAR;;;1445;;Colisão;Luz do Dia;;;Meio de Quadra;;;0;1;1;1;0;0;0;0;0;1;0;0;-3,737088;-38,505087
344712;29;4;2019;16:13;0;RUA JUVENAL GALENO;;;665;;Colisão;Luz do Dia;;;Meio de Quadra;;;0;1;1;1;0;0;0;0;0;1;0;0;-3,737748;-38,54063395
344714;29;4;2019;17:02;17316;RUA TEN MOACIR MATOS;RUA ZACARIAS GONDIM;;;;Colisão;Anoitecer;;;Cruz;Pare;Residencial;0;1;1;1;0;0;0;0;0;1;0;0;-3,764447;-38,556819
344719;29;4;2019;18:09;0;RUA PORFIRIO SAMPAIO;;;1901;;Atropelamento;Anoitecer;;;Meio de Quadra;;;0;1;1;1;0;0;0;0;0;0;0;0;-3,742188703;-38,55030665
344716;29;4;2019;17:23;0;AV DOMINGOS OLIMPIO;;;1050;;Colisão;Anoitecer;;;Meio de Quadra;;;0;1;1;1;0;0;0;0;0;1;0;0;-3,735847;-38,53336
344736;29;4;2019;22:32;0;RUA FREDERICO SEVERO;;;271;;Queda;;;;Meio de Quadra;;;0;1;0;0;0;0;0;0;0;1;0;0;-3,8175821;-38,4943531
346414;29;4;2019;09:41;0;LOGRADOURO SEM NOME;;;;;Queda;Luz do Dia;;;Meio de Quadra;;;0;1;0;0;0;0;0;0;0;1;0;0;;
343797;29;4;2019;17:40;0;RUA ALINE VIEIRA COLARES;RUA XXIX VILA VELHA;;0;;Colisão Transversal;Anoitecer;Bom;Seca;Cruz;Pare;Residencial;0;0;1;1;0;0;0;0;0;1;0;0;-3,7332626;-38,5943729
343798;29;4;2019;20:20;0;RUA REPUBLICA DO LIBANO;RUA OSVALDO CRUZ;;0;;Colisão;Via Iluminada;Nublado;Seca;;;;0;1;0;1;0;0;0;0;0;1;0;0;-3,7306306;-38,4987253
343799;29;4;2019;20:37;5112;RUA BAR RIO BRANCO;RUA CASTRO E SILVA;;;;Colisão Lateral;Via Iluminada;Bom;Seca;Cruz;Semáforo;Comercial;0;2;1;1;1;0;0;0;0;0;0;0;-3,723847;-38,527429
343800;29;4;2019;21:47;0;AV DOM MANUEL;;;1803;;Colisão Lateral;Via Iluminada;Bom;Seca;Outros;Semáforo;Comercial;0;0;1;1;1;0;0;0;0;0;0;0;-3,736873;-38,523967
343801;29;4;2019;22:20;0;AV 13 DE MAIO;;;1180;;Colisão Traseira;Via Iluminada;Bom;Seca;Meio de Quadra;Pare;Comercial;0;1;0;1;0;0;0;0;0;1;0;0;-3,749261;-38,529402
343788;29;4;2019;09:40;1564;RUA LEONARDO MOTA;RUA CAROLINA SUCUPIRA;;;;Colisão Transversal;Luz do Dia;Bom;Seca;Cruz;Não Há Controle;Residencial;0;0;2;0;0;0;0;0;0;1;0;0;-3,741825;-38,497995
343789;29;4;2019;09:00;0;RUA CEL JUCA;;;890;;Choque c/ Obstáculo Fixo;Luz do Dia;Bom;Seca;Meio de Quadra;Não Há Controle;Residencial;0;1;0;1;0;0;0;0;0;0;0;0;-3,7399265;-38,4920205
343790;29;4;2019;10:03;1735;RUA MAJ GERARDO MENDES;RUA CAP CLOVIS MAIA;;0;;Colisão Transversal;Luz do Dia;Bom;Seca;Cruz;Pare;Residencial;0;0;2;1;0;0;0;0;0;0;0;0;-3,768322;-38,51282
343791;29;4;2019;08:20;614;AV DR THEBERGE;RUA ANA FACO;;;;Colisão Transversal;Luz do Dia;Bom;Seca;Cruz;Pare;Comercial;0;1;1;1;0;0;0;0;0;1;0;0;-3,712143;-38,564134
343792;29;4;2019;15:01;0;AV AGUANAMBI;RUA CEL JOAO CARNEIRO;;0;;Colisão;Luz do Dia;Bom;Seca;Meio de Quadra;Não Há Controle;Comercial;0;1;1;1;0;0;0;0;0;0;0;0;-3,755351;-38,5232
343793;29;4;2019;16:13;0;AV FRE CIRILO;;;3748;;Colisão Lateral;Luz do Dia;Bom;Seca;;;;0;1;1;1;0;0;0;0;0;1;0;0;-3,816808;-38,49763
343794;29;4;2019;16:48;0;RUA VINTE E QUATRO DE MAIO;;;178;;Colisão Lateral;Luz do Dia;Bom;Seca;Meio de Quadra;Semáforo;Comercial;0;0;2;1;0;0;0;0;0;0;0;0;-3,7233444;-38,53084767
343795;29;4;2019;14:20;3078;RUA VERBENA;RUA ALBERTO MONTE;;;;Colisão Lateral;Luz do Dia;Bom;Seca;Cruz;Não Há Controle;Comercial;0;1;1;0;0;0;1;0;0;1;0;0;-3,776093;-38,587846
343814;29;4;2019;22:21;12682;AV CEL CARVALHO;RUA DEP MATOSO FILHO;;;;Colisão Transversal;Via Iluminada;Bom;Seca;T;Não Há Controle;Comercial;0;1;1;1;0;0;0;0;0;1;0;0;-3,729932;-38,58478
343201;29;4;2019;22:30;0;AV JOSE BASTOS;;;5110;;Queda;;;;Meio de Quadra;;;1;0;0;0;0;0;0;0;0;1;0;0;-3,757718667;-38,562157
347047;29;4;2019;22:10;15323;RUA REPUBLICA DO LIBANO;RUA OSVALDO CRUZ (ALDEOTA);;;;Choque c/ Obstáculo Fixo;;;;Cruz;Pare;Residencial;0;0;1;0;0;0;0;0;0;0;0;0;-3,730644;-38,498717
347048;29;4;2019;21:28;0;AV FRE CIRILO;;;3840;;Colisão;;;;Meio de Quadra;;;0;0;2;0;0;0;0;0;0;0;0;0;-3,817678258;-38,49725229
347049;29;4;2019;20:15;17606;RUA CEARA;RUA PARANA;;;;Colisão;;;;Cruz;Pare;Residencial;0;0;2;0;0;0;0;0;0;0;0;0;-3,757261;-38,568348
347050;29;4;2019;21:30;0;AV PERIMETRAL;;;;;Outros;;;;Meio de Quadra;;;0;0;1;0;0;0;0;0;0;0;0;0;;
347051;29;4;2019;08:50;0;RUA EVILASIO A MIRANDA;;;1121;;Colisão;Luz do Dia;;;Meio de Quadra;;;0;0;2;0;0;0;0;0;0;0;0;0;;
347044;29;4;2019;13:50;0;RUA 101 CJ NOVO MONDUBIM;;;450;;Colisão;Luz do Dia;;;Meio de Quadra;;;0;0;2;0;0;0;0;0;0;0;0;0;-3,81;-38,5747222
347045;29;4;2019;12:10;0;RUA GAL AFONSO A LIMA;;;130;;Colisão;Luz do Dia;;;Meio de Quadra;;;0;0;2;1;0;0;0;0;0;0;0;0;-3,809797871;-38,48947222
347052;30;4;2019;11:10;0;RUA DOM MANUEL DE MEDEIROS;;;1308;;Colisão;Luz do Dia;;;Meio de Quadra;;;0;0;2;0;0;0;0;0;0;0;0;0;-3,737434;-38,555868
347053;30;4;2019;11:40;0;ROD CE 010;;;;;Choque c/ Obstáculo Fixo;Luz do Dia;;;Meio de Quadra;;;0;0;1;0;0;0;0;0;0;0;0;0;;
347054;30;4;2019;23:40;19656;AV BEZERRA DE MENEZES;RUA PRO JOSE DE BARCELOS;;;;Colisão;;;;Cruz;Não Há Controle;Comercial;0;0;2;0;0;0;0;0;0;0;0;0;-3,732898;-38,551066
347055;30;4;2019;11:45;15832;RUA TEN JURANDIR ALENCAR;RUA PDE PEDRO DE ALENCAR;;;;Colisão;Luz do Dia;;;;;;0;0;2;0;0;0;0;0;0;0;0;0;-3,831674;-38,493981
342689;30;4;2019;17:30;0;AV PRO JOSE ARTHUR CARVALHO;;;1550;;Colisão Transversal;Anoitecer;Bom;Molhada;Meio de Quadra;Não Há Controle;Comercial;0;0;2;1;0;0;0;0;0;1;0;0;-3,826385105;-38,46535447
342653;30;4;2019;15:30;17474;AV ABOLICAO;RUA JUVENCIO VASCONCELOS;;;;Colisão Transversal;Luz do Dia;Bom;Seca;T;Semáforo;Comercial;0;1;1;0;0;0;0;0;0;1;0;0;-3,724048;-38,481815
342676;30;4;2019;21:22;8025;AV JOAO PESSOA;RUA PRO COSTA MENDES;;;;Colisão Transversal;Via Iluminada;Chuva;Molhada;Cruz;Semáforo;Comercial;0;1;1;0;1;0;0;0;0;1;0;0;-3,752393;-38,549441
343839;30;4;2019;20:40;0;RUA PEDRO II;RUA EDUARDO PERDIGAO;;0;;Colisão Lateral;Via Iluminada;Chuva;Molhada;T;Semáforo;Residencial;0;1;2;1;0;0;0;0;0;1;0;0;-3,7760126;-38,56441
343840;30;4;2019;21:29;0;RUA PAULO SETUBAL;;;80;;Colisão Lateral;Via Iluminada;Nublado;Molhada;Meio de Quadra;Não Há Controle;Residencial;0;0;2;1;0;0;0;0;0;0;0;0;-3,820512151;-38,49673427
343802;30;4;2019;10:20;0;AV DES MOREIRA;;;2565;;Colisão Lateral;Luz do Dia;Nublado;Molhada;Meio de Quadra;Semáforo;Comercial;0;1;1;1;0;0;0;0;0;0;0;0;-3,748295;-38,502206
343803;30;4;2019;12:48;1246;AV SANTOS DUMONT;RUA BAR ARACATI;;0;;Não Informado;Luz do Dia;Bom;Seca;Cruz;Pare;Comercial;0;1;1;1;0;0;0;0;0;1;0;0;-3,731909;-38,511618
343804;30;4;2019;10:55;0;RUA TEN JURANDIR ALENCAR;;;168;;Colisão Traseira;Luz do Dia;Chuva;Molhada;Meio de Quadra;Semáforo;Comercial;0;0;2;0;0;0;0;0;0;0;0;0;-3,8317235;-38,493455
343806;30;4;2019;15:22;0;AV DIOGUINHO;RUA PRO MOZART SOLON;RUA FRANCISCO TEIXEIRA DE ALCANTARA;;;Colisão Traseira;Luz do Dia;Bom;Seca;Meio de Quadra;Não Há Controle;Residencial;0;1;1;0;1;0;0;0;0;1;0;0;-3,73821;-38,455185
343807;30;4;2019;19:50;0;RUA GERMANO FRANCK;;;567;;Colisão Lateral;Via Iluminada;Chuva;Molhada;Meio de Quadra;Semáforo;Comercial;0;0;2;1;1;0;0;0;0;0;0;0;-3,777064019;-38,56178635
343808;30;4;2019;20:10;0;AV RUI BARBOSA;;;880;;Colisão Traseira;Via Iluminada;Chuva;Molhada;Meio de Quadra;Semáforo;Comercial;0;0;3;1;0;0;0;0;0;0;0;0;-3,73077297;-38,50775173
343809;30;4;2019;20:00;0;AV JOR THOMAZ COELHO;;;575;;Não Informado;Via Iluminada;Bom;Molhada;Meio de Quadra;Não Há Controle;Comercial;0;0;2;1;0;0;0;0;0;0;0;0;-3,832383;-38,500218
343810;30;4;2019;21:17;7833;AV BAR STUDART;RUA CEL ALVES TEIXEIRA;;0;;Colisão Transversal;Mal Iluminada;Chuva;Molhada;Cruz;Semáforo;Comercial;0;0;2;1;0;0;0;0;0;0;0;0;-3,7464;-38,510368
344738;30;4;2019;06:13;0;RUA EMILIO DE MENESES;;;1260;;Colisão;Luz do Dia;;;Meio de Quadra;;;0;1;1;0;0;0;0;0;0;1;0;0;-3,780240342;-38,59277103
344739;30;4;2019;06:23;0;AV DOM LUIS;;;1046;;Colisão;Luz do Dia;;;Meio de Quadra;;;0;1;1;1;0;0;0;0;0;1;0;0;-3,7350963;-38,4916655
344740;30;4;2019;06:57;0;RUA RIO GRANDE DO SUL;;;;;Colisão;Luz do Dia;;;Meio de Quadra;;;0;1;0;0;0;0;0;0;0;0;0;0;;
344741;30;4;2019;07:37;0;RUA LEONARDO MOTA;;;2450;;Colisão;Luz do Dia;;;Meio de Quadra;;;0;1;1;1;0;0;0;0;0;1;0;0;-3,74728;-38,49968
344743;30;4;2019;08:51;0;ROD CE 010;;;920;;Atropelamento;Luz do Dia;;;Meio de Quadra;;;0;1;1;0;0;0;0;0;0;0;0;0;;
344744;30;4;2019;09:41;10913;RUA PORTO VELHO;RUA MON VICENTE MARTINS;;;;Colisão;Luz do Dia;;;Cruz;Pare;Residencial;0;1;1;1;0;0;0;0;0;1;0;0;;
344745;30;4;2019;10:22;0;AV JOSE SABOIA;;;;;Queda;Luz do Dia;;;Meio de Quadra;;;0;1;0;0;0;0;0;0;0;1;0;0;;
344746;30;4;2019;10:44;0;AV F CJ JOSE WALTER;;;;;Colisão;Luz do Dia;;;Meio de Quadra;;;0;1;0;0;0;0;0;0;0;0;0;0;;
344748;30;4;2019;12:22;0;RUA MISSIONARIO OLIVEIRA;;;320;;Queda;Luz do Dia;;;Meio de Quadra;;;0;1;0;0;0;1;0;0;0;0;0;0;;
344749;30;4;2019;16:22;0;RUA ALBERTO MAGNO;;;729;;Colisão;Luz do Dia;;;Meio de Quadra;;;0;1;1;1;0;1;0;0;0;0;0;0;-3,762063;-38,547531
344751;30;4;2019;17:50;23557;AV GOV RAUL BARBOSA;RUA BELISARIO TAVORA;;;;Queda;Anoitecer;;;T;Não Há Controle;Comercial;0;1;0;0;0;1;0;0;0;0;0;0;-3,761108;-38,505537
344752;30;4;2019;18:28;0;RUA JORGE DUMAR;;;;;Colisão;Anoitecer;;;Meio de Quadra;;;0;1;1;1;0;0;0;0;0;1;0;0;;
344753;30;4;2019;20:13;0;RUA CEL MATOS DOURADO;;;1317;;Queda;;;;Meio de Quadra;;;0;1;0;0;0;0;0;0;0;1;0;0;-3,751853957;-38,58328674
344757;30;4;2019;20:38;0;AV ENG LEAL LIMA VERDE (SAPIRANGA/COITE);;;2546;;Queda;;;;Meio de Quadra;;;0;1;0;0;0;0;0;0;0;1;0;0;-3,811679;-38,474323
344758;30;4;2019;20:48;0;RUA DEMETRIO MENEZES;;;;;Queda;;;;Meio de Quadra;;;0;1;0;0;0;0;0;0;0;1;0;0;;
344759;30;4;2019;21:15;0;AV IMPERADOR;;;;;Queda;;;;Meio de Quadra;;;0;1;0;0;0;0;0;0;0;1;0;0;;
344760;30;4;2019;22:59;0;AV 13 DE MAIO;;;;;Queda;;;;Meio de Quadra;;;0;1;0;0;0;0;0;0;0;1;0;0;;
344689;1;5;2019;23:50;0;RD QUARTO ANEL VIARIO;;;2165;;Queda;;;;Meio de Quadra;;;0;1;0;0;0;0;0;0;0;1;0;0;-3,8666225;-38,5133481
344672;1;5;2019;13:50;0;AV DIOGUINHO;;;;;Colisão;Luz do Dia;;;Meio de Quadra;;;0;2;0;1;0;0;1;0;0;0;0;0;;
344673;1;5;2019;15:26;0;AV DIOGUINHO;;;6439;;Queda;Luz do Dia;;;Meio de Quadra;;;0;1;0;0;0;0;0;0;0;1;0;0;-3,769978;-38,439103
344680;1;5;2019;19:05;0;RUA PRO OTAVIO LOBO;;;;;Colisão;;;;Meio de Quadra;;;0;3;0;1;0;0;0;0;0;1;0;0;;
344682;1;5;2019;20:17;0;AV DEP PAULINO ROCHA;;;1343;;Queda;;;;Meio de Quadra;;;0;1;0;0;0;0;0;0;0;1;0;0;-3,8109272;-38,5098144
344669;1;5;2019;13:45;0;AV D CJ JOSE WALTER;;;60;;Colisão;Luz do Dia;;;Meio de Quadra;;;0;1;0;1;0;0;0;0;0;1;0;0;-3,832204;-38,553826
344675;1;5;2019;16:40;0;AV PRS COSTA E SILVA;;;2615;;Colisão;Luz do Dia;;;Meio de Quadra;;;0;1;0;1;0;0;0;0;0;1;0;0;-3,820884;-38,55883131
344676;1;5;2019;16:51;0;AV DOLOR BARREIRA;;;490;;Colisão;Luz do Dia;;;Meio de Quadra;;;0;2;0;0;0;0;0;0;0;1;0;0;-3,72929;-38,47257
344677;1;5;2019;23:33;0;RUA JULIO SILVA;;;440;;Queda;;;;Meio de Quadra;;;0;1;0;0;0;0;0;0;0;1;0;0;-3,74537;-38,45462
344678;1;5;2019;17:07;0;AV JOR THOMAZ COELHO;;;;;Colisão;Anoitecer;;;Meio de Quadra;;;0;1;0;0;0;0;0;0;0;0;0;0;;
344666;1;5;2019;13:43;9243;AV EDUARDO GIRAO;AV DOS EXPEDICIONARIOS;;;;Queda;Luz do Dia;;;Cruz;Semáforo;Comercial;0;1;0;0;0;0;0;0;0;1;0;0;-3,750712;-38,536849
344658;1;5;2019;13:09;0;RUA ANA BRITO;;;1371;;Colisão;Luz do Dia;;;Meio de Quadra;;;0;1;0;1;0;0;0;0;0;1;0;0;-3,827;-38,59001
344654;1;5;2019;08:12;0;AV GODOFREDO MACIEL;;;5397;;Queda;Luz do Dia;;;Meio de Quadra;;;0;1;0;0;0;0;0;0;0;1;0;0;-3,821320028;-38,57780887
344650;1;5;2019;07:36;0;AV GODOFREDO MACIEL;;;5397;;Queda;Luz do Dia;;;Meio de Quadra;;;0;1;0;0;0;0;0;0;0;1;0;0;-3,821320028;-38,57780887
344651;1;5;2019;07:38;0;RUA PORTO VELHO;;;235;;Colisão;Luz do Dia;;;Meio de Quadra;;;0;1;0;1;0;0;0;0;0;1;0;0;-3,768111;-38,583018
344645;1;5;2019;05:09;0;RD BR 116;;;;KM-12;Queda;Amanhecer;;;Meio de Quadra;;;0;2;0;0;0;0;0;0;0;1;0;0;-3,85574;-38,496066
344647;1;5;2019;06:23;0;RUA JOAO CORDEIRO;;;340;;Colisão;Luz do Dia;;;Meio de Quadra;;;0;2;0;1;0;0;0;0;0;1;0;0;-3,723378;-38,512434
344648;1;5;2019;07:07;0;RD BR 116;;;;KM-08;Colisão;Luz do Dia;;;Meio de Quadra;;;0;1;0;1;0;0;0;0;0;1;0;0;-3,822018;-38,503269
344641;1;5;2019;00:16;0;RUA PRO M. CARNEIRO;;;265;;Colisão;;;;Meio de Quadra;;;0;1;0;1;0;0;0;0;0;1;0;0;-3,71548;-38,57871
343811;1;5;2019;01:41;0;AV BERNARDO MANUEL;;;10625;;Choque c/ Obstáculo Fixo;Via Iluminada;Nublado;Seca;Meio de Quadra;Não Há Controle;Comercial;0;1;0;1;0;0;0;0;0;0;0;0;-3,8121607;-38,555466
343812;1;5;2019;13:30;0;AV D CJ JOSE WALTER;;;60;;Não Informado;Luz do Dia;Bom;Seca;Meio de Quadra;Não Há Controle;Residencial;0;0;2;1;0;0;0;0;0;1;0;0;-3,832204;-38,553826
343813;1;5;2019;14:50;0;AV DIOGUINHO;;;0;HOTEL VILLA GALÉ;Colisão Frontal;Luz do Dia;Nublado;Molhada;Cruz;Não Há Controle;Residencial;0;0;2;1;0;0;0;0;0;0;0;0;;
343815;1;5;2019;17:40;0;AV WENEFRIDO MELO;;;127;;Colisão Traseira;Anoitecer;Bom;Seca;Meio de Quadra;Não Há Controle;Residencial;0;1;1;1;0;0;0;0;0;0;0;0;-3,808823474;-38,57795069
344536;1;5;2019;16:59;5283;AV SANTOS DUMONT;AV DOM MANUEL;;;;Colisão;Luz do Dia;;;Cruz;Semáforo;Escola;0;1;0;1;0;1;0;0;0;0;0;0;-3,728774;-38,52125
342712;1;5;2019;18:30;0;RUA PRO OTAVIO LOBO;RUA ANDRE DALL OLIO;;;;Colisão Transversal;Via Iluminada;Bom;Seca;Cruz;Semáforo Manual;Residencial;0;0;2;1;0;0;0;0;0;1;0;0;-3,740619;-38,476413
343037;1;5;2019;07:10;0;RD BR 116;;;8000;KM-08;Choque c/ Obstáculo Fixo;Luz do Dia;Nublado;Molhada;Meio de Quadra;;;0;1;1;1;0;0;0;0;0;1;0;0;-3,822018;-38,503269
343041;1;5;2019;05:10;0;RD BR 116;;;13000;KM-13;Tombamento;Amanhecer;Chuva;Molhada;Meio de Quadra;;;0;2;0;0;0;0;0;0;0;1;0;0;-3,86467;-38,497727
342930;1;5;2019;15:30;0;RD CE-040;;;;KM-02;Colisão;Luz do Dia;;Seca;Meio de Quadra;;;0;0;2;1;0;0;0;0;0;0;0;0;-3,773616148;-38,4817994
342933;2;5;2019;07:00;0;AV SEN CARLOS JEREISSATI (AEROPORTO);;;;KM 03;Colisão;Luz do Dia;;Molhada;Meio de Quadra;;;0;0;2;1;0;0;0;0;0;0;0;0;-3,779641;-38,544038
342960;2;5;2019;11:10;0;RD CE-040;;;2261;KM-03;Colisão;Luz do Dia;;Seca;Meio de Quadra;;;0;1;2;1;0;0;0;0;0;1;0;0;-3,782614325;-38,4810839
342732;2;5;2019;20:00;0;RUA JOAO CARVALHO;;;66;;Colisão Lateral;;Bom;Seca;Meio de Quadra;;Residencial;0;0;2;1;0;0;0;0;0;0;0;0;-3,736251;-38,511844
342721;2;5;2019;04:00;16057;AV GODOFREDO MACIEL;AV WENEFRIDO MELO;;;;Colisão Transversal;Via Iluminada;Chuva;Molhada;Cruz;Semáforo;Comercial;0;0;2;0;0;0;1;0;0;0;0;0;-3,811743;-38,574739
346933;2;5;2019;09:30;0;AV SEN CARLOS JEREISSATI (AEROPORTO);;;684;;Colisão;Luz do Dia;;;Meio de Quadra;;;0;0;1;1;0;0;0;0;0;0;0;0;-3,783753;-38,52685
343816;2;5;2019;07:17;565;RUA SAO BERNARDO;RUA DNA MENDINHA;;0;;Colisão Lateral;Luz do Dia;Nublado;Molhada;Cruz;Pare;Residencial;0;0;2;1;1;0;0;0;0;0;0;0;-3,714988;-38,572165
343817;2;5;2019;07:00;0;AV PRS CASTELO BRANCO;;;84;;Colisão Traseira;Luz do Dia;Bom;Seca;Meio de Quadra;Não Há Controle;Residencial;0;0;2;1;0;0;0;0;0;0;0;0;-3,7228904;-38,522324
343819;2;5;2019;08:26;0;AV DOM MANUEL;;;3;;Colisão;Luz do Dia;Nublado;Seca;Meio de Quadra;Não Há Controle;Comercial;0;1;0;1;0;0;0;0;0;1;0;0;-3,723536;-38,519577
343820;2;5;2019;07:00;0;AV BORGES DE MELO;;;1677;;Colisão Traseira;Luz do Dia;Bom;Molhada;Meio de Quadra;Não Há Controle;Comercial;0;0;1;1;0;0;0;0;0;1;0;0;-3,757504;-38,532887
343821;2;5;2019;14:30;3779;RUA ANTONIO POMPEU;RUA VINTE E QUATRO DE MAIO;;0;;Colisão Transversal;Luz do Dia;Bom;Seca;Cruz;Pare;Comercial;0;0;2;1;0;0;0;0;0;0;0;0;-3,733667;-38,534186
343822;2;5;2019;16:30;0;RUA PDE CICERO;;;2573;;Engavetamento;Luz do Dia;Bom;Seca;Meio de Quadra;Não Há Controle;Comercial;0;0;3;1;1;0;0;0;0;0;0;0;-3,7443078;-38,544067
343823;2;5;2019;18:58;10506;RUA JOSE BELCHIOR;RUA JOSE PEREIRA BARROS;;0;;Colisão Transversal;Luz do Dia;Bom;Seca;Cruz;Pare;Residencial;0;1;1;1;0;0;0;0;0;0;0;0;-3,829286;-38,479446
343824;2;5;2019;16:30;0;RUA METON DE ALENCAR;RUA NOGUEIRA ACIOLI;;0;;Colisão Transversal;Luz do Dia;Bom;Seca;Cruz;Pare;Escola;0;0;1;1;0;0;0;0;0;1;0;0;-3,7373729;-38,519306
343825;2;5;2019;17:30;18299;RUA SEN ALMINO;RUA JOSE AVELINO;;0;;Colisão Transversal;Anoitecer;Bom;Seca;Cruz;Pare;Comercial;0;0;2;1;0;0;0;0;0;0;0;0;-3,722476;-38,517954
343826;2;5;2019;20:16;0;RUA VILEBALDO AGUIAR;;;1311;;Colisão Lateral;Via Iluminada;Bom;Seca;Meio de Quadra;Não Há Controle;Residencial;0;0;2;1;0;0;0;0;0;0;0;0;-3,74393;-38,477322
343827;2;5;2019;20:36;25094;RUA SEN POMPEU;RUA PDE ROMA;;0;;Colisão Transversal;Via Iluminada;Bom;Seca;T;Gesto;Comercial;0;0;2;1;0;0;0;0;0;0;0;0;-3,743512;-38,534652
343828;2;5;2019;21:51;0;AV ALM HENRIQUE SABOIA;RUA GAL EURICO;;96;;Colisão Lateral;Via Iluminada;Bom;Seca;T;Pare;Comercial;0;0;2;1;0;0;0;0;0;0;0;0;-3,7386757;-38,4868675
344761;2;5;2019;09:54;0;RUA CON DE CASTRO;;;1980;;Atropelamento;Luz do Dia;;;Meio de Quadra;;;0;1;0;0;0;0;0;0;0;1;0;0;-3,787956;-38,576155
344762;2;5;2019;12:00;3901;AV EDUARDO GIRAO;RUA JORGE DUMAR;;;;Colisão;Luz do Dia;;;Cruz;Semáforo;Residencial;0;1;0;0;0;0;0;0;0;0;0;0;-3,749691;-38,538695
344754;2;5;2019;07:36;13257;AV I CJ JOSE WALTER;AV F CJ JOSE WALTER;;;;Colisão;Luz do Dia;;;Cruz;Pare;Rural;0;1;0;1;0;0;0;0;0;1;0;0;-3,836727;-38,554243
344735;2;5;2019;07:01;0;AV BORGES DE MELO;;;1677;;Colisão;Luz do Dia;;;Meio de Quadra;;;0;2;0;1;0;0;0;0;0;1;0;0;-3,757504;-38,532887
344765;2;5;2019;11:17;0;AV WASHINGTON SOARES;;;;;Colisão;Luz do Dia;;;Meio de Quadra;;;0;1;0;0;0;0;0;0;0;0;0;0;;
344766;2;5;2019;11:35;0;AV WASHINGTON SOARES;;;;;Queda;Luz do Dia;;;;;;0;2;0;0;0;0;0;0;0;1;0;0;;
344770;2;5;2019;11:54;0;RUA CON DE CASTRO;;;4363;;Colisão;Luz do Dia;;;Meio de Quadra;;;0;1;0;1;0;0;0;0;0;1;0;0;-3,8035032;-38,5906018
344774;2;5;2019;12:00;0;RUA PIERRE LUZ;;;880;;Colisão;Luz do Dia;;;Meio de Quadra;;;0;1;0;1;0;0;0;0;0;1;0;0;-3,72515;-38,5885
344779;2;5;2019;12:19;0;RUA ARTUR DE SOUZA;;;800;;Colisão;Luz do Dia;;;Meio de Quadra;;;0;1;0;0;0;0;0;0;0;0;0;0;-3,827166;-38,573188