COD_ACIDENTE;DIA;MES;ANO;HORA;INTERSECAO;LOG1;LOG2;LOG3;NUMERO;REFERENCIA;NATUREZA;ILUMINACAO;TEMPO;SUPERFICIEPISTA;TIPOCRUZAMENTO;CONTROLETRAFEGO;USOSOLO;MORTOS;FERIDOS;ILESOS;AUTOMOVEL;ONIBUS;BICICLETA;CAMINHAO;MICROONIBUS;CICLOMOTOR;MOTOCICLETA;TRACAOANIMAL;TREM;LATITUDE;LONGITUDE
344747;2;5;2019;07:32;0;AV BAR STUDART;;;;;Atropelamento;Luz do Dia;;;Meio de Quadra;;;0;1;0;1;0;0;0;0;0;0;0;0;;
344727;2;5;2019;01:26;7409;RUA AUDISIO PINHEIRO;RUA PRO PAULO LOPES;;;;Colisão;;;;Cruz;Pare;Residencial;0;1;0;1;0;0;0;0;0;0;0;0;-3,755634;-38,587319
344729;2;5;2019;05:32;0;AV DR SILAS MUNGUBA;;;2259;;Colisão;Amanhecer;;;Meio de Quadra;;;0;1;0;1;0;0;0;0;0;1;0;0;-3,785862948;-38,55119201
344730;2;5;2019;06:01;0;RUA SAO BERNARDO;;;118;;Colisão;Luz do Dia;;;Meio de Quadra;;;0;1;0;1;0;0;1;0;0;0;0;0;-3,71504;-38,57206
344731;2;5;2019;06:31;0;RUA CON DE CASTRO;;;4525;;Colisão;Luz do Dia;;;Meio de Quadra;;;0;1;0;0;0;0;0;0;0;1;0;0;-3,8048328;-38,5917682
344733;2;5;2019;06:51;21372;AV JOVITA FEITOSA;RUA JOSE SOMBRA;;;;Colisão;Luz do Dia;;;T;Semáforo;Residencial;0;1;0;1;0;0;0;0;0;1;0;0;-3,737763;-38,546301
344793;2;5;2019;14:15;0;RUA PEDRO I;;;909;;Colisão;Luz do Dia;;;Meio de Quadra;;;0;1;0;0;0;0;0;0;0;0;0;0;-3,72983;-38,532952
344794;2;5;2019;14:16;0;RUA PEDRO I;;;878;;Atropelamento;Luz do Dia;;;Meio de Quadra;;;0;1;0;0;0;0;0;0;0;1;0;0;-3,72997784;-38,53245052
344785;2;5;2019;12:33;0;RUA PIERRE LUZ;;;880;;Colisão;Luz do Dia;;;Meio de Quadra;;;0;1;0;1;0;0;0;0;0;1;0;0;-3,72515;-38,5885
344808;2;5;2019;14:25;5161;RUA SEN ALENCAR;RUA MAJ FACUNDO;;;;Colisão;Luz do Dia;;;Cruz;Pare;Comercial;0;1;0;1;0;0;0;0;0;1;0;0;-3,725114;-38,527033
344809;2;5;2019;14:30;0;AV MR HULL;;;;;Atropelamento;Luz do Dia;;;Meio de Quadra;;;0;1;0;0;0;0;0;0;0;1;0;0;;
344810;2;5;2019;14:40;0;AV GAL OSORIO DE PAIVA;;;1127;FROTINHA DA PARANGABA;Atropelamento;Luz do Dia;;;Meio de Quadra;;;0;1;0;0;0;0;0;0;0;0;0;0;-3,779145525;-38,57207319
344812;2;5;2019;15:19;10844;RUA TUPI D35;RUA PORTO ALEGRE;;;;Colisão;Luz do Dia;;;Cruz;Pare;Residencial;0;1;0;0;0;0;0;0;0;1;0;0;-3,76512;-38,58147
344814;2;5;2019;15:48;0;AV GODOFREDO MACIEL;;;5959;;Queda;Luz do Dia;;;Meio de Quadra;;;0;1;0;0;0;0;0;0;0;1;0;0;-3,826977;-38,579662
344819;2;5;2019;16:56;0;RUA NOGUEIRA ACIOLI;;;1555;;Colisão;Luz do Dia;;;Meio de Quadra;;;0;1;0;1;0;0;0;0;0;1;0;0;-3,73729;-38,51927
344825;2;5;2019;17:07;0;RUA JOAQUIM LEITAO;;;391;;Atropelamento;Anoitecer;;;Meio de Quadra;;;0;1;0;0;0;0;0;0;0;1;0;0;-3,74114;-38,59255
344826;2;5;2019;17:41;0;AV GAL OSORIO DE PAIVA;;;722;;Colisão;Anoitecer;;;Meio de Quadra;;;0;1;0;1;0;0;0;0;0;1;0;0;-3,776964;-38,568617
344827;2;5;2019;17:58;0;RUA GUSTAVO SAMPAIO;;;1099;;Colisão;Anoitecer;;;Meio de Quadra;;;0;1;0;1;0;1;0;0;0;0;0;0;-3,734815615;-38,554318
344828;2;5;2019;18:10;0;AV PRS CASTELO BRANCO;;;;;Colisão;Anoitecer;;;Meio de Quadra;;;0;1;0;1;0;0;0;0;0;1;0;0;;
344830;2;5;2019;18:11;23009;RUA ANITA GARIBALDI;RUA BRUNO VALENTE;;;;Colisão;Anoitecer;;;Cruz;Pare;Comercial;0;2;0;1;0;0;0;0;0;1;0;0;-3,788221;-38,539228
344831;2;5;2019;18:11;0;AV SEN FERNANDES TAVORA;;;2275;;Colisão;Anoitecer;;;Meio de Quadra;;;0;1;0;0;0;0;0;0;0;0;0;0;-3,756827667;-38,59220333
344832;2;5;2019;18:21;0;AV DIOGUINHO;;;2255;;Colisão;Anoitecer;;;Meio de Quadra;;;0;1;0;1;0;0;0;0;0;1;0;0;-3,736265;-38,45625
344833;2;5;2019;19:20;0;AV CHANC EDSON QUEIROZ;;;133;;Colisão;;;;Meio de Quadra;;;0;2;0;1;0;0;0;0;0;1;0;0;-3,767168;-38,4876099
344822;2;5;2019;16:57;0;AV COS GOMES DE FREITAS (SAPIRANGA/COITE);;;4393;;Queda;Luz do Dia;;;Meio de Quadra;;;0;1;0;0;0;0;0;0;0;1;0;0;-3,794658824;-38,46752894
344835;2;5;2019;19:39;0;AV JOR THOMAZ COELHO;;;;;Queda;;;;Meio de Quadra;;;0;2;0;0;0;0;0;0;0;1;0;0;;
344838;2;5;2019;20:23;0;AV PRS CASTELO BRANCO;;;;;Atropelamento;;;;Meio de Quadra;;;0;1;0;0;0;0;0;0;0;0;0;0;;
344840;2;5;2019;22:44;6825;RUA BENTO ALBUQUERQUE;RUA DR RIBAMAR LOBO;;;;Colisão;;;;Cruz;Pare;Residencial;0;1;0;1;0;0;0;0;0;1;0;0;-3,748422;-38,468613
344842;3;5;2019;01:54;0;AV AUGUSTO DOS ANJOS;;;1127;;Colisão;;;;Meio de Quadra;;;0;1;0;1;0;0;0;0;0;1;0;0;-3,776779;-38,576193
344843;3;5;2019;04:30;0;RUA CEL ALVES TEIXEIRA;;;744;;Choque c/ Obstáculo Fixo;;;;Meio de Quadra;;;0;1;0;1;0;0;0;0;0;0;0;0;-3,745878;-38,5147664
344844;3;5;2019;06:11;0;RUA JOSE ABILIO;;;1078;;Colisão;Luz do Dia;;;Meio de Quadra;;;0;2;0;1;0;0;0;0;0;1;0;0;-3,7832758;-38,600669
344848;3;5;2019;06:35;0;AV GAL OSORIO DE PAIVA;;;6655;;Queda;Luz do Dia;;;Meio de Quadra;;;0;1;0;0;0;0;0;0;0;1;0;0;-3,8090019;-38,6060807
344850;3;5;2019;07:09;0;RUA CUIABA;;;210;;Colisão;Luz do Dia;;;Meio de Quadra;;;0;1;0;1;0;0;0;0;0;1;0;0;-3,77038;-38,57632
344851;3;5;2019;07:16;0;AV H CJ CEARA;;;640;;Atropelamento de Animal;Luz do Dia;;;;;;0;1;0;0;0;0;0;0;0;1;0;0;-3,7749572;-38,6047134
344860;3;5;2019;08:50;3211;RUA VERBENA;RUA EMILIO DE MENESES;;;;Colisão;Luz do Dia;;;Cruz;Semáforo;Comercial;0;1;0;1;0;0;0;0;0;1;0;0;-3,781344;-38,588838
344861;3;5;2019;09:10;0;AV GAL OSORIO DE PAIVA;;;3957;;Colisão;Luz do Dia;;;Meio de Quadra;;;0;2;0;1;0;0;0;0;0;1;0;0;-3,7924384;-38,59010465
344854;3;5;2019;07:21;0;AV SEN FERNANDES TAVORA;;;2503;;Atropelamento;Luz do Dia;;;Meio de Quadra;;;0;1;1;1;0;0;0;0;0;0;0;0;-3,755660913;-38,59540983
344855;3;5;2019;08:16;0;AV ABOLICAO;;;2933;;Colisão;Luz do Dia;;;Meio de Quadra;;;0;1;0;1;0;0;0;0;0;1;0;0;-3,726977;-38,493236
344869;3;5;2019;09:11;0;RUA FARIAS LEMOS;;;1231;;Colisão;Luz do Dia;;;Meio de Quadra;;;0;1;0;1;0;0;0;0;0;1;0;0;-3,81768;-38,49238
344874;3;5;2019;09:16;9159;RUA MIN JOAQUIM BASTOS D14;RUA DEP OSWALDO STUDART;;;;Colisão;Luz do Dia;;;Outros;Pare;Comercial;0;1;0;0;0;0;0;0;0;0;0;0;;
344880;3;5;2019;09:46;3975;RUA ALBERTO MAGNO;RUA PRO COSTA MENDES;;;;Colisão;Luz do Dia;;;Cruz;Semáforo;Residencial;0;1;0;1;0;0;0;0;0;1;0;0;-3,757528;-38,543548
344881;3;5;2019;11:28;3336;RUA VIRIATO RIBEIRO;RUA RIO GRANDE DO SUL;;;;Atropelamento;Luz do Dia;;;Cruz;Pare;Escola;0;1;0;1;0;0;0;0;0;0;0;0;-3,750184;-38,561355
344882;3;5;2019;12:16;0;RUA LAURO NOGUEIRA;;;357;;Atropelamento;Luz do Dia;;;Meio de Quadra;;;0;1;0;1;0;0;0;0;0;0;0;0;-3,7387692;-38,4824194
344883;3;5;2019;13:22;12637;RUA MISERICORDIA;RUA GUILHERME MENDES;;;;Colisão;Luz do Dia;;;;;;0;2;0;1;0;0;0;0;0;1;0;0;-3,720811;-38,585255
344877;3;5;2019;09:44;0;RUA TEN BENEVOLO;;;;;Queda;Luz do Dia;;;Meio de Quadra;;;0;1;0;0;0;0;0;0;0;1;0;0;;
344886;3;5;2019;13:45;0;AV HILDEBRANDO DE MELO;;;1378;;Queda;Luz do Dia;;;Meio de Quadra;;;0;1;0;0;0;0;0;0;0;1;0;0;-3,72059;-38,58884
344888;3;5;2019;14:05;0;RUA XAVIER DE OLIVEIRA;;;318;;Colisão;Luz do Dia;;;Meio de Quadra;;;0;1;0;1;0;0;0;0;0;0;0;0;-3,74716671;-38,55998648
344889;3;5;2019;14:22;357;RUA ERICO MOTA;RUA XAVIER DE OLIVEIRA;;;;Colisão;Luz do Dia;;;Cruz;Pare;Residencial;0;2;0;1;0;0;0;0;0;0;0;0;-3,747288;-38,560547
344893;3;5;2019;14:25;0;AV GAL OSORIO DE PAIVA;;;;;Colisão;Luz do Dia;;;Meio de Quadra;;;0;1;0;0;0;0;0;0;0;0;0;0;;
344894;3;5;2019;14:33;0;RUA DR JOAO MOREIRA;;;489;;Colisão;Luz do Dia;;;Meio de Quadra;;;0;1;0;0;0;0;0;0;0;0;0;0;-3,722164545;-38,528968
344902;3;5;2019;15:31;22099;AV JOSE BASTOS;RUA JOSE FACANHA;;;;Colisão;Luz do Dia;;;T;Semáforo;Comercial;0;3;0;1;0;0;0;0;0;1;0;0;-3,754359;-38,554822
344903;3;5;2019;15:49;0;AV C CJ ESPERANCA;;;145;;Colisão;Luz do Dia;;;Meio de Quadra;;;0;2;0;1;0;0;0;0;0;1;0;0;-3,816529065;-38,58842936
344904;3;5;2019;15:55;0;RUA PDE GUERRA;;;1151;;Colisão;Luz do Dia;;;Meio de Quadra;;;0;1;0;1;0;0;0;0;0;1;0;0;-3,738365824;-38,55481106
344905;3;5;2019;15:55;0;RUA CEL JOAO OLIVEIRA;;;664;;Colisão;Luz do Dia;;;Meio de Quadra;;;0;1;0;1;0;0;0;0;0;1;0;0;-3,8227545;-38,4887325
344942;3;5;2019;19:56;0;RUA CON DE CASTRO;;;3079;;Colisão;;;;Meio de Quadra;;;0;1;0;1;0;0;0;0;0;1;0;0;-3,795466586;-38,58310166
344938;3;5;2019;19:11;0;AV ENG SANTANA JUNIOR;;;9639;;Atropelamento;;;;Meio de Quadra;;;0;1;0;1;0;0;0;0;0;0;0;0;;
344931;3;5;2019;19:08;0;AV FRANCISCO SA;;;6081;;Atropelamento;;;;Meio de Quadra;;;0;1;0;1;0;0;0;0;0;0;0;0;-3,709633549;-38,58006154
344915;3;5;2019;16:38;0;RUA PDE PEDRO DE ALENCAR;;;540;;Colisão;Luz do Dia;;;Meio de Quadra;;;0;1;0;1;0;0;0;0;0;1;0;0;-3,832741;-38,494029
344916;3;5;2019;17:07;0;RUA JULIO VERNE;;;958;;Colisão;Anoitecer;;;Meio de Quadra;;;0;1;0;0;0;0;0;0;0;1;0;0;-3,7737425;-38,5531068
344921;3;5;2019;17:25;0;RUA ANTONIO FIUZA;;;246;;Colisão;Anoitecer;;;Meio de Quadra;;;0;1;0;1;0;1;0;0;0;0;0;0;-3,770493333;-38,5523184
344923;3;5;2019;17:29;0;AV GAL OSORIO DE PAIVA;;;;;Colisão;Anoitecer;;;Meio de Quadra;;;0;1;0;1;0;0;0;0;0;1;0;0;;
344924;3;5;2019;17:33;0;AV GAL OSORIO DE PAIVA;;;459;;Colisão;Anoitecer;;;Meio de Quadra;;;0;1;0;1;0;0;0;0;0;1;0;0;-3,775804843;-38,56675426
344927;3;5;2019;18:49;0;AV PASTEUR;;;1325;;Atropelamento;;;;Meio de Quadra;;;0;1;0;0;0;0;0;0;0;0;0;0;-3,717422222;-38,56093767
344929;3;5;2019;18:54;0;RUA RAD JOAO RAMOS (DUNAS);;;1860;;Colisão;;;;Meio de Quadra;;;0;1;0;0;0;0;0;0;0;0;0;0;;
344950;3;5;2019;20:23;0;AV PASTEUR;;;1310;;Atropelamento;;;;Meio de Quadra;;;0;1;0;1;0;0;0;0;0;0;0;0;-3,717379;-38,560923
344962;3;5;2019;23:02;0;AV DES GONZAGA;;;532;;Queda;;;;Meio de Quadra;;;0;1;0;0;0;1;0;0;0;0;0;0;-3,79134;-38,502595
344958;3;5;2019;21:43;0;AV SEN CARLOS JEREISSATI (AEROPORTO);;;;;Colisão;;;;Meio de Quadra;;;0;1;0;1;0;0;0;0;0;1;0;0;;
343829;3;5;2019;01:11;6825;RUA BENTO ALBUQUERQUE;RUA DR RIBAMAR LOBO;;;;Colisão Transversal;Via Iluminada;Bom;Seca;Cruz;Pare;Residencial;0;0;1;1;0;0;0;0;0;1;0;0;-3,748422;-38,468613
343830;3;5;2019;05:36;1561;AV PDE ANTONIO TOMAS;AV SEN VIRGILIO TAVORA;;;;Choque c/ Obstáculo Fixo;Amanhecer;Bom;Seca;Cruz;Semáforo;Comercial;0;0;1;0;0;0;0;0;0;0;0;0;-3,74176;-38,494749
343831;3;5;2019;07:58;26246;RUA JOSE ABILIO;RUA ANTONIO NERY;;0;;Colisão Transversal;Luz do Dia;Bom;Seca;Cruz;Pare;Residencial;0;0;2;0;0;0;0;0;0;1;0;0;-3,7830208;-38,6015727
343832;3;5;2019;08:30;0;AV ABOLICAO;;;2933;;Colisão Transversal;Luz do Dia;Bom;Seca;Meio de Quadra;;;0;2;2;1;0;0;0;0;0;1;0;0;-3,726977;-38,493236
343833;3;5;2019;12:48;7775;AV ANTONIO SALES;AV BAR STUDART;;0;;Colisão Traseira;Luz do Dia;Bom;Seca;Cruz;Semáforo;Comercial;0;0;3;1;0;0;0;0;0;0;0;0;-3,743288;-38,509378
343834;3;5;2019;12:48;0;RUA JORGE DUMAR;;;2047;;Colisão Traseira;Luz do Dia;Bom;Seca;Meio de Quadra;Não Há Controle;Residencial;0;1;1;1;0;0;0;0;0;0;0;0;-3,753866917;-38,53964083
343835;3;5;2019;16:53;17350;RUA BAR SOBRAL;RUA JOAO FIRMINO;;;;Colisão Transversal;Luz do Dia;Bom;Seca;Cruz;Pare;Residencial;0;1;2;1;0;0;0;0;0;1;0;0;-3,765714;-38,556531
343836;3;5;2019;16:59;22209;AV SGT HERMINIO SAMPAIO;RUA ARISTIDES B NETO;;;;Colisão Transversal;Luz do Dia;Bom;Seca;Duplo T;Pare;Comercial;0;1;1;1;0;0;0;0;0;1;0;0;-3,725509;-38,55582
343837;3;5;2019;16:48;22099;RUA JOSE FACANHA;AV JOSE BASTOS;;;;Colisão Transversal;Luz do Dia;Bom;Seca;T;Semáforo;Comercial;0;0;2;1;0;0;0;0;0;1;0;0;-3,754359;-38,554822
343838;3;5;2019;18:00;20131;RUA PRO JOSE SILVEIRA;RUA CRISANTO ARRUDA;;0;;Colisão Transversal;Via Iluminada;Bom;Seca;Cruz;Pare;Residencial;0;0;2;1;0;0;0;0;0;0;0;0;-3,810268;-38,522564
343841;3;5;2019;21:32;1280;RUA ILDEFONSO ALBANO;RUA PINTO MADEIRA;;;;Colisão Transversal;Via Iluminada;Bom;Seca;Cruz;Gesto;Comercial;0;1;1;1;0;0;0;0;0;1;0;0;-3,73361;-38,513317
343842;3;5;2019;20:45;4091;AV PASTEUR;RUA OLIMPIO DE PAIVA;;;;Atropelamento;Via Iluminada;Bom;Seca;T;Não Há Controle;Residencial;0;1;1;1;0;0;0;0;0;0;0;0;-3,717379;-38,560923
346938;3;5;2019;11:30;24859;AV MOZART PINHEIRO DE LUCENA;RUA CREUSA ROCHA;;;;Colisão;Luz do Dia;;;T;;Comercial;0;0;1;1;0;0;0;0;0;0;0;0;-3,720076;-38,596215
346939;3;5;2019;15:15;0;RUA MAL BITENCOURT;;;;;Colisão;Luz do Dia;;;Meio de Quadra;;;0;0;1;0;0;0;1;0;0;0;0;0;;
342734;3;5;2019;14:00;0;RUA PDE PEDRO DE ALENCAR;;;2310;;Colisão Lateral;Luz do Dia;Bom;Molhada;;;;0;1;1;0;0;0;0;0;0;1;0;0;-3,84841;-38,494809
342989;3;5;2019;23:00;0;RD CE-040;;;;KM-07;Colisão;Via Iluminada;;Seca;Meio de Quadra;;;0;1;1;1;0;0;0;0;0;1;0;0;-3,817159445;-38,48303286
342976;3;5;2019;15:00;0;AV MIN JOSE AMERICO;;;;;Colisão;Luz do Dia;;Seca;Meio de Quadra;;;0;0;2;1;0;0;0;0;0;1;0;0;;
342977;3;5;2019;17:00;0;AV SEN CARLOS JEREISSATI (AEROPORTO);;;;KM 03;Colisão;Via Iluminada;;Seca;Meio de Quadra;;;0;0;2;1;0;0;0;0;0;0;0;0;-3,779641;-38,544038
342979;3;5;2019;15:05;0;RD CE-040;;;;KM-08;Colisão;Luz do Dia;;Seca;Meio de Quadra;;;0;0;3;1;0;0;0;0;0;0;0;0;-3,825515822;-38,48153832
342980;3;5;2019;21:50;0;AV SEN CARLOS JEREISSATI (AEROPORTO);;;;HIPERMERCADO ATACADÃO;Colisão;;;;Meio de Quadra;;;0;0;2;1;0;0;0;0;0;0;0;0;-3,7787302;-38,541306
342990;4;5;2019;11:40;0;RD CE-040;;;;KM-10;Engavetamento;Luz do Dia;;Seca;Meio de Quadra;;;0;0;3;1;0;0;0;0;0;0;0;0;-3,84257666;-38,48088284
342996;4;5;2019;13:10;0;AV SEN CARLOS JEREISSATI (AEROPORTO);;;;KM 02;Colisão;Luz do Dia;;Seca;Meio de Quadra;;;0;0;2;1;0;0;0;0;0;0;0;0;-3,782194;-38,535424
342997;4;5;2019;16:30;0;RD CE-040;;;3171;FAROESTE - KM 14;Colisão;Luz do Dia;;Seca;Meio de Quadra;;;0;0;2;1;0;0;0;0;0;0;0;0;;
342765;4;5;2019;02:25;0;AV DOM MANUEL;;;438;;Colisão Traseira;Via Iluminada;Bom;Seca;Meio de Quadra;Outros;Residencial;0;1;2;1;0;0;0;0;0;1;0;0;-3,728054283;-38,52101388
342760;4;5;2019;09:40;0;AV DIOGUINHO;;;;;Colisão Frontal;Luz do Dia;Bom;Seca;;;;0;1;1;1;0;0;0;0;0;1;0;0;;
342767;4;5;2019;12:00;0;AV VIS RIO BRANCO;;;2077;;Colisão Lateral;Luz do Dia;Bom;Seca;Outros;Outros;Comercial;0;0;2;0;1;0;0;0;0;1;0;0;-3,73862968;-38,52357728
342747;4;5;2019;08:10;0;AV PRS CASTELO BRANCO;;;1287;MARINHA;Colisão Transversal;Luz do Dia;Bom;Seca;Meio de Quadra;Semáforo;Lazer;0;1;1;0;0;1;0;0;0;1;0;0;-3,7182471;-38,5354057
342774;4;5;2019;21:30;0;AV CONTORNO (CASTELÃO);;;;;Colisão Lateral;Via Iluminada;Bom;Seca;Meio de Quadra;Dê Preferência;Comercial;0;0;4;1;0;0;0;0;0;1;0;0;;
346945;4;5;2019;20:45;0;AV ALBERTO CRAVEIRO;;;3045;;Colisão;;;;Meio de Quadra;;;0;0;1;1;0;0;0;0;0;0;0;0;-3,8061959;-38,5237581
343843;4;5;2019;01:01;0;AV SEN CARLOS JEREISSATI (AEROPORTO);;;0;;Colisão Lateral;Mal Iluminada;Bom;Seca;Meio de Quadra;Não Há Controle;Comercial;0;0;2;1;0;0;0;0;0;1;0;0;;
343844;4;5;2019;07:30;1399;RUA FRE MANSUETO;RUA MARCOS MACEDO;;;;Colisão Transversal;Luz do Dia;Bom;Seca;Cruz;Pare;Comercial;0;1;1;1;0;0;0;0;0;1;0;0;-3,737071;-38,488546
343845;4;5;2019;11:08;0;AV DUQ CAXIAS;;;1058;;Colisão Lateral;Luz do Dia;Bom;Seca;Meio de Quadra;Semáforo;Comercial;0;1;1;0;0;0;0;0;0;1;0;0;-3,730545444;-38,53373983
343846;4;5;2019;14:07;5020;AV FILOMENO GOMES;RUA APRENDIZE MARINHEIRO;;0;;Colisão Lateral;Luz do Dia;Bom;Seca;T;Não Há Controle;Comercial;0;0;2;1;0;0;0;0;0;0;0;0;-3,717939;-38,541695
343847;4;5;2019;14:00;0;RUA ALM JACEGUAI;;;71;;Colisão Lateral;Luz do Dia;Bom;Seca;Meio de Quadra;Não Há Controle;Comercial;0;0;2;1;1;0;0;0;0;0;0;0;-3,7216387;-38,51946
343848;4;5;2019;14:32;15975;AV GODOFREDO MACIEL;RUA CEL MANUEL ALBANO;;;;Colisão Transversal;Luz do Dia;Bom;Seca;Cruz;Pare;Comercial;0;0;2;0;0;0;0;0;0;1;0;0;-3,805644;-38,57278
343849;4;5;2019;13:38;0;TR RAUL BARBOSA;;;6880;;Colisão Traseira;Luz do Dia;Bom;Seca;Meio de Quadra;Semáforo;Comercial;0;1;1;1;0;0;0;0;0;1;0;0;-3,7736557;-38,51283
343850;4;5;2019;14:21;0;RUA DES LEITE ALBUQUERQUE;;;495;;Colisão Lateral;Luz do Dia;Bom;Seca;Meio de Quadra;Pare;Residencial;0;1;0;0;0;0;0;0;0;1;0;0;-3,736598;-38,50064
343851;4;5;2019;12:32;0;RUA PDE NELSON FARIAS;;;1;;Outros;Luz do Dia;Bom;Seca;Meio de Quadra;Não Há Controle;Residencial;0;0;1;1;0;0;0;0;0;0;0;0;-3,80751;-38,5782
343852;4;5;2019;18:51;5627;AV JOSE LEON;AV ROGACIANO LEITE;;0;;Colisão Lateral;Via Iluminada;Bom;Seca;Cruz;Semáforo;Comercial;0;0;2;1;0;0;0;0;1;0;0;0;-3,787355;-38,503527
343853;4;5;2019;19:51;0;RUA PROF. MANOEL LOURENCO;;;97;;Colisão Transversal;Anoitecer;Bom;Seca;Meio de Quadra;Não Há Controle;Comercial;0;0;2;1;0;0;0;0;0;1;0;0;-3,762114;-38,572273
343854;4;5;2019;21:17;0;AV DR ALDY MENTOR;;;0;;Queda;Mal Iluminada;Bom;Seca;Meio de Quadra;Gesto;Residencial;0;1;0;0;0;0;0;0;0;1;0;0;;
343855;4;5;2019;19:15;14606;AV JOSE LEON;RUA GAL CAIADO DE CASTRO;;;;Colisão Transversal;Via Iluminada;Outros;Molhada;T;Pare;Residencial;0;1;1;1;0;0;0;0;0;1;0;0;-3,7907061;-38,489876
343856;4;5;2019;22:01;0;AV DIOGUINHO;;;2984;;Colisão Lateral;Mal Iluminada;Bom;Seca;Meio de Quadra;Gesto;Comercial;0;1;1;1;0;0;0;0;0;1;0;0;-3,7425735;-38,45282
343857;4;5;2019;21:29;0;RUA POMPILIO GOMES;;;519;;Colisão Frontal;Via Iluminada;Bom;Seca;Meio de Quadra;Não Há Controle;Comercial;0;2;0;1;0;0;0;0;0;0;0;0;-3,8163052;-38,52073
343858;4;5;2019;21:56;5112;RUA CASTRO E SILVA;RUA BAR RIO BRANCO;;;;Colisão Transversal;Via Iluminada;Bom;Seca;Cruz;Semáforo;Comercial;0;0;2;0;0;0;0;0;0;1;0;0;-3,723847;-38,527429
343862;4;5;2019;08:39;5249;RUA COSTA BARROS;RUA RODRIGUES JUNIOR;;;;Colisão;Luz do Dia;Bom;Seca;Cruz;Pare;Residencial;0;0;3;1;0;0;0;0;0;0;0;0;-3,727742;-38,519688
343866;4;5;2019;12:01;11675;RUA DIOGO CORREIA;RUA PRO HERIBALDO COSTA;;;;Colisão Transversal;Luz do Dia;Bom;Seca;Cruz;Pare;Residencial;0;2;1;0;1;0;0;0;0;1;0;0;-3,770996;-38,590102
344972;4;5;2019;03:34;19313;RUA GERMANO FRANCK;RUA CON LIMA SUCUPIRA;;;;Colisão;;;;Cruz;Semáforo;Comercial;0;1;0;1;0;0;0;0;0;1;0;0;-3,775196;-38,559584
344973;4;5;2019;07:40;15313;RUA VICENTE LEITE;RUA ANA BILHAR;;;;Colisão;Luz do Dia;;;Cruz;Pare;Residencial;0;1;0;0;0;0;0;0;0;1;0;0;-3,730261;-38,493215
344975;4;5;2019;07:55;0;RUA OSCAR ARARIPE;;;730;;Colisão;Luz do Dia;;;Meio de Quadra;;;0;1;0;1;0;0;0;0;0;1;0;0;-3,791645;-38,597876
344980;4;5;2019;10:24;0;AV FRANCISCO SA;;;2895;;Colisão;Luz do Dia;;;Meio de Quadra;;;1;0;1;1;0;0;0;0;0;1;0;0;-3,719391;-38,551375
344981;4;5;2019;10:40;0;AV FRANCISCO SA;;;3180;;Colisão;Luz do Dia;;;Meio de Quadra;;;0;1;0;1;0;0;0;0;0;1;0;0;-3,71812496;-38,55520888
344984;4;5;2019;11:13;1547;AV DES MOREIRA;RUA CAROLINA SUCUPIRA;;;;Colisão;Luz do Dia;;;Cruz;Pare;Comercial;0;1;0;1;0;0;0;0;0;1;0;0;-3,741192;-38,499948
345034;4;5;2019;14:18;0;AV GAL OSORIO DE PAIVA;;;4800;;Queda;Luz do Dia;;;Meio de Quadra;;;0;1;0;0;0;0;0;0;0;1;0;0;-3,800862;-38,598322
345025;4;5;2019;12:34;0;AV PRS CASTELO BRANCO;;;;;Atropelamento;Luz do Dia;;;Meio de Quadra;;;0;1;0;0;0;0;0;0;0;1;0;0;;
345026;4;5;2019;13:23;15141;AV MON TABOSA;RUA CARLOS VASCONCELOS;;;;Colisão;Luz do Dia;;;Cruz;Semáforo;Comercial;0;1;0;1;0;0;0;0;0;1;0;0;-3,724289;-38,507985
345027;4;5;2019;13:28;0;RUA SATIRO DIAS;;;351;;Colisão;Luz do Dia;;;Meio de Quadra;;;0;1;0;0;0;0;0;0;0;0;0;0;-3,762100966;-38,54748605
345028;4;5;2019;13:53;0;RUA POMPILIO GOMES;;;519;;Colisão;Luz do Dia;;;Meio de Quadra;;;0;1;0;1;0;0;0;0;0;0;0;0;;
344988;4;5;2019;11:32;0;RUA PERNAMBUCO;;;1627;;Colisão;Luz do Dia;;;Meio de Quadra;;;0;1;0;1;0;0;0;0;0;1;0;0;-3,757469416;-38,57239925
345001;4;5;2019;11:35;0;RUA MIGUEL GURGEL;;;;;Colisão;Luz do Dia;;;Meio de Quadra;;;0;1;0;1;0;1;0;0;0;0;0;0;;
344978;4;5;2019;08:56;0;AV PERIMETRAL;;;2828;;Colisão;Luz do Dia;;;Meio de Quadra;;;0;1;0;0;0;0;0;0;0;0;0;0;;
345040;4;5;2019;14:45;0;AV ALM HENRIQUE SABOIA;;;856;;Colisão;Luz do Dia;;;Meio de Quadra;;;0;1;0;1;0;0;0;0;0;1;0;0;-3,72952;-38,48109
345041;4;5;2019;14:54;0;RUA CRISTAL;;;;;Colisão;Luz do Dia;;;Meio de Quadra;;;0;1;0;0;0;0;0;0;0;0;0;0;;
345037;4;5;2019;14:28;0;RUA POMPILIO GOMES;;;519;;Colisão;Luz do Dia;;;Meio de Quadra;;;0;1;0;1;0;0;0;0;0;0;0;0;;