COD_ACIDENTE;DIA;MES;ANO;HORA;INTERSECAO;LOG1;LOG2;LOG3;NUMERO;REFERENCIA;NATUREZA;ILUMINACAO;TEMPO;SUPERFICIEPISTA;TIPOCRUZAMENTO;CONTROLETRAFEGO;USOSOLO;MORTOS;FERIDOS;ILESOS;AUTOMOVEL;ONIBUS;BICICLETA;CAMINHAO;MICROONIBUS;CICLOMOTOR;MOTOCICLETA;TRACAOANIMAL;TREM;LATITUDE;LONGITUDE
345038;4;5;2019;14:33;0;AV ODILON GUIMARAES;;;1600;;Colisão;Luz do Dia;;;Meio de Quadra;;;0;1;0;1;0;0;0;0;0;1;0;0;-3,82437;-38,47863
345043;4;5;2019;14:59;0;RUA ANTONIO POMPEU;;;2;;Colisão;Luz do Dia;;;;;;0;1;0;1;0;0;0;0;0;1;0;0;-3,7316666;-38,5405555
345044;4;5;2019;17:53;0;AV BORGES DE MELO;;;;;Queda;Anoitecer;;;Meio de Quadra;;;0;1;0;0;0;1;0;0;0;0;0;0;;
345020;4;5;2019;11:56;0;AV FRANCISCO SA;;;;;Colisão;Luz do Dia;;;Meio de Quadra;;;0;1;0;1;0;0;0;0;0;1;0;0;;
345021;4;5;2019;11:57;0;AV FRANCISCO SA;;;;;Colisão;Luz do Dia;;;Meio de Quadra;;;0;1;0;1;0;0;0;0;0;1;0;0;;
345023;4;5;2019;12:32;0;AV GOV RAUL BARBOSA;;;6880;;Colisão;Luz do Dia;;;Meio de Quadra;;;0;1;0;1;0;0;0;0;0;1;0;0;-3,773622452;-38,51272177
345047;4;5;2019;18:19;0;AV GODOFREDO MACIEL;;;5959;;Colisão;Anoitecer;;;Meio de Quadra;;;0;1;0;1;0;0;0;0;0;1;0;0;-3,826977;-38,579662
345055;4;5;2019;18:33;14606;AV JOSE LEON;RUA GAL CAIADO DE CASTRO;;;;Colisão;;;;T;Pare;Residencial;0;1;0;1;0;0;0;0;0;1;0;0;-3,7907061;-38,489876
345056;4;5;2019;18:44;0;AV JOSE LEON;;;304;;Queda;;;;Meio de Quadra;;;0;1;0;0;0;0;0;0;0;1;0;0;-3,78674;-38,5086175
345060;4;5;2019;18:51;0;RUA BAR AQUIRAZ;;;1540;;Colisão;;;;Meio de Quadra;;;0;1;0;1;0;0;0;0;0;1;0;0;-3,840733;-38,485079
345061;4;5;2019;19:24;0;AV JOSE JATAHY;;;249;;Queda;;;;Meio de Quadra;;;0;1;0;0;0;0;0;0;0;1;0;0;-3,740320256;-38,54313395
345062;4;5;2019;20:30;0;RUA JUSTINO SOARES;;;2672;;Colisão;;;;Meio de Quadra;;;0;1;0;0;0;0;0;0;0;1;0;0;;
345063;4;5;2019;21:05;0;AV RAD JOSE LIMA VERDE;;;1260;;Queda;;;;Meio de Quadra;;;0;1;0;0;0;0;0;0;0;1;0;0;-3,7030335;-38,5914185
345064;4;5;2019;21:34;0;AV DIOGUINHO;;;2984;;Colisão;;;;Meio de Quadra;;;0;1;0;1;0;0;0;0;0;1;0;0;-3,7425735;-38,45282
345065;4;5;2019;21:47;0;RUA AMOR PERFEITO;;;138;;Colisão;;;;Meio de Quadra;;;0;1;0;1;0;0;0;0;0;1;0;0;-3,71594;-38,58242
345066;4;5;2019;21:53;0;RUA ASTROGILDO FONTOURA;;;799;;Atropelamento;;;;Meio de Quadra;;;0;2;0;0;0;0;0;0;0;1;0;0;-3,711953086;-38,58642364
345067;4;5;2019;21:56;0;AV DIOGUINHO;;;2984;;Colisão;;;;Meio de Quadra;;;0;1;0;1;0;0;0;0;0;1;0;0;-3,7425735;-38,45282
345068;4;5;2019;22:19;0;VL VERDE;;;133;;Colisão;;;;Meio de Quadra;;;0;1;0;0;0;0;0;0;0;1;0;0;-3,75757;-38,60546
345069;4;5;2019;23:06;0;AV DR SILAS MUNGUBA;;;372;;Colisão;;;;Meio de Quadra;;;0;1;0;1;0;0;0;0;0;1;0;0;-3,777716882;-38,56172024
345071;4;5;2019;23:44;0;RUA CEL GUILHERME ALENCAR;;;;;Colisão;;;;Meio de Quadra;;;0;1;0;1;0;0;0;0;0;1;0;0;;
345080;5;5;2019;00:21;0;AV ALANIS MARIA LAURINDO DE OLIVEIRA;;;;;Queda;;;;Meio de Quadra;;;0;1;0;0;0;0;0;0;0;1;0;0;;
345085;5;5;2019;00:22;0;AV JOSE BASTOS;;;1160;;Colisão;;;;Meio de Quadra;;;0;2;0;1;0;0;0;0;0;1;0;0;-3,7422103;-38,5425791
345092;5;5;2019;03:05;0;RUA MANOEL B DOS SANTOS;;;28;;Queda;;;;Meio de Quadra;;;0;1;0;0;0;0;0;0;0;1;0;0;-3,8602164;-38,4837984
345089;5;5;2019;00:48;0;AV JOAO DE ARAUJO LIMA;;;2340;CURVA DA VIUVA;Queda;;;;Meio de Quadra;;;0;1;0;0;0;0;0;0;0;1;0;0;-3,842341628;-38,56268344
345116;5;5;2019;09:08;0;AV CONTORNO NORTE D71;;;;;Colisão;Luz do Dia;;;Meio de Quadra;;;0;1;0;1;0;0;0;0;0;1;0;0;;
345108;5;5;2019;03:37;0;RUA JULIO BRAGA;;;1595;;Colisão;;;;Meio de Quadra;;;0;2;0;1;0;0;0;0;0;1;0;0;-3,773151468;-38,58510548
345112;5;5;2019;07:23;0;RUA VALMIR PONTES;;;;;Colisão;Luz do Dia;;;Meio de Quadra;;;0;1;0;0;0;0;0;0;0;0;0;0;;
345131;5;5;2019;09:31;0;AV UM (PLANALTO AIRTON SENA);;;1360;;Colisão;Luz do Dia;;;Meio de Quadra;;;0;1;0;1;0;0;0;0;0;1;0;0;-3,8278771;-38,57113
345133;5;5;2019;10:23;0;AV ENG LEAL LIMA VERDE (SAPIRANGA/COITE);;;1274;;Colisão;Luz do Dia;;;Meio de Quadra;;;0;1;0;1;0;0;0;0;0;1;0;0;-3,800813364;-38,47523982
345141;5;5;2019;16:36;0;AV SGT HERMINIO SAMPAIO;;;1745;;Queda;Luz do Dia;;;Meio de Quadra;;;0;1;0;0;0;1;0;0;0;0;0;0;-3,725599;-38,556265
345142;5;5;2019;17:43;0;AV PONTES VIEIRA;;;1091;;Queda;Anoitecer;;;Meio de Quadra;;;0;1;0;0;0;0;0;0;0;1;0;0;-3,752574;-38,512219
345143;5;5;2019;18:55;5407;RUA SOLON PINHEIRO;AV DUQ CAXIAS;;;;Atropelamento;;;;Cruz;Semáforo;Comercial;0;1;0;1;0;0;0;0;0;0;0;0;-3,732704;-38,527034
345144;5;5;2019;18:55;0;AV GAL OSORIO DE PAIVA;;;;;Colisão;;;;Meio de Quadra;;;0;1;0;0;0;0;0;0;0;0;0;0;;
345145;5;5;2019;19:05;0;AV 13 DE MAIO;;;2998;;Queda;;;;Meio de Quadra;;;0;1;0;0;0;0;0;0;0;1;0;0;-3,73838;-38,5421
345146;5;5;2019;19:24;0;AV SEN VIRGILIO TAVORA;;;2174;;Queda;;;;Meio de Quadra;;;0;1;0;0;0;0;0;0;0;1;0;0;-3,745337143;-38,49588314
345147;5;5;2019;19:56;0;RUA GAMA;;;39;;Colisão;;;;Meio de Quadra;;;0;1;0;0;0;0;0;0;0;1;0;0;-3,7937381;-38,57205358
345151;5;5;2019;20:31;0;AV FRE CIRILO;;;3023;;Atropelamento;;;;Meio de Quadra;;;0;1;0;0;0;0;0;0;0;0;0;0;-3,810886771;-38,50036639
345153;5;5;2019;20:33;9170;RUA GAL SILVA JUNIOR;AV EDUARDO GIRAO;;;;Queda;;;;Cruz;Semáforo;Comercial;0;1;0;0;0;1;0;0;0;0;0;0;-3,754309;-38,530785
345154;5;5;2019;21:11;0;RUA SAO TOMAZ DE AQUINO;;;748;;Colisão;;;;Meio de Quadra;;;0;1;0;0;0;0;0;0;0;0;0;0;;
345156;5;5;2019;21:17;0;RUA ALVES BATISTA;;;439;;Colisão;;;;Meio de Quadra;;;0;1;0;1;0;0;0;0;0;1;0;0;-3,760517;-38,601313
345158;5;5;2019;22:33;0;AV EDILSON B SOARES;;;895;;Colisão;;;;Meio de Quadra;;;0;1;0;1;1;0;0;0;0;0;0;0;-3,789225;-38,477958
345159;5;5;2019;23:36;0;AV JOR THOMAZ COELHO;;;1700;;Queda;;;;Meio de Quadra;;;0;1;0;0;0;0;0;0;0;1;0;0;-3,829318;-38,511181
343867;5;5;2019;16:43;23439;RUA FRE VIDAL;RUA MON SALAZAR;;0;;Colisão Transversal;Luz do Dia;Bom;Seca;Cruz;Pare;Residencial;0;0;3;1;0;0;0;0;0;0;0;0;-3,756474;-38,517627
343868;5;5;2019;19:10;0;AV PRS COSTA E SILVA;;;1726;;Colisão Traseira;Via Iluminada;Bom;Seca;Meio de Quadra;Pare;Residencial;0;1;3;1;0;0;0;0;0;1;0;0;-3,8173695;-38,5658935
343863;5;5;2019;08:46;5098;RUA SEN POMPEU;RUA CASTRO E SILVA;;;;Colisão Transversal;Luz do Dia;Bom;Seca;Cruz;Semáforo;Comercial;0;1;1;1;0;0;0;0;0;1;0;0;-3,723468;-38,528597
343864;5;5;2019;09:30;4370;AV JOSE SABOIA;RUA PRO HENRIQUE FIRMEZA;;;;Colisão Transversal;Via Iluminada;Bom;Seca;Cruz;Pare;Comercial;0;0;2;1;0;0;0;0;0;0;0;0;-3,718659;-38,465564
343865;5;5;2019;15:28;0;RUA VITORIA;AV SEN FERNANDES TAVORA;;2;;Colisão Transversal;Luz do Dia;Bom;Seca;Cruz;Semáforo;Comercial;0;0;2;1;0;0;0;0;0;1;0;0;-3,7602661;-38,5859451
343859;5;5;2019;01:49;0;AV DR SILAS MUNGUBA;;;3723;;Colisão Traseira;Via Iluminada;Bom;Seca;Meio de Quadra;Pare;Comercial;0;0;1;1;0;0;0;0;0;1;0;0;-3,790248;-38,540724
343860;5;5;2019;02:11;22099;AV JOSE BASTOS;RUA JOSE FACANHA;;;;Colisão Transversal;Via Iluminada;Bom;Seca;T;Semáforo;Comercial;0;0;1;1;0;0;0;0;0;1;0;0;-3,754359;-38,554822
343861;5;5;2019;06:52;0;AV PDE ANTONIO TOMAS;;;3223;;Choque c/ Obstáculo Fixo;Amanhecer;Bom;Seca;Meio de Quadra;Não Há Controle;Residencial;0;0;1;1;0;0;0;0;0;0;0;0;-3,745622;-38,482817
346948;5;5;2019;20:22;0;RUA ALAGOAS;;;3371;;Colisão;;;;Meio de Quadra;;;0;0;1;1;0;0;0;0;0;0;0;0;-3,751671815;-38,57853356
346950;5;5;2019;06:00;0;RUA ALVES DE SOUZA;;;1030;;Choque c/ Obstáculo Fixo;Luz do Dia;;;Meio de Quadra;;;0;0;1;0;0;0;0;0;0;1;0;0;-3,80252;-38,59461
346951;5;5;2019;15:50;10730;AV SEN FERNANDES TAVORA;RUA VITORIA (AV. PERIMETRAL);;;;Colisão;Luz do Dia;;;Cruz;Semáforo;Comercial;0;0;1;0;0;0;0;0;1;0;0;0;-3,760193;-38,585903
346958;6;5;2019;20:30;0;RUA MON AGOSTINHO;;;1089;;Choque c/ Obstáculo Fixo;Luz do Dia;;;Meio de Quadra;;;0;0;1;0;1;0;0;0;0;0;0;0;-3,792435;-38,587155
346959;6;5;2019;15:15;0;RUA ADOLFO SIQUEIRA;;;456;;Colisão;Luz do Dia;;;Meio de Quadra;;;0;0;1;1;0;0;0;0;0;0;0;0;-3,7427777;-38,5163888
342788;6;5;2019;02:00;0;AV GAL OSORIO DE PAIVA;;;;;Colisão Transversal;Via Iluminada;Bom;Molhada;Meio de Quadra;Semáforo Intermitente;Comercial;0;1;1;1;0;0;0;0;0;1;0;0;;
342784;6;5;2019;08:00;0;RUA TEN MOACIR MATOS;;;752;;Queda;Luz do Dia;Nublado;Seca;Meio de Quadra;Não Há Controle;Residencial;0;0;1;1;0;0;0;0;0;0;0;0;-3,767092811;-38,55263277
343038;6;5;2019;09:10;0;RD BR 116;;;16000;KM-16;Colisão Lateral;Luz do Dia;Bom;Seca;Meio de Quadra;;;0;0;2;0;0;0;0;0;0;0;0;0;-3,7611657;-38,5190567
343002;6;5;2019;07:00;0;RD CE-040;;;;KM-08;Colisão;Luz do Dia;;Seca;Meio de Quadra;;;0;1;1;1;0;0;0;0;0;0;0;0;-3,825515822;-38,48153832
343003;6;5;2019;17:15;0;AV SEN CARLOS JEREISSATI (AEROPORTO);;;;KM 01;Colisão;Anoitecer;;;Meio de Quadra;;;0;0;2;1;0;0;0;0;0;0;0;0;-3,783753;-38,52685
343869;6;5;2019;07:39;0;AV BERNARDO MANUEL;;;7148;;Colisão Lateral;Luz do Dia;Bom;Seca;Meio de Quadra;Não Há Controle;Comercial;0;1;1;1;0;0;0;0;0;1;0;0;-3,780128;-38,54568
343870;6;5;2019;07:00;0;RUA DR GILBERTO STUDART;;;2189;;Colisão;Luz do Dia;Bom;Seca;Meio de Quadra;Não Há Controle;Residencial;0;1;1;0;0;0;0;0;0;0;0;0;-3,747621861;-38,46848808
343871;6;5;2019;09:32;0;AV ALBERTO NEPOMUCENO;RUA FORTALEZA UI 505;;0;;Colisão Transversal;Luz do Dia;Bom;Seca;T;Pare;Comercial;0;0;2;1;0;0;0;0;0;0;0;0;-3,722434;-38,524
343872;6;5;2019;11:55;0;AV DEP PAULINO ROCHA;;;1336;;Colisão Lateral;Luz do Dia;Bom;Seca;;;;0;1;1;1;0;0;0;0;0;1;0;0;-3,8104074;-38,509327
343873;6;5;2019;13:43;0;AV DR SILAS MUNGUBA;;;800;;Colisão Traseira;Luz do Dia;Bom;Seca;Meio de Quadra;Não Há Controle;Comercial;0;1;1;1;0;0;0;0;0;1;0;0;-3,780481;-38,558947
343874;6;5;2019;13:32;0;AV CARAPINIMA;;;0;SHOPPING BENFICA;Colisão Traseira;Luz do Dia;Bom;Seca;Meio de Quadra;Não Há Controle;Comercial;0;0;2;1;0;0;0;0;0;1;0;0;;
343875;6;5;2019;15:03;0;RUA DEP OSWALDO STUDART;;;848;;Colisão Transversal;Luz do Dia;Bom;Seca;Meio de Quadra;Não Há Controle;Comercial;0;0;2;1;0;0;0;0;0;1;0;0;-3,7574815;-38,5315815
343876;6;5;2019;19:16;15370;AV SEN VIRGILIO TAVORA;AV DOM LUIS;;0;;Colisão Transversal;Via Iluminada;Bom;Seca;Cruz;Gesto;Comercial;0;1;1;1;0;0;0;0;0;0;0;0;-3,734829;-38,492507
343877;6;5;2019;19:25;12554;RUA ROSINHA SAMPAIO;AV HILDEBRANDO DE MELO;;;;Colisão Transversal;Luz do Dia;Bom;Seca;Cruz;Pare;Comercial;0;3;1;1;0;0;0;0;0;1;0;0;-3,726559;-38,589369
343878;6;5;2019;18:30;0;RUA GERMANO FRANCK;;;0;;Colisão Lateral;Via Iluminada;Bom;Seca;Meio de Quadra;Semáforo;Comercial;0;0;2;1;0;0;0;0;0;0;0;0;;
343879;6;5;2019;20:14;23389;RUA CAP TIBURCIO DA FROTA;RUA SABINO MONTE;;;;Colisão Lateral;Via Iluminada;Bom;Seca;Cruz;Pare;Residencial;0;0;2;1;0;0;0;0;0;0;0;0;-3,754815;-38,512291
343911;6;5;2019;08:11;7358;RUA TARCISIO PEIXOTO;RUA COS ARAUJO LIMA;;0;;Choque c/ Obstáculo Fixo;Luz do Dia;Bom;Seca;T;Não Há Controle;Residencial;0;0;1;0;0;0;0;0;0;0;0;0;-3,751437;-38,587451
345176;6;5;2019;07:27;3316;RUA VIRIATO RIBEIRO;RUA CHILE;;;;Colisão;Luz do Dia;;;Cruz;Pare;Residencial;0;1;0;1;0;0;0;0;0;1;0;0;-3,746178;-38,565276
345173;6;5;2019;06:47;0;RUA BERNARDO MANUEL;;;7148;;Colisão;Luz do Dia;;;Meio de Quadra;;;0;1;0;1;0;0;0;0;0;1;0;0;-3,78058;-38,54588
345182;6;5;2019;08:30;0;AV PERIMETRAL;;;;;Atropelamento;Luz do Dia;;;Meio de Quadra;;;0;1;0;0;1;0;0;0;0;0;0;0;;
345186;6;5;2019;08:55;0;RUA PRO VIRGILIO DE MORAIS;;;655;;Colisão;Luz do Dia;;;Meio de Quadra;;;0;1;0;1;0;0;0;0;0;1;0;0;-3,754164;-38,597214
345161;6;5;2019;00:25;0;AV AUGUSTO DOS ANJOS;;;866;;Queda;;;;Meio de Quadra;;;0;1;0;0;0;0;0;0;0;1;0;0;-3,775412313;-38,57496444
345162;6;5;2019;01:01;0;AV GAL OSORIO DE PAIVA;;;;;Colisão;;;;Meio de Quadra;;;0;1;0;1;0;0;0;0;0;1;0;0;;
345163;6;5;2019;02:12;0;AV MR HULL;;;;;Colisão;;;;Meio de Quadra;;;0;1;0;1;0;0;0;0;0;1;0;0;;
345164;6;5;2019;02:18;0;RUA SAO PAULO;;;1350;;Atropelamento;;;;Meio de Quadra;;;0;1;0;1;0;0;0;0;0;0;0;0;-3,722739;-38,537542
345165;6;5;2019;05:55;0;RUA EMILIO DE MENESES;;;783;;Colisão;Amanhecer;;;Meio de Quadra;;;0;1;0;0;0;0;0;0;0;0;0;0;-3,781362627;-38,58877245
345167;6;5;2019;06:03;0;AV ENG LUIS VIEIRA;;;;;Colisão;Luz do Dia;;;Meio de Quadra;;;0;1;0;1;0;0;0;0;0;1;0;0;;
345184;6;5;2019;08:52;0;RUA CACILDA BECKER;;;149;;Colisão;Luz do Dia;;;Meio de Quadra;;;0;1;0;1;0;0;0;0;0;1;0;0;-3,77399;-38,587823
345194;6;5;2019;10:55;0;RUA MARTINS NETO;;;834;;Atropelamento;Luz do Dia;;;Meio de Quadra;;;0;1;0;1;0;0;0;0;0;0;0;0;-3,74091746;-38,59276148
345209;6;5;2019;12:11;0;RD BR 116;;;;;Colisão;Luz do Dia;;;Meio de Quadra;;;0;1;0;0;0;0;0;0;0;0;0;0;;
345227;6;5;2019;12:13;0;RUA JOAQUIM FROTA;;;1095;;Queda;Luz do Dia;;;Meio de Quadra;;;0;1;0;0;0;0;0;0;0;1;0;0;-3,801075625;-38,4687275
345228;6;5;2019;12:36;0;RUA COS LAFAYETE;;;;;Colisão;Luz do Dia;;;Meio de Quadra;;;0;1;0;1;0;0;0;0;0;1;0;0;;
345229;6;5;2019;12:38;11006;RUA LIVINO DE CARVALHO;RUA EQUADOR;;;;Queda;Luz do Dia;;;Cruz;Pare;Residencial;0;1;0;0;0;0;0;0;0;1;0;0;-3,773482;-38,552222
345231;6;5;2019;14:17;0;RUA PRO HERIBALDO COSTA;;;681;;Colisão;Luz do Dia;;;Meio de Quadra;;;0;1;0;1;0;0;0;0;0;1;0;0;-3,758725;-38,583181
345234;6;5;2019;14:48;0;RUA GONCALVES DIAS;;;450;;Atropelamento;Luz do Dia;;;Meio de Quadra;;;0;1;0;0;0;0;0;0;0;1;0;0;-3,7469307;-38,5575977
345235;6;5;2019;16:23;0;RUA ARARIPE PRATA;;;143;;Atropelamento;Luz do Dia;;;Meio de Quadra;;;0;1;0;1;0;0;0;0;0;0;0;0;-3,775243667;-38,56895778
345237;6;5;2019;17:10;0;RUA ERETIDES MARTINS;;;1226;;Choque c/ Obstáculo Fixo;Anoitecer;;;Meio de Quadra;;;0;2;0;1;0;0;0;0;0;1;0;0;-3,729936;-38,559146
345239;6;5;2019;17:24;0;AV PRS CASTELO BRANCO;;;3833;;Queda;Anoitecer;;;Meio de Quadra;;;0;1;0;0;0;0;0;0;0;1;0;0;-3,70905;-38,56654
345240;6;5;2019;17:29;0;RUA PAPI JUNIOR;;;;;Atropelamento;Anoitecer;;;Meio de Quadra;;;0;1;0;0;0;0;0;0;0;1;0;0;;
345241;6;5;2019;17:49;0;AV DOMINGOS OLIMPIO;;;131;;Colisão;Anoitecer;;;Meio de Quadra;;;0;1;0;0;0;0;0;0;0;0;0;0;-3,738427545;-38,52529527
345242;6;5;2019;18:40;0;RUA DR CORREIA LIMA;;;;;Colisão;;;;Meio de Quadra;;;0;2;0;0;0;0;0;0;0;0;0;0;;
345243;6;5;2019;18:50;0;RUA PRO VIRGILIO DE MORAIS;;;230;;Atropelamento;;;;Meio de Quadra;;;0;1;0;1;0;0;0;0;0;0;0;0;-3,75049;-38,59656
345245;6;5;2019;19:19;0;AV GOV PARSIFAL BARROSO;;;;;Queda;;;;Meio de Quadra;;;0;1;0;0;0;1;0;0;0;0;0;0;;
345246;6;5;2019;20:34;0;RUA ESPIRITO SANTO;;;429;;Queda;;;;Meio de Quadra;;;0;1;0;0;0;0;0;0;0;1;0;0;-3,75244275;-38,56786188
345247;6;5;2019;21:00;25780;AV GAL OSORIO DE PAIVA;RUA ENG LUIS MONTENEGRO;;;;Colisão;;;;T;Não Há Controle;Comercial;0;1;0;1;0;0;0;0;0;1;0;0;-3,8158047;-38,6129689
345248;6;5;2019;21:54;0;AV GODOFREDO MACIEL;;;684;;Colisão;;;;Meio de Quadra;;;0;1;0;1;0;0;0;0;0;1;0;0;-3,782382;-38,56557
345249;6;5;2019;22:08;0;AV BEZERRA DE MENEZES;;;2048;;Colisão;;;;Meio de Quadra;;;0;1;0;1;0;0;0;0;0;1;0;0;-3,735428;-38,563357
345250;6;5;2019;22:43;0;AV SANTOS DUMONT;;;;;Atropelamento;;;;Meio de Quadra;;;0;1;0;1;0;0;0;0;0;0;0;0;;
345252;7;5;2019;07:08;0;AV ENG HUMBERTO MONTE;;;1065;;Colisão;Luz do Dia;;;Meio de Quadra;;;0;2;0;0;0;0;0;0;0;1;0;0;-3,749708163;-38,56001896
345253;7;5;2019;08:07;0;AV ENG LEAL LIMA VERDE (SAPIRANGA/COITE);;;1660;;Queda;Luz do Dia;;;Meio de Quadra;;;0;1;0;0;0;1;0;0;0;0;0;0;-3,805356;-38,474867
345254;7;5;2019;08:14;0;AV CARAPINIMA;;;;;Colisão;Luz do Dia;;;Meio de Quadra;;;0;1;0;1;0;1;0;0;0;0;0;0;;
345256;7;5;2019;08:53;0;AV SEN FERNANDES TAVORA;;;617;;Colisão;Luz do Dia;;;Meio de Quadra;;;0;1;0;1;0;0;0;0;0;1;0;0;-3,76406;-38,5786
345257;7;5;2019;10:30;0;AV MAJ ASSIS;;;1781;;Colisão;Luz do Dia;;;Meio de Quadra;;;0;2;0;0;0;0;0;0;0;0;0;0;-3,721845293;-38,59529287
345258;7;5;2019;12:01;3860;AV DA UNIVERSIDADE;AV 13 DE MAIO;;;;Colisão;Luz do Dia;;;Cruz;Semáforo;Escola;0;1;0;1;0;0;0;0;0;0;0;0;-3,740962;-38,539107
345259;7;5;2019;12:20;0;RUA TUPI D35;;;235;;Colisão;Luz do Dia;;;Meio de Quadra;;;0;1;0;0;0;0;0;0;0;0;0;0;-3,7605484;-38,5790842
345260;7;5;2019;16:53;0;RUA ALVES BEZERRA;;;524;;Colisão;Luz do Dia;;;Meio de Quadra;;;0;1;0;1;0;0;0;0;0;1;0;0;-3,806620444;-38,60998976
345267;7;5;2019;16:59;0;RUA NEREU RAMOS;;;70;;Colisão;Luz do Dia;;;Meio de Quadra;;;0;1;0;1;0;0;0;0;0;1;0;0;-3,787056;-38,5673435
345270;7;5;2019;17:17;0;AV VICENTE DE CASTRO;;;;;Queda;Anoitecer;;;Meio de Quadra;;;0;1;0;0;0;0;0;0;0;1;0;0;;
345274;7;5;2019;17:23;0;AV MON TABOSA;;;661;;Colisão;Anoitecer;;;Meio de Quadra;;;0;1;0;1;0;0;0;0;0;1;0;0;-3,723946091;-38,513498
345276;7;5;2019;17:36;0;AV SEN FERNANDES TAVORA;;;1670;;Colisão;Anoitecer;;;Meio de Quadra;;;0;2;0;1;0;0;0;0;0;1;0;0;-3,759398;-38,587377
345278;7;5;2019;17:36;0;RUA NEREU RAMOS;;;70;;Colisão;Anoitecer;;;Meio de Quadra;;;0;1;0;1;0;0;0;0;0;1;0;0;-3,787056;-38,5673435
345285;7;5;2019;18:04;12818;RUA ALBERTO MAGNO;RUA ANDRE CHAVES;;;;Colisão;Anoitecer;;;Cruz;Pare;Comercial;0;1;0;1;0;0;0;0;0;1;0;0;-3,756035;-38,54223
345282;7;5;2019;17:58;9039;RUA BAR RIO BRANCO;RUA PDE MIGUELINHO;;;;Colisão;Anoitecer;;;Cruz;Pare;Escola;0;1;0;1;0;0;0;0;0;1;0;0;-3,742749;-38,53346
345290;7;5;2019;18:07;0;RUA GERMANO FRANCK;;;905;;Colisão;Anoitecer;;;Meio de Quadra;;;0;1;0;1;0;0;1;0;0;0;0;0;-3,778854963;-38,56391019
345295;7;5;2019;18:41;0;RUA PORTO VELHO;;;1570;;Queda;;;;Meio de Quadra;;;0;2;0;0;0;0;0;0;0;1;0;0;-3,762901;-38,592785
345296;7;5;2019;19:11;0;AV JOSE BASTOS;;;4160;;Queda;;;;Meio de Quadra;;;0;1;0;0;0;0;0;0;0;1;0;0;-3,754006;-38,5544675
345292;7;5;2019;18:10;0;RUA TIBURCIO CAVALCANTE;;;1040;;Colisão;Anoitecer;;;Meio de Quadra;;;0;1;0;1;0;0;0;0;0;1;0;0;-3,7344675;-38,5020925
345293;7;5;2019;18:30;0;RUA JOSIAS PAULA DE SOUZA;;;47;;Queda;Anoitecer;;;Meio de Quadra;;;0;1;0;0;0;0;0;0;0;1;0;0;-3,728858095;-38,4721739
345299;7;5;2019;19:30;0;RUA 420 CJ SAO CRISTOVAO;;;98;;Atropelamento;;;;Meio de Quadra;;;0;1;0;1;0;0;0;0;0;0;0;0;-3,833015862;-38,51659459
345301;7;5;2019;20:13;0;AV EDILSON B SOARES;;;177;;Colisão;;;;Meio de Quadra;;;0;1;0;1;0;0;0;0;0;1;0;0;-3,7897412;-38,48391146
345303;7;5;2019;20:24;1654;AV SEN VIRGILIO TAVORA;RUA BENI DE CARVALHO;;;;Colisão;;;;Cruz;Semáforo;Comercial;0;2;0;0;0;0;0;0;0;0;0;0;-3,745678;-38,495995
343880;7;5;2019;08:35;0;AV ENG HUMBERTO MONTE;;;1055;;Colisão Transversal;Luz do Dia;Bom;Seca;Meio de Quadra;Não Há Controle;Comercial;0;2;0;0;0;1;0;0;0;1;0;0;-3,749789388;-38,55995865
343881;7;5;2019;08:40;0;AV CASTELO DE CASTRO;;;0;;Colisão Transversal;Luz do Dia;Bom;Seca;Meio de Quadra;Não Há Controle;Comercial;0;0;2;1;0;0;0;0;0;1;0;0;;
343882;7;5;2019;13:22;0;RUA PIN ANTONIO BANDEIRA;RUA CAMBARA;;0;;Colisão Transversal;Luz do Dia;Bom;Seca;Cruz;Pare;Residencial;0;2;1;0;0;0;0;0;0;1;0;0;-3,7838253;-38,5641296
343883;7;5;2019;20:19;0;RUA CREUSA ROQUE;RUA JOAO AREAS;;;;Colisão Lateral;Via Iluminada;Nublado;Molhada;Meio de Quadra;;;0;1;1;1;0;0;0;0;0;1;0;0;-3,8012275;-38,5763139
343884;7;5;2019;18:45;5328;AV DUQ CAXIAS;AV TRISTAO GONCALVES;;;;Atropelamento;Via Iluminada;Bom;Molhada;Cruz;Semáforo;Comercial;1;0;1;0;0;0;0;1;0;0;0;0;-3,7304;-38,534196
343885;7;5;2019;21:20;26075;AV SGT HERMINIO SAMPAIO;AV JOSE JATAHY;;0;;Colisão Lateral;Via Iluminada;Bom;Seca;Cruz;Pare;Comercial;0;0;2;1;0;0;0;0;0;0;0;0;-3,7247097;-38,5459049
343890;7;5;2019;10:15;5451;AV DOM MANUEL;RUA BARBARA DE ALENCAR;;;;Colisão Transversal;Luz do Dia;Bom;Seca;Cruz;Semáforo;Comercial;0;1;1;0;1;0;0;0;0;1;0;0;-3,734972;-38,523262
343004;7;5;2019;15:00;0;RD CE-040;;;;KM-05;Colisão;Luz do Dia;;Seca;Meio de Quadra;;;0;0;2;0;0;0;0;0;0;0;0;0;-3,800595823;-38,47953463
343005;7;5;2019;18:14;0;RD CE-040;;;;KM-05;Colisão;Via Iluminada;;Seca;Meio de Quadra;;;0;0;2;1;0;0;0;0;0;0;0;0;-3,800595823;-38,47953463