COD_ACIDENTE;DIA;MES;ANO;HORA;INTERSECAO;LOG1;LOG2;LOG3;NUMERO;REFERENCIA;NATUREZA;ILUMINACAO;TEMPO;SUPERFICIEPISTA;TIPOCRUZAMENTO;CONTROLETRAFEGO;USOSOLO;MORTOS;FERIDOS;ILESOS;AUTOMOVEL;ONIBUS;BICICLETA;CAMINHAO;MICROONIBUS;CICLOMOTOR;MOTOCICLETA;TRACAOANIMAL;TREM;LATITUDE;LONGITUDE
343039;7;5;2019;21:50;0;RD BR 222;;;400;;Colisão Lateral;Via Iluminada;Nublado;Seca;Meio de Quadra;;;0;1;1;1;0;0;0;0;0;1;0;0;;
342800;7;5;2019;12:30;3860;AV DA UNIVERSIDADE;AV 13 DE MAIO;;;;Choque c/ Obstáculo Fixo;Luz do Dia;Bom;Seca;Cruz;Semáforo;Escola;0;0;1;1;0;0;0;0;0;0;0;0;-3,740962;-38,539107
346963;7;5;2019;21:16;14817;RUA JOAO AREAS;TR CREUZA ROQUE;;;;Colisão;;;;;;;0;0;1;1;0;0;0;0;0;0;0;0;;
346964;8;5;2019;00:20;0;RUA PRO HERIBALDO COSTA;;;157;;Colisão;;;;Meio de Quadra;;;0;0;1;0;0;0;0;0;0;0;0;0;-3,7574537;-38,5824758
346968;8;5;2019;06:30;0;AV ODILON GUIMARAES;;;;;Colisão;Luz do Dia;;;Meio de Quadra;;;0;0;1;1;0;0;0;0;0;0;0;0;;
342801;8;5;2019;01:00;7211;AV PRS CASTELO BRANCO;AV DR THEBERGE;;;;Colisão Frontal;Via Iluminada;Bom;Molhada;Cruz;Semáforo;Comercial;0;0;2;1;0;0;0;0;0;0;0;0;-3,710079;-38,563456
342802;8;5;2019;18:00;15688;RUA GUILHERME PESSOA;RUA CEL ERNESTO MATOS;;;;Colisão Transversal;Anoitecer;Bom;Seca;Cruz;Pare;Residencial;0;2;0;1;0;0;0;0;0;0;0;0;-3,826939;-38,489265
343011;8;5;2019;07:00;0;RD CE-040;;;;KM-08;Colisão;Luz do Dia;;Seca;Meio de Quadra;;;0;0;2;1;0;0;0;0;0;0;0;0;-3,825515822;-38,48153832
343012;8;5;2019;08:42;0;RD CE-040;;;;KM-09;Choque c/ Obstáculo Fixo;Luz do Dia;;Molhada;Meio de Quadra;;;1;2;0;0;0;0;1;0;0;0;0;0;-3,834450897;-38,48246582
343891;8;5;2019;08:50;0;AV GAL OSORIO DE PAIVA;;;6128;;Colisão Traseira;Luz do Dia;Bom;Seca;Meio de Quadra;Semáforo;Comercial;0;1;1;0;0;0;0;0;0;1;0;0;-3,809989;-38,607132
343892;8;5;2019;18:40;1393;RUA JOAO CARVALHO;AV RUI BARBOSA;;0;;Colisão Transversal;Via Iluminada;Bom;Seca;Cruz;Semáforo;Residencial;0;0;2;0;0;0;0;0;0;1;0;0;-3,736928;-38,509731
343893;8;5;2019;19:25;0;AV DR SILAS MUNGUBA;;;5650;;Não Informado;Via Iluminada;Bom;Seca;Meio de Quadra;Semáforo;Comercial;0;0;2;1;0;0;0;0;0;0;0;0;-3,8033402;-38,528187
343894;8;5;2019;19:55;0;RUA SILVA JARDIM;;;999;;Colisão Traseira;Via Iluminada;Bom;Seca;Meio de Quadra;Não Há Controle;Residencial;0;0;3;1;0;0;0;0;0;0;0;0;-3,741050359;-38,53227503
343895;8;5;2019;22:00;0;RUA PDE MORORO;;;573;;Colisão Transversal;Via Iluminada;Bom;Seca;Meio de Quadra;Pare;Residencial;0;1;1;0;0;1;0;0;0;0;0;0;-3,721662;-38,536313
343896;8;5;2019;21:45;0;AV VIS RIO BRANCO;;;3437;;Choque c/ Obstáculo Fixo;Via Iluminada;Bom;Seca;Meio de Quadra;Não Há Controle;Residencial;0;1;0;1;0;0;0;0;0;0;0;0;-3,751231035;-38,52093833
343886;8;5;2019;06:15;0;AV DR SILAS MUNGUBA;;;3530;;Colisão Lateral;Luz do Dia;Nublado;Molhada;Meio de Quadra;Não Há Controle;Comercial;0;2;1;1;0;0;0;0;0;1;0;0;-3,789802714;-38,542008
343887;8;5;2019;09:15;9047;RUA MON OTAVIO CASTRO;RUA DR JOAO DE DEUS D11;;0;;Colisão Transversal;Luz do Dia;Nublado;Seca;Cruz;Pare;Comercial;0;1;1;1;0;0;0;0;0;0;0;0;-3,745442;-38,52731
343888;8;5;2019;08:52;5410;RUA MAJ FACUNDO;RUA GAL CLARINDO DE QUEIROZ;;;;Colisão Transversal;Luz do Dia;Bom;Seca;Cruz;Semáforo;Comercial;0;0;2;1;0;0;0;0;0;1;0;0;-3,732895;-38,529587
343889;8;5;2019;10:20;0;AV ANTONIO SALES;;;3343;;Engavetamento;Luz do Dia;Nublado;Seca;Meio de Quadra;Semáforo;Comercial;0;0;2;1;0;0;0;0;0;0;0;0;-3,747893;-38,494573
343963;8;5;2019;17:35;0;RUA BETEL;;;2394;;Colisão;Luz do Dia;Bom;Seca;Meio de Quadra;Não Há Controle;Residencial;0;0;1;1;0;0;0;0;0;0;0;0;-3,8021545;-38,55849
346060;8;5;2019;19:08;0;RUA FRE VIDAL;;;1636;;Colisão;;;;Meio de Quadra;;;0;1;0;0;0;0;0;0;0;0;0;0;-3,756474;-38,517627
346070;8;5;2019;21:22;0;RUA PDE MORORO;;;566;;Colisão;;;;Meio de Quadra;;;0;2;0;1;0;0;0;0;0;1;0;0;-3,721662;-38,536313
346071;8;5;2019;22:46;10408;AV GENIBAU;RUA HUMAITA D73;;;;Colisão;;;;Cruz;Pare;Comercial;0;1;0;0;0;0;0;0;0;1;0;0;-3,760652;-38,600613
346067;8;5;2019;19:52;0;AV PERIMETRAL;;;412;;Colisão;;;;Meio de Quadra;;;0;1;0;1;0;0;0;0;0;1;0;0;;
346057;8;5;2019;17:44;10805;AV SEN FERNANDES TAVORA;RUA GUARANI D35 (JOAO XXIII);;;;Atropelamento;Anoitecer;;;Cruz;Não Há Controle;Residencial;0;2;0;0;0;0;0;0;0;1;0;0;-3,763464;-38,57978
346064;8;5;2019;19:10;1393;AV RUI BARBOSA;RUA JOAO CARVALHO;;;;Colisão;;;;Cruz;Semáforo;Residencial;0;1;0;1;0;0;0;0;0;1;0;0;-3,736928;-38,509731
346065;8;5;2019;19:26;16301;RUA JOSE LUCAS;RUA ANTONIO PEREIRA;;;;Colisão;;;;;;;0;2;0;0;0;0;0;0;0;1;0;0;-3,833819;-38,562913
346037;8;5;2019;07:15;0;AV GAL OSORIO DE PAIVA;;;5405;;Colisão;Luz do Dia;;;Meio de Quadra;;;0;1;0;1;0;0;0;0;0;1;0;0;-3,804404091;-38,601754
346038;8;5;2019;07:15;0;AV DIOGUINHO;;;420;;Atropelamento;Luz do Dia;;;Meio de Quadra;;;0;1;0;0;0;0;1;0;0;0;0;0;-3,7774191;-38,4346696
346031;8;5;2019;06:59;0;RUA PORTO VELHO;;;629;;Colisão;Luz do Dia;;;Meio de Quadra;;;0;1;0;1;0;0;0;0;0;1;0;0;-3,7191998;-38,55756
346026;8;5;2019;02:03;357;RUA ERICO MOTA;RUA XAVIER DE OLIVEIRA;;;;Colisão;;;;Cruz;Pare;Residencial;0;1;0;1;0;0;0;0;0;1;0;0;-3,747288;-38,560547
346028;8;5;2019;04:02;0;RUA ALTO ALEGRE D49;;;11;;Atropelamento;;;;Meio de Quadra;;;0;1;0;1;0;0;0;0;0;0;0;0;-3,7230881;-38,4795367
346040;8;5;2019;07:45;25226;AV GAL OSORIO DE PAIVA;RUA JARDIM FLUMINENSE;;;;Atropelamento;Luz do Dia;;;T;Não Há Controle;Residencial;0;1;0;1;0;0;0;0;0;0;0;0;-3,80817;-38,605395
346041;8;5;2019;07:54;5410;RUA GAL CLARINDO DE QUEIROZ;RUA MAJ FACUNDO;;;;Colisão;Luz do Dia;;;Cruz;Semáforo;Comercial;0;1;0;1;0;0;0;0;0;1;0;0;-3,732895;-38,529587
346043;8;5;2019;08:45;0;AV WASHINGTON SOARES;;;;;Colisão;Luz do Dia;;;Meio de Quadra;;;0;1;0;0;0;0;0;0;0;0;0;0;;
346044;8;5;2019;08:56;19772;RUA AZEVEDO BOLAO;RUA PRO RAIMUNDO VITOR;;;;Colisão;Luz do Dia;;;Cruz;Pare;Residencial;0;1;0;1;0;0;0;0;0;1;0;0;-3,738334;-38,565762
346045;8;5;2019;09:35;0;AV GAL OSORIO DE PAIVA;;;7400;;Colisão;Luz do Dia;;;Meio de Quadra;;;0;1;0;0;0;0;0;0;0;0;0;0;-3,815173;-38,6121128
346046;8;5;2019;10:08;7861;AV ANTONIO SALES;RUA CEL JUCA;;;;Colisão;Luz do Dia;;;Cruz;Semáforo;Comercial;0;1;0;1;0;0;0;0;0;0;0;0;-3,747893;-38,494573
346047;8;5;2019;10:19;0;AV GODOFREDO MACIEL;;;;;Colisão;Luz do Dia;;;Meio de Quadra;;;0;1;0;1;0;0;0;0;0;1;0;0;;
346048;8;5;2019;11:04;13537;RUA ILDEFONSO ALBANO;AV SORIANO ALBUQUERQUE;;;;Colisão;Luz do Dia;;;;;;0;1;0;0;0;0;0;0;0;1;0;0;-3,748124;-38,518063
346049;8;5;2019;11:41;23492;RUA CARVALHO JUNIOR;RUA HERMINIO BARROSO;;;;Colisão;Luz do Dia;;;;;;0;1;0;0;0;0;0;0;0;0;0;0;-3,758551;-38,510816
346050;8;5;2019;12:13;0;RD BR 116;;;;;Colisão;Luz do Dia;;;Meio de Quadra;;;0;1;0;0;0;0;0;0;0;1;0;0;;
346051;8;5;2019;12:58;0;RUA CARNAUBAL;;;559;;Atropelamento;Luz do Dia;;;Meio de Quadra;;;0;1;0;1;0;0;0;0;0;0;0;0;-3,722510683;-38,58328198
346052;8;5;2019;15:01;0;RUA MARTINS NETO;;;45;;Queda;Luz do Dia;;;Meio de Quadra;;;0;1;0;0;0;0;0;0;0;1;0;0;-3,73976969;-38,58411424
346053;8;5;2019;16:40;0;RUA VALPARAISO;;;1457;;Queda;Luz do Dia;;;Meio de Quadra;;;0;1;0;0;0;0;0;0;0;1;0;0;-3,838239807;-38,53306024
346054;8;5;2019;17:40;0;RUA BETEL;;;1900;;Colisão;Anoitecer;;;Meio de Quadra;;;0;1;0;1;0;0;0;0;0;1;0;0;-3,7952579;-38,5541034
346055;8;5;2019;17:43;0;AV MR HULL;;;7100;;Colisão;Anoitecer;;;Meio de Quadra;;;0;1;0;1;0;0;0;0;0;1;0;0;;
346023;8;5;2019;01:30;3768;AV DOMINGOS OLIMPIO;AV TRISTAO GONCALVES;;;;Queda;;;;Cruz;Semáforo;Comercial;0;2;0;0;0;0;0;0;0;1;0;0;-3,735133;-38,535613
346080;9;5;2019;04:52;10853;RUA PRO MIRAMAR DA PONTE;RUA PORTO VELHO;;;;Queda;;;;Cruz;Dê Preferência;Residencial;0;1;0;0;0;0;0;0;0;1;0;0;-3,765567;-38,58778
346078;9;5;2019;03:24;0;AV ENG HUMBERTO MONTE;;;2754;;Queda;;;;Meio de Quadra;;;0;1;0;0;0;1;0;0;0;0;0;0;-3,739666;-38,5683355
346076;9;5;2019;00:14;7875;AV PONTES VIEIRA;AV SEN VIRGILIO TAVORA;;;;Colisão;;;;T;Semáforo;Comercial;0;2;0;0;0;0;0;0;0;0;0;0;-3,750886;-38,497652
346092;9;5;2019;11:03;0;RUA MARIA JULIA;;;1895;;Colisão;Luz do Dia;;;Meio de Quadra;;;0;1;0;1;0;0;0;0;0;1;0;0;-3,80228;-38,60338
346095;9;5;2019;11:36;0;RUA DESCARTES BRAGA;;;60;;Queda;Luz do Dia;;;Meio de Quadra;;;0;1;0;0;0;1;0;0;0;0;0;0;-3,79528;-38,61029
346083;9;5;2019;06:14;0;AV GAL OSORIO DE PAIVA;;;;;Colisão;Luz do Dia;;;Meio de Quadra;;;0;1;0;1;0;0;0;0;0;1;0;0;;
346084;9;5;2019;07:07;0;AV FRANCISCO SA;;;4829;;Colisão;Luz do Dia;;;Meio de Quadra;;;0;2;0;1;0;0;0;0;0;1;0;0;-3,714234;-38,566692
346085;9;5;2019;07:16;0;RUA PERNAMBUCO;;;1921;;Colisão;Luz do Dia;;;Meio de Quadra;;;0;2;0;1;0;0;0;0;0;1;0;0;-3,755219233;-38,57453603
346086;9;5;2019;07:36;0;AV DOS EXPEDICIONARIOS;;;3368;;Colisão;Luz do Dia;;;Meio de Quadra;;;0;1;0;1;0;0;0;0;0;1;0;0;-3,747745;-38,535932
346088;9;5;2019;08:31;25395;RUA TULIPA;RUA SAO BERNARDO;;;;Colisão;Luz do Dia;;;T;Outros;Residencial;1;1;0;0;0;0;0;0;0;1;0;0;-3,712139;-38,578675
346113;9;5;2019;14:17;0;AV ALBERTO CRAVEIRO;;;900;;Colisão;Luz do Dia;;;Meio de Quadra;;;0;1;0;1;0;0;0;0;0;1;0;0;-3,7859341;-38,5171388
346111;9;5;2019;13:09;0;AV GAL OSORIO DE PAIVA;;;5057;;Colisão;Luz do Dia;;;Meio de Quadra;;;0;2;0;1;0;0;0;0;0;1;0;0;-3,802615308;-38,60001392
346104;9;5;2019;12:08;0;RUA DESCARTES BRAGA;;;65;;Queda;Luz do Dia;;;Meio de Quadra;;;0;1;0;0;0;1;0;0;0;0;0;0;-3,79577;-38,6088
346102;9;5;2019;12:08;0;RUA OSVALDO CRUZ;;;2520;;Colisão;Luz do Dia;;;Meio de Quadra;;;0;1;0;0;0;0;0;0;0;0;0;0;-3,7475298;-38,5041599
346149;9;5;2019;15:53;0;AV WASHINGTON SOARES;;;9470;;Colisão;Luz do Dia;;;Meio de Quadra;;;0;2;0;1;0;0;0;0;0;0;0;0;-3,836325;-38,4812855
346150;9;5;2019;16:10;0;RD CE-040;;;;;Colisão;Luz do Dia;;;Meio de Quadra;;;0;1;0;0;0;0;0;0;0;0;0;0;;
346130;9;5;2019;15:38;1599;AV SEN VIRGILIO TAVORA;RUA VICENTE LINHARES;;;;Colisão;Luz do Dia;;;Cruz;Semáforo;Comercial;0;1;0;1;0;0;0;0;0;1;0;0;-3,743743;-38,49537
346156;9;5;2019;18:04;0;AV BEIRA MAR;;;2727;;Colisão;Anoitecer;;;Meio de Quadra;;;0;1;0;0;0;0;0;0;0;0;0;0;-3,72589;-38,49353
346157;9;5;2019;19:19;0;AV PERIMETRAL;;;1801;;Colisão;;;;Meio de Quadra;;;0;1;0;1;0;0;0;0;0;1;0;0;;
346158;9;5;2019;19:26;0;RUA GAL CLARINDO DE QUEIROZ;;;;;Queda;;;;Meio de Quadra;;;0;1;0;0;0;1;0;0;0;0;0;0;;
346159;9;5;2019;19:35;0;RUA CARNAUBAL;;;392;;Colisão;;;;Meio de Quadra;;;0;1;0;1;0;0;0;0;0;1;0;0;-3,722674379;-38,58165048
346161;9;5;2019;20:09;0;RUA ALBERTO DE OLIVEIRA;;;1559;;Colisão;;;;Meio de Quadra;;;0;1;0;1;0;0;0;0;0;1;0;0;-3,715995;-38,578509
346162;9;5;2019;20:54;0;RUA MAL NAPION;;;827;;Queda;;;;Meio de Quadra;;;0;1;0;0;0;0;0;0;0;1;0;0;-3,70726;-38,58298
346163;9;5;2019;21:01;0;AV GAL OSORIO DE PAIVA;;;5881;;Atropelamento;;;;Meio de Quadra;;;0;1;0;0;0;0;1;0;0;0;0;0;-3,807904;-38,605148
346123;9;5;2019;15:26;0;RUA LUCIANO ALVES;;;3399;;Colisão;Luz do Dia;;;Meio de Quadra;;;0;1;0;1;0;0;0;0;0;1;0;0;-3,8476922;-38,510352
346165;9;5;2019;21:43;0;RUA CON LIMA SUCUPIRA;;;2339;;Queda;;;;Meio de Quadra;;;0;1;0;0;0;1;0;0;0;0;0;0;-3,776488;-38,556088
346166;9;5;2019;23:48;0;AV ODILON GUIMARAES;;;;;Colisão;;;;Meio de Quadra;;;0;1;0;0;0;0;0;0;0;0;0;0;;
346152;9;5;2019;16:32;14646;RUA JUNIOR ROCHA;RUA FERNANDO BENEVIDES;;;;Colisão;Luz do Dia;;;;;;0;1;0;1;0;0;0;0;0;1;0;0;-3,79314;-38,487912
343975;9;5;2019;19:14;0;AV PRS COSTA E SILVA;;;1900;;Colisão Lateral;Via Iluminada;Bom;Seca;T;Não Há Controle;Residencial;0;0;1;0;0;0;0;0;0;1;0;0;-3,818092649;-38,56454678
343897;9;5;2019;08:10;3883;AV DOS EXPEDICIONARIOS;RUA COSTA SOUZA;;0;;Colisão Transversal;Luz do Dia;Bom;Seca;Cruz;Pare;Residencial;0;1;1;1;0;0;0;0;0;1;0;0;-3,747745;-38,535932
343898;9;5;2019;08:30;0;AV FRANCISCO SA;;;4850;;Colisão Traseira;Luz do Dia;Nublado;Seca;Meio de Quadra;Semáforo;Residencial;0;1;2;1;0;0;0;0;0;1;0;0;-3,713886;-38,567708
343899;9;5;2019;13:11;22167;AV JOSE BASTOS;RUA TAVARES IRACEMA;;;;Colisão Transversal;Luz do Dia;Chuva;Molhada;T;Não Há Controle;Comercial;0;1;1;0;0;0;0;0;0;1;0;0;-3,752313;-38,55277
343900;9;5;2019;11:00;12523;RUA MARIA CLARA;RUA PIERRE LUZ;;0;;Colisão Transversal;Luz do Dia;Nublado;Seca;Cruz;Pare;Comercial;0;1;1;1;0;0;0;0;0;1;0;0;-3,72512;-38,588502
343901;9;5;2019;14:09;22090;RUA PRO COSTA MENDES;RUA FRE MARCELINO;;0;;Colisão Transversal;Luz do Dia;Nublado;Material Derrapante;Cruz;Pare;Comercial;0;0;2;1;0;0;0;0;0;0;0;0;-3,747005;-38,555399
343902;9;5;2019;14:33;0;AV GAL OSORIO DE PAIVA;;;5035;;Queda;Luz do Dia;Nublado;Seca;Meio de Quadra;Não Há Controle;Comercial;0;0;2;0;0;0;0;0;0;1;0;0;-3,802382;-38,5997898
343903;9;5;2019;13:30;25451;AV VIS RIO BRANCO;RUA CASTRO ALVES;;;;Colisão Traseira;Luz do Dia;Bom;Seca;T;Pare;Residencial;0;0;2;0;1;0;0;0;0;0;0;0;-3,750125;-38,521157
343904;9;5;2019;15:30;18303;AV ALM BARROSO;RUA ITAPIPOCA;;0;;Colisão Lateral;Luz do Dia;Bom;Seca;T;Pare;Comercial;0;0;2;0;0;0;0;0;0;0;0;0;-3,720403;-38,516762
343905;9;5;2019;19:05;9168;AV BORGES DE MELO;AV LUCIANO CARNEIRO;;0;;Não Informado;Via Iluminada;Bom;Seca;Cruz;Semáforo;Comercial;0;0;2;1;0;0;0;0;0;0;0;0;-3,756465;-38,534097
343906;9;5;2019;19:29;0;RUA VIA LACTEA;;;223;;Colisão Traseira;Via Iluminada;Bom;Seca;Meio de Quadra;Não Há Controle;Residencial;0;0;2;1;0;0;0;0;0;1;0;0;-3,7633178;-38,5296
343907;9;5;2019;21:10;1405;AV SANTOS DUMONT;RUA VICENTE LEITE;;;;Colisão Lateral;Via Iluminada;Bom;Seca;Cruz;Gesto;Comercial;0;1;2;1;1;0;0;0;0;0;0;0;-3,737173;-38,495419
343908;9;5;2019;21:30;0;AV GODOFREDO MACIEL;;;3440;;Colisão Lateral;Anoitecer;Bom;Seca;Cruz;Pare;Comercial;0;0;2;1;0;0;0;0;0;0;0;0;-3,805644;-38,57278
343909;9;5;2019;19:48;0;AV ABOLICAO;;;3410;;Colisão Traseira;Via Iluminada;Bom;Seca;Meio de Quadra;Semáforo;Comercial;0;0;4;1;0;0;0;0;0;0;0;0;-3,7263454;-38,4891936
343910;9;5;2019;21:00;0;RUA OSVALDO CRUZ;RUA DOM EXPEDITO LOPES;;0;;Colisão Transversal;Via Iluminada;Bom;Seca;Cruz;Pare;Comercial;0;1;1;1;0;0;0;0;0;1;0;0;-3,7443751;-38,5032845
343013;9;5;2019;15:58;0;RD CE-040;;;;KM-08;Colisão;Luz do Dia;;;Meio de Quadra;;;0;0;2;1;0;0;0;0;0;0;0;0;-3,825515822;-38,48153832
342803;9;5;2019;18:00;12548;AV HILDEBRANDO DE MELO;RUA CREUSA ROCHA;;;;Colisão Transversal;Via Iluminada;Bom;Seca;Cruz;Pare;Residencial;0;2;1;1;0;0;0;0;0;1;0;0;-3,722144;-38,58897
346969;9;5;2019;16:50;0;AV HIS RAIMUNDO GIRAO;;;;;Colisão;Luz do Dia;;;Meio de Quadra;;;0;0;1;1;0;0;0;0;0;0;0;0;;
346975;10;5;2019;11:00;0;RUA VICENTE NOBRE MACEDO;;;;;Colisão;Luz do Dia;;;Meio de Quadra;;;0;0;1;0;0;0;0;0;0;0;0;0;;
342804;10;5;2019;09:15;10793;RUA PRO HERIBALDO COSTA;RUA PORTO ALEGRE;;;;Colisão Lateral;Luz do Dia;Bom;Seca;Cruz;Pare;Comercial;0;1;1;1;0;0;0;0;1;0;0;0;-3,762997;-38,585433
342821;10;5;2019;;0;AV SGT HERMINIO SAMPAIO;;;1242;;Colisão Transversal;Via Iluminada;Bom;Seca;Meio de Quadra;Pare;Residencial;0;0;2;0;0;0;0;0;0;1;0;0;-3,724783;-38,551753
342824;10;5;2019;14:10;0;AV PRS JUSCELINO KUBITSCHEK (PASSARÉ);;;5561;;Engavetamento;Luz do Dia;Bom;Seca;Meio de Quadra;Não Há Controle;Comercial;0;2;1;1;0;0;0;0;0;1;0;0;-3,8238641;-38,537179
342826;10;5;2019;03:40;21680;AV DA INDEPENDENCIA;RUA ROSALVO QUINDERE;;;;Colisão Lateral;Via Iluminada;Chuva;Molhada;Cruz;Pare;Residencial;0;2;0;1;0;0;0;0;0;1;0;0;-3,726199;-38,593388
343014;10;5;2019;14:50;0;RD CE-040;;;;KM-09;Colisão;Luz do Dia;;Seca;Meio de Quadra;;;0;1;1;1;0;0;0;0;0;1;0;0;-3,834450897;-38,48246582
342828;10;5;2019;00:10;24261;RUA MANUEL JESUINO;RUA REPUBLICA DO LIBANO;;;;Colisão Lateral;Via Iluminada;Bom;Seca;Cruz;Pare;Residencial;0;0;2;1;0;0;0;0;0;0;0;0;-3,733603;-38,484913
343912;10;5;2019;05:21;0;AV GOV RAUL BARBOSA;;;6570;;Choque c/ Obstáculo Fixo;Amanhecer;Chuva;Molhada;Meio de Quadra;Não Há Controle;Comercial;0;0;1;0;0;0;0;0;0;0;0;0;-3,7720855;-38,511842
343913;10;5;2019;08:39;16023;AV BENJAMIM BRASIL;RUA JOAQUIM JERONIMO;;;;Colisão Transversal;Luz do Dia;Bom;Seca;Cruz;Pare;Residencial;0;1;1;1;0;0;0;0;0;1;0;0;-3,805487;-38,565006
343914;10;5;2019;12:00;0;AV DES MOREIRA;;;1974;;Colisão Traseira;Luz do Dia;Bom;Seca;Meio de Quadra;Não Há Controle;Comercial;0;0;2;1;0;0;0;0;0;0;0;0;-3,742568225;-38,50038688
343915;10;5;2019;17:38;20226;AV PAROARAS;AV SAUDADE D68;;0;;Não Informado;Anoitecer;Bom;Seca;Cruz;Não Há Controle;Residencial;0;0;2;0;0;0;0;0;0;0;0;0;-3,814399;-38,534257
343916;10;5;2019;18:00;0;AV GODOFREDO MACIEL;;;1252;;Queda;Mal Iluminada;Bom;Seca;Meio de Quadra;Não Há Controle;Comercial;0;1;0;0;0;0;0;0;0;1;0;0;-3,787015;-38,566797
343917;10;5;2019;17:15;0;AV PRS COSTA E SILVA;;;771;;Colisão Traseira;Via Iluminada;Bom;Seca;Meio de Quadra;Não Há Controle;Comercial;0;0;1;0;0;0;0;0;0;1;0;0;-3,81251;-38,572642
343918;10;5;2019;18:30;0;AV ALBERTO CRAVEIRO;;;2901;;Colisão Transversal;Via Iluminada;Bom;Seca;Meio de Quadra;Dê Preferência;Comercial;0;0;2;1;0;0;0;0;0;0;0;0;-3,8067355;-38,52447
343919;10;5;2019;20:07;0;AV DOS EXPEDICIONARIOS;;;3616;;Colisão Traseira;Via Iluminada;Bom;Seca;Meio de Quadra;Não Há Controle;Residencial;0;1;1;1;0;0;0;0;0;1;0;0;-3,750597;-38,53681346
343920;10;5;2019;19:57;0;RUA CAP GUSTAVO;;;3552;;Colisão Lateral;Via Iluminada;Bom;Seca;Meio de Quadra;Não Há Controle;Comercial;0;1;1;1;0;0;0;0;0;1;0;0;-3,752095;-38,517333
343921;10;5;2019;18:42;0;RUA VER PEDRO PAULO MOREIRA;;;540;;Colisão Traseira;Mal Iluminada;Bom;Seca;Meio de Quadra;Não Há Controle;Residencial;0;0;1;1;0;0;0;0;0;1;0;0;-3,786795;-38,4901655
346170;10;5;2019;04:17;12666;AV CEL CARVALHO;RUA ROSINHA SAMPAIO;;;;Colisão;;;;Cruz;Pare;Residencial;0;1;0;1;0;0;0;0;0;1;0;0;-3,726938;-38,585413
346167;10;5;2019;03:28;0;AV CEL CARVALHO;;;2728;;Colisão;;;;Meio de Quadra;;;0;1;0;1;0;0;0;0;0;1;0;0;-3,726956556;-38,585408
346175;10;5;2019;07:42;0;AV ROGACIANO LEITE;;;400;;Colisão;Luz do Dia;;;Meio de Quadra;;;0;1;0;1;0;0;0;0;0;1;0;0;-3,76164925;-38,49339988
346192;10;5;2019;15:00;0;AV WASHINGTON SOARES;;;9446;;Colisão;Luz do Dia;;;Meio de Quadra;;;0;1;0;1;0;0;0;0;0;1;0;0;-3,83381;-38,482579
346193;10;5;2019;16:16;12642;RUA ALBERTO FERREIRA;RUA MARIA CLARA;;;;Colisão;Luz do Dia;;;Cruz;Pare;Comercial;0;2;0;1;0;0;0;0;0;1;0;0;-3,725597;-38,583535
346194;10;5;2019;16:30;0;RUA DOM CARLOTO TAVORA;;;737;;Colisão;Luz do Dia;;;Meio de Quadra;;;0;2;0;1;0;0;0;0;0;1;0;0;-3,77078987;-38,55361491
346195;10;5;2019;16:30;20226;AV PAROARAS;AV SAUDADE D68;;;;Colisão;Luz do Dia;;;Cruz;Não Há Controle;Residencial;0;1;0;1;0;0;1;0;0;0;0;0;-3,814399;-38,534257
346196;10;5;2019;16:57;0;AV SEN FERNANDES TAVORA;;;1375;;Atropelamento;Luz do Dia;;;Meio de Quadra;;;0;1;0;1;0;0;0;0;0;0;0;0;-3,760591;-38,585156
346183;10;5;2019;07:59;0;RUA LUIZA MIRANDA COELHO;;;713;;Colisão;Luz do Dia;;;Meio de Quadra;;;0;1;0;1;0;0;0;0;0;1;0;0;-3,77405;-38,49025
346184;10;5;2019;08:00;0;AV ROGACIANO LEITE;;;;;Colisão;Luz do Dia;;;Meio de Quadra;;;0;1;0;1;0;0;0;0;0;1;0;0;;
346185;10;5;2019;08:28;0;AV DA INDEPENDENCIA;;;1148;;Queda;Luz do Dia;;;Meio de Quadra;;;0;1;0;0;0;1;0;0;0;0;0;0;-3,726899077;-38,59100996
346186;10;5;2019;08:39;0;AV CASTELO DE CASTRO;;;1412;;Colisão;Luz do Dia;;;Meio de Quadra;;;0;1;0;1;0;0;0;0;0;1;0;0;-3,841864765;-38,52168034
346187;10;5;2019;11:05;3316;RUA VIRIATO RIBEIRO;RUA CHILE;;;;Colisão;Luz do Dia;;;Cruz;Pare;Residencial;0;1;0;1;0;0;0;0;0;1;0;0;-3,746178;-38,565276
346188;10;5;2019;12:06;0;AV JOR THOMAZ COELHO;;;;;Colisão;Luz do Dia;;;Meio de Quadra;;;0;1;0;0;0;0;0;0;0;0;0;0;;
346189;10;5;2019;12:43;0;AV ALBERTO CRAVEIRO;;;;;Colisão;Luz do Dia;;;Meio de Quadra;;;0;1;0;0;0;0;0;0;0;0;0;0;;
346190;10;5;2019;13:38;0;RUA JULIO SILVA;;;440;;Atropelamento;Luz do Dia;;;Meio de Quadra;;;0;1;0;1;0;0;0;0;0;0;0;0;-3,74537;-38,45462