COD_ACIDENTE;DIA;MES;ANO;HORA;INTERSECAO;LOG1;LOG2;LOG3;NUMERO;REFERENCIA;NATUREZA;ILUMINACAO;TEMPO;SUPERFICIEPISTA;TIPOCRUZAMENTO;CONTROLETRAFEGO;USOSOLO;MORTOS;FERIDOS;ILESOS;AUTOMOVEL;ONIBUS;BICICLETA;CAMINHAO;MICROONIBUS;CICLOMOTOR;MOTOCICLETA;TRACAOANIMAL;TREM;LATITUDE;LONGITUDE
346173;10;5;2019;05:37;0;RUA MANUEL COSTA;;;193;;Queda;Amanhecer;;;Meio de Quadra;;;0;1;0;0;0;0;0;0;0;1;0;0;-3,7239227;-38,4675255
346204;10;5;2019;17:59;0;AV SGT HERMINIO SAMPAIO;;;1253;;Colisão;Anoitecer;;;Meio de Quadra;;;0;1;0;1;0;0;0;0;0;1;0;0;-3,724783;-38,551753
346205;10;5;2019;18:02;0;RUA CAP GUSTAVO;;;3552;;Colisão;Anoitecer;;;Meio de Quadra;;;0;1;0;1;0;0;0;0;0;1;0;0;-3,752095;-38,517333
346206;10;5;2019;18:27;0;AV PRO JOSE ARTHUR CARVALHO;;;1750;;Colisão;Anoitecer;;;Meio de Quadra;;;0;1;0;1;0;0;0;0;0;1;0;0;-3,8258585;-38,4638075
346207;10;5;2019;18:27;0;AV PRO JOSE ARTHUR CARVALHO;;;100;;Queda;Anoitecer;;;Meio de Quadra;;;0;1;0;0;0;0;0;0;0;1;0;0;-3,825941355;-38,47684026
346208;10;5;2019;18:32;0;RUA VER PEDRO PAULO MOREIRA;;;540;;Colisão;;;;Meio de Quadra;;;0;2;0;1;0;0;0;0;0;1;0;0;-3,786795;-38,4901655
346201;10;5;2019;17:34;0;RUA DR THOMPSON BULCAO;;;61;;Colisão;Anoitecer;;;Meio de Quadra;;;0;1;0;1;0;0;0;0;0;1;0;0;-3,7699896;-38,4920345
346202;10;5;2019;17:55;0;AV GODOFREDO MACIEL;;;;;Queda;Anoitecer;;;Meio de Quadra;;;0;1;0;0;0;0;0;0;0;1;0;0;;
346225;10;5;2019;20:08;0;RUA FERNAO MAGALHAES;;;504;;Queda;;;;Meio de Quadra;;;0;1;0;0;0;1;0;0;0;0;0;0;-3,75119;-38,57174
346226;10;5;2019;20:46;0;RUA JULIO SILVA;;;440;;Queda;;;;Meio de Quadra;;;0;1;0;0;0;1;0;0;0;0;0;0;-3,74537;-38,45462
346230;10;5;2019;21:38;0;RUA ISRAEL BEZERRA;;;155;;Queda;;;;Meio de Quadra;;;0;1;0;0;0;1;0;0;0;0;0;0;-3,748023579;-38,50067703
346231;10;5;2019;21:40;0;RUA PEDRO MARTINS;;;149;;Queda;;;;Meio de Quadra;;;0;2;0;0;0;0;0;0;0;1;0;0;-3,800394;-38,599374
346232;10;5;2019;22:14;0;RUA TEN BENEVOLO;;;1082;;Colisão;;;;Meio de Quadra;;;0;2;0;0;0;0;0;0;0;1;0;0;-3,72726;-38,51137
346233;10;5;2019;22:55;0;RUA MARANGUAPE D50;;;177;;Colisão;;;;Meio de Quadra;;;0;1;0;0;0;0;0;0;0;1;0;0;-3,80204;-38,60176
346228;10;5;2019;21:21;0;AV CEL CARVALHO;;;837;;Atropelamento;;;;Meio de Quadra;;;0;1;0;1;0;0;0;0;0;0;0;0;-3,709812;-38,589859
346263;11;5;2019;08:06;20131;RUA PRO JOSE SILVEIRA;RUA CRISANTO ARRUDA;;;;Colisão;Luz do Dia;;;Cruz;Pare;Residencial;0;1;0;1;0;0;0;0;0;1;0;0;-3,810268;-38,522564
346266;11;5;2019;08:31;0;RUA EMILIO DE MENESES;;;1065;;Colisão;Luz do Dia;;;Meio de Quadra;;;0;1;0;0;0;0;0;0;0;0;0;0;-3,780704918;-38,59110637
346267;11;5;2019;09:08;0;RUA MON SABINO FEIJAO;;;1820;;Colisão;Luz do Dia;;;Meio de Quadra;;;0;1;0;1;0;0;0;0;0;1;0;0;-3,8001228;-38,5992759
346268;11;5;2019;09:09;15227;AV DES MOREIRA;AV ABOLICAO;;;;Atropelamento;Luz do Dia;;;Cruz;Gesto;Comercial;0;1;0;1;0;0;0;0;0;0;0;0;-3,727331;-38,495474
346269;11;5;2019;11:04;0;RUA CON DE CASTRO;;;5488;;Atropelamento;Luz do Dia;;;Meio de Quadra;;;0;1;0;1;0;0;0;0;0;0;0;0;-3,810958;-38,596842
346272;11;5;2019;11:51;0;RUA JOSE B PARENTE D59;;;450;;Queda;Luz do Dia;;;Meio de Quadra;;;0;1;0;0;0;0;0;0;0;1;0;0;-3,77435;-38,48602
346273;11;5;2019;11:52;0;RUA CON DE CASTRO;;;9538;;Colisão;Luz do Dia;;;Meio de Quadra;;;0;1;0;0;0;0;0;0;0;1;0;0;-3,826181722;-38,60645156
346274;11;5;2019;12:13;0;AV WASHINGTON SOARES;;;;;Queda;Luz do Dia;;;Meio de Quadra;;;0;2;0;0;0;0;0;0;0;1;0;0;;
346275;11;5;2019;12:52;0;RUA OSORIO CORREIA;;;1410;;Colisão;Luz do Dia;;;Meio de Quadra;;;0;1;0;0;0;0;0;0;0;1;0;0;-3,8235878;-38,5971171
346276;11;5;2019;13:00;0;AV DR SILAS MUNGUBA;;;4997;;Atropelamento;Luz do Dia;;;Meio de Quadra;;;0;1;0;0;0;0;0;0;0;1;0;0;-3,796992;-38,531678
346277;11;5;2019;13:01;0;RUA GRIJALVA COSTA;;;682;;Colisão;Luz do Dia;;;Meio de Quadra;;;0;1;0;1;0;0;0;0;0;1;0;0;-3,754749923;-38,5440791
346289;11;5;2019;13:52;0;AV C CJ ESPERANCA;;;;;Atropelamento;Luz do Dia;;;Meio de Quadra;;;0;1;0;1;0;0;0;0;0;0;0;0;;
346290;11;5;2019;14:06;0;AV GAL OSORIO DE PAIVA;;;1761;;Queda;Luz do Dia;;;Meio de Quadra;;;0;1;0;0;0;0;0;0;0;1;0;0;-3,782875097;-38,57791223
346291;11;5;2019;14:26;18056;AV DIOGUINHO;RUA FRANCISCO TEIXEIRA DE ALCANTARA;;;;Colisão;Luz do Dia;;;Cruz;Não Há Controle;Residencial;0;1;0;1;0;0;0;0;0;1;0;0;-3,737233;-38,455721
346292;11;5;2019;15:27;0;AV JOVITA FEITOSA;;;125;;Colisão;Luz do Dia;;;Meio de Quadra;;;0;0;1;1;0;0;0;0;0;1;0;0;-3,737437;-38,544748
346293;11;5;2019;15:59;0;RUA EMILIO DE MENESES;;;1131;;Colisão;Luz do Dia;;;Meio de Quadra;;;0;1;0;0;0;0;0;0;0;1;0;0;-3,78052;-38,59183
346294;11;5;2019;17:07;0;AV I CJ JOSE WALTER;;;1674;;Colisão;Anoitecer;;;Meio de Quadra;;;0;1;0;1;0;1;0;0;0;0;0;0;-3,839061;-38,554956
346295;11;5;2019;17:25;0;AV CASTELO DE CASTRO;;;;;Colisão;Anoitecer;;;Meio de Quadra;;;0;1;0;1;0;0;0;0;0;1;0;0;;
346296;11;5;2019;18:40;0;RUA MANUEL ARRUDA;;;70;;Colisão;;;;Meio de Quadra;;;0;1;0;1;0;0;0;0;0;1;0;0;-3,82878276;-38,50464596
346297;11;5;2019;19:03;9559;RUA BARRA VERMELHA;RUA TEODORO DE CASTRO;;;;Colisão;;;;Cruz;Pare;Comercial;0;1;0;1;0;0;0;0;0;1;0;0;-3,77782;-38,612011
346298;11;5;2019;20:01;0;RUA MONTE LIBANO;;;833;;Colisão;;;;Meio de Quadra;;;0;2;0;0;0;0;0;0;0;1;0;0;-3,826718;-38,563505
346317;11;5;2019;22:06;0;AV PRS CASTELO BRANCO;;;2546;;Atropelamento;;;;Meio de Quadra;;;0;1;0;0;0;0;0;0;0;1;0;0;-3,713093453;-38,55066009
346318;11;5;2019;22:10;0;AV PRS CASTELO BRANCO;;;2535;;Atropelamento;;;;Meio de Quadra;;;0;1;0;0;0;0;0;0;0;1;0;0;-3,713113;-38,550593
346319;11;5;2019;23:43;0;AV LUCIANO CARNEIRO;;;2100;;Atropelamento;;;;Meio de Quadra;;;0;1;0;0;0;0;0;0;0;1;0;0;-3,76658;-38,537195
346305;11;5;2019;20:05;0;RUA FRE MANSUETO;;;659;;Colisão;;;;Meio de Quadra;;;0;1;0;1;0;0;0;0;0;1;0;0;-3,72974793;-38,48893158
346306;11;5;2019;21:00;0;RUA GUILHERME ROCHA;;;9;;Colisão;;;;Meio de Quadra;;;0;1;0;0;0;0;0;0;0;0;0;0;-3,72711;-38,52778
346307;11;5;2019;21:08;0;AV PONTES VIEIRA;;;751;;Atropelamento;;;;Meio de Quadra;;;0;1;0;0;0;0;0;0;0;1;0;0;-3,7527748;-38,5139122
346308;11;5;2019;21:12;2962;RUA PEDRO MARTINS;RUA MARIA JULIA;;;;Colisão;;;;Cruz;Pare;Residencial;0;2;0;0;0;0;0;0;0;1;0;0;-3,799245;-38,601929
346311;11;5;2019;21:24;0;RUA DEZ (PASSARE);;;190;;Queda;;;;Meio de Quadra;;;0;1;0;0;0;0;0;0;0;1;0;0;-3,8090359;-38,5450575
346312;11;5;2019;21:39;0;AV PRS COSTA E SILVA;;;;;Atropelamento;;;;Meio de Quadra;;;0;1;0;0;0;0;0;0;0;0;0;0;;
346313;11;5;2019;21:44;0;AV CARNEIRO DE MENDONCA;;;1726;;Queda;;;;Meio de Quadra;;;0;2;0;0;0;0;0;0;0;1;0;0;-3,760751;-38,5732055
346236;11;5;2019;03:39;0;RUA MUNDICA PAULA;;;62;;Colisão;;;;Meio de Quadra;;;0;1;0;0;0;0;0;0;0;0;0;0;-3,773964176;-38,55443159
346237;11;5;2019;03:56;0;AV JOSE BASTOS;;;4160;;Colisão;;;;Meio de Quadra;;;0;1;0;1;0;0;0;0;0;1;0;0;-3,754006;-38,5544675
346238;11;5;2019;05:32;0;RUA PDE PERDIGAO SAMPAIO;;;308;;Queda;Amanhecer;;;Meio de Quadra;;;0;1;0;0;0;0;0;0;0;1;0;0;-3,739421;-38,594731
346239;11;5;2019;06:24;0;RUA FRANCISCO PAIVA;;;1537;;Colisão;Luz do Dia;;;Meio de Quadra;;;0;2;0;1;0;0;0;0;0;0;0;0;-3,79598;-38,61611
343922;11;5;2019;07:00;0;AV PRS COSTA E SILVA;;;0;UPA (JOSE WALTER);Choque c/ Obstáculo Fixo;Luz do Dia;Bom;Seca;Outros;Não Há Controle;Residencial;0;1;0;1;0;0;0;0;0;0;0;0;;
343923;11;5;2019;06:34;0;RUA TRES MARIAS D39 (MONTESE);;;11;;Não Informado;Amanhecer;Nublado;Seca;Meio de Quadra;Pare;Residencial;0;0;1;1;0;0;0;0;0;0;0;0;-3,7695024;-38,549915
343924;11;5;2019;09:33;0;RUA SALDANHA MARINHO;;;646;;Não Informado;Luz do Dia;Bom;Seca;Meio de Quadra;Não Há Controle;Comercial;0;0;1;1;0;0;0;0;0;0;0;0;-3,742594;-38,530406
343925;11;5;2019;09:35;0;AV ABOLICAO;;;2600;;Atropelamento;Amanhecer;Bom;Seca;Meio de Quadra;Semáforo;Comercial;0;1;1;1;0;0;0;0;0;0;0;0;-3,727006;-38,496477
343926;11;5;2019;13:14;5729;AV OLIVEIRA PAIVA;RUA TEOFREDO GOIANA;;0;;Engavetamento;Luz do Dia;Nublado;Seca;Cruz;Não Há Controle;Comercial;0;0;3;1;0;0;0;0;0;0;0;0;-3,797744;-38,501221
343927;11;5;2019;13:05;25729;AV TRISTAO GONCALVES;RUA ANTONIO POMPEU;;;;Colisão Lateral;Luz do Dia;Nublado;Seca;Cruz;Semáforo;Comercial;0;1;1;1;0;0;0;0;0;1;0;0;-3,733388;-38,535088
343928;11;5;2019;15:22;0;RUA LEONARDO MOTA;;;0;;Colisão Lateral;Luz do Dia;Bom;Seca;Meio de Quadra;Não Há Controle;Comercial;0;0;2;1;0;0;0;0;0;0;0;0;;
343929;11;5;2019;19:21;19772;RUA AZEVEDO BOLAO;RUA PRO RAIMUNDO VITOR;;0;;Colisão Lateral;Via Iluminada;Bom;Seca;Cruz;Pare;Residencial;0;0;2;1;0;0;0;0;0;0;0;0;-3,738334;-38,565762
343930;11;5;2019;21:07;3789;AV 13 DE MAIO;RUA WALDERY UCHOA;;;;Colisão Lateral;Via Iluminada;Bom;Seca;Cruz;Dê Preferência;Comercial;0;1;2;1;0;0;0;0;0;1;0;0;-3,742399;-38,537427
343932;11;5;2019;07:35;4530;AV DEP PAULINO ROCHA;RUA TEN TITO BARROS;;;;Colisão Transversal;Luz do Dia;Bom;Seca;T;Não Há Controle;Comercial;0;0;2;1;0;0;0;0;0;1;0;0;-3,801032;-38,507311
343944;11;5;2019;14:43;0;RUA CON DE CASTRO;;;5480;;Atropelamento;Luz do Dia;Bom;Seca;Meio de Quadra;Não Há Controle;Residencial;0;1;1;0;0;0;0;1;0;0;0;0;-3,810958;-38,596842
343042;11;5;2019;19:10;0;RD BR 116;;;14000;KM-14;Atropelamento;Via Iluminada;Bom;Seca;Meio de Quadra;;;1;1;0;0;0;0;0;0;0;1;0;0;-3,873523;-38,499242
343015;11;5;2019;22:00;0;RD CE-040;;;;KM-02;Colisão;;;;Meio de Quadra;;;0;0;2;0;0;0;0;0;0;1;0;0;-3,773616148;-38,4817994
342741;11;5;2019;03:40;11022;RUA MUNDICA PAULA;RUA BAR CANINDE;;;;Choque c/ Obstáculo Fixo;;;;Cruz;Pare;Residencial;1;0;0;0;0;0;0;0;0;1;0;0;-3,773214;-38,558309
346978;11;5;2019;02:40;0;RUA SOLON PINHEIRO;;;96;;Choque c/ Obstáculo Fixo;;;;Meio de Quadra;;;0;0;1;0;0;0;0;0;0;0;0;0;-3,7311245;-38,5265275
346981;11;5;2019;05:15;0;RUA CANAMARIM;;;36;;Choque c/ Obstáculo Fixo;Amanhecer;;;Meio de Quadra;;;0;0;1;0;0;0;0;0;0;1;0;0;-3,809320581;-38,51561887
346982;11;5;2019;10:39;0;RUA PERNAMBUCO;;;2931;;Choque c/ Obstáculo Fixo;Luz do Dia;;;Meio de Quadra;;;0;0;1;1;0;0;0;0;0;0;0;0;-3,749994;-38,579467
346983;11;5;2019;17:37;0;RUA POMPILIO GOMES;;;;;Colisão;Anoitecer;;;Meio de Quadra;;;0;0;1;1;0;0;0;0;0;0;0;0;;
346985;11;5;2019;10:45;15664;AV FRE CIRILO;RUA NICOLAU COELHO;;;;Colisão;Luz do Dia;;;T;Pare;Comercial;0;0;1;0;0;0;0;0;0;1;0;0;-3,825721;-38,493769
347015;12;5;2019;20:20;0;RUA PRO ALVARO COSTA;;;;;Colisão;;;;Meio de Quadra;;;0;0;1;1;0;0;0;0;0;0;0;0;;
347010;12;5;2019;21:35;0;RUA PRO JOSE DE BARCELOS;;;;;Choque c/ Obstáculo Fixo;;;;Meio de Quadra;;;0;0;1;1;0;0;0;0;0;0;0;0;;
347011;12;5;2019;23:00;0;RUA CHILE;;;925;;Atropelamento;;;;Meio de Quadra;;;0;1;1;0;0;0;0;0;0;0;0;0;-3,749970997;-38,56881761
347012;12;5;2019;01:00;0;AV H CJ CEARA;;;881;;Colisão;;;;Meio de Quadra;;;0;0;1;0;0;0;0;0;0;0;0;0;-3,7751464;-38,6057328
347007;12;5;2019;20:00;0;AV MR HULL;;;6679;;Colisão;;;;Meio de Quadra;;;0;0;1;0;0;0;0;0;0;0;0;0;;
342736;12;5;2019;21:26;24307;RUA 8 DE SETEMBRO;RUA ALFREDO LADISLAU;;;;Colisão;Via Iluminada;Bom;Seca;Cruz;Pare;Escola;0;1;1;1;0;0;0;0;0;1;0;0;-3,73811;-38,486952
343017;12;5;2019;19:05;0;AV MIN JOSE AMERICO;;;;;Colisão;;;;Meio de Quadra;;;0;0;2;1;0;0;0;0;0;0;0;0;;
343024;12;5;2019;20:30;0;RD CE-040;;;;KM-03;Colisão;;;;Meio de Quadra;;;0;0;2;1;0;0;0;0;0;0;0;0;-3,782614325;-38,4810839
342833;12;5;2019;20:30;0;AV GOV RAUL BARBOSA;;;6982;;Atropelamento;Via Iluminada;Bom;Seca;Meio de Quadra;Semáforo;Residencial;0;3;0;0;0;0;0;0;0;1;0;0;-3,774242923;-38,51283415
343933;12;5;2019;14:38;16281;RUA ANTONIO PEREIRA;RUA ANTONIO BARBOSA;;0;;Colisão Lateral;Luz do Dia;Bom;Seca;Cruz;Não Há Controle;Residencial;0;0;2;0;1;0;0;0;0;1;0;0;-3,832952;-38,565289
343934;12;5;2019;22:19;0;AV ENG SANTANA JUNIOR;;;1207;;Colisão Frontal;Via Iluminada;Bom;Seca;Outros;Semáforo;Comercial;0;2;1;1;0;0;0;0;0;1;0;0;-3,7381538;-38,4836472
343931;12;5;2019;00:30;0;RUA MELO DE OLIVEIRA;;;805;;Colisão Lateral;Via Iluminada;Bom;Seca;Meio de Quadra;Pare;Residencial;0;0;4;1;0;0;0;0;0;0;0;0;-3,772569815;-38,57824411
346320;12;5;2019;01:59;0;AV DEP PAULINO ROCHA;;;2342;;Queda;;;;Meio de Quadra;;;0;1;0;0;0;0;0;0;0;1;0;0;-3,81021;-38,51886
346322;12;5;2019;02:33;0;RUA DOIS CJ MIRASSOL;;;256;;Colisão;;;;Meio de Quadra;;;0;1;0;1;0;0;0;0;0;1;0;0;-3,7947;-38,54197
346324;12;5;2019;02:44;0;AV SEN FERNANDES TAVORA;;;;;Atropelamento;;;;Meio de Quadra;;;0;1;0;0;0;0;0;0;0;0;0;0;;
346329;12;5;2019;03:20;0;AV EDUARDO GIRAO;;;;;Colisão;;;;Meio de Quadra;;;0;1;0;1;1;0;0;0;0;0;0;0;;
346332;12;5;2019;07:16;0;AV DEP PAULINO ROCHA;;;33;;Colisão;Luz do Dia;;;Meio de Quadra;;;0;1;0;1;0;0;0;0;0;1;0;0;-3,801032;-38,507311
346333;12;5;2019;07:47;10614;RUA PRO JACINTO BOTELHO;RUA JUSTINO CAFE NETO;;;;Colisão;Luz do Dia;;;Cruz;Pare;Residencial;0;2;0;1;0;0;0;0;0;1;0;0;-3,758929;-38,490636
346334;12;5;2019;08:02;0;AV GAL OSORIO DE PAIVA;;;112;;Colisão;Luz do Dia;;;Meio de Quadra;;;0;1;0;1;0;1;0;0;0;0;0;0;-3,773611;-38,5640045
346335;12;5;2019;08:10;0;AV CARNEIRO DE MENDONCA;;;485;;Colisão;Luz do Dia;;;Meio de Quadra;;;0;2;0;1;0;1;0;0;0;0;0;0;-3,765627;-38,563646
346337;12;5;2019;09:51;1261;AV SANTOS DUMONT;AV RUI BARBOSA;;;;Atropelamento;Luz do Dia;;;Cruz;Semáforo;Comercial;0;1;0;1;0;0;0;0;0;0;0;0;-3,732956;-38,508432
346340;12;5;2019;12:15;0;AV FRANCISCO SA;;;2420;;Queda;Luz do Dia;;;Meio de Quadra;;;0;1;0;0;0;1;0;0;0;0;0;0;-3,720810719;-38,54700482
346344;12;5;2019;13:33;0;AV DA INDEPENDENCIA;;;1080;;Atropelamento;Luz do Dia;;;Meio de Quadra;;;0;1;0;1;0;0;0;0;0;0;0;0;-3,727102;-38,5903015
346345;12;5;2019;15:23;0;AV PERIMETRAL;;;2242;;Colisão;Luz do Dia;;;Meio de Quadra;;;0;2;0;1;0;0;0;0;0;1;0;0;;
346347;12;5;2019;16:27;0;RUA MONTE LIBANO;;;891;;Colisão;Luz do Dia;;;Meio de Quadra;;;0;1;0;1;0;0;0;0;0;1;0;0;-3,8270944;-38,5637627
346420;12;5;2019;23:48;0;TR SAO MIGUEL D60;;;9;;Queda;;;;Meio de Quadra;;;0;1;0;0;0;0;0;0;0;1;0;0;-3,8182;-38,49068
346390;12;5;2019;22:48;15365;AV SEN VIRGILIO TAVORA;RUA PEREIRA VALENTE;;;;Colisão;;;;Cruz;Semáforo;Comercial;0;1;0;1;0;0;0;0;0;1;0;0;-3,733834;-38,492193
346384;12;5;2019;21:59;0;AV CARNEIRO DE MENDONCA;;;1354;;Colisão;;;;;;;0;2;0;1;0;0;0;0;0;1;0;0;-3,7617335;-38,571193
346392;12;5;2019;22:58;0;RUA CON DE CASTRO;;;2040;;Colisão;;;;Meio de Quadra;;;0;1;0;0;0;0;0;0;0;1;0;0;-3,787956;-38,576155
346393;12;5;2019;23:37;0;RUA ANDRADE FURTADO;;;749;;Colisão;;;;Meio de Quadra;;;0;6;0;1;1;0;0;0;0;0;0;0;-3,744865;-38,482396
346378;12;5;2019;20:59;0;AV D CJ JOSE WALTER;;;;HOSP. GONZAGUINHA;Atropelamento;;;;Meio de Quadra;;;0;1;0;1;0;0;0;0;0;0;0;0;;
346379;12;5;2019;21:32;0;RUA BAR CRATO;;;1199;;Atropelamento;;;;Meio de Quadra;;;0;1;0;1;0;0;0;0;0;0;0;0;-3,721259;-38,559614
346373;12;5;2019;19:05;0;AV WASHINGTON SOARES;;;8494;;Queda;;;;Meio de Quadra;;;0;1;0;0;0;0;0;0;0;1;0;0;-3,8263135;-38,481766
346375;12;5;2019;20:43;0;RUA POMPEU CAVALCANTE;;;103;;Atropelamento;;;;Meio de Quadra;;;0;1;0;0;0;0;0;0;0;1;0;0;-3,721249286;-38,564565
346350;12;5;2019;16:55;0;AV PERIMETRAL;;;72;;Colisão;Luz do Dia;;;Meio de Quadra;;;0;1;0;1;0;0;0;0;0;1;0;0;;
346353;12;5;2019;17:14;0;RUA LUIS VIEIRA;;;136;;Colisão;Anoitecer;;;Meio de Quadra;;;0;1;0;1;0;0;0;0;0;1;0;0;-3,797147698;-38,58613786
346356;12;5;2019;17:23;0;AV DOLOR BARREIRA;;;299;;Colisão;Anoitecer;;;Meio de Quadra;;;0;1;0;1;0;0;0;0;0;0;0;0;-3,727314333;-38,47355806
346358;12;5;2019;17:27;0;RUA ENG JAIME ROLEMBERG;;;;;Colisão;Anoitecer;;;Meio de Quadra;;;0;1;0;1;0;0;0;0;0;1;0;0;;
346361;12;5;2019;17:34;0;RUA SEIS COMPANHEIROS;;;262;;Colisão;Anoitecer;;;Meio de Quadra;;;0;2;0;0;0;0;0;0;0;1;0;0;-3,702804;-38,57607
346367;12;5;2019;17:52;0;RUA EMILIO DE MENESES;;;1372;;Colisão;Anoitecer;;;Meio de Quadra;;;1;1;0;0;0;1;0;0;0;1;0;0;-3,779977;-38,5937095
346368;12;5;2019;18:09;0;AV A CJ ESPERANCA;;;101;;Colisão;Anoitecer;;;Meio de Quadra;;;0;1;0;1;0;1;0;0;0;0;0;0;-3,817185028;-38,5895942
346369;12;5;2019;18:26;0;AV PRS CASTELO BRANCO;;;;;Colisão;Anoitecer;;;Meio de Quadra;;;0;1;0;0;0;0;0;0;0;0;0;0;;
346370;12;5;2019;18:48;0;RUA JULIO SILVA;;;440;;Colisão;;;;Meio de Quadra;;;0;2;0;1;0;0;0;0;0;0;0;0;-3,74537;-38,45462
346371;12;5;2019;19:04;0;AV GAL OSORIO DE PAIVA;;;5297;;Queda;;;;Meio de Quadra;;;0;1;0;0;0;0;0;0;0;1;0;0;-3,803923;-38,601304
346426;13;5;2019;06:01;0;RUA GUSTAVO SAMPAIO;;;;;Colisão;Luz do Dia;;;Meio de Quadra;;;0;3;0;1;0;0;0;0;0;1;0;0;;
346435;13;5;2019;07:31;0;RUA PERGENTINO MAIA;;;1559;;Atropelamento;Luz do Dia;;;Meio de Quadra;;;0;1;0;1;0;0;0;0;0;0;0;0;-3,83240155;-38,4819296
346429;13;5;2019;06:30;0;RUA PRO COSTA MENDES;;;1546;;Atropelamento;Luz do Dia;;;Meio de Quadra;;;0;1;0;0;1;0;0;0;0;0;0;0;-3,7499645;-38,5521426
346430;13;5;2019;06:57;0;AV PERIMETRAL;;;120;;Colisão;Luz do Dia;;;Meio de Quadra;;;0;1;0;0;0;0;0;0;0;1;0;0;;
346432;13;5;2019;06:57;0;RUA PERGENTINO MAIA;;;559;;Atropelamento;Luz do Dia;;;Meio de Quadra;;;0;1;0;1;0;0;0;0;0;0;0;0;-3,831242323;-38,4900304
346433;13;5;2019;07:04;0;RUA VERBENA;;;460;;Colisão;Luz do Dia;;;Meio de Quadra;;;0;1;0;1;0;0;0;0;0;1;0;0;-3,780135714;-38,58850143
346441;13;5;2019;08:58;0;RD BR 116;;;;KM-06;Colisão;Luz do Dia;;;Meio de Quadra;;;0;1;0;0;0;0;0;0;0;0;0;0;-3,804691;-38,503053
346442;13;5;2019;09:34;0;AV WASHINGTON SOARES;;;4587;;Colisão;Luz do Dia;;;Meio de Quadra;;;0;1;0;1;0;0;0;0;0;1;0;0;-3,799478;-38,479636
346443;13;5;2019;10:48;0;AV 13 DE MAIO;;;1200;;Colisão;Luz do Dia;;;Meio de Quadra;;;0;1;0;1;0;0;0;0;0;1;0;0;-3,749044478;-38,52965374
346444;13;5;2019;11:21;0;RUA PORTO VELHO;;;51;;Atropelamento;Luz do Dia;;;Meio de Quadra;;;0;1;0;1;0;0;0;0;0;0;0;0;-3,769042455;-38,58129255
346439;13;5;2019;07:39;0;AV PERIMETRAL;;;469;;Colisão;Luz do Dia;;;Meio de Quadra;;;0;2;0;0;0;0;0;0;0;1;0;0;;
346455;13;5;2019;12:37;5474;RUA BARBARA DE ALENCAR;RUA J DA PENHA;;;;Colisão;Luz do Dia;;;Cruz;Pare;Comercial;0;1;0;1;0;0;0;0;0;1;0;0;-3,736038;-38,520055
346458;13;5;2019;12:49;0;AV SEN FERNANDES TAVORA;;;;;Atropelamento;Luz do Dia;;;Meio de Quadra;;;0;1;0;1;0;0;0;0;0;0;0;0;;
346460;13;5;2019;13:53;0;AV SORIANO ALBUQUERQUE;;;817;;Colisão;Luz do Dia;;;Meio de Quadra;;;0;1;0;1;0;0;0;0;0;1;0;0;-3,74917;-38,5147
346461;13;5;2019;15:10;0;AV DR SILAS MUNGUBA;;;1402;;Colisão;Luz do Dia;;;Meio de Quadra;;;0;1;0;0;0;0;0;0;0;0;0;0;-3,783079524;-38,55451476
346462;13;5;2019;16:00;0;AV BEIRA MAR;;;;;Colisão;Luz do Dia;;;Meio de Quadra;;;0;1;0;0;0;0;0;0;0;0;0;0;;
346468;13;5;2019;16:26;10833;RUA PRO MIRAMAR DA PONTE;RUA CUIABA;;;;Colisão;Luz do Dia;;;Cruz;Pare;Residencial;0;2;0;0;0;0;0;0;0;1;0;0;-3,764554;-38,587238
346469;13;5;2019;17:14;0;AV GAL OSORIO DE PAIVA;;;4800;;Atropelamento;Anoitecer;;;Meio de Quadra;;;0;1;0;0;0;0;0;0;0;1;0;0;-3,800862;-38,598322
346464;13;5;2019;16:04;2783;RUA VALDEMAR PAES;RUA CEL JOAO CORREIA;;;;Colisão;Luz do Dia;;;;;;0;1;0;1;0;0;0;0;0;1;0;0;-3,792805;-38,601607
346466;13;5;2019;16:17;0;AV BEZERRA DE MENEZES;;;;;Atropelamento;Luz do Dia;;;Meio de Quadra;;;0;1;0;0;1;0;0;0;0;0;0;0;;
346472;13;5;2019;17:32;0;RUA VICENTE NOBRE MACEDO;;;259;;Colisão;Anoitecer;;;Meio de Quadra;;;0;1;0;1;0;0;0;0;0;1;0;0;-3,825435197;-38,48438062
346479;13;5;2019;18:29;0;AV FRE CIRILO;;;2310;;Colisão;Anoitecer;;;Meio de Quadra;;;0;1;0;1;0;0;0;0;0;1;0;0;-3,8194208;-38,4965047
346480;13;5;2019;18:38;0;AV JOAO PESSOA;;;5125;;Colisão;;;;Meio de Quadra;;;0;1;0;1;0;0;0;0;0;1;0;0;-3,756650343;-38,5532596
346475;13;5;2019;17:43;0;RUA GAL CLARINDO DE QUEIROZ;;;589;;Colisão;Anoitecer;;;Meio de Quadra;;;0;1;0;1;0;0;0;0;0;1;0;0;-3,732943632;-38,52941016