COD_ACIDENTE;DIA;MES;ANO;HORA;INTERSECAO;LOG1;LOG2;LOG3;NUMERO;REFERENCIA;NATUREZA;ILUMINACAO;TEMPO;SUPERFICIEPISTA;TIPOCRUZAMENTO;CONTROLETRAFEGO;USOSOLO;MORTOS;FERIDOS;ILESOS;AUTOMOVEL;ONIBUS;BICICLETA;CAMINHAO;MICROONIBUS;CICLOMOTOR;MOTOCICLETA;TRACAOANIMAL;TREM;LATITUDE;LONGITUDE
346493;13;5;2019;19:18;0;RUA COS TRISTAO;;;277;;Queda;;;;Meio de Quadra;;;0;1;0;0;0;0;0;0;0;1;0;0;-3,736903906;-38,52593578
346494;13;5;2019;19:43;0;RUA SOLON PINHEIRO;;;1290;;Colisão;;;;Meio de Quadra;;;0;1;0;1;0;0;0;0;0;1;0;0;-3,7419748;-38,5301996
346495;13;5;2019;20:16;0;AV JOSE BASTOS;;;4800;;Colisão;;;;Meio de Quadra;;;0;1;0;1;0;0;0;0;0;1;0;0;-3,7572065;-38,5594035
346496;13;5;2019;20:42;0;AV SIQUEIRA CAMPOS;;;1415;;Colisão;;;;Meio de Quadra;;;0;2;0;1;0;0;0;0;0;1;0;0;-3,813548029;-38,62825799
346497;13;5;2019;21:28;0;RUA H CJ MONTENEGRO I;;;1097;;Queda;;;;Meio de Quadra;;;0;1;0;0;0;1;0;0;0;0;0;0;-3,8185538;-38,5550112
346500;13;5;2019;21:46;0;AV CORA CORALINA;;;;;Colisão;;;;Meio de Quadra;;;0;1;0;1;0;0;0;0;0;1;0;0;;
343935;13;5;2019;01:00;6797;RUA ANDRADE FURTADO;RUA BATISTA DE OLIVEIRA;;0;;Colisão Transversal;Via Iluminada;Bom;Seca;Cruz;Semáforo;Residencial;0;0;1;1;1;0;0;0;0;0;0;0;-3,745163;-38,481475
343936;13;5;2019;05:55;19732;RUA GUSTAVO SAMPAIO;RUA TIP SALES;;0;;Colisão Transversal;Amanhecer;Bom;Seca;Cruz;Pare;Residencial;0;2;1;1;0;0;0;0;0;1;0;0;-3,737013;-38,564917
343937;13;5;2019;08:24;0;RUA PERGENTINO MAIA;;;1559;;Colisão Lateral;Luz do Dia;Bom;Seca;Meio de Quadra;Não Há Controle;Residencial;0;0;1;1;0;1;0;0;0;0;0;0;-3,83240155;-38,4819296
343938;13;5;2019;08:16;0;AV CEL CARVALHO;;;2425;;Colisão Traseira;Luz do Dia;Bom;Seca;Meio de Quadra;Semáforo;Comercial;0;0;3;1;0;0;0;0;0;0;0;0;-3,723900575;-38,58622929
343939;13;5;2019;08:11;0;RUA ANTONIO COSTA MENDES;RUA DES FROTA D71;;0;;Atropelamento;Luz do Dia;Bom;Seca;Meio de Quadra;Pare;Residencial;0;1;1;0;1;0;0;0;0;0;0;0;-3,795479;-38,58895
343940;13;5;2019;09:33;0;AV SANTOS DUMONT;;;5225;;Colisão Traseira;Luz do Dia;Bom;Seca;Meio de Quadra;Não Há Controle;Comercial;0;2;1;0;0;0;0;0;0;1;0;0;-3,740506;-38,485132
343941;13;5;2019;11:11;23406;RUA CAP GUSTAVO;RUA CAP TIBURCIO DA FROTA;;;;Colisão;Luz do Dia;Bom;Seca;Cruz;Pare;Comercial;0;1;2;1;0;0;0;0;0;1;0;0;-3,755243;-38,516738
343942;13;5;2019;13:02;0;RUA ARAQUEM SILVA;;;176;;Colisão Transversal;Luz do Dia;Bom;Seca;Meio de Quadra;Não Há Controle;Comercial;0;0;2;1;0;0;0;0;0;0;0;0;-3,750674;-38,50029976
343943;13;5;2019;14:15;0;AV SEN FERNANDES TAVORA;;;337;;Colisão Traseira;Luz do Dia;Bom;Seca;Meio de Quadra;Não Há Controle;Comercial;0;0;2;0;0;0;0;0;0;1;0;0;-3,765920774;-38,57523032
343945;13;5;2019;20:53;0;AV AMERICO BARREIRA;RUA AMAZONAS;;0;;Colisão Lateral;Via Iluminada;Bom;Seca;Meio de Quadra;Pare;Residencial;0;0;2;1;0;0;0;0;0;0;0;0;-3,7571275;-38,5591567
343946;13;5;2019;21:39;0;RUA DR JUSTA ARAUJO D45;;;277;;Colisão Traseira;Via Iluminada;Bom;Seca;Meio de Quadra;Semáforo;Residencial;0;0;2;1;1;0;0;0;0;0;0;0;-3,778271034;-38,55087451
343960;13;5;2019;13:10;0;AV JOSE BASTOS;;;5285;;Colisão Lateral;Luz do Dia;Bom;Seca;Meio de Quadra;Não Há Controle;Comercial;0;1;1;1;0;0;0;0;0;1;0;0;-3,75871776;-38,56327116
344111;13;5;2019;02:00;0;AV DOM LUIS;RUA OSVALDO CRUZ;;0;;Colisão Transversal;Via Iluminada;Bom;Seca;Meio de Quadra;Semáforo;Comercial;0;0;2;1;0;0;0;0;0;0;0;0;-3,7326108;-38,4993628
343025;13;5;2019;07:00;0;AV MIN JOSE AMERICO;;;;CAMBEBA;Colisão;Luz do Dia;;;Meio de Quadra;;;0;0;2;1;0;0;0;0;0;0;0;0;;
343026;13;5;2019;18:40;0;AV SEN CARLOS JEREISSATI (AEROPORTO);;;;KM 03;Colisão;;;;Meio de Quadra;;;0;0;3;1;0;0;0;0;0;0;0;0;-3,779641;-38,544038
343045;13;5;2019;07:36;0;RD BR 116;;;7000;KM-07;Colisão Traseira;Luz do Dia;Bom;Seca;Meio de Quadra;;;0;2;1;1;0;0;0;0;0;1;0;0;-3,786276359;-38,5115614
343046;13;5;2019;07:50;0;RD BR 222;;;3300;KM-03;Colisão Traseira;Luz do Dia;Bom;Seca;Meio de Quadra;;;0;1;2;0;1;0;0;0;0;1;0;0;-3,740300848;-38,59594097
343049;13;5;2019;12:50;0;RD BR 116;;;;KM-06;Colisão Traseira;Luz do Dia;Bom;Seca;Meio de Quadra;;;0;1;1;1;0;0;0;0;0;1;0;0;-3,804691;-38,503053
342742;13;5;2019;00:20;0;AV PRS CASTELO BRANCO;;;;;Capotamento;Via Iluminada;Bom;Seca;Meio de Quadra;;;0;1;0;0;0;0;0;0;0;0;0;0;;
342738;13;5;2019;13:20;8021;AV JOAO PESSOA;RUA SAMUEL UCHOA;;;;Colisão Transversal;Luz do Dia;Bom;Seca;Cruz;Pare;Comercial;0;1;1;0;0;0;0;1;0;1;0;0;-3,75184;-38,54894
347016;13;5;2019;01:00;0;RUA FRANCISCO MACHADO;;;437;;Colisão;;;;Meio de Quadra;;;0;0;1;0;0;0;0;0;0;0;0;0;-3,80583;-38,60779
347017;14;5;2019;00:45;0;RUA RECANTO VERDE;;;;;Colisão;;;;Meio de Quadra;;;0;0;1;1;0;0;0;0;0;0;0;0;;
347018;14;5;2019;08:00;14747;RUA JULIO MACIEL (MANUEL SATIRO);RUA FRANCFORT;;;;Colisão;Luz do Dia;;;Cruz;Não Há Controle;Residencial;0;0;1;1;0;0;0;0;0;0;0;0;-3,797299;-38,581698
347019;14;5;2019;11:00;0;AV N CJ JOSE WALTER;;;;;Colisão;Luz do Dia;;;Meio de Quadra;;;0;0;1;1;0;0;0;0;0;0;0;0;;
346575;14;5;2019;22:52;0;AV SEN FERNANDES TAVORA;;;339;;Colisão;;;;Meio de Quadra;;;0;1;0;1;0;0;0;0;0;1;0;0;-3,765891903;-38,57528271
342752;14;5;2019;20:30;11936;AV PRS COSTA E SILVA;RUA PAULINA ARRUDA;;;;Colisão Traseira;Via Iluminada;Bom;Seca;Cruz;Outros;Comercial;0;1;1;0;0;0;0;1;0;1;0;0;;
342753;14;5;2019;11:30;0;AV JOSE JATAHY;;;;;Colisão Transversal;Luz do Dia;Bom;Seca;Meio de Quadra;;;0;1;1;1;0;0;0;0;0;1;0;0;;
342754;14;5;2019;15:45;0;RUA BAR RIO BRANCO;;;1211;;Colisão Lateral;Luz do Dia;Bom;Seca;Meio de Quadra;;;0;1;1;1;0;0;0;0;0;1;0;0;-3,728863367;-38,52903043
342755;14;5;2019;21:30;0;AV AMERICO BARREIRA;;;6480;;Colisão Traseira;Via Iluminada;Bom;Seca;Meio de Quadra;;;0;0;2;0;0;0;0;0;0;0;0;0;-3,76708;-38,56933
343048;14;5;2019;08:25;0;RD BR 222;;;1900;KM-02;Tombamento;Luz do Dia;Chuva;Molhada;Meio de Quadra;;;0;2;0;0;0;0;0;0;0;1;0;0;-3,7403624;-38,5969961
346556;14;5;2019;18:32;0;AV C CJ CEARA;;;;;Colisão;;;;Meio de Quadra;;;0;1;0;1;0;0;0;0;0;1;0;0;;
346560;14;5;2019;18:33;0;AV BEZERRA DE MENEZES;;;2631;;Colisão;;;;Meio de Quadra;;;0;1;0;1;0;0;0;0;0;1;0;0;-3,736402667;-38,56800367
346561;14;5;2019;19:26;19866;RUA QUEIROZ RIBEIRO;RUA DES PRAXEDES;;;;Colisão;;;;Cruz;Pare;Comercial;0;1;0;1;0;0;0;0;0;1;0;0;-3,7622794;-38,5452814
346563;14;5;2019;19:55;0;RUA CURITIBA;;;1598;;Colisão;;;;Meio de Quadra;;;0;1;0;1;0;0;0;0;0;1;0;0;-3,754;-38,59807
346566;14;5;2019;20:07;0;AV PERIMETRAL;;;1878;;Colisão;;;;Meio de Quadra;;;0;1;0;1;0;0;0;0;0;1;0;0;;
346570;14;5;2019;20:19;0;RUA L CJ VILA VELHA;;;720;;Atropelamento;;;;Meio de Quadra;;;0;1;0;0;0;0;0;0;0;1;0;0;-3,8018;-38,5416353
346573;14;5;2019;20:59;0;RUA MISERICORDIA;;;268;;Queda;;;;Meio de Quadra;;;0;1;0;0;0;0;0;0;0;1;0;0;-3,71981;-38,58518
343027;14;5;2019;13:10;0;RD CE-040;;;;KM-05;Colisão;Luz do Dia;;;Meio de Quadra;;;0;0;2;1;0;0;0;0;0;0;0;0;-3,800595823;-38,47953463
343031;14;5;2019;18:10;0;AV SEN CARLOS JEREISSATI (AEROPORTO);;;;KM 03;Colisão;Anoitecer;;;Meio de Quadra;;;0;0;2;1;0;0;0;0;0;0;0;0;-3,779641;-38,544038
343032;14;5;2019;19:20;0;RD CE-040;;;;KM-04;Colisão;;;;Meio de Quadra;;;0;0;2;1;0;0;0;0;0;0;0;0;-3,791613156;-38,48033084
342745;14;5;2019;00:20;16047;AL VERDE 5;RUA 4 CJ SITIO CORREGO;;;;Colisão Lateral;Via Iluminada;Bom;Seca;;;;0;1;1;1;0;0;0;0;0;1;0;0;-3,817495;-38,572131
343947;14;5;2019;05:42;0;AV SEN FERNANDES TAVORA;;;2005;;Choque c/ Obstáculo Fixo;Amanhecer;Nublado;Molhada;Cruz;Pare;Residencial;0;0;1;1;0;0;0;0;0;0;0;0;-3,7578482;-38,5902984
343948;14;5;2019;06:15;0;AV CARAPINIMA;;;2200;SHOPPING BENFICA;Não Informado;Luz do Dia;Chuva;Molhada;Meio de Quadra;Semáforo;Comercial;0;0;1;0;0;0;0;0;0;1;0;0;-3,7394995;-38,5397075
343950;14;5;2019;07:33;13449;RUA CARLOS VASCONCELOS;RUA TOMAS ACIOLI;;;;Colisão;Luz do Dia;Chuva;Molhada;Cruz;Pare;Residencial;0;1;1;1;0;0;0;0;0;1;0;0;-3,743445;-38,514219
343951;14;5;2019;07:30;0;AV VIS RIO BRANCO;;;2955;;Queda;Luz do Dia;Chuva;Molhada;Meio de Quadra;Não Há Controle;Residencial;0;1;0;0;0;0;0;0;0;1;0;0;-3,746873864;-38,52183655
343952;14;5;2019;08:19;7642;RUA RIO GRANDE DO NORTE;RUA ESTADO DO RIO;;;;Não Informado;Luz do Dia;Nublado;Molhada;Cruz;Pare;Comercial;0;1;1;0;0;0;0;0;0;1;0;0;-3,757063;-38,569969
343953;14;5;2019;08:04;0;RUA JULIO MACIEL D35;RUA FRANCFORT;;0;;Colisão Transversal;Luz do Dia;Bom;Molhada;Cruz;Não Há Controle;Residencial;0;0;2;1;1;0;0;0;0;0;0;0;-3,79739;-38,58174
343954;14;5;2019;09:12;0;RUA H CJ MONTENEGRO I;RUA VALPARAISO;;0;;Colisão Transversal;Luz do Dia;Chuva;Molhada;Cruz;Pare;Residencial;0;0;2;1;0;0;0;0;0;0;0;0;-3,8338132;-38,548767
343955;14;5;2019;13:51;0;AV PRS JUSCELINO KUBITSCHEK (PASSARÉ);;;0;ROTATÓRIA CASTELÃO;Colisão Frontal;Luz do Dia;Nublado;Seca;Meio de Quadra;Não Há Controle;Residencial;0;1;1;1;0;0;0;0;0;1;0;0;;
343956;14;5;2019;15:30;5343;AV BEZERRA DE MENEZES;RUA PDE IBIAPINA;;;;Não Informado;Luz do Dia;Bom;Seca;T;Semáforo;Comercial;0;1;0;0;0;0;0;0;0;1;0;0;-3,730548;-38,539973
343957;14;5;2019;16:12;15409;RUA HOMEM DE MELO;RUA FARIAS LEMOS;;;;Colisão Transversal;Luz do Dia;Bom;Seca;Cruz;Não Há Controle;Residencial;0;1;1;1;0;0;0;0;0;0;0;0;-3,815172;-38,493445
343958;14;5;2019;21:31;1331;RUA MARCOS MACEDO;RUA CEL LINHARES;;;;Colisão Lateral;Via Iluminada;Bom;Seca;Cruz;Pare;Residencial;0;0;2;1;0;0;0;0;0;0;0;0;-3,735526;-38,493827
343998;14;5;2019;06:41;19366;AV DR SILAS MUNGUBA;RUA GERMANO FRANCK;;;;Engavetamento;Luz do Dia;Nublado;Molhada;Cruz;Semáforo;Comercial;0;6;1;1;0;0;0;0;0;1;0;0;-3,777251;-38,562004
346501;14;5;2019;02:37;0;AV SEN FERNANDES TAVORA;;;2001;;Colisão;;;;Meio de Quadra;;;0;1;0;0;0;0;0;0;0;0;0;0;-3,757915;-38,590172
346509;14;5;2019;07:21;0;AV DOMINGOS OLIMPIO;;;2028;;Queda;Luz do Dia;;;Meio de Quadra;;;0;1;0;0;0;0;0;0;0;1;0;0;-3,733334955;-38,54125677
346503;14;5;2019;06:12;0;AV CARAPINIMA;;;2137;;Queda;Luz do Dia;;;Meio de Quadra;;;0;2;0;0;0;0;0;0;0;1;0;0;-3,7404772;-38,5406903
346504;14;5;2019;06:22;0;AV I CJ JOSE WALTER;;;;;Colisão;Luz do Dia;;;Meio de Quadra;;;0;1;0;1;0;0;0;0;0;1;0;0;;
346505;14;5;2019;06:33;0;AV MR HULL;;;;;Colisão;Luz do Dia;;;Meio de Quadra;;;0;1;0;1;0;0;0;0;0;1;0;0;;
346507;14;5;2019;06:54;0;RUA FRANCISCA CLOTILDE;;;1371;;Queda;Luz do Dia;;;Meio de Quadra;;;0;1;0;0;0;0;0;0;0;1;0;0;-3,7482594;-38,55786644
346534;14;5;2019;11:16;0;AV FRANCISCO SA;;;2306;;Colisão;Luz do Dia;;;Meio de Quadra;;;0;1;0;1;0;0;0;0;0;1;0;0;-3,7211;-38,54616
346536;14;5;2019;11:51;0;AV PRS JUSCELINO KUBITSCHEK (PASSARÉ);;;;;Colisão;Luz do Dia;;;Meio de Quadra;;;0;2;0;1;0;0;0;0;0;1;0;0;;
346538;14;5;2019;13:52;0;AV MAE LISBOA;;;2559;;Colisão;Luz do Dia;;;Meio de Quadra;;;0;1;0;1;0;0;0;0;0;1;0;0;-3,806662246;-38,45680401
346543;14;5;2019;14:47;0;RUA METON DE ALENCAR;;;1791;;Colisão;Luz do Dia;;;Meio de Quadra;;;0;1;0;0;0;0;0;0;0;1;0;0;-3,730747;-38,539573
346544;14;5;2019;15:05;0;AV H CJ CEARA;;;2194;;Colisão;Luz do Dia;;;Meio de Quadra;;;0;1;0;1;0;0;0;0;0;1;0;0;-3,776645;-38,617769
346545;14;5;2019;16:17;25925;RUA MON ROSA D20/21;RUA JACINTO MATOS;;;;Colisão;Luz do Dia;;;T;Pare;Residencial;0;1;0;1;0;0;0;0;0;1;0;0;;
346546;14;5;2019;16:50;0;RUA MARIO FILHO;;;619;;Atropelamento;Luz do Dia;;;Meio de Quadra;;;0;1;0;0;0;0;0;0;0;1;0;0;-3,807502947;-38,58449918
346547;14;5;2019;17:25;0;AV CARNEIRO DE MENDONCA;;;480;;Atropelamento;Anoitecer;;;Meio de Quadra;;;0;1;0;1;0;0;0;0;0;0;0;0;-3,765627;-38,563646
346548;14;5;2019;18:02;0;AV PRO JOSE ARTHUR CARVALHO;;;;;Colisão;Anoitecer;;;Meio de Quadra;;;0;1;0;0;0;0;0;0;0;0;0;0;;
346540;14;5;2019;14:37;0;AV SGT HERMINIO SAMPAIO;;;5111;;Atropelamento;Luz do Dia;;;Meio de Quadra;;;0;1;0;0;0;0;0;0;0;1;0;0;-3,734065846;-38,58501323
346550;14;5;2019;18:06;0;AV TEN LISBOA;;;1836;;Atropelamento;Anoitecer;;;Meio de Quadra;;;0;1;0;0;0;0;0;0;0;1;0;0;-3,71757;-38,55203
346512;14;5;2019;07:24;0;RUA ESTADO DO RIO;;;690;;Colisão;Luz do Dia;;;Meio de Quadra;;;0;2;0;0;0;0;1;0;0;1;0;0;-3,757017769;-38,56994108
346514;14;5;2019;07:32;0;AV PERIMETRAL;;;623;;Colisão;Luz do Dia;;;Meio de Quadra;;;0;1;0;1;0;0;0;0;0;1;0;0;;
346520;14;5;2019;07:56;9246;RUA BAR RIO BRANCO;AV 13 DE MAIO;;;;Colisão;Luz do Dia;;;Cruz;Semáforo;Comercial;0;2;0;1;0;0;0;0;0;1;0;0;-3,745129;-38,534255
346521;14;5;2019;07:58;0;RUA ZACARIAS GONDIM;;;1015;;Colisão;Luz do Dia;;;Meio de Quadra;;;0;1;0;1;0;0;0;0;0;1;0;0;-3,771803;-38,559752
346522;14;5;2019;08:10;15136;AV MON TABOSA;RUA ANTONIO AUGUSTO;;;;Colisão;Luz do Dia;;;Cruz;Pare;Comercial;0;1;0;1;0;0;0;0;0;1;0;0;-3,724092;-38,511469
346525;14;5;2019;08:41;0;RUA PLACIDO DE CASTRO;;;;;Colisão;Luz do Dia;;;Meio de Quadra;;;0;1;0;1;0;0;0;0;0;1;0;0;;
346526;14;5;2019;09:53;0;RUA REGINA CELIA;;;146;;Queda;Luz do Dia;;;Meio de Quadra;;;0;1;0;0;0;0;0;0;0;1;0;0;-3,842897769;-38,51195707
346527;14;5;2019;10:04;0;RUA CANDIDO MAIA;;;;FROTINHA ANT. BEZERRA;Queda;Luz do Dia;;;Meio de Quadra;;;0;1;0;0;0;0;0;0;0;1;0;0;;
346516;14;5;2019;07:44;0;AV VIS RIO BRANCO;;;2955;;Queda;Luz do Dia;;;Meio de Quadra;;;0;2;0;0;0;0;0;0;0;1;0;0;-3,746873864;-38,52183655
346530;14;5;2019;10:15;17262;RUA ALFREDO DE CASTRO;RUA BAR CANINDE;;;;Atropelamento;Luz do Dia;;;;;;0;1;0;0;0;0;0;0;0;0;0;0;-3,761649;-38,551772
346553;14;5;2019;18:14;23738;RUA ILHA BELA;RUA DELTA;;;;Colisão;Anoitecer;;;;;;0;1;0;1;0;0;0;0;0;1;0;0;-3,789797;-38,576993
344642;15;5;2019;20:32;0;AV GAL OSORIO DE PAIVA;;;;;Queda;;;;Meio de Quadra;;;0;2;0;0;0;0;0;0;0;1;0;0;;
344643;15;5;2019;20:42;0;AV ALM HENRIQUE SABOIA;;;;;Atropelamento;;;;Meio de Quadra;;;1;1;0;0;0;0;0;0;0;1;0;0;-3,737111;-38,485771
344640;15;5;2019;19:50;0;RUA NAT FEIJO;;;740;;Queda;;;;Meio de Quadra;;;0;1;0;0;0;0;0;0;0;1;0;0;-3,72166;-38,55554
343959;15;5;2019;07:58;0;AV ALM HENRIQUE SABOIA;;;0;;Engavetamento;Luz do Dia;Nublado;Molhada;Meio de Quadra;;;0;2;2;1;0;0;0;0;0;1;0;0;;
343964;15;5;2019;16:22;11259;AV BENJAMIM BRASIL;RUA PAURILO BARROSO;;0;;Colisão Lateral;Luz do Dia;Bom;Seca;Cruz;Pare;Comercial;0;1;1;0;0;0;0;0;0;1;0;0;-3,803725;-38,570528
343965;15;5;2019;16:00;12919;AV AGUANAMBI;TR JOSE GOMES DE MOURA;;;;Colisão Lateral;Mal Iluminada;Bom;Seca;T;Não Há Controle;Comercial;0;3;1;1;0;0;0;0;0;1;0;0;-3,737244;-38,524097
343966;15;5;2019;17:25;15231;RUA JOSE NAPOLEAO;RUA JUAZEIRO DO NORTE;;;;Colisão;Luz do Dia;Bom;Seca;Cruz;Pare;Residencial;0;2;1;0;0;0;0;0;0;1;0;0;-3,727391;-38,490146
343967;15;5;2019;19:14;15190;AV ABOLICAO;RUA JOAQUIM NABUCO;;;;Colisão Lateral;Via Iluminada;Bom;Seca;Cruz;Semáforo;Comercial;0;2;1;1;0;0;0;0;0;1;0;0;-3,726373;-38,498436
343968;15;5;2019;17:12;13376;RUA JOAO BRIGIDO;RUA GONCALVES LEDO;;0;;Colisão Transversal;Luz do Dia;Bom;Seca;Cruz;Pare;Residencial;0;0;4;1;0;0;0;0;0;0;0;0;-3,739611;-38,518955
343969;15;5;2019;20:24;0;RUA CRISANTO M DA ROCHA;RUA DR VALDEMAR DE ALCANTARA;;421;;Colisão Transversal;Via Iluminada;Bom;Seca;;;;0;2;0;0;0;0;0;0;0;1;0;0;-3,7992336;-38,48085
343970;15;5;2019;20:30;5117;RUA BORIS;RUA RUFINO DE ALENCAR;;0;;Colisão Transversal;Via Iluminada;Bom;Seca;T;Não Há Controle;Comercial;0;0;2;1;0;0;0;0;0;0;0;0;-3,723953;-38,521067
343961;15;5;2019;09:40;0;AV JOVITA FEITOSA;;;2125;;Colisão Traseira;Luz do Dia;Bom;Seca;Meio de Quadra;Semáforo;Comercial;0;1;0;0;1;0;0;0;0;1;0;0;-3,73985;-38,556413
343962;15;5;2019;13:17;13410;RUA JOAQUIM TORRES;RUA ANTONIO AUGUSTO;;;;Colisão Transversal;Luz do Dia;Bom;Seca;Cruz;Pare;Residencial;0;5;0;1;0;0;0;0;0;0;0;0;-3,741755;-38,517263
344625;15;5;2019;13:33;0;AV GODOFREDO MACIEL;;;684;;Colisão;Luz do Dia;;;Meio de Quadra;;;1;0;1;0;0;1;1;0;0;0;0;0;-3,782382;-38,56557
344629;15;5;2019;14:17;0;RUA FRE MARCELINO;;;1618;;Colisão;Luz do Dia;;;Meio de Quadra;;;0;1;0;0;0;0;0;0;0;0;0;0;-3,74893;-38,55715
344621;15;5;2019;12:44;0;AV FRANCISCO SA;;;3190;;Queda;Luz do Dia;;;Meio de Quadra;;;0;1;0;0;0;0;0;0;0;1;0;0;-3,718081;-38,555342
344623;15;5;2019;13:30;0;RD BR 116;;;6000;KM-06;Colisão;Luz do Dia;;;Meio de Quadra;;;0;1;0;1;0;0;0;0;0;1;0;0;-3,804691;-38,503053
344606;15;5;2019;08:38;0;RUA 860 CJ CEARA;;;;;Atropelamento;Luz do Dia;;;Meio de Quadra;;;0;1;0;0;0;0;0;0;0;1;0;0;;
344607;15;5;2019;09:41;0;AV JOVITA FEITOSA;;;2143;;Colisão;Luz do Dia;;;Meio de Quadra;;;0;1;0;0;0;0;0;0;0;1;0;0;-3,739888935;-38,55662254
344635;15;5;2019;14:25;18407;AV SGT HERMINIO SAMPAIO;RUA VIRGILIO BRIGIDO;;;;Colisão;Luz do Dia;;;Duplo T;Não Há Controle;Comercial;0;1;0;0;0;0;0;0;0;0;0;0;-3,728096;-38,57034
344636;15;5;2019;14:47;0;AV ODILON GUIMARAES;;;1357;;Atropelamento;Luz do Dia;;;Meio de Quadra;;;0;1;0;1;0;0;0;0;0;0;0;0;-3,825933833;-38,47973083
344637;15;5;2019;14:54;0;AV AGUANAMBI;;;779;;Colisão;Luz do Dia;;;Meio de Quadra;;;0;1;0;1;0;0;0;0;0;1;0;0;-3,743378135;-38,52573352
344638;15;5;2019;17:53;7183;RUA NOSSA SRA DAS GRACAS;AV PASTEUR;;;;Atropelamento;Anoitecer;;;Cruz;Não Há Controle;Residencial;0;1;0;1;0;0;0;0;0;0;0;0;-3,708729;-38,558168
344639;15;5;2019;19:25;0;RUA AURELIANO LEAL;;;33;;Atropelamento;;;;Meio de Quadra;;;0;1;0;1;0;0;0;0;0;0;0;0;-3,82235;-38,58305
344614;15;5;2019;09:50;0;AV PERIMETRAL;;;;;Colisão;Luz do Dia;;;Meio de Quadra;;;0;1;0;0;0;0;0;0;0;0;0;0;;
344602;15;5;2019;07:58;0;AV SGT HERMINIO SAMPAIO;;;581;;Queda;Luz do Dia;;;Meio de Quadra;;;0;1;0;0;0;0;0;0;0;1;0;0;-3,7245846;-38,5470278
344604;15;5;2019;08:38;0;RUA COM GARCIA;;;216;;Colisão;Luz do Dia;;;Meio de Quadra;;;0;2;0;1;0;0;0;0;0;1;0;0;-3,787641118;-38,57813556
344598;15;5;2019;07:36;1656;RUA BENI DE CARVALHO;RUA PRO DIAS DA ROCHA;;;;Colisão;Luz do Dia;;;Cruz;Pare;Residencial;0;1;0;1;0;0;0;0;0;1;0;0;-3,745994;-38,495024
344594;15;5;2019;06:52;0;AV AGUANAMBI;;;945;;Colisão;Luz do Dia;;;Meio de Quadra;;;0;1;0;1;0;0;0;0;0;1;0;0;-3,745224;-38,525445
344595;15;5;2019;07:01;0;AV PRS JUSCELINO KUBITSCHEK (PASSARÉ);;;3300;;Queda;Luz do Dia;;;Meio de Quadra;;;0;1;0;0;0;0;0;0;0;1;0;0;-3,80836;-38,5259
342761;15;5;2019;15:10;0;AV DIOGUINHO;;;6368;;Atropelamento;Luz do Dia;Bom;Seca;Meio de Quadra;;;0;1;1;0;0;0;0;0;0;0;0;0;-3,7678136;-38,4402296
342766;15;5;2019;16:00;0;RUA VALPARAISO;;;686;;Colisão Traseira;Luz do Dia;Bom;Seca;Meio de Quadra;;;0;1;1;0;0;0;0;0;0;1;0;0;-3,843831314;-38,52624986
347025;15;5;2019;17:48;0;RUA BERNARDO MANUEL;;;7738;;Colisão;Anoitecer;;;Meio de Quadra;;;0;0;1;1;0;0;0;0;0;0;0;0;-3,785833571;-38,54745123
347027;15;5;2019;07:22;0;AV TRISTAO GONCALVES;;;;;Colisão;Luz do Dia;;;Meio de Quadra;;;0;0;1;1;0;0;0;0;0;0;0;0;;
347028;15;5;2019;23:45;3030;RUA DIOGO CORREIA;RUA ANDRE REBOUCAS;;;;Colisão;;;;Cruz;Semáforo;Comercial;0;0;1;0;0;0;0;0;0;1;0;0;-3,774008;-38,588606
347030;16;5;2019;21:32;0;RUA ISMAEL PORDEUS;;;841;;Colisão;;;;Meio de Quadra;;;0;0;1;1;0;0;0;0;0;0;0;0;-3,72313;-38,46959
342768;16;5;2019;15:30;0;RUA VICENTE LINHARES;;;522;;Colisão Transversal;Luz do Dia;Bom;Seca;Meio de Quadra;;;0;1;1;1;0;0;0;0;0;1;0;0;-3,74232;-38,4997545
342769;16;5;2019;17:55;0;AV EDUARDO GIRAO;;;75;;Colisão Transversal;Anoitecer;Bom;Seca;Meio de Quadra;;;0;1;1;1;0;0;0;0;0;1;0;0;-3,750398624;-38,53741559
343033;16;5;2019;08:40;0;AV SEN CARLOS JEREISSATI (AEROPORTO);;;;KM 02;Colisão;Luz do Dia;;;Meio de Quadra;;;0;1;1;0;0;0;0;0;0;1;0;0;-3,782194;-38,535424
343034;16;5;2019;10:50;0;RD CE-040;;;;KM-03;Colisão;Luz do Dia;;;Meio de Quadra;;;0;2;1;1;0;0;0;0;0;1;0;0;-3,782614325;-38,4810839
343035;16;5;2019;11:45;0;RD CE-040;;;;KM-13;Colisão;Luz do Dia;;;Meio de Quadra;;;0;0;2;1;0;0;0;0;0;0;0;0;-3,866093254;-38,46893682
343971;16;5;2019;08:18;0;RUA DR JOAQUIM BENTO;;;553;;Colisão Lateral;Luz do Dia;Bom;Seca;Meio de Quadra;Pare;Comercial;0;1;1;1;0;0;0;0;0;1;0;0;-3,828286;-38,486757