COD_ACIDENTE;DIA;MES;ANO;HORA;INTERSECAO;LOG1;LOG2;LOG3;NUMERO;REFERENCIA;NATUREZA;ILUMINACAO;TEMPO;SUPERFICIEPISTA;TIPOCRUZAMENTO;CONTROLETRAFEGO;USOSOLO;MORTOS;FERIDOS;ILESOS;AUTOMOVEL;ONIBUS;BICICLETA;CAMINHAO;MICROONIBUS;CICLOMOTOR;MOTOCICLETA;TRACAOANIMAL;TREM;LATITUDE;LONGITUDE
343972;16;5;2019;13:32;0;AV ZEZE DIOGO;;;4930;;Colisão;Luz do Dia;Bom;Seca;Meio de Quadra;Não Há Controle;Comercial;0;1;1;1;0;0;0;0;0;1;0;0;-3,7544563;-38,445534
343973;16;5;2019;14:41;25067;RUA DES PRAXEDES;AV DOS EXPEDICIONARIOS;;;;Colisão Transversal;Luz do Dia;Bom;Seca;Cruz;Semáforo;Comercial;0;1;0;0;0;0;0;0;0;1;0;0;-3,763679;-38,540839
343974;16;5;2019;19:17;0;AV ENG SANTANA JUNIOR;;;3700;POSTO SHELL;Colisão Traseira;Via Iluminada;Bom;Seca;Meio de Quadra;Gesto;Comercial;0;0;2;1;0;0;0;0;0;0;0;0;-3,749809;-38,4901575
343976;16;5;2019;19:38;0;AV PRS COSTA E SILVA;;;5581;;Colisão Lateral;Mal Iluminada;Bom;Seca;Meio de Quadra;Não Há Controle;Comercial;0;1;1;0;0;0;0;0;0;1;0;0;-3,828841;-38,529438
343977;16;5;2019;19:37;22951;AV DR SILAS MUNGUBA;RUA DR JUSTA ARAUJO D45;;0;;Colisão Lateral;Via Iluminada;Bom;Seca;Cruz;Semáforo;Residencial;0;0;1;0;0;0;0;0;0;0;0;0;-3,784586;-38,553426
343978;16;5;2019;20:30;0;RUA JOSE TORRES;;;763;;Colisão Lateral;Luz do Dia;Bom;Seca;Meio de Quadra;Não Há Controle;Comercial;0;1;1;1;0;0;0;0;0;1;0;0;-3,777721444;-38,60664406
343979;16;5;2019;23:05;0;AV SGT HERMINIO SAMPAIO;;;3350;;Colisão Frontal;Via Iluminada;Bom;Seca;Meio de Quadra;Pare;Comercial;0;1;1;1;0;0;0;0;0;1;0;0;-3,728214;-38,570702
344644;16;5;2019;06:25;5191;AV DOM MANUEL;RUA PEREIRA FILGUEIRAS;;;;Colisão;Luz do Dia;;;Cruz;Semáforo;Comercial;0;2;0;0;0;0;0;0;0;1;0;0;-3,725943;-38,520338
344649;16;5;2019;06:54;0;AV DEP PAULINO ROCHA;;;40;;Colisão;Luz do Dia;;;Meio de Quadra;;;0;1;0;1;0;0;0;0;0;1;0;0;-3,801032;-38,507311
344646;16;5;2019;06:35;1604;RUA VICENTE LEITE;RUA GAL TERTULIANO POTYGUARA;;;;Colisão;Luz do Dia;;;Cruz;Pare;Residencial;0;1;0;1;0;0;0;0;0;1;0;0;-3,744078;-38,497657
344659;16;5;2019;07:13;0;AV DR SILAS MUNGUBA;;;;;Colisão;Luz do Dia;;;Meio de Quadra;;;0;1;0;1;0;0;0;0;0;1;0;0;;
344660;16;5;2019;07:22;0;AV JOAO PESSOA;;;5411;;Colisão;Luz do Dia;;;Meio de Quadra;;;0;2;0;1;0;0;0;0;0;1;0;0;-3,758507574;-38,55489915
344657;16;5;2019;07:05;24986;AV ALM HENRIQUE SABOIA;RUA SITIO MEL D56;;;;Queda;Luz do Dia;;;;;;0;1;0;0;0;0;0;0;0;1;0;0;;
344667;16;5;2019;08:14;1246;AV SANTOS DUMONT;RUA BAR ARACATI;;;;Queda;Luz do Dia;;;Cruz;Pare;Comercial;0;1;0;0;0;0;0;0;0;1;0;0;-3,731909;-38,511618
344679;16;5;2019;11:28;0;RUA TOMAS POMPEU;;;565;;Queda;Luz do Dia;;;Meio de Quadra;;;0;1;0;0;0;0;0;0;0;1;0;0;-3,7266146;-38,5033886
344670;16;5;2019;08:23;0;AV ENG LEAL LIMA VERDE (SAPIRANGA/COITE);;;274;;Colisão;Luz do Dia;;;Meio de Quadra;;;0;1;0;1;0;1;0;0;0;0;0;0;-3,79085;-38,4761085
344671;16;5;2019;10:18;0;RUA PRO GOMES BRASIL;;;341;;Colisão;Luz do Dia;;;Meio de Quadra;;;0;1;0;1;0;0;0;0;0;1;0;0;-3,77284;-38,568438
344683;16;5;2019;13:13;0;AV SGT HERMINIO SAMPAIO;;;769;;Colisão;Luz do Dia;;;Meio de Quadra;;;0;1;0;1;0;0;0;0;0;1;0;0;-3,724573;-38,547436
344684;16;5;2019;13:16;0;AV JOSE TAVARES;;;640;;Colisão;Luz do Dia;;;Meio de Quadra;;;0;1;0;0;0;0;0;0;0;1;0;0;-3,8094484;-38,5997538
344685;16;5;2019;14:09;0;RUA VITAL BRASIL;;;1441;;Colisão;Luz do Dia;;;Meio de Quadra;;;0;1;0;1;0;1;0;0;0;0;0;0;-3,77919661;-38,59381404
344686;16;5;2019;14:55;0;AV JOAO PESSOA;;;6760;;Colisão;Luz do Dia;;;Meio de Quadra;;;0;1;0;1;0;0;0;0;0;1;0;0;-3,76903369;-38,5605481
344687;16;5;2019;15:14;0;RUA AQUILES BORIS;;;42;;Colisão;Luz do Dia;;;Meio de Quadra;;;0;1;0;1;0;0;0;0;0;1;0;0;-3,7207975;-38,5210119
344688;16;5;2019;15:22;0;RUA JOSE ONOFRE;;;100;;Queda;Luz do Dia;;;Meio de Quadra;;;0;1;0;0;0;0;0;0;0;1;0;0;-3,80794878;-38,59092012
344681;16;5;2019;11:48;0;RUA JOAO SORONGO;;;251;;Atropelamento;Luz do Dia;;;Meio de Quadra;;;0;1;0;1;0;0;0;0;0;0;0;0;-3,752342115;-38,54197977
344674;16;5;2019;10:54;0;RUA ANTONIO NERY;;;685;;Colisão;Luz do Dia;;;Meio de Quadra;;;0;1;0;1;0;1;0;0;0;0;0;0;-3,778827;-38,600388
344690;16;5;2019;15:57;0;RUA OSCAR ARARIPE;;;1119;;Colisão;Luz do Dia;;;Meio de Quadra;;;0;1;0;1;0;0;0;0;0;1;0;0;-3,790553972;-38,60132503
344691;16;5;2019;16:29;0;AV ALM HENRIQUE SABOIA;;;;;Colisão;Luz do Dia;;;Meio de Quadra;;;0;1;0;1;0;0;0;0;0;1;0;0;;
344692;16;5;2019;16:44;0;RUA RIO PARAGUAI;;;1204;;Atropelamento;Luz do Dia;;;Meio de Quadra;;;0;1;0;0;0;0;0;0;0;1;0;0;-3,7286709;-38,5845436
344693;16;5;2019;17:03;0;AV PDE ANTONIO TOMAS;;;600;;Colisão;Anoitecer;;;Meio de Quadra;;;0;1;0;1;0;0;0;0;0;1;0;0;-3,740495;-38,498619
344694;16;5;2019;17:12;0;RUA DUAS NACOES;;;1371;;Colisão;Anoitecer;;;Meio de Quadra;;;0;1;0;1;0;0;0;0;0;1;0;0;-3,7816288;-38,6033768
344699;16;5;2019;17:48;0;RUA 105 CJ NOVO MONDUBIM;;;152;;Colisão;Anoitecer;;;;;;0;2;0;1;0;0;0;0;0;1;0;0;-3,80864092;-38,58697428
344717;16;5;2019;19:52;0;AV CASTELO DE CASTRO;;;224;;Colisão;;;;Meio de Quadra;;;0;2;0;1;0;0;0;0;0;1;0;0;-3,8310835;-38,5214985
344718;16;5;2019;20:16;0;RUA QUINZE (CANINDEZINHO);;;;;Queda;;;;Meio de Quadra;;;0;1;0;0;0;0;0;0;0;1;0;0;;
344715;16;5;2019;19:33;0;AV G CJ CEARA;;;317;;Colisão;;;;Meio de Quadra;;;0;1;0;1;0;0;0;0;0;1;0;0;-3,772377133;-38,61173307
344713;16;5;2019;18:48;10716;RUA PRO EDGAR DE ARRUDA;RUA PRO HERIBALDO COSTA;;;;Colisão;;;;Não Informado;Não Há Controle;Residencial;0;1;0;1;0;0;0;0;0;1;0;0;-3,759016;-38,583335
344711;16;5;2019;18:24;22951;AV DR SILAS MUNGUBA;RUA DR JUSTA ARAUJO D45;;;;Colisão;Anoitecer;;;Cruz;Semáforo;Residencial;0;1;0;1;0;1;0;0;0;0;0;0;-3,784586;-38,553426
344706;16;5;2019;18:02;0;RUA ANA NERY;;;572;;Colisão;Anoitecer;;;Meio de Quadra;;;0;1;0;0;0;0;0;0;0;0;0;0;-3,752183545;-38,54383545
344720;17;5;2019;04:13;0;AV ODILON GUIMARAES;;;1387;;Queda;;;;Meio de Quadra;;;0;1;0;0;0;0;0;0;0;1;0;0;-3,825468;-38,47936
344722;17;5;2019;06:03;0;AV 13 DE MAIO;;;136;;Queda;Luz do Dia;;;Meio de Quadra;;;0;1;0;0;0;0;0;0;0;1;0;0;-3,753659667;-38,52163267
344723;17;5;2019;06:13;0;RUA TULIPA NEGRA;;;1700;;Queda;Luz do Dia;;;Meio de Quadra;;;0;1;0;0;0;0;0;0;0;1;0;0;-3,821187667;-38,59512617
344724;17;5;2019;08:21;21395;RUA CON BRAVEZA;RUA MAL LOTT;;;;Colisão;Luz do Dia;;;Cruz;Pare;Residencial;0;1;0;1;0;0;0;0;0;1;0;0;-3,801369;-38,49624
344725;17;5;2019;11:30;18486;RUA DES GUIMARAES;RUA SEN ALVARO ADOLFO;;;;Colisão;Luz do Dia;;;;;;0;1;0;0;0;0;0;0;0;1;0;0;-3,732252;-38,57508
344726;17;5;2019;11:51;0;AV GAL OSORIO DE PAIVA;;;;;Colisão;Luz do Dia;;;Meio de Quadra;;;0;1;0;0;0;0;0;0;0;1;0;0;;
344728;17;5;2019;12:03;0;AV F CJ CEARA;;;174;;Colisão;Luz do Dia;;;Meio de Quadra;;;0;1;0;1;0;0;0;0;0;1;0;0;-3,763274828;-38,60813793
344732;17;5;2019;13:00;0;RUA BERNARDO MANUEL;;;10945;;Queda;Luz do Dia;;;Meio de Quadra;;;0;1;0;0;0;0;0;0;0;1;0;0;-3,814706407;-38,55628446
344742;17;5;2019;14:15;0;RUA MANUEL DA NOBREGA;;;242;;Atropelamento;Luz do Dia;;;Meio de Quadra;;;0;1;0;1;0;0;0;0;0;0;0;0;-3,7983414;-38,58393364
344767;17;5;2019;16:41;0;AV DOS JANGADEIROS;;;1111;;Colisão;Luz do Dia;;;Meio de Quadra;;;0;1;0;1;0;0;0;0;0;1;0;0;-3,72697;-38,47945
344755;17;5;2019;14:38;24903;AV MOZART PINHEIRO DE LUCENA;RUA PEDRO SAMPAIO;;;;Colisão;Luz do Dia;;;Cruz;Pare;Residencial;0;1;0;1;0;0;0;0;0;1;0;0;-3,723515;-38,597226
344756;17;5;2019;14:48;0;AV D CJ CEARA;;;1616;;Colisão;Luz do Dia;;;Meio de Quadra;;;0;1;0;1;0;0;0;0;0;1;0;0;-3,766394882;-38,60136652
344763;17;5;2019;16:33;0;RUA PRO ANDRADE FURTADO (PICI);;;;;Queda;Luz do Dia;;;Meio de Quadra;;;0;2;0;0;0;0;0;0;0;1;0;0;;
344764;17;5;2019;16:38;5434;AV HERACLITO GRACA;AV DOM MANUEL;;;;Atropelamento;Luz do Dia;;;Cruz;Semáforo;Comercial;0;1;0;0;0;0;0;0;0;1;0;0;-3,734013;-38,522952
344823;17;5;2019;20:51;0;RUA JUVENAL DE CARVALHO;;;560;;Queda;;;;Meio de Quadra;;;0;1;0;0;0;1;0;0;0;0;0;0;-3,747402576;-38,5251063
344824;17;5;2019;21:12;0;RUA TEODOMIRO DE CASTRO;;;4431;;Colisão;;;;Meio de Quadra;;;0;2;0;1;0;0;0;0;0;1;0;0;-3,718699769;-38,57243562
344834;17;5;2019;21:52;0;RUA BERNARDO MANUEL;;;;;Colisão;;;;Meio de Quadra;;;0;1;0;1;0;1;0;0;0;0;0;0;;
344829;17;5;2019;21:51;0;RUA ENG LUIS MONTENEGRO;;;582;;Queda;;;;Meio de Quadra;;;0;1;0;0;0;1;0;0;0;0;0;0;-3,8140552;-38,6183489
344820;17;5;2019;18:28;0;AV H CJ CEARA;;;1712;;Colisão;Anoitecer;;;Meio de Quadra;;;0;1;0;1;0;0;0;0;0;1;0;0;-3,776195836;-38,61337069
344821;17;5;2019;19:06;0;AV SEN FERNANDES TAVORA;;;1987;;Colisão;;;;Meio de Quadra;;;0;1;0;1;0;1;0;0;0;0;0;0;-3,757984583;-38,59004158
344816;17;5;2019;17:33;5293;RUA PEDRO PEREIRA;RUA SEN POMPEU;;;;Queda;Anoitecer;;;Cruz;Semáforo;Comercial;0;1;0;0;0;0;0;0;0;1;0;0;-3,729114;-38,530289
344818;17;5;2019;17:36;11709;RUA PDE ANTONIO NUNES GURGEL;RUA BUENO;;;;Colisão;Anoitecer;;;;;;0;2;0;1;0;0;0;0;0;1;0;0;-3,772473;-38,593541
344813;17;5;2019;17:28;0;RUA BAR AQUIRAZ;;;1335;;Colisão;Anoitecer;;;Meio de Quadra;;;0;1;0;1;0;0;0;0;0;1;0;0;-3,8426986;-38,483912
344811;17;5;2019;17:23;0;AV EDILSON B SOARES;;;790;;Colisão;Anoitecer;;;Meio de Quadra;;;0;1;0;1;0;0;0;0;0;1;0;0;-3,789298;-38,478792
343980;17;5;2019;09:20;0;AV SANTOS DUMONT;;;7580;;Choque c/ Obstáculo Fixo;Luz do Dia;Bom;Seca;Meio de Quadra;Não Há Controle;Residencial;0;1;0;1;0;0;0;0;0;0;0;0;-3,7466285;-38,466157
343981;17;5;2019;07:25;0;RUA JOSE MATIAS DOS SANTOS;;;0;;Queda;Amanhecer;Bom;Seca;Meio de Quadra;Não Há Controle;Rural;0;1;0;0;0;0;0;0;0;1;0;0;;
343982;17;5;2019;11:20;0;AV DR SILAS MUNGUBA;;;5455;;Colisão;Luz do Dia;Bom;Seca;Meio de Quadra;Semáforo;Residencial;0;2;1;0;0;0;0;0;0;1;0;0;-3,800419;-38,530329
343983;17;5;2019;11:00;5296;RUA GOV SAMPAIO;RUA FRANKLIN TAVORA;;;;Colisão Lateral;Luz do Dia;Bom;Seca;T;Pare;Comercial;0;1;1;0;0;0;0;0;0;1;0;0;-3,729201;-38,524096
343984;17;5;2019;18:30;2822;AV GAL OSORIO DE PAIVA;RUA OSCAR ARARIPE;;;;Colisão Transversal;Via Iluminada;Bom;Seca;T;Semáforo;Residencial;0;2;0;0;0;0;0;0;0;1;0;0;-3,794165;-38,591823
343985;17;5;2019;20:00;0;AV PRS COSTA E SILVA;;;0;;Colisão Lateral;Via Iluminada;Bom;Seca;Meio de Quadra;Não Há Controle;Comercial;0;1;1;1;0;0;0;0;0;1;0;0;;
343986;17;5;2019;00:01;7646;RUA ESTADO DO RIO;RUA ALAGOAS;;;;Colisão Transversal;Via Iluminada;Chuva;Molhada;Cruz;Semáforo;Residencial;0;1;1;0;0;0;0;0;0;1;0;0;-3,759172;-38,571323
343036;17;5;2019;08:30;0;RD CE-040;;;2021;KM-03;Atropelamento;Luz do Dia;;;Meio de Quadra;;;0;1;2;1;0;0;0;0;0;1;0;0;-3,782614325;-38,4810839
343043;17;5;2019;07:10;0;AV SEN CARLOS JEREISSATI (AEROPORTO);;;;KM 02;Colisão;Luz do Dia;;;Meio de Quadra;;;0;2;1;1;0;0;0;0;0;1;0;0;-3,782194;-38,535424
343044;17;5;2019;16:30;0;RD CE-040;;;;KM-07;Colisão;Luz do Dia;;;Meio de Quadra;;;0;0;2;1;1;0;0;0;0;0;0;0;-3,817159445;-38,48303286
343040;17;5;2019;06:40;0;AV SEN CARLOS JEREISSATI (AEROPORTO);;;;KM 01;Colisão;Luz do Dia;;;Meio de Quadra;;;0;2;2;1;0;0;0;0;0;1;0;0;-3,783753;-38,52685
342770;17;5;2019;09:00;15238;RUA TEN BENEVOLO;RUA BAR ARACATI;;;;Colisão Frontal;Luz do Dia;Bom;Seca;Cruz;Pare;Comercial;0;1;1;1;0;0;0;0;0;0;0;0;-3,727628;-38,510266
342771;17;5;2019;13:00;26176;AV ODILON GUIMARAES;RUA AFONSO HENRIQUE;;;;Colisão Frontal;Luz do Dia;Bom;Seca;T;Pare;Comercial;0;2;1;1;0;0;0;0;0;1;0;0;-3,82672;-38,48033
342772;17;5;2019;16:00;19548;AV DR SILAS MUNGUBA;RUA PERU;;;;Colisão Traseira;Luz do Dia;Bom;Molhada;;;;0;1;1;1;0;0;0;0;0;1;0;0;-3,783036;-38,554545
342743;17;5;2019;22:00;0;AV CEL CARVALHO;;;901;;Colisão;;;;Meio de Quadra;;;1;0;1;0;0;0;0;0;0;1;0;0;-3,7103992;-38,5897126
347031;17;5;2019;00:47;0;AV JOAO DE ARAUJO LIMA;;;;;Colisão;;;;Meio de Quadra;;;0;0;1;1;0;0;0;0;0;0;0;0;;
347032;18;5;2019;14:05;0;RUA L CJ VILA VELHA;;;336;;Colisão;Luz do Dia;;;Meio de Quadra;;;0;0;1;1;0;0;0;0;0;0;0;0;-3,7083333;-38,5963888
343069;18;5;2019;18:50;0;RD BR 116;;;3000;KM-03;Atropelamento;;Bom;Seca;Meio de Quadra;;;0;1;1;0;0;0;0;0;0;0;0;0;-3,779838;-38,514372
346804;18;5;2019;19:20;3302;AV GAL OSORIO DE PAIVA;RUA LUIS VIEIRA;;;;Colisão Lateral;Via Iluminada;Bom;Seca;Cruz;Semáforo;Comercial;0;0;2;1;0;0;1;0;0;0;0;0;-3,790879;-38,588616
343047;18;5;2019;07:52;0;AV SEN CARLOS JEREISSATI (AEROPORTO);;;;KM 01;Colisão;Luz do Dia;;;Meio de Quadra;;;0;0;3;1;0;0;1;0;0;0;0;0;-3,783753;-38,52685
343987;18;5;2019;07:13;19298;RUA CARLOS AMORA;RUA 7 DE SETEMBRO;;;;Colisão Transversal;Luz do Dia;Bom;Molhada;Cruz;Pare;Comercial;0;1;1;1;0;0;0;0;0;1;0;0;-3,774601;-38,564122
343988;18;5;2019;07:01;5122;AV IMPERADOR;RUA SAO PAULO;;0;;Colisão Traseira;Luz do Dia;Chuva;Molhada;Cruz;Semáforo;Comercial;0;0;2;1;0;0;0;0;0;0;0;0;-3,724049;-38,533522
343989;18;5;2019;07:22;9170;AV EDUARDO GIRAO;RUA GAL SILVA JUNIOR;;;;Tombamento;Luz do Dia;Bom;Seca;Cruz;Semáforo;Comercial;0;1;0;1;0;0;0;0;0;0;0;0;-3,754309;-38,530785
343990;18;5;2019;06:00;0;AV SANTOS DUMONT;;;7887;;Colisão Frontal;Luz do Dia;Bom;Seca;;;;0;1;1;1;0;0;0;0;0;1;0;0;-3,7487545;-38,453705
343991;18;5;2019;09:49;0;AV GOV RAUL BARBOSA;;;0;;Capotamento;Luz do Dia;Nublado;Seca;Meio de Quadra;Dê Preferência;Comercial;0;1;1;1;0;0;0;0;0;0;0;0;;
343992;18;5;2019;11:50;0;RUA BAR RIO BRANCO;;;1502;;Colisão Lateral;Luz do Dia;Bom;Seca;;;;0;1;1;1;0;0;0;0;0;1;0;0;-3,731453694;-38,52984806
343993;18;5;2019;14:10;0;RUA MORAUJO;;;281;;Colisão Traseira;Luz do Dia;Bom;Seca;Meio de Quadra;Não Há Controle;Residencial;0;1;1;1;0;0;0;0;0;1;0;0;-3,7192411;-38,591328
343994;18;5;2019;17:27;0;RUA CHICO LEMOS;;;555;;Choque c/ Obstáculo Fixo;Luz do Dia;Bom;Seca;Meio de Quadra;Não Há Controle;Residencial;0;0;1;1;0;0;0;0;0;0;0;0;-3,793071684;-38,49833595
343995;18;5;2019;01:30;12614;AV CEL CARVALHO;RUA COS LAFAYETE;;0;;Colisão Traseira;Via Iluminada;Chuva;Molhada;Cruz;Semáforo;Comercial;0;0;2;1;0;0;0;0;0;0;0;0;-3,717512;-38,587938
343996;18;5;2019;19:42;0;AV EDILSON B SOARES;;;1570;;Colisão Transversal;Via Iluminada;Bom;Seca;Meio de Quadra;Gesto;Comercial;0;1;1;1;0;0;0;0;0;1;0;0;-3,788718;-38,472009
343997;18;5;2019;21:49;0;RUA VALDETARIO MOTA;RUA EDUARDO SABOIA;;0;;Colisão Lateral;Via Iluminada;Bom;Seca;Meio de Quadra;;;0;2;1;0;0;0;0;0;0;1;0;0;-3,7373597;-38,4809586
344020;18;5;2019;21:36;9188;RUA PDE BARBOSA DE JESUS;RUA NAPOLEAO LAUREANO;;;;Colisão Lateral;Via Iluminada;Bom;Seca;Cruz;Pare;Comercial;0;1;1;1;0;0;0;0;0;1;0;0;-3,748917;-38,52854
343071;18;5;2019;10:30;0;RD BR 020;;;427;;Tombamento;Luz do Dia;Bom;Seca;Meio de Quadra;;;0;0;1;0;0;0;1;0;0;0;0;0;-3,866;-38,515
344837;18;5;2019;00:08;10807;RUA PORTO VELHO;RUA AUDISIO PINHEIRO;;;;Queda;;;;Cruz;Pare;Residencial;0;1;0;0;0;0;0;0;0;1;0;0;-3,76357;-38,59149
344841;18;5;2019;06:42;0;AV CEL CARVALHO;;;;;Colisão;Luz do Dia;;;Meio de Quadra;;;0;1;0;0;0;0;0;0;0;1;0;0;;
344839;18;5;2019;04:39;0;RUA JURANDIR L ALENCAR;;;;;Queda;;;;Meio de Quadra;;;0;1;0;0;0;0;0;0;0;1;0;0;;
344852;18;5;2019;11:45;6059;AV C CJ CEARA;RUA MIN ALBUQUERQUE LIMA;;;;Colisão;Luz do Dia;;;Com Via Férrea;Não Há Controle;Comercial;0;2;0;0;0;0;0;0;0;1;0;0;;
344849;18;5;2019;11:22;0;AV ENG HUMBERTO MONTE;;;;;Queda;Luz do Dia;;;Meio de Quadra;;;0;1;0;0;0;1;0;0;0;0;0;0;;
344845;18;5;2019;08:03;0;RUA RUFINO DE ALENCAR;;;378;;Atropelamento;Luz do Dia;;;Meio de Quadra;;;0;1;0;1;0;0;0;0;0;0;0;0;-3,7240458;-38,52158449
344846;18;5;2019;08:55;15104;AV HIS RAIMUNDO GIRAO;RUA ILDEFONSO ALBANO;;;;Queda;Luz do Dia;;;Cruz;Gesto;Comercial;0;1;0;0;0;0;0;0;0;1;0;0;-3,721603;-38,509542
344847;18;5;2019;11:18;0;RUA DEMETRIO MENEZES;;;3621;;Colisão;Luz do Dia;;;Meio de Quadra;;;0;2;0;0;0;0;0;0;0;1;0;0;-3,735205;-38,584159
344856;18;5;2019;11:51;0;RUA PDE VALDEVINO;;;175;;Queda;Luz do Dia;;;Meio de Quadra;;;0;1;0;0;0;0;0;0;0;1;0;0;-3,73737819;-38,52237621
344857;18;5;2019;11:55;0;RUA ANTERO QUENTAL;;;10;;Queda;Luz do Dia;;;Meio de Quadra;;;0;1;0;0;0;0;0;0;0;1;0;0;-3,8511281;-38,4925958
344873;18;5;2019;12:55;0;AV FRANCISCO SA;;;;;Queda;Luz do Dia;;;Meio de Quadra;;;0;1;0;0;0;0;0;0;0;1;0;0;;
344914;18;5;2019;08:10;0;ET DO JATOBA;;;3642;;Colisão;Luz do Dia;;;Meio de Quadra;;;0;1;0;1;0;0;0;0;0;1;0;0;-3,803838;-38,628103
344906;18;5;2019;21:14;19540;RUA CASIMIRO DE ABREU;RUA JULIO GASPAR;;;;Atropelamento;;;;Cruz;Pare;Residencial;0;1;0;1;0;0;0;0;0;0;0;0;-3,782426;-38,563108
344907;18;5;2019;21:25;0;RUA CAMELIA;;;571;;Queda;;;;Meio de Quadra;;;0;1;0;0;0;1;0;0;0;0;0;0;-3,707947;-38,56679932
344909;18;5;2019;23:28;0;RUA OSCAR ARARIPE;;;1519;;Colisão;;;;Meio de Quadra;;;0;1;0;0;0;1;0;0;0;1;0;0;-3,789413918;-38,60490044
344910;18;5;2019;23:55;0;AV ENG SANTANA JUNIOR;;;;;Colisão;;;;Meio de Quadra;;;0;1;0;0;0;0;0;0;0;0;0;0;;
344895;18;5;2019;16:50;0;AV MOZART PINHEIRO DE LUCENA;;;1200;;Colisão;Luz do Dia;;;Meio de Quadra;;;0;1;0;1;0;0;0;0;0;1;0;0;-3,7132265;-38,594238
344896;18;5;2019;16:59;15815;RUA CEL GUILHERME ALENCAR;RUA MANUEL CASTELO BRANCO;;;;Colisão;Luz do Dia;;;Cruz;Pare;Comercial;0;1;0;0;0;0;0;0;0;0;0;0;-3,831934;-38,491829
344897;18;5;2019;17:22;0;AV GAL OSORIO DE PAIVA;;;6807;;Colisão;Anoitecer;;;Meio de Quadra;;;0;1;0;1;0;0;0;0;0;1;0;0;-3,813607;-38,610667
344898;18;5;2019;18:19;0;AV PRO JOSE ARTHUR CARVALHO;;;2200;;Colisão;Anoitecer;;;Meio de Quadra;;;0;1;0;1;0;0;0;0;0;1;0;0;-3,824616608;-38,45964165
344899;18;5;2019;19:21;0;AV CEL CARVALHO;;;2519;;Colisão;;;;Meio de Quadra;;;0;1;0;1;0;0;0;0;0;1;0;0;-3,724867616;-38,58596081
344900;18;5;2019;19:49;0;RUA BOM JESUS (GRANJA LISBOA);;;2532;;Atropelamento;;;;Meio de Quadra;;;0;1;0;0;0;0;0;0;0;1;0;0;-3,78977;-38,61566
344890;18;5;2019;14:16;18688;RUA TEREZA BERNARDO;RUA SAQUAREMA;;;;Colisão;Luz do Dia;;;;;;0;2;0;0;0;0;0;0;0;1;0;0;-3,8412;-38,527725
344891;18;5;2019;14:43;0;AV GAL OSORIO DE PAIVA;;;7001;;Colisão;Luz do Dia;;;Meio de Quadra;;;0;1;0;1;0;0;0;0;0;1;0;0;-3,814295;-38,61136
344892;18;5;2019;15:32;15316;RUA REPUBLICA DO LIBANO;RUA JOAQUIM NABUCO;;;;Colisão;Luz do Dia;;;Cruz;Não Há Controle;Residencial;0;1;0;0;0;0;0;0;0;0;0;0;-3,730318;-38,4997
344887;18;5;2019;13:20;0;RUA 35 CJ NOVA ASSUNCAO;;;336;;Colisão;Luz do Dia;;;Meio de Quadra;;;0;1;0;1;0;1;0;0;0;0;0;0;-3,73751;-38,52965
344884;18;5;2019;13:09;0;AV PERIMETRAL;;;2425;;Queda;Luz do Dia;;;Meio de Quadra;;;0;2;0;0;0;0;0;0;0;1;0;0;;
344868;18;5;2019;12:55;0;AV DOS EXPEDICIONARIOS;;;4435;;Colisão;Luz do Dia;;;Meio de Quadra;;;0;2;0;1;0;0;0;0;0;1;0;0;-3,757345;-38,538903
344911;19;5;2019;00:03;0;AV DR SILAS MUNGUBA;;;3375;;Colisão;;;;Meio de Quadra;;;0;2;0;1;0;0;0;0;0;1;0;0;-3,789223615;-38,54369854
344912;19;5;2019;00:53;0;RUA SGT JOAO PINHEIRO;;;;;Queda;;;;Meio de Quadra;;;0;1;0;0;0;0;0;0;0;1;0;0;;
344913;19;5;2019;02:20;0;RUA LEAO VELOSO;;;511;;Atropelamento;;;;Meio de Quadra;;;0;1;0;1;0;0;0;0;0;0;0;0;-3,80999;-38,4956
344908;19;5;2019;22:21;13534;RUA JOAO CORDEIRO;AV SORIANO ALBUQUERQUE;;;;Atropelamento;;;;Cruz;Não Há Controle;Comercial;0;1;0;1;0;0;0;0;0;0;0;0;-3,747871;-38,519458
344922;19;5;2019;13:46;0;RUA PEREIRA DE MIRANDA;;;575;;Colisão;Luz do Dia;;;Meio de Quadra;;;0;1;0;0;0;0;0;0;0;0;0;0;-3,7401393;-38,4808266
344917;19;5;2019;08:16;0;RUA URUCUTUBA;;;1579;;Colisão;Luz do Dia;;;Meio de Quadra;;;0;1;0;1;0;0;0;0;0;1;0;0;-3,797921;-38,610347
344918;19;5;2019;11:27;0;RD BR 116;;;10000;KM-10;Atropelamento;Luz do Dia;;;Meio de Quadra;;;0;1;0;0;0;0;0;0;0;1;0;0;-3,834435;-38,503373
344919;19;5;2019;12:05;0;AV ROGACIANO LEITE;;;;;Colisão;Luz do Dia;;;Meio de Quadra;;;0;1;0;0;0;0;0;0;0;0;0;0;;