COD_ACIDENTE;DIA;MES;ANO;HORA;INTERSECAO;LOG1;LOG2;LOG3;NUMERO;REFERENCIA;NATUREZA;ILUMINACAO;TEMPO;SUPERFICIEPISTA;TIPOCRUZAMENTO;CONTROLETRAFEGO;USOSOLO;MORTOS;FERIDOS;ILESOS;AUTOMOVEL;ONIBUS;BICICLETA;CAMINHAO;MICROONIBUS;CICLOMOTOR;MOTOCICLETA;TRACAOANIMAL;TREM;LATITUDE;LONGITUDE
344920;19;5;2019;12:10;0;AV JOR THOMAZ COELHO;;;1578;;Atropelamento;Luz do Dia;;;Meio de Quadra;;;0;1;0;0;0;0;0;0;0;1;0;0;-3,829904271;-38,50913561
344930;19;5;2019;16:03;1273;AV SANTOS DUMONT;RUA DR JOSE LOURENCO;;;;Colisão;Luz do Dia;;;Cruz;Pare;Comercial;0;1;0;1;0;0;0;0;0;1;0;0;-3,733299;-38,50738
344928;19;5;2019;16:02;0;RUA CEL FRANCISCO ALVES RIBEIRO;;;;;Colisão;Luz do Dia;;;Meio de Quadra;;;0;2;0;0;0;0;0;0;0;1;0;0;;
344925;19;5;2019;15:41;12618;RUA COS LAFAYETE;RUA RIO ARAGUAIA;;;;Queda;Luz do Dia;;;Cruz;Pare;Misto;0;1;0;0;0;1;0;0;0;0;0;0;-3,718123;-38,58141
344926;19;5;2019;15:44;8936;RUA PRC ISABEL;AV DOMINGOS OLIMPIO;;;;Queda;Luz do Dia;;;Cruz;Semáforo;Comercial;0;1;0;0;0;0;0;0;0;1;0;0;-3,734438;-38,53779
344932;19;5;2019;16:42;0;RUA C (LOT PRQ ARACAPE);;;;;Queda;Luz do Dia;;;Meio de Quadra;;;0;1;0;0;0;0;0;0;0;1;0;0;;
344936;19;5;2019;16:50;0;RUA MACIEL LUZ;;;300;;Colisão;Luz do Dia;;;Meio de Quadra;;;0;2;0;1;0;0;0;0;0;1;0;0;-3,81073;-38,63207
344945;19;5;2019;17:16;16057;AV PRS COSTA E SILVA;AV GODOFREDO MACIEL;;;;Colisão;Anoitecer;;;;;;0;2;0;0;0;0;0;0;0;1;0;0;-3,811743;-38,574739
344946;19;5;2019;17:45;17474;AV ABOLICAO;RUA JUVENCIO VASCONCELOS;;;;Atropelamento;Anoitecer;;;T;Semáforo;Comercial;0;1;0;1;0;0;0;0;0;0;0;0;-3,724048;-38,481815
344947;19;5;2019;18:02;12685;AV CEL CARVALHO;AV DA INDEPENDENCIA;;;;Colisão;Anoitecer;;;Cruz;Gesto;Comercial;0;1;0;1;0;0;0;0;0;1;0;0;-3,728711;-38,584952
344948;19;5;2019;18:11;0;RUA PRIMEIRO DE JANEIRO;;;962;;Atropelamento;Anoitecer;;;Meio de Quadra;;;0;1;0;0;1;0;0;0;0;0;0;0;-3,784107595;-38,56912154
344949;19;5;2019;18:25;0;RUA ESTEVAO DE CAMPOS;;;505;;Colisão;Anoitecer;;;Meio de Quadra;;;0;1;0;1;0;0;0;0;0;1;0;0;-3,705438;-38,578842
344959;19;5;2019;20:47;7211;AV DR THEBERGE;AV PRS CASTELO BRANCO;;;;Colisão;;;;Cruz;Semáforo;Comercial;0;1;0;1;0;0;0;0;0;1;0;0;-3,710079;-38,563456
344960;19;5;2019;21:42;0;AV BEZERRA DE MENEZES;;;549;;Queda;;;;Meio de Quadra;;;0;2;0;0;0;0;0;0;0;1;0;0;-3,732636;-38,549851
344961;19;5;2019;21:46;0;AV SGT HERMINIO SAMPAIO;;;4553;;Queda;;;;Meio de Quadra;;;0;1;0;0;0;0;0;0;0;1;0;0;-3,731982;-38,580411
344964;19;5;2019;21:47;0;AV PRS CASTELO BRANCO;;;;;Atropelamento;;;;Meio de Quadra;;;0;1;0;0;1;0;0;0;0;0;0;0;;
344965;19;5;2019;22:12;0;RUA DR JUSTA ARAUJO D45;;;831;;Queda;;;;Meio de Quadra;;;0;1;0;0;0;0;0;0;0;1;0;0;-3,7830698;-38,5528058
344966;19;5;2019;22:35;0;ET DO JATOBA;;;3758;;Colisão;;;;Meio de Quadra;;;0;1;0;0;0;0;0;0;0;1;0;0;-3,80448;-38,628248
344967;19;5;2019;23:44;25486;AV SEN CARLOS JEREISSATI (AEROPORTO);AV ALBERTO CRAVEIRO;;;;Colisão;;;;Y;Semáforo Intermitente;Outros;0;1;0;1;0;0;0;0;0;1;0;0;-3,783767;-38,516874
344951;19;5;2019;18:49;0;AV GAL OSORIO DE PAIVA;;;4873;;Colisão;;;;Meio de Quadra;;;0;1;0;1;0;0;0;0;0;0;0;0;-3,801473;-38,598915
344952;19;5;2019;19:02;0;RUA GRIJALVA COSTA;;;399;;Colisão;;;;Meio de Quadra;;;0;1;0;1;0;0;0;0;0;1;0;0;-3,752760161;-38,54230208
344953;19;5;2019;19:05;0;RUA ANA NERY;;;381;;Queda;;;;Meio de Quadra;;;0;1;0;0;0;0;0;0;0;1;0;0;-3,753203;-38,542705
344954;19;5;2019;19:29;0;AV JOSE BASTOS;;;;;Queda;Anoitecer;;;Meio de Quadra;;;0;1;0;0;0;0;0;0;0;1;0;0;;
344955;19;5;2019;20:03;0;RUA JULIO ALCIDES;;;320;;Colisão;;;;Meio de Quadra;;;0;1;0;1;0;0;0;0;0;1;0;0;-3,788689263;-38,564061
344956;19;5;2019;20:28;0;AV GAL OSORIO DE PAIVA;;;4336;;Colisão;;;;Meio de Quadra;;;0;1;0;1;0;0;0;0;0;1;0;0;-3,7952158;-38,5928972
344957;19;5;2019;20:47;0;RUA CEL JOAO CORREIA;;;987;;Colisão;;;;Meio de Quadra;;;0;1;0;0;0;0;0;0;0;1;0;0;-3,792805;-38,601607
343999;19;5;2019;02:10;0;RUA LEAO DO NORTE;;;318;;Engavetamento;Via Iluminada;Bom;Seca;Meio de Quadra;Não Há Controle;Residencial;0;1;1;1;0;0;0;0;0;0;0;0;-3,783113805;-38,57827953
344000;19;5;2019;19:55;0;RUA CANUTO DE AGUIAR;;;1469;;Colisão Lateral;Via Iluminada;Nublado;Molhada;Meio de Quadra;Não Há Controle;Comercial;0;0;2;1;0;0;0;0;0;0;0;0;-3,7325202;-38,4895796
344001;19;5;2019;18:10;0;RUA PRIMEIRO DE JANEIRO;;;954;;Atropelamento;Via Iluminada;Chuva;Molhada;Meio de Quadra;Não Há Controle;Comercial;0;1;1;0;1;0;0;0;0;0;0;0;-3,784141757;-38,56902932
344002;19;5;2019;20:50;0;AV GAL OSORIO DE PAIVA;;;4849;;Engavetamento;Mal Iluminada;Bom;Seca;Meio de Quadra;Semáforo;Comercial;0;0;4;1;0;0;0;0;0;0;0;0;-3,801285;-38,59873254
343050;19;5;2019;18:00;0;RD CE-040;;;;KM-09;Engavetamento;Anoitecer;;;Meio de Quadra;;;0;0;3;1;0;0;0;0;0;0;0;0;-3,834450897;-38,48246582
343052;19;5;2019;18:00;0;AV SEN CARLOS JEREISSATI (AEROPORTO);;;;BASE AÉREA;Colisão;Anoitecer;;;Meio de Quadra;;;0;0;2;1;1;0;0;0;0;0;0;0;-3,779256;-38,545049
342773;19;5;2019;20:25;0;RUA DR THOMPSON BULCAO;;;;;Colisão Lateral;;Bom;Seca;Meio de Quadra;;;0;1;1;1;0;0;0;0;0;1;0;0;;
342775;19;5;2019;01:00;5180;RUA TEN BENEVOLO;RUA DOM JOAQUIM;;;;Colisão Transversal;;Bom;Seca;Cruz;Pare;Comercial;0;2;1;1;0;0;0;0;0;1;0;0;-3,725524;-38,51667
342780;19;5;2019;12:40;0;RUA ANTONIO PEREIRA;;;256;;Colisão Lateral;Luz do Dia;Bom;Seca;Meio de Quadra;;;0;1;1;0;0;0;0;0;0;1;0;0;-3,8337386;-38,5631575
347035;19;5;2019;08:00;0;AV MIGUEL DIAS;;;1125;;Colisão;Luz do Dia;;;Meio de Quadra;;;0;0;1;1;0;0;0;0;0;0;0;0;-3,7786111;-38,4880555
347037;19;5;2019;17:30;0;AV BEIRA MAR;;;;;Colisão;Anoitecer;;;Meio de Quadra;;;0;0;1;1;0;0;0;0;0;0;0;0;;
347040;20;5;2019;21:00;0;RUA CASTRO E SILVA;;;2424;;Colisão;;;;Meio de Quadra;;;0;0;1;0;0;0;0;0;0;1;0;0;;
342785;20;5;2019;18:00;17283;RUA QUEIROZ RIBEIRO;RUA BENJAMIN CARNEIRO GIRAO;;;;Engavetamento;Anoitecer;Bom;Seca;Cruz;Pare;Residencial;0;0;3;1;0;0;0;0;0;0;0;0;-3,762749;-38,545656
342786;20;5;2019;14:00;0;AV BEZERRA DE MENEZES;;;3401;;Colisão Lateral;Luz do Dia;Chuva;Molhada;Meio de Quadra;;;0;1;1;1;0;0;0;0;0;1;0;0;-3,736566;-38,56852
342783;20;5;2019;17:15;0;AV JOR THOMAZ COELHO;;;2770;;Colisão;Anoitecer;Bom;Seca;Meio de Quadra;;;0;1;1;0;1;1;0;0;0;0;0;0;-3,828479984;-38,51954276
344003;20;5;2019;01:00;0;AV GOV RAUL BARBOSA;;;7486;;Choque c/ Obstáculo Fixo;Mal Iluminada;Chuva;Molhada;Meio de Quadra;Pare;Residencial;0;2;0;1;0;0;0;0;0;0;0;0;-3,776950281;-38,51337806
344004;20;5;2019;01:36;0;RUA MARIA GOMES DE SA;;;0;;Colisão Frontal;Via Iluminada;Chuva;Molhada;Meio de Quadra;Não Há Controle;Residencial;0;0;1;0;0;0;0;0;0;1;0;0;;
344005;20;5;2019;08:22;0;AV AGUANAMBI;;;1827;;Colisão Traseira;Luz do Dia;Chuva;Molhada;Meio de Quadra;Não Há Controle;Comercial;0;0;1;1;1;0;0;0;0;0;0;0;-3,753216338;-38,52342451
344006;20;5;2019;09:44;19068;AV ENG SANTANA JUNIOR;RUA PRO SILAS RIBEIRO;;;;Colisão Traseira;Luz do Dia;Chuva;Molhada;Cruz;Semáforo;Comercial;0;1;0;1;0;0;0;0;0;1;0;0;-3,736968;-38,482901
344007;20;5;2019;13:00;0;AV HEROIS DO ACRE;;;492;;Colisão Transversal;Luz do Dia;Nublado;Seca;Meio de Quadra;Não Há Controle;Comercial;0;1;1;1;0;0;0;0;0;0;0;0;-3,80318;-38,533651
344008;20;5;2019;18:00;0;AV JOSE JATAHY;;;0;;Colisão Lateral;Via Iluminada;Bom;Seca;Meio de Quadra;Não Há Controle;Escola;0;1;1;1;0;0;0;0;0;1;0;0;;
344009;20;5;2019;19:25;0;RUA METON DE ALENCAR;;;1791;;Colisão Lateral;Via Iluminada;Bom;Seca;Meio de Quadra;Não Há Controle;Comercial;0;0;2;1;1;0;0;0;0;0;0;0;-3,730747;-38,539573
344010;20;5;2019;23:08;0;AV AUGUSTO DOS ANJOS;;;1791;;Colisão Traseira;Via Iluminada;Chuva;Molhada;Meio de Quadra;Semáforo;Comercial;0;0;2;1;0;0;0;0;0;1;0;0;-3,781737;-38,5805404
344011;20;5;2019;07:51;25127;AV ENG HUMBERTO MONTE;RUA BOLIVIA;;;;Colisão;Luz do Dia;Chuva;Inundada;Cruz;Pare;Comercial;0;2;0;0;0;0;0;0;0;1;0;0;-3,743796;-38,564826
344968;20;5;2019;01:04;0;AV C CJ CEARA;;;;;Colisão;;;;Meio de Quadra;;;0;1;0;1;0;0;0;0;0;1;0;0;;
344969;20;5;2019;01:20;0;AV ABOLICAO;;;;;Colisão;;;;Meio de Quadra;;;0;1;0;1;0;0;0;0;0;1;0;0;;
344970;20;5;2019;02:22;0;RUA BERNARDO MANUEL;;;7638;;Colisão;;;;Meio de Quadra;;;0;1;0;1;0;0;0;0;0;1;0;0;-3,7850955;-38,547231
344971;20;5;2019;05:54;0;AV GODOFREDO MACIEL;;;;;Colisão;Amanhecer;;;Meio de Quadra;;;0;1;0;1;0;0;0;0;0;1;0;0;;
344976;20;5;2019;06:41;1592;RUA CAROLINA SUCUPIRA;RUA CEL JUCA;;;;Colisão;Luz do Dia;;;Cruz;Pare;Residencial;0;1;0;1;0;0;0;0;0;0;0;0;-3,743389;-38,493114
344977;20;5;2019;07:17;0;AV GODOFREDO MACIEL;;;2335;;Colisão;Luz do Dia;;;Meio de Quadra;;;0;2;0;1;0;0;0;0;0;1;0;0;-3,795871444;-38,56972411
344974;20;5;2019;06:29;5424;RUA METON DE ALENCAR;RUA BAR RIO BRANCO;;;;Colisão;Luz do Dia;;;Cruz;Semáforo;Comercial;0;1;0;1;0;0;0;0;0;1;0;0;-3,733701;-38,530563
344985;20;5;2019;09:54;0;RUA PDE VALDEVINO;;;2640;;Queda;Luz do Dia;;;Meio de Quadra;;;0;1;0;0;0;0;0;0;0;1;0;0;-3,743755438;-38,50193763
344986;20;5;2019;10:12;0;RUA PRO EDGAR DE ARRUDA;;;1656;;Colisão;Luz do Dia;;;Meio de Quadra;;;0;1;0;1;0;0;0;0;0;1;0;0;-3,755767353;-38,589404
344987;20;5;2019;10:22;0;AV PRS CASTELO BRANCO;;;2155;;Atropelamento;Luz do Dia;;;Meio de Quadra;;;0;1;0;1;0;0;0;0;0;0;0;0;-3,714213187;-38,54729431
344982;20;5;2019;08:42;0;RUA PROF. MANOEL LOURENCO;;;;;Colisão;Luz do Dia;;;Meio de Quadra;;;0;1;0;1;0;0;0;0;0;1;0;0;;
344983;20;5;2019;09:16;0;RUA BERNARDO MANUEL;;;575;;Colisão;Luz do Dia;;;Meio de Quadra;;;0;1;0;1;0;1;0;0;0;0;0;0;-3,7425992;-38,5659458
344979;20;5;2019;07:50;0;AV JOSE LEON;;;2690;;Colisão;Luz do Dia;;;Meio de Quadra;;;0;1;0;1;0;0;0;0;0;1;0;0;-3,790996;-38,488668
345006;20;5;2019;21:18;0;AV BEZERRA DE MENEZES;;;60;;Colisão;;;;Meio de Quadra;;;0;3;0;0;0;0;0;0;0;1;0;0;-3,7304994;-38,5401692
345002;20;5;2019;18:58;0;AV PRS COSTA E SILVA;;;2425;;Colisão;;;;Meio de Quadra;;;0;1;0;1;0;0;0;0;0;1;0;0;-3,820219;-38,56022361
345003;20;5;2019;20:28;0;AV JOVITA FEITOSA;;;3038;;Atropelamento;;;;Meio de Quadra;;;0;1;0;0;1;0;0;0;0;0;0;0;-3,741612436;-38,56505756
344989;20;5;2019;10:27;0;RUA DOM MANUEL DE MEDEIROS;;;444;;Queda;Luz do Dia;;;Meio de Quadra;;;0;1;0;0;0;0;0;0;0;1;0;0;-3,735806963;-38,54805737
344990;20;5;2019;11:30;11332;RUA ROSA CRUZ;AV GODOFREDO MACIEL;;;;Colisão;Luz do Dia;;;Cruz;Não Há Controle;Comercial;0;1;0;0;0;0;0;0;0;1;0;0;-3,797817;-38,570334
344991;20;5;2019;11:44;0;RUA LEANDRO HENRIQUE;;;1077;;Colisão;Luz do Dia;;;Meio de Quadra;;;0;1;0;1;0;0;0;0;0;1;0;0;;
344992;20;5;2019;11:54;12864;AV DOMINGOS OLIMPIO;RUA ASSUNCAO;;;;Colisão;Luz do Dia;;;Cruz;Semáforo;Comercial;0;1;0;0;0;0;0;0;0;1;0;0;-3,737192;-38,529548
344993;20;5;2019;12:04;0;RUA FRANCISCO XAVIER;;;1100;;Colisão;Luz do Dia;;;Meio de Quadra;;;0;1;0;1;0;0;0;0;0;1;0;0;-3,8491397;-38,4877383
344994;20;5;2019;12:36;0;RUA EMILIO DE MENESES;;;1987;;Queda;Luz do Dia;;;Meio de Quadra;;;0;1;0;0;0;0;0;0;0;1;0;0;-3,778556342;-38,59877158
344995;20;5;2019;13:51;0;RUA SEN POMPEU;;;2672;;Colisão;Luz do Dia;;;Meio de Quadra;;;0;1;0;1;0;0;0;0;0;1;0;0;-3,742026885;-38,53419873
344996;20;5;2019;14:38;0;AV PLACIDO CASTELO;;;560;;Colisão;Luz do Dia;;;Meio de Quadra;;;0;1;0;0;0;0;0;0;0;0;0;0;-3,7826715;-38,5068095
344997;20;5;2019;15:51;0;RUA DR GILBERTO STUDART;;;1839;;Colisão;Luz do Dia;;;Meio de Quadra;;;0;1;0;1;0;0;0;0;0;1;0;0;-3,746506;-38,472016
344998;20;5;2019;17:18;0;AV MOZART PINHEIRO DE LUCENA;;;2900;;Colisão;Anoitecer;;;Meio de Quadra;;;0;1;0;1;0;1;0;0;0;0;0;0;-3,729612;-38,598914
344999;20;5;2019;17:39;0;RUA ANDRADE FURTADO;;;1716;;Colisão;Anoitecer;;;Meio de Quadra;;;0;1;0;1;0;0;0;0;0;1;0;0;-3,747482;-38,474343
345000;20;5;2019;18:07;0;RUA GERMANO FRANCK;;;905;;Queda;Anoitecer;;;Meio de Quadra;;;0;2;0;0;0;0;0;0;0;1;0;0;-3,778854963;-38,56391019
345008;20;5;2019;21:19;0;AV GODOFREDO MACIEL;;;;;Colisão;;;;Meio de Quadra;;;0;1;0;1;0;0;0;0;0;1;0;0;;
345009;20;5;2019;22:12;0;AV FRE CIRILO;;;;;Queda;;;;Meio de Quadra;;;0;1;0;0;0;0;0;0;0;1;0;0;;
345011;20;5;2019;22:24;0;RUA SGT JOAO PINHEIRO;;;;;Queda;;;;Meio de Quadra;;;0;1;0;0;0;0;0;0;0;1;0;0;;
345014;20;5;2019;22:56;5256;RUA COSTA BARROS;RUA DNA LEOPOLDINA;;;;Queda;;;;Cruz;Semáforo;Comercial;0;1;0;0;0;0;0;0;0;1;0;0;-3,728094;-38,5186
345082;21;5;2019;22:10;0;RUA NEREU RAMOS;;;;;Queda;;;;Meio de Quadra;;;0;1;0;0;0;0;0;0;0;1;0;0;;
345049;21;5;2019;09:29;0;AV GAL OSORIO DE PAIVA;;;4059;;Colisão;Luz do Dia;;;Meio de Quadra;;;0;2;0;1;0;0;0;0;0;1;0;0;-3,7926152;-38,5902857
345074;21;5;2019;21:58;0;RUA TEODOMIRO DE CASTRO;;;6147;;Atropelamento;;;;Meio de Quadra;;;0;1;0;0;0;0;0;0;0;1;0;0;-3,71736;-38,57542
345070;21;5;2019;18:35;5442;AV VIS RIO BRANCO;RUA GAL CLARINDO DE QUEIROZ;;;;Colisão;;;;;;;0;1;0;0;0;0;0;0;0;1;0;0;-3,734584;-38,524385
345057;21;5;2019;15:29;1280;RUA PINTO MADEIRA;RUA ILDEFONSO ALBANO;;;;Colisão;Luz do Dia;;;Cruz;Semáforo;Comercial;0;1;0;0;0;0;0;0;0;1;0;0;-3,73361;-38,513317
345058;21;5;2019;16:23;12867;RUA JAIME BENEVOLO;RUA JOAQUIM MAGALHAES;;;;Colisão;Luz do Dia;;;Cruz;Não Há Controle;Comercial;0;1;0;1;0;0;0;0;0;1;0;0;-3,739942;-38,527961
345059;21;5;2019;16:58;0;RUA ICAPUY;;;;;Queda;Luz do Dia;;;Meio de Quadra;;;0;1;0;0;0;0;0;0;0;1;0;0;;
345051;21;5;2019;11:25;5188;RUA TEN BENEVOLO;RUA NOGUEIRA ACIOLI;;;;Colisão;Luz do Dia;;;Cruz;Pare;Residencial;0;1;0;1;0;0;0;0;0;0;0;0;-3,725858;-38,515591
345052;21;5;2019;12:19;11642;TR RIO DE JANEIRO;RUA VITORIA (AV. PERIMETRAL);;;;Colisão;Luz do Dia;;;;;;0;1;0;1;0;0;0;0;0;1;0;0;-3,768826;-38,590369
345053;21;5;2019;12:40;0;RUA JOAO PRIMEIRO D43;;;360;;Queda;Luz do Dia;;;Meio de Quadra;;;0;1;0;0;0;1;0;0;0;0;0;0;-3,802548706;-38,56700725
345054;21;5;2019;13:43;0;AV SGT HERMINIO SAMPAIO;;;1176;;Queda;Luz do Dia;;;Meio de Quadra;;;0;1;0;0;0;0;0;0;0;1;0;0;-3,7247605;-38,5515845
345045;21;5;2019;08:00;0;RUA PRO COSTA MENDES;;;106;;Colisão;Luz do Dia;;;Meio de Quadra;;;0;2;0;0;0;0;0;0;0;0;0;0;-3,8597488;-38,4955629
345042;21;5;2019;07:00;11020;RUA GERMANO FRANCK;RUA AJURAMA;;;;Colisão;Luz do Dia;;;T;Semáforo;Residencial;0;1;0;1;0;0;0;0;0;1;0;0;-3,773829;-38,557982
344012;21;5;2019;08:27;11821;RUA MON DANTAS;RUA OLEGARIO MARIANO;;0;;Colisão Lateral;Luz do Dia;Bom;Seca;T;Pare;Residencial;0;0;2;1;0;0;0;0;0;0;0;0;-3,719119;-38,548627
344013;21;5;2019;08:52;7693;RUA RIO GRANDE DO SUL;RUA CEARA;;;;Colisão Transversal;Luz do Dia;Bom;Seca;Cruz;Semáforo;Comercial;0;1;1;1;0;0;0;0;0;1;0;0;-3,758036;-38,567187
344014;21;5;2019;11:12;0;RUA CON DE CASTRO;;;1780;;Acidente Pessoal;Luz do Dia;Bom;Seca;Meio de Quadra;Não Há Controle;Escola;0;0;1;0;0;0;0;0;0;0;0;0;-3,786350471;-38,57466971
344015;21;5;2019;16:27;0;RUA AUDISIO PINHEIRO;;;1725;;Colisão Transversal;Luz do Dia;Bom;Seca;Meio de Quadra;Não Há Controle;Residencial;0;1;0;0;0;0;0;0;0;1;0;0;-3,766190842;-38,59279603
344016;21;5;2019;15:10;23778;RUA ESPANHA;RUA LINS DO REGO;;161;;Colisão Transversal;Luz do Dia;Bom;Seca;Cruz;Pare;Residencial;0;0;2;0;0;0;0;0;0;1;0;0;-3,784576;-38,574889
344017;21;5;2019;15:00;1341;RUA AFONSO CELSO;RUA MON BRUNO;;;;Colisão Transversal;Via Iluminada;Bom;Seca;Cruz;Pare;Comercial;0;2;0;0;0;0;0;0;0;0;0;0;-3,735734;-38,510519
344018;21;5;2019;18:30;9041;RUA ASSUNCAO;RUA PDE MIGUELINHO;;;;Colisão Transversal;Via Iluminada;Bom;Seca;Cruz;Pare;Residencial;0;1;2;1;0;0;0;0;0;0;0;0;-3,743337;-38,531602
344019;21;5;2019;19:30;0;RUA BENTO ALBUQUERQUE;;;1450;;Colisão Traseira;Via Iluminada;Bom;Seca;Meio de Quadra;Semáforo;Residencial;0;1;1;0;1;0;0;0;0;1;0;0;-3,7459385;-38,476403
344034;21;5;2019;09:15;0;RUA BENI DE CARVALHO;;;634;;Colisão Traseira;Luz do Dia;Chuva;Molhada;Meio de Quadra;Semáforo;Comercial;0;0;1;1;0;0;0;0;0;1;0;0;-3,745994;-38,495024
343070;21;5;2019;07:00;0;RD BR 116;;;11000;KM-11;Colisão Traseira;Luz do Dia;Bom;Seca;Meio de Quadra;;;0;3;1;1;0;0;0;0;1;0;0;0;-3,84716;-38,497176
342805;21;5;2019;10:42;23344;RUA EDUARDO BEZERRA;RUA NUNES VALENTE;;;;Colisão Lateral;Luz do Dia;Bom;Seca;Cruz;Pare;Residencial;0;2;0;0;0;0;0;0;0;1;0;0;-3,753429;-38,509234
342806;21;5;2019;17:44;0;RUA ANA GONCALVES;;;351;;Colisão Lateral;Anoitecer;Bom;Seca;Meio de Quadra;;;0;1;1;0;1;1;0;0;0;0;0;0;-3,75956445;-38,51298915
342807;21;5;2019;13:00;0;RUA PDE PEDRO DE ALENCAR;;;789;;Colisão Lateral;Luz do Dia;Bom;Seca;;;;0;1;1;1;0;0;0;0;0;1;0;0;-3,834885;-38,494118
342744;21;5;2019;09:00;0;AV DIOGUINHO;;;4056;;Atropelamento;Luz do Dia;;;Meio de Quadra;;;1;0;1;0;0;0;1;0;0;0;0;0;-3.752.584;-38.447.601
342810;22;5;2019;20:30;0;AV FRANCISCO SA;;;7540;;Colisão;Via Iluminada;Bom;Seca;Meio de Quadra;;;0;2;0;0;0;1;0;0;0;1;0;0;-3,706356;-38,586099
347059;22;5;2019;10:25;1441;AV SANTOS DUMONT;RUA PRO DIAS DA ROCHA;;;;Colisão;Luz do Dia;;;Cruz;Pare;Comercial;0;0;1;1;0;0;0;0;0;0;0;0;-3,738113;-38,492502
347060;22;5;2019;11:30;0;AV JOR THOMAZ COELHO;;;609;;Colisão;Luz do Dia;;;Meio de Quadra;;;0;0;1;0;1;0;0;0;0;0;0;0;-3,832182156;-38,5013988
347061;22;5;2019;08:20;0;AV NORTE SUL;;;1207;;Colisão;Luz do Dia;;;Meio de Quadra;;;0;0;1;1;0;0;0;0;0;0;0;0;;
344043;22;5;2019;22:39;0;RUA AMARO JOSE DE SOUZA;;;908;;Colisão Lateral;Via Iluminada;Bom;Seca;Meio de Quadra;Pare;Residencial;0;2;1;1;0;0;0;0;0;1;0;0;-3,8246403;-38,568184
344021;22;5;2019;01:50;4189;AV PRS CASTELO BRANCO;RUA FRANCISCO CORDEIRO;;;;Colisão Lateral;Via Iluminada;Chuva;Molhada;Cruz;Semáforo;Residencial;0;1;2;1;0;0;0;0;0;1;0;0;-3,713113;-38,550593
344022;22;5;2019;06:12;19278;RUA CAIO PRADO;RUA 7 DE SETEMBRO;;0;;Colisão Lateral;Luz do Dia;Chuva;Molhada;Cruz;Semáforo;Comercial;0;0;2;1;1;0;0;0;0;0;0;0;-3,773724;-38,563028
344023;22;5;2019;07:55;5437;RUA METON DE ALENCAR;RUA FLORIANO PEIXOTO;;0;;Colisão Transversal;Luz do Dia;Chuva;Molhada;Cruz;Pare;Comercial;0;0;2;1;0;0;0;0;0;0;0;0;-3,734071;-38,529358
344024;22;5;2019;08:03;9040;RUA JAIME BENEVOLO;RUA PDE MIGUELINHO;;0;;Colisão Transversal;Luz do Dia;Chuva;Molhada;Cruz;Pare;Comercial;0;0;2;1;0;0;0;0;0;0;0;0;-3,744086;-38,529347
344025;22;5;2019;10:59;0;RUA PDE PEDRO DE ALENCAR;;;2201;;Colisão Transversal;Luz do Dia;Nublado;Seca;Meio de Quadra;Não Há Controle;Comercial;0;1;1;0;0;0;0;0;0;1;0;0;-3,848014397;-38,49476943
344026;22;5;2019;11:13;1564;RUA CAROLINA SUCUPIRA;RUA LEONARDO MOTA;;;;Capotamento;Luz do Dia;Bom;Seca;Cruz;Pare;Residencial;0;1;1;1;0;0;0;0;0;0;0;0;-3,741825;-38,497995
344027;22;5;2019;13:20;1491;RUA EDUARDO GARCIA;RUA CEL LINHARES;;0;;Não Informado;Luz do Dia;Bom;Seca;Cruz;Pare;Escola;0;1;1;1;0;0;0;0;0;1;0;0;-3,73948;-38,495077
344028;22;5;2019;15:58;14680;AV OLIVEIRA PAIVA;RUA LIDIA BRIGIDO;;;;Colisão;Luz do Dia;Bom;Seca;Cruz;Semáforo;Comercial;0;1;1;1;0;0;0;0;0;1;0;0;-3,796087;-38,484139
344029;22;5;2019;21:45;0;RUA ANTONIO AUGUSTO;;;70;;Colisão Traseira;Via Iluminada;Bom;Seca;Meio de Quadra;Não Há Controle;Residencial;0;0;1;1;0;0;0;0;0;1;0;0;-3,721290091;-38,51055755
344030;22;5;2019;21:32;3869;RUA MAL DEODORO;RUA JOAQUIM MAGALHAES;;;;Colisão Transversal;Via Iluminada;Bom;Seca;Cruz;Pare;Residencial;0;1;0;1;0;0;0;0;0;1;0;0;-3,737883;-38,534258
345090;22;5;2019;06:45;0;AV PRS COSTA E SILVA;;;788;;Colisão;Luz do Dia;;;;;;0;1;0;1;0;0;0;0;0;1;0;0;-3,8285517;-38,5317826
345096;22;5;2019;07:51;0;AV GAL OSORIO DE PAIVA;;;5899;;Colisão;Luz do Dia;;;Meio de Quadra;;;0;2;0;0;0;0;0;0;0;1;0;0;-3,808013;-38,605249
345093;22;5;2019;06:52;0;AV N CJ JOSE WALTER;;;291;;Atropelamento;Luz do Dia;;;Meio de Quadra;;;0;1;0;0;0;0;0;0;0;1;0;0;-3,7724852;-38,5023403
345098;22;5;2019;07:52;0;RUA INACIO VASCONCELOS;;;448;;Colisão;Luz do Dia;;;Meio de Quadra;;;0;1;0;1;0;0;0;0;0;1;0;0;-3,81215;-38,49501