COD_ACIDENTE;DIA;MES;ANO;HORA;INTERSECAO;LOG1;LOG2;LOG3;NUMERO;REFERENCIA;NATUREZA;ILUMINACAO;TEMPO;SUPERFICIEPISTA;TIPOCRUZAMENTO;CONTROLETRAFEGO;USOSOLO;MORTOS;FERIDOS;ILESOS;AUTOMOVEL;ONIBUS;BICICLETA;CAMINHAO;MICROONIBUS;CICLOMOTOR;MOTOCICLETA;TRACAOANIMAL;TREM;LATITUDE;LONGITUDE
345100;22;5;2019;07:56;0;AV N CJ JOSE WALTER;;;801;;Queda;Luz do Dia;;;Meio de Quadra;;;0;1;0;0;0;0;0;0;0;1;0;0;;
345102;22;5;2019;09:47;0;RUA JARDIM FLUMINENSE;;;1800;;Colisão;Luz do Dia;;;Meio de Quadra;;;0;1;0;0;0;0;0;0;0;0;0;0;-3,808810994;-38,60438884
345084;22;5;2019;00:03;0;RD BR 116;;;;;Queda;;;;Meio de Quadra;;;0;1;0;0;0;0;0;0;0;1;0;0;;
345134;22;5;2019;20:00;0;AV PRS COSTA E SILVA;;;761;;Colisão;;;;Meio de Quadra;;;0;1;0;1;0;0;0;0;0;1;0;0;-3,812467125;-38,57277463
345135;22;5;2019;21:22;0;RUA B CJ ITAPERI;;;370;;Colisão;;;;Meio de Quadra;;;0;1;0;1;0;0;0;0;0;1;0;0;-3,7963475;-38,54792156
345136;22;5;2019;22:19;0;RUA DA SAUDADE;;;2275;;Queda;;;;Meio de Quadra;;;0;1;0;0;0;0;0;0;0;1;0;0;;
345132;22;5;2019;19:34;12785;RUA ALBERTO MAGNO;RUA JOAO SORONGO;;;;Colisão;;;;;;;0;1;0;0;0;0;0;0;0;0;0;0;-3,753853;-38,540309
345113;22;5;2019;11:32;0;AV HEROIS DO ACRE;;;540;;Colisão;Luz do Dia;;;Meio de Quadra;;;0;1;0;1;0;0;0;0;0;1;0;0;-3,8031805;-38,5342495
345114;22;5;2019;11:58;0;AV DOM LUIS;;;120;;Colisão;Luz do Dia;;;Meio de Quadra;;;0;1;0;1;0;0;0;0;0;1;0;0;-3,7321219;-38,500741
345109;22;5;2019;10:29;0;AV PRS COSTA E SILVA;;;;;Colisão;Luz do Dia;;;Meio de Quadra;;;0;1;0;1;0;0;0;0;0;1;0;0;;
345110;22;5;2019;10:30;25420;RUA PRO SILAS RIBEIRO;AV ALM HENRIQUE SABOIA;;;;Colisão;Luz do Dia;;;Cruz;Semáforo;Comercial;0;1;0;0;0;0;0;0;0;1;0;0;-3,7362582;-38,4849083
345111;22;5;2019;11:21;0;RUA MIGUEL COUTO;;;173;;Colisão;Luz do Dia;;;Meio de Quadra;;;0;1;0;0;0;0;0;0;0;1;0;0;-3,840153;-38,4920321
345117;22;5;2019;12:20;0;AV TEN LISBOA;;;2844;;Queda;Luz do Dia;;;Meio de Quadra;;;0;1;0;0;0;1;0;0;0;0;0;0;-3,71923;-38,56118
345118;22;5;2019;12:26;0;RUA BERNARDO MANUEL;;;10935;;Colisão;Luz do Dia;;;Meio de Quadra;;;0;1;0;1;0;0;0;0;0;1;0;0;-3,81459128;-38,55624963
345119;22;5;2019;12:53;0;RUA TIBURCIO CAVALCANTE;;;1233;;Atropelamento;Luz do Dia;;;Meio de Quadra;;;0;1;0;1;0;0;0;0;0;0;0;0;-3,735956;-38,502587
345120;22;5;2019;15:16;0;RUA VALDEMAR FIGUEIREDO;;;254;;Colisão;Luz do Dia;;;Meio de Quadra;;;0;1;0;1;0;0;0;0;0;1;0;0;-3,81284;-38,55884
345121;22;5;2019;15:58;25119;RUA BAR AQUIRAZ;RUA MIGUEL COUTO;;;;Colisão;Luz do Dia;;;Cruz;Pare;Residencial;0;1;0;1;0;0;0;0;0;1;0;0;-3,837441;-38,487996
345122;22;5;2019;17:28;1325;AV SANTOS DUMONT;RUA JOAQUIM NABUCO;;;;Queda;Anoitecer;;;Cruz;Semáforo;Comercial;0;1;0;0;0;1;0;0;0;0;0;0;-3,735295;-38,501285
345123;22;5;2019;17:56;19230;AV SANTOS DUMONT;RUA DR RIBAMAR LOBO;;;;Atropelamento;Anoitecer;;;Duplo T;Não Há Controle;Misto;0;1;0;0;0;0;0;0;0;0;0;0;-3,74606;-38,467858
345124;22;5;2019;17:58;0;RUA CEL MOZART GONDIM;;;1494;;Colisão;Anoitecer;;;Meio de Quadra;;;0;1;0;1;0;0;0;0;0;1;0;0;-3,7338795;-38,5588755
345125;22;5;2019;18:14;0;AV SGT HERMINIO SAMPAIO;;;;;Colisão;Anoitecer;;;Meio de Quadra;;;0;1;0;1;0;0;0;0;0;1;0;0;;
345126;22;5;2019;18:31;0;RUA JORGE FIGUEIREDO (ANCURI);;;1936;;Colisão;;;;Meio de Quadra;;;0;1;0;0;0;0;0;0;0;1;0;0;-3,7407343;-38,5570516
345127;22;5;2019;18:46;19224;AV SANTOS DUMONT;RUA FRANCISCO MATOS;;;;Colisão;;;;Cruz;Semáforo;Comercial;0;1;0;1;0;1;0;0;0;0;0;0;-3,745497;-38,469675
345128;22;5;2019;18:47;0;RD BR 116;;;9000;KM-09;Colisão;;;;Meio de Quadra;;;0;1;0;0;0;0;0;0;0;1;0;0;-3,830837;-38,504865
345129;22;5;2019;18:59;0;AV SGT HERMINIO SAMPAIO;;;;;Colisão;;;;Meio de Quadra;;;0;1;0;1;0;0;0;0;0;1;0;0;;
345130;22;5;2019;19:06;0;RUA CEL ZACARIAS J FRANCA;;;141;;Colisão;;;;Meio de Quadra;;;0;1;0;1;0;0;0;0;0;1;0;0;-3,808476127;-38,50133954
345137;23;5;2019;03:01;0;RUA AMUARAMA;;;760;;Queda;;;;Meio de Quadra;;;0;1;0;0;0;1;0;0;0;0;0;0;-3,7812507;-38,6113191
345138;23;5;2019;04:45;0;RUA ARARIPE PRATA;;;300;;Queda;;;;Meio de Quadra;;;0;1;0;0;0;1;0;0;0;0;0;0;-3,774412524;-38,56958471
345139;23;5;2019;05:24;0;RUA EUCLIDES O DE SOUSA;;;1615;;Queda;Amanhecer;;;Meio de Quadra;;;0;1;0;0;0;1;0;0;0;0;0;0;-3,796982;-38,465275
345150;23;5;2019;07:38;0;AV WASHINGTON SOARES;;;;;Atropelamento;Luz do Dia;;;Meio de Quadra;;;0;3;0;0;0;0;0;0;0;1;0;0;;
345157;23;5;2019;08:44;0;RUA C CJ LUCIANO CALV;;;98;;Queda;Luz do Dia;;;Meio de Quadra;;;0;1;0;0;0;0;0;0;0;1;0;0;-3,7719393;-38,4987853
345155;23;5;2019;08:31;0;AV DOS EXPEDICIONARIOS;;;4978;;Colisão;Luz do Dia;;;Meio de Quadra;;;0;1;0;1;0;0;0;0;0;1;0;0;-3,76336022;-38,54073626
345187;23;5;2019;15:48;0;RUA COS LAFAYETE;;;536;;Colisão;Luz do Dia;;;Meio de Quadra;;;0;1;0;1;0;0;0;0;0;1;0;0;-3,7322714;-38,5743751
345174;23;5;2019;11:07;23513;RUA ANA GONCALVES;RUA SABINO MONTE;;;;Colisão;Luz do Dia;;;Cruz;Pare;Residencial;0;1;0;1;0;0;0;0;0;1;0;0;-3,759428;-38,511374
345177;23;5;2019;11:25;0;AV A CJ CEARA;;;190;;Colisão;Luz do Dia;;;Meio de Quadra;;;0;1;0;1;0;0;0;0;0;1;0;0;-3,7661799;-38,5995299
345178;23;5;2019;12:15;0;RUA GAL ONOFRE;;;242;;Colisão;Luz do Dia;;;Meio de Quadra;;;0;1;0;1;0;0;0;0;0;1;0;0;-3,7350525;-38,4729815
345180;23;5;2019;13:41;0;RUA IRINEU DE SOUZA;;;815;;Colisão;Luz do Dia;;;Meio de Quadra;;;0;1;0;1;0;0;0;0;0;1;0;0;-3,7092591;-38,5725856
345181;23;5;2019;14:58;0;AV JOSE DO PATROCINIO;;;1114;;Queda;Luz do Dia;;;Meio de Quadra;;;0;1;0;0;0;0;0;0;0;1;0;0;-3,763187697;-38,54410176
345160;23;5;2019;09:02;0;RUA JORGE ACURCIO;;;796;;Colisão;Luz do Dia;;;Meio de Quadra;;;0;1;0;1;0;0;0;0;0;1;0;0;-3,766857;-38,532384
345171;23;5;2019;10:45;0;AV FRE CIRILO;;;61;;Colisão;Luz do Dia;;;Meio de Quadra;;;0;1;0;0;0;0;0;0;0;1;0;0;;
345204;23;5;2019;20:01;0;RUA RIO GRANDE DO SUL;;;93;;Colisão;;;;Meio de Quadra;;;0;1;0;1;0;0;0;0;0;1;0;0;-3,7499744;-38,5611544
345219;23;5;2019;21:50;19720;RUA GAL PIRAGIBE;RUA AZEVEDO BOLAO;;;;Colisão;;;;Cruz;Pare;Residencial;0;1;0;1;0;0;0;0;0;1;0;0;-3,736738;-38,558172
345220;23;5;2019;22:18;8025;AV JOAO PESSOA;RUA PRO COSTA MENDES;;;;Colisão;;;;Cruz;Semáforo;Comercial;0;1;0;0;0;0;0;0;0;0;0;0;-3,752393;-38,549441
345222;23;5;2019;23:55;0;AV DES MOREIRA;;;256;;Queda;;;;Meio de Quadra;;;0;1;0;0;0;0;0;0;0;1;0;0;-3,729396133;-38,49613427
345211;23;5;2019;20:02;0;RUA CAP BRASIL;;;364;;Queda;;;;Meio de Quadra;;;0;1;0;0;0;0;0;0;0;1;0;0;-3,736865978;-38,58634146
345214;23;5;2019;20:18;0;RUA OSCAR ARARIPE;;;2418;;Atropelamento;;;;Meio de Quadra;;;0;2;0;0;0;0;0;0;0;1;0;0;-3,786839215;-38,61283178
345216;23;5;2019;20:20;0;RUA VERDE 4 CJ ST S.JOAO;;;155;;Colisão;;;;Meio de Quadra;;;0;1;0;1;0;0;0;0;0;1;0;0;-3,848257418;-38,51775649
345195;23;5;2019;18:03;0;AV WASHINGTON SOARES;;;3340;;Colisão;Anoitecer;;;Meio de Quadra;;;0;1;0;1;0;0;0;0;0;1;0;0;-3,7813103;-38,4812726
345190;23;5;2019;16:49;0;RUA MANAUS;;;408;;Queda;Luz do Dia;;;Meio de Quadra;;;0;1;0;0;0;0;0;0;0;1;0;0;-3,7514;-38,59006
345198;23;5;2019;18:05;0;RUA FARIAS LEMOS;;;1081;;Colisão;Anoitecer;;;Meio de Quadra;;;0;1;0;1;0;0;0;0;0;1;0;0;-3,81655;-38,49288
345192;23;5;2019;17:02;17399;RUA ISAIE BORIS;RUA CEL ALEXANDRINO;;;;Colisão;Anoitecer;;;;;;0;1;0;1;0;0;0;0;0;0;0;0;-3,767501;-38,549634
345193;23;5;2019;17:11;0;RUA VALPARAISO;;;;;Queda;Anoitecer;;;Meio de Quadra;;;0;1;0;0;0;0;0;0;0;1;0;0;;
345202;23;5;2019;19:18;0;AV D CJ JOSE WALTER;;;504;;Queda;;;;Meio de Quadra;;;0;1;0;0;0;0;0;0;0;1;0;0;-3,8312114;-38,5569458
344031;23;5;2019;08:05;0;AV DES MOREIRA;;;2686;;Colisão Traseira;Luz do Dia;Nublado;Molhada;Meio de Quadra;Não Há Controle;Comercial;0;0;3;1;0;0;0;0;0;0;0;0;-3,749355;-38,50254
344032;23;5;2019;08:00;25072;AV DOS EXPEDICIONARIOS;RUA VICENTE SPINDOLA;;0;;Colisão Transversal;Luz do Dia;Bom;Seca;Cruz;Pare;Residencial;0;0;1;0;0;0;0;0;0;1;0;0;-3,767922;-38,542084
344033;23;5;2019;08:46;0;AV CEL CARVALHO;;;1423;;Colisão Lateral;Luz do Dia;Bom;Seca;Meio de Quadra;Não Há Controle;Comercial;0;1;1;1;0;0;0;0;0;1;0;0;-3,715268;-38,588495
344044;23;5;2019;19:10;12884;RUA COS TRISTAO;RUA MES ROSA;;0;;Colisão Transversal;Via Iluminada;Bom;Seca;Cruz;Pare;Comercial;0;0;2;1;0;0;0;0;0;0;0;0;-3,74186;-38,527652
344045;23;5;2019;20:06;1269;RUA PINTO MADEIRA;RUA ANTONIO AUGUSTO;;;;Colisão Transversal;Via Iluminada;Bom;Seca;Cruz;Pare;Residencial;0;1;1;1;0;0;0;0;0;1;0;0;-3,733285;-38,51439
344046;23;5;2019;18:53;5369;RUA ASSUNCAO;RUA PEDRO I;;;;Colisão Transversal;Via Iluminada;Bom;Seca;Cruz;Pare;Comercial;0;1;2;1;1;0;0;0;0;0;0;0;-3,731527;-38,527661
344035;23;5;2019;08:48;26239;AV PRO JOSE ARTHUR CARVALHO;RUA COSME DE ALMEIDA;;;;Colisão Transversal;Luz do Dia;Bom;Seca;T;Não Há Controle;Residencial;0;1;0;0;0;0;0;0;0;1;0;0;-3,8259894;-38,4762343
344036;23;5;2019;10:48;0;RUA C CJ LUCIANO CALV;;;122;;Colisão Transversal;Luz do Dia;Bom;Seca;;;;0;0;2;0;0;0;0;0;0;1;0;0;-3,7698662;-38,494694
344037;23;5;2019;11:27;0;AV PRS COSTA E SILVA;;;2382;;Colisão Lateral;Luz do Dia;Bom;Seca;Meio de Quadra;Não Há Controle;Comercial;0;2;0;0;0;0;0;0;0;1;0;0;-3,8200684;-38,56053891
344038;23;5;2019;12:55;0;AV DUQ CAXIAS;;;550;;Atropelamento;Luz do Dia;Bom;Seca;Meio de Quadra;Semáforo;Comercial;0;2;0;1;0;0;0;0;0;0;0;0;-3,7318775;-38,529616
344039;23;5;2019;14:20;0;AV SANTOS DUMONT;;;5753;;Atropelamento;Luz do Dia;Bom;Seca;Meio de Quadra;Não Há Controle;Comercial;1;0;1;0;0;0;0;0;0;0;0;0;-3,742258;-38,479668
344040;23;5;2019;17:19;6750;RUA VILEBALDO AGUIAR;RUA BATISTA DE OLIVEIRA;;0;;Não Informado;Luz do Dia;Bom;Seca;Cruz;Pare;Residencial;0;1;1;1;0;0;0;0;0;1;0;0;-3,743019;-38,480134
344041;23;5;2019;18:59;1472;RUA TIBURCIO CAVALCANTE;AV PDE ANTONIO TOMAS;;;;Não Informado;Via Iluminada;Bom;Seca;Cruz;Semáforo;Comercial;0;0;2;1;0;0;0;0;0;0;0;0;-3,73895;-38,503547
344042;23;5;2019;19:16;0;AV MON TABOSA;;;1600;;Colisão Lateral;Via Iluminada;Bom;Seca;Meio de Quadra;Gesto;Comercial;0;0;2;1;0;0;0;0;0;0;0;0;-3,724513;-38,504556
343072;23;5;2019;11:00;0;RD BR 116;;;8000;KM-08;Colisão Lateral;Luz do Dia;Bom;Seca;Meio de Quadra;;;0;1;1;0;0;0;0;0;0;1;0;0;-3,822018;-38,503269
342816;23;5;2019;16:50;0;AV JOAO PESSOA;;;5709;;Colisão Transversal;Luz do Dia;Bom;Seca;Meio de Quadra;;;0;0;2;1;0;0;0;0;0;1;0;0;-3,760376;-38,556566
343055;23;5;2019;17:00;0;AV SEN CARLOS JEREISSATI (AEROPORTO);;;;KM 04;Colisão;Anoitecer;;;Meio de Quadra;;;0;0;2;1;0;0;0;0;0;0;0;0;-3,77402;-38,550907
343057;23;5;2019;00:01;0;RD CE-060;;;;KM-01;Choque c/ Obstáculo Fixo;;;;Meio de Quadra;;;0;0;1;1;0;0;0;0;0;0;0;0;-3,826136;-38,5795
343058;24;5;2019;15:30;0;RD CE-025;;;;KM-03;Choque c/ Obstáculo Fixo;Luz do Dia;;;Meio de Quadra;;;0;0;1;0;0;0;0;0;0;0;0;0;-3,805889179;-38,45224656
343059;24;5;2019;19:30;0;RD CE-040;;;;KM-02;Colisão;;;;Meio de Quadra;;;0;0;3;1;0;0;0;0;0;0;0;0;-3,773616148;-38,4817994
347062;24;5;2019;12:00;0;AV A CJ ESPERANCA;;;101;;Choque c/ Obstáculo Fixo;Luz do Dia;;;Meio de Quadra;;;0;0;1;0;0;0;0;0;0;0;0;0;-3,817185028;-38,5895942
343074;24;5;2019;07:40;0;RD BR 116;;;12000;KM-12;Colisão Traseira;Luz do Dia;Bom;Molhada;Meio de Quadra;;;0;0;2;0;1;0;1;0;0;0;0;0;-3,85574;-38,496066
343582;24;5;2019;15:45;0;AV PONTES VIEIRA;;;329;;Colisão Traseira;Luz do Dia;Nublado;Seca;Meio de Quadra;Não Há Controle;Comercial;0;2;1;0;0;0;0;0;0;1;0;0;-3,753193133;-38,51746224
344047;24;5;2019;07:26;20113;AV DEP PAULINO ROCHA;RUA CRISANTO ARRUDA;;;;Colisão Lateral;Luz do Dia;Chuva;Molhada;Meio de Quadra;Pare;Comercial;0;2;1;1;0;0;0;0;0;1;0;0;-3,809399;-38,522343
344048;24;5;2019;07:20;0;AV MON TABOSA;;;1275;;Colisão Traseira;Luz do Dia;Nublado;Molhada;Meio de Quadra;Não Há Controle;Lazer;0;1;1;1;0;0;0;0;0;1;0;0;-3,724293;-38,5079274
344049;24;5;2019;08:37;0;AV GODOFREDO MACIEL;;;2957;;Colisão Transversal;Luz do Dia;Nublado;Molhada;Meio de Quadra;Não Há Controle;Comercial;0;1;1;1;0;0;0;0;0;1;0;0;-3,801663;-38,571541
344050;24;5;2019;09:22;0;RUA BARBARA DE ALENCAR;;;442;;Colisão Transversal;Luz do Dia;Chuva;Molhada;Meio de Quadra;Não Há Controle;Comercial;0;0;2;0;0;0;0;0;0;1;0;0;-3,735892885;-38,52049796
344051;24;5;2019;09:35;19721;RUA AMADEU FURTADO;RUA GUSTAVO SAMPAIO;;0;;Colisão Transversal;Luz do Dia;Nublado;Seca;Cruz;Pare;Escola;0;0;1;1;0;0;0;0;0;0;0;0;-3,736786;-38,563828
344052;24;5;2019;11:19;8054;AV JOAO PESSOA;RUA APOLO;;;;Colisão Transversal;Luz do Dia;Chuva;Molhada;T;Pare;Comercial;0;0;2;1;0;0;0;0;0;1;0;0;-3,755045;-38,5518
344053;24;5;2019;09:15;9019;RUA BAR ARATANHA;RUA SALDANHA MARINHO;;;;Colisão Transversal;Luz do Dia;Bom;Seca;Cruz;Semáforo;Comercial;0;0;2;1;0;0;0;0;0;0;0;0;-3,74282;-38,529697
344054;24;5;2019;15:30;0;AV GOV RAUL BARBOSA;;;5810;;Colisão Lateral;Luz do Dia;Bom;Seca;Meio de Quadra;Não Há Controle;Comercial;0;1;2;1;0;0;0;0;0;1;0;0;-3,769151;-38,5102455
344056;24;5;2019;19:30;0;AV ENG SANTANA JUNIOR;;;0;;Colisão Traseira;Via Iluminada;Bom;Seca;Meio de Quadra;Semáforo;Comercial;0;0;2;1;0;0;0;0;0;0;0;0;;
344084;24;5;2019;08:00;9132;AV 13 DE MAIO;RUA JAIME BENEVOLO;;1367;;Colisão Traseira;Luz do Dia;Chuva;Molhada;Cruz;Semáforo;Comercial;0;1;2;1;0;0;0;0;0;1;0;0;-3,748122;-38,530741
344858;24;5;2019;23:15;0;RUA PEDRO CABRAL;;;141;;Colisão;;;;Meio de Quadra;;;0;1;1;1;0;0;0;0;0;1;0;0;-3,818677063;-38,58925739
344862;24;5;2019;21:58;0;RD BR 116;;;15000;KM-15;Colisão;;;;Meio de Quadra;;;0;1;0;0;0;0;0;0;0;0;0;0;-3,882329;-38,501113
344863;24;5;2019;22:31;0;AV MIN JOSE AMERICO;;;;;Colisão;;;;Meio de Quadra;;;0;1;1;1;0;0;0;0;0;1;0;0;;
344786;24;5;2019;09:41;0;RUA TEN JURANDIR ALENCAR;;;101;;Colisão;Luz do Dia;;;Meio de Quadra;;;0;1;1;1;0;1;0;0;0;0;0;0;-3,83171;-38,49383
344787;24;5;2019;08:09;0;AV JOVITA FEITOSA;;;35;;Queda;Luz do Dia;;;Meio de Quadra;;;0;1;0;0;0;0;0;0;0;1;0;0;-3,73729;-38,54412
344788;24;5;2019;16:11;0;AV SGT HERMINIO SAMPAIO;;;1060;;Queda;Luz do Dia;;;Meio de Quadra;;;0;1;0;0;0;0;0;0;0;1;0;0;-3,724616667;-38,55016467
344789;24;5;2019;09:03;0;RUA GUSTAVO SAMPAIO;;;2151;;Queda;Luz do Dia;;;Meio de Quadra;;;0;1;0;0;0;0;0;0;0;1;0;0;-3,736786;-38,563828
344790;24;5;2019;09:31;0;RUA ILDEFONSO ALBANO;;;2600;;Queda;Luz do Dia;;;Meio de Quadra;;;0;1;0;0;0;0;0;0;0;1;0;0;-3,743726;-38,516714
344791;24;5;2019;09:57;0;AV MOZART PINHEIRO DE LUCENA;;;873;;Colisão;Luz do Dia;;;Meio de Quadra;;;0;1;1;0;0;0;0;0;0;1;0;0;-3,710639;-38,593478
344795;24;5;2019;10:58;0;AV CARNEIRO DE MENDONCA;;;140;;Queda;Luz do Dia;;;Meio de Quadra;;;0;1;0;0;0;0;0;0;0;1;0;0;-3,766661333;-38,56117617
344796;24;5;2019;11:09;0;RUA RENATO MAGALHAES;;;220;;Colisão;Luz do Dia;;;Meio de Quadra;;;0;1;1;1;0;0;0;0;0;1;0;0;-3,8268099;-38,5683799
344797;24;5;2019;12:35;0;RUA MAJ SUCUPIRA;;;122;;Colisão;Luz do Dia;;;Meio de Quadra;;;0;1;1;1;0;0;0;0;0;1;0;0;-3,751918973;-38,58259284
344798;24;5;2019;13:39;0;AV ROGACIANO LEITE;;;2400;;Colisão;Luz do Dia;;;Meio de Quadra;;;0;1;1;1;0;0;0;0;0;1;0;0;-3,776574;-38,5005005
344799;24;5;2019;15:05;0;AV MAE LISBOA;;;3080;;Colisão;Luz do Dia;;;Meio de Quadra;;;0;1;1;1;0;0;0;0;0;1;0;0;-3,8057;-38,45156
344800;24;5;2019;15:13;0;AV GOV RAUL BARBOSA;;;5850;;Colisão;Luz do Dia;;;Meio de Quadra;;;0;1;1;1;0;0;0;0;0;1;0;0;-3,769151;-38,5102455
344801;24;5;2019;18:13;0;RUA JULIO IBIAPINA;;;10;;Atropelamento;Anoitecer;;;Meio de Quadra;;;0;1;1;1;0;0;0;0;0;0;0;0;-3,7259167;-38,4914659
344802;24;5;2019;17:12;0;AV AUGUSTO DOS ANJOS;;;418;;Colisão;Anoitecer;;;Meio de Quadra;;;0;1;1;1;0;0;0;0;0;1;0;0;-3,7722755;-38,5720675
344803;24;5;2019;17:26;0;RUA MANUEL JESUINO;;;445;;Colisão;Anoitecer;;;Meio de Quadra;;;0;1;0;0;0;0;0;0;0;0;0;0;-3,729499368;-38,48510174
344804;24;5;2019;20:00;0;AV GAL OSORIO DE PAIVA;;;1127;;Colisão;;;;Meio de Quadra;;;0;1;1;1;0;0;0;0;0;1;0;0;-3,779145525;-38,57207319
344805;24;5;2019;19:55;0;AV WASHINGTON SOARES;;;;;Colisão;;;;Meio de Quadra;;;0;1;1;1;0;0;0;0;0;1;0;0;;
344806;24;5;2019;21:29;0;RUA SAO BENEDITO;;;397;;Queda;;;;Meio de Quadra;;;0;1;0;0;0;1;0;0;0;0;0;0;-3,795005571;-38,57376157
344807;24;5;2019;21:38;0;AV DUQ CAXIAS;;;;;Colisão;;;;Meio de Quadra;;;0;1;1;0;0;0;0;0;0;1;0;0;;
344815;24;5;2019;14:52;0;RD BR 116;;;;;Atropelamento;Luz do Dia;;;Meio de Quadra;;;0;1;1;1;0;0;0;0;0;0;0;0;;
344772;24;5;2019;01:56;0;AV PERIMETRAL;;;;;Queda;;;;Meio de Quadra;;;0;1;0;0;0;0;0;0;0;1;0;0;;
344780;24;5;2019;06:17;25735;RUA DR JOSE FURTADO;RUA VIRGILIO PAES;;;;Colisão;Luz do Dia;;;T;Pare;Residencial;0;2;1;1;0;0;0;0;0;1;0;0;-3,79722;-38,488225
344781;24;5;2019;09:04;0;AV OLIVEIRA PAIVA;;;;;Colisão;Luz do Dia;;;Meio de Quadra;;;0;1;1;1;0;0;0;0;0;1;0;0;;
344782;24;5;2019;07:12;0;AV PRS CASTELO BRANCO;;;2950;;Colisão;Luz do Dia;;;Meio de Quadra;;;0;1;1;1;0;0;0;0;0;1;0;0;-3,711961127;-38,55497355
344784;24;5;2019;07:39;0;AV FILOMENO GOMES;;;643;;Colisão;Luz do Dia;;;Meio de Quadra;;;0;1;1;1;0;0;0;0;0;1;0;0;-3,720616;-38,541328
344775;24;5;2019;02:16;0;AV TRISTAO GONCALVES;;;868;;Atropelamento;;;;Meio de Quadra;;;0;1;1;0;0;0;0;0;0;0;0;0;-3,729523;-38,533927
344777;24;5;2019;03:11;0;RUA BERNARDO MANUEL;;;;;Queda;;;;Meio de Quadra;;;0;1;0;0;0;0;0;0;0;1;0;0;;
344778;24;5;2019;03:26;0;RUA 204 CJ CEARA;;;134;;Queda;;;;Meio de Quadra;;;0;1;0;0;0;1;0;0;0;0;0;0;-3,7660161;-38,6106393
344864;25;5;2019;05:59;0;AV FRANCISCO SA;;;7221;;Colisão;Amanhecer;;;Meio de Quadra;;;0;1;1;1;1;0;0;0;0;0;0;0;-3,70707;-38,584894
344865;25;5;2019;07:49;0;RUA SAO LEOPOLDO D69;;;611;;Colisão;Luz do Dia;;;Meio de Quadra;;;0;1;0;0;0;0;0;0;0;0;0;0;-3,86356;-38,50567
344866;25;5;2019;09:51;0;RUA DR JOSE GOIANA;;;461;;Queda;Luz do Dia;;;Meio de Quadra;;;0;1;0;0;0;1;0;0;0;0;0;0;-3,728581615;-38,59315915
344867;25;5;2019;08:42;0;AV PERIMETRAL;;;;;Queda;Luz do Dia;;;Meio de Quadra;;;0;1;0;0;0;1;0;0;0;0;0;0;;
344870;25;5;2019;09:01;0;AV DEP PAULINO ROCHA;;;1451;;Colisão;Luz do Dia;;;Meio de Quadra;;;0;1;1;1;0;0;0;0;0;1;0;0;-3,811157052;-38,51032638
344871;25;5;2019;09:52;0;RUA SGT JOAO PINHEIRO;;;;;Colisão;Luz do Dia;;;Meio de Quadra;;;0;1;0;0;0;0;0;0;0;0;0;0;;
344872;25;5;2019;11:39;0;RUA BAR ARATANHA;;;1050;;Colisão;Luz do Dia;;;Meio de Quadra;;;0;1;1;1;0;1;0;0;0;0;0;0;-3,7422995;-38,529524
344875;25;5;2019;11:14;0;RUA JULIO SILVA;;;440;;Colisão;Luz do Dia;;;Meio de Quadra;;;0;1;0;0;0;0;0;0;0;0;0;0;-3,74537;-38,45462
344876;25;5;2019;11:41;0;AV ENG ALBERTO SA;;;;;Colisão;Luz do Dia;;;Meio de Quadra;;;0;1;1;0;0;0;1;0;0;1;0;0;;
344878;25;5;2019;11:58;0;AV WASHINGTON SOARES;;;10620;KM-08;Colisão;Luz do Dia;;;Meio de Quadra;;;0;1;1;1;0;0;0;0;0;1;0;0;-3,842578426;-38,48064808
344879;25;5;2019;12:02;0;AV FRANCISCO SA;;;1823;;Colisão;Luz do Dia;;;Meio de Quadra;;;0;1;0;0;0;0;0;0;0;0;0;0;-3,722401333;-38,54212758
345075;25;5;2019;22:01;21526;RUA EDUARDO ARAUJO;RUA SAO FIDELIS D71;;;;Colisão;;;;;;;0;1;1;0;0;0;0;0;0;1;0;0;-3,821242;-38,592713
345076;25;5;2019;22:12;14907;RUA DIONISIO SERQUEIRA;AV CONTORNO SUL D71;;;;Colisão;;;;;;;0;1;1;0;0;0;0;0;0;1;0;0;-3,809688;-38,588088
345077;25;5;2019;22:45;10169;RUA BRAGANCA;RUA TEODORO DE CASTRO;;;;Colisão;;;;Cruz;Pare;Residencial;0;1;1;1;0;0;0;0;0;1;0;0;-3,782037;-38,596917
345078;25;5;2019;22:54;0;AV JANGADEIROS (MUCURIPE);;;1027;;Atropelamento;;;;Meio de Quadra;;;0;1;1;1;0;0;0;0;0;0;0;0;-3,725973;-38,478796
345079;25;5;2019;23:02;0;RUA VITAL BRASIL;;;1120;;Colisão;;;;Meio de Quadra;;;0;1;0;0;0;0;0;0;0;0;0;0;-3,779882667;-38,59137113
345050;25;5;2019;21:44;0;AV PERIMETRAL;;;;;Colisão;;;;Meio de Quadra;;;0;1;1;1;0;0;0;0;0;1;0;0;;
345072;25;5;2019;22:57;0;AV DA INDEPENDENCIA;;;379;;Colisão;;;;Meio de Quadra;;;0;1;0;0;0;0;0;0;0;0;0;0;-3,7289336;-38,5842311