COD_ACIDENTE;DIA;MES;ANO;HORA;INTERSECAO;LOG1;LOG2;LOG3;NUMERO;REFERENCIA;NATUREZA;ILUMINACAO;TEMPO;SUPERFICIEPISTA;TIPOCRUZAMENTO;CONTROLETRAFEGO;USOSOLO;MORTOS;FERIDOS;ILESOS;AUTOMOVEL;ONIBUS;BICICLETA;CAMINHAO;MICROONIBUS;CICLOMOTOR;MOTOCICLETA;TRACAOANIMAL;TREM;LATITUDE;LONGITUDE
345073;25;5;2019;21:56;0;TR ISAIAS BORIS  D39;;;251;;Colisão;;;;Meio de Quadra;;;0;1;1;1;0;0;0;0;0;1;0;0;-3,7020998;-38,5722307
345046;25;5;2019;20:57;0;RUA MONTE PASCOAL;;;678;;Colisão;;;;Meio de Quadra;;;0;1;1;1;0;0;0;0;0;1;0;0;-3,7664518;-38,535564
345048;25;5;2019;21:41;0;AV MAJ ASSIS;;;2076;;Colisão;;;;Meio de Quadra;;;0;1;1;1;0;0;0;0;0;1;0;0;-3,7211191;-38,598514
345015;25;5;2019;17:34;0;AV PERIMETRAL;;;3475;;Atropelamento;Anoitecer;;;Meio de Quadra;;;0;1;1;0;0;0;1;0;0;0;0;0;-3,8291666;-38,5280555
345016;25;5;2019;18:31;0;AV GOV RAUL BARBOSA;;;70450;;Atropelamento;;;;Meio de Quadra;;;0;1;1;0;0;0;0;0;0;1;0;0;;
345017;25;5;2019;18:31;0;AV MR HULL;;;;;Atropelamento;;;;Meio de Quadra;;;0;1;1;1;0;0;0;0;0;0;0;0;;
345018;25;5;2019;20:27;0;RUA JOAQUIM CORREIA;;;721;;Colisão;;;;Meio de Quadra;;;0;1;1;1;0;0;0;0;0;1;0;0;-3,8345761;-38,5714549
345019;25;5;2019;20:35;0;RUA ABEL RIBEIRO;;;547;;Colisão;;;;Meio de Quadra;;;0;1;1;1;0;0;0;0;0;1;0;0;-3,780919388;-38,57763999
345012;25;5;2019;15:53;0;RUA RAUL CABRAL;;;720;;Colisão;Luz do Dia;;;Meio de Quadra;;;0;1;1;1;0;0;0;0;0;1;0;0;-3,767987;-38,5460504
345013;25;5;2019;16:23;0;AV DR THEBERGE;;;1640;;Colisão;Luz do Dia;;;Meio de Quadra;;;0;1;1;0;0;0;0;0;0;1;0;0;-3,715612967;-38,56526813
345010;25;5;2019;15:42;0;AV DEP PAULINO ROCHA;;;1979;;Colisão;Luz do Dia;;;Meio de Quadra;;;0;1;0;0;0;0;0;0;0;0;0;0;-3,8109101;-38,516482
345004;25;5;2019;13:07;0;RUA BAR AQUIRAZ;;;1280;;Colisão;Luz do Dia;;;Meio de Quadra;;;0;1;1;0;0;0;0;0;0;1;0;0;-3,839557538;-38,48631838
345005;25;5;2019;14:54;14503;RUA INES BRASIL;RUA H ESPL CASTELAO;;;;Atropelamento;Luz do Dia;;;Cruz;Pare;Residencial;0;1;1;1;0;0;0;0;0;0;0;0;-3,801688;-38,517518
345007;25;5;2019;15:29;12954;RUA BERNARDO MANUEL;AV PRS COSTA E SILVA;;;;Colisão;Luz do Dia;;;Cruz;Semáforo;Comercial;0;1;0;0;0;0;0;0;0;0;0;0;-3,821079;-38,558276
344057;25;5;2019;07:47;0;AV FRANCISCO SA;;;7330;;Colisão Traseira;Amanhecer;Bom;Seca;Meio de Quadra;Não Há Controle;Residencial;0;0;2;0;1;0;0;0;0;0;0;0;-3,707228333;-38,58462594
344058;25;5;2019;07:01;5300;RUA PEDRO PEREIRA;RUA BAR RIO BRANCO;;;;Colisão Transversal;Amanhecer;Nublado;Molhada;Cruz;Semáforo;Comercial;0;0;4;1;0;0;0;0;0;0;0;0;-3,729457;-38,529219
344059;25;5;2019;07:42;10953;RUA ALM RUBIM;RUA DOM CARLOTO TAVORA;;0;;Colisão Transversal;Luz do Dia;Bom;Seca;Cruz;Pare;Comercial;0;0;2;1;0;0;0;0;0;0;0;0;-3,76982;-38,556269
344060;25;5;2019;09:09;0;AV JOSE BASTOS;RUA PDE CICERO;RUA TIRADENTES;0;;Choque c/ Obstáculo Fixo;Luz do Dia;Bom;Seca;Meio de Quadra;Não Há Controle;Comercial;0;1;0;1;0;0;0;0;0;0;0;0;-3,7444022;-38,5449263
344061;25;5;2019;10:00;17285;RUA IRM BAZET;RUA JOAO FIRMINO;;0;;Colisão Transversal;Luz do Dia;Bom;Seca;Cruz;Pare;Residencial;0;0;2;1;0;0;0;0;0;0;0;0;-3,762808;-38,554308
344062;25;5;2019;14:05;4531;AV DEP PAULINO ROCHA;RUA ENF JOAQUIM PINTO;;0;;Colisão Transversal;Luz do Dia;Bom;Seca;T;Pare;Comercial;0;0;2;1;0;0;0;0;0;0;0;0;-3,803203;-38,507774
344055;25;5;2019;03:23;7629;RUA ALAGOAS;RUA STA CATARINA (BELA VISTA / PAN AMERICANO);;0;;Colisão Transversal;Via Iluminada;Chuva;Molhada;Cruz;Pare;Residencial;0;2;0;1;0;0;0;0;0;1;0;0;-3,760356;-38,56955
347063;25;5;2019;23:45;17375;RUA ISAIE BORIS;RUA ALAN KARDEC;;;;Colisão;;;;Y;Não Há Controle;Comercial;0;0;1;1;0;0;0;0;0;0;0;0;-3,766831;-38,547462
343060;25;5;2019;09:40;0;RD CE-040;;;;KM-05;Colisão;Luz do Dia;;;Meio de Quadra;;;0;0;2;1;0;0;0;0;0;0;0;0;-3,800595823;-38,47953463
343061;25;5;2019;12:00;0;RD CE-040;;;;KM-08;Colisão;Luz do Dia;;;Meio de Quadra;;;0;1;1;1;0;0;0;0;0;1;0;0;-3,825515822;-38,48153832
343062;25;5;2019;22:10;0;RD CE-040;;;;KM-01;Colisão;;;;Meio de Quadra;;;0;0;2;0;0;1;0;0;0;1;0;0;-3,764650449;-38,48258304
342827;25;5;2019;13:00;15372;AV DOM LUIS;RUA CEL JUCA;;;;Colisão;Luz do Dia;Bom;Seca;Cruz;Semáforo;Comercial;0;0;2;1;1;0;0;0;0;0;0;0;-3,735452;-38,490579
342825;25;5;2019;13:50;0;AV GOV RAUL BARBOSA;;;5083;CORDEIRO AUTO-PEÇAS;Colisão Transversal;Luz do Dia;Bom;Seca;;;;0;0;2;1;0;0;0;0;0;0;0;0;-3,763977;-38,508802
342822;25;5;2019;14:45;3988;RUA AFRODISIO GONDIM;AV PRO GOMES DE MATOS;;;;Colisão Lateral;Luz do Dia;Bom;Seca;Cruz;Não Há Controle;Comercial;0;0;2;1;0;0;0;0;0;0;0;0;-3,758895;-38,543675
342823;25;5;2019;14:00;0;RUA ROMEU MARTINS;;;328;;Colisão Traseira;Luz do Dia;Bom;Seca;Meio de Quadra;;;0;0;2;1;0;0;0;0;0;0;0;0;-3,764453667;-38,555323
342842;26;5;2019;10:40;6850;AV PDE ANTONIO TOMAS;RUA BATISTA DE OLIVEIRA;;;;Colisão Lateral;Luz do Dia;Bom;Seca;Cruz;Semáforo;Residencial;0;0;2;0;0;0;0;0;0;1;0;0;-3,745906;-38,481947
347064;26;5;2019;13:40;0;AV AUGUSTO DOS ANJOS;;;;;Colisão;Luz do Dia;;;Meio de Quadra;;;0;0;1;0;0;0;0;0;0;0;0;0;;
344063;26;5;2019;02:36;0;RUA ANTERO QUENTAL;;;25;;Choque c/ Obstáculo Fixo;Via Iluminada;Bom;Molhada;Meio de Quadra;Não Há Controle;Residencial;1;0;0;0;0;0;0;0;0;1;0;0;-3,8592443;-38,491364
344064;26;5;2019;05:03;0;AV CARNEIRO DE MENDONCA;;;493;;Atropelamento;Via Iluminada;Nublado;Molhada;Meio de Quadra;Não Há Controle;Comercial;0;1;1;0;0;0;0;0;0;1;0;0;-3,765527667;-38,56387933
344065;26;5;2019;04:30;0;RUA JULIO IBIAPINA;;;318;;Choque c/ Obstáculo Fixo;Via Iluminada;Chuva;Molhada;Meio de Quadra;Não Há Controle;Comercial;0;1;0;1;0;0;0;0;0;0;0;0;-3,728396;-38,490895
344066;26;5;2019;07:10;0;AV JOAO DE ARAUJO LIMA;;;1728;;Choque c/ Obstáculo Fixo;Luz do Dia;Nublado;Molhada;Meio de Quadra;Pare;Comercial;0;1;0;1;0;0;0;0;0;0;0;0;-3,836055826;-38,56125826
344067;26;5;2019;08:38;0;RUA TERESINA;;;527;;Colisão Lateral;Luz do Dia;Bom;Molhada;Meio de Quadra;Não Há Controle;Residencial;0;0;1;1;0;0;0;0;0;0;0;0;-3,760280452;-38,5922109
344068;26;5;2019;04:13;0;AV 13 DE MAIO;;;0;;Colisão;Via Iluminada;Nublado;Molhada;;;;0;2;1;1;0;0;0;0;0;1;0;0;;
344076;26;5;2019;03:35;0;AV GAL OSORIO DE PAIVA;AV ENG LUIS VIEIRA;;0;;Colisão Transversal;Via Iluminada;Chuva;Molhada;Cruz;Semáforo;Comercial;0;0;2;1;0;0;0;0;0;1;0;0;-3,7910082;-38,5886116
345083;26;5;2019;04:10;0;AV ANTONIO JUSTA;;;318;;Colisão;;;;Meio de Quadra;;;0;1;0;0;0;0;0;0;0;0;0;0;-3,72994;-38,48827
345081;26;5;2019;03:07;0;AV GAL OSORIO DE PAIVA;;;337;;Colisão;;;;Meio de Quadra;;;0;1;0;0;0;0;0;0;0;0;0;0;-3,77511282;-38,56587274
345086;26;5;2019;06:04;0;AV ALM HENRIQUE SABOIA;;;;;Queda;Luz do Dia;;;Meio de Quadra;;;0;1;0;0;0;0;0;0;0;1;0;0;;
345087;26;5;2019;07:24;0;AV JOSE SABOIA;;;207;;Choque c/ Obstáculo Fixo;Luz do Dia;;;Meio de Quadra;;;0;1;0;1;0;0;0;0;0;0;0;0;-3,715260837;-38,47018567
345088;26;5;2019;10:53;0;RUA VITAL BRASIL;;;814;;Queda;Luz do Dia;;;Meio de Quadra;;;0;1;0;0;0;0;0;0;0;1;0;0;-3,7807095;-38,58849261
345103;26;5;2019;19:32;0;AV BEZERRA DE MENEZES;;;2156;;Queda;;;;Meio de Quadra;;;0;1;0;0;0;0;0;0;0;1;0;0;-3,735591;-38,564079
345104;26;5;2019;21:18;0;RUA PRO HERIBALDO COSTA;;;1408;;Queda;;;;Meio de Quadra;;;0;1;0;0;0;0;0;0;0;1;0;0;-3,764049682;-38,5859967
345105;26;5;2019;21:29;0;AV DEP PAULINO ROCHA;;;1001;;Queda;;;;Meio de Quadra;;;0;1;0;0;0;0;0;0;0;1;0;0;-3,80762;-38,5084
345106;26;5;2019;22:53;0;RUA CON DE CASTRO;;;5624;;Colisão;;;;Meio de Quadra;;;0;1;1;1;0;0;0;0;0;1;0;0;-3,812008;-38,597478
345101;26;5;2019;18:27;0;RUA CON DE CASTRO;;;5520;;Colisão;Anoitecer;;;Meio de Quadra;;;0;1;0;0;0;0;0;0;0;0;0;0;-3,812008;-38,597478
345099;26;5;2019;17:51;0;RUA CEARA;;;;;Colisão;Anoitecer;;;Meio de Quadra;;;0;1;1;1;0;0;0;0;0;1;0;0;;
345094;26;5;2019;14:39;0;AV C CJ JOSE WALTER;;;390;;Colisão;Luz do Dia;;;Meio de Quadra;;;0;1;0;0;0;0;0;0;0;0;0;0;-3,8288665;-38,55526
345095;26;5;2019;16:15;0;RUA NOSSA SRA APARECIDA;;;135;;Queda;Luz do Dia;;;Meio de Quadra;;;0;1;0;0;0;0;0;0;0;1;0;0;-3,75846;-38,59956
345097;26;5;2019;16:25;0;AV GODOFREDO MACIEL;;;5200;;Atropelamento;Luz do Dia;;;Meio de Quadra;;;0;1;1;0;0;0;0;0;0;0;0;0;-3,819605;-38,577065
345091;26;5;2019;11:12;0;AV AUGUSTO DOS ANJOS;;;1127;;Queda;Luz do Dia;;;Meio de Quadra;;;0;1;0;0;0;0;0;0;0;1;0;0;-3,776779;-38,576193
345107;27;5;2019;00:08;0;RUA EDUARDO PERDIGAO;;;120;;Colisão;;;;Meio de Quadra;;;0;1;1;1;0;0;0;0;0;0;0;0;-3,775579;-38,564769
345199;27;5;2019;21:08;0;RUA PORTO ALEGRE;;;980;;Queda;;;;Meio de Quadra;;;0;1;0;0;0;0;0;0;0;1;0;0;-3,761927667;-38,58743967
345200;27;5;2019;21:44;0;RUA CAROLINA SUCUPIRA;;;1261;;Colisão;;;;Meio de Quadra;;;0;1;1;1;0;0;0;0;0;1;0;0;-3,743389;-38,493114
345201;27;5;2019;22:32;0;AV RUI BARBOSA;;;;;Colisão;;;;Meio de Quadra;;;0;1;1;1;0;1;0;0;0;0;0;0;;
345191;27;5;2019;17:52;0;AV SGT HERMINIO SAMPAIO;;;3310;;Colisão;Anoitecer;;;Meio de Quadra;;;0;1;1;1;0;0;0;0;0;1;0;0;-3,7281795;-38,5705431
345185;27;5;2019;12:13;0;AV JOVITA FEITOSA;;;2991;;Colisão;Luz do Dia;;;Meio de Quadra;;;0;1;1;0;0;0;0;0;0;1;0;0;-3,741488973;-38,56444878
345196;27;5;2019;19:04;0;AV DOM LUIS;;;;;Colisão;;;;Meio de Quadra;;;0;1;1;1;0;0;0;0;0;1;0;0;;
345197;27;5;2019;19:20;0;RUA ISABEL MAIA ALENCAR;;;510;;Atropelamento;;;;Meio de Quadra;;;0;1;1;1;0;0;0;0;0;0;0;0;-3,72206;-38,58252
345172;27;5;2019;09:17;23497;RUA CARVALHO JUNIOR;RUA CAP MELO;;;;Colisão;Luz do Dia;;;Cruz;Pare;Residencial;0;1;1;1;0;0;0;0;0;1;0;0;-3,758714;-38,512658
345183;27;5;2019;09:21;0;AV WASHINGTON SOARES;;;2530;;Colisão;Luz do Dia;;;Meio de Quadra;;;0;1;1;1;0;0;0;0;0;1;0;0;-3,782053375;-38,4811057
345188;27;5;2019;15:06;12863;RUA FLORIANO PEIXOTO;AV DOMINGOS OLIMPIO;;;;Queda;Luz do Dia;;;Cruz;Não Há Controle;Comercial;0;1;0;0;0;0;0;0;0;1;0;0;-3,736976;-38,530313
345152;27;5;2019;07:04;0;AV PERIMETRAL;;;;;Colisão;Luz do Dia;;;Meio de Quadra;;;0;1;1;1;0;0;0;0;0;1;0;0;;
345168;27;5;2019;08:27;0;RUA PEDRO MARTINS;;;409;;Colisão;Luz do Dia;;;Meio de Quadra;;;0;1;1;1;0;0;0;0;0;1;0;0;-3,79935;-38,60185
345169;27;5;2019;08:50;0;RUA LUIZ FCO XAVIER;;;520;;Queda;Luz do Dia;;;Meio de Quadra;;;0;1;0;0;0;0;0;0;0;1;0;0;-3,8436474;-38,4867485
345170;27;5;2019;09:11;0;RUA CAP ARAGAO;;;518;;Atropelamento;Luz do Dia;;;Meio de Quadra;;;0;1;1;1;0;0;0;0;0;0;0;0;-3,764975;-38,513441
345166;27;5;2019;07:21;3829;RUA PAULINO NOGUEIRA;RUA MAL DEODORO;;;;Colisão;Luz do Dia;;;Cruz;Pare;Comercial;0;1;1;1;0;0;0;0;0;1;0;0;-3,744452;-38,537199
345140;27;5;2019;01:16;0;AV CEL CARVALHO;;;935;;Colisão;;;;Meio de Quadra;;;0;2;0;0;0;0;0;0;0;1;0;0;-3,710718;-38,589633
345149;27;5;2019;06:20;0;RUA QUEIROZ RIBEIRO;;;532;;Colisão;Luz do Dia;;;Meio de Quadra;;;0;1;1;1;0;0;0;0;0;1;0;0;-3,763762333;-38,54652454
344069;27;5;2019;07:08;0;AV BORGES DE MELO;;;2070;;Atropelamento;Luz do Dia;Bom;Seca;Meio de Quadra;Não Há Controle;Comercial;0;1;1;0;0;0;0;0;0;1;0;0;-3,752984;-38,538208
344070;27;5;2019;09:36;0;AV PRS COSTA E SILVA;;;600;;Colisão Traseira;Luz do Dia;Bom;Seca;Meio de Quadra;Não Há Controle;Comercial;0;0;2;1;0;0;0;0;0;0;0;0;-3,811955;-38,574221
344071;27;5;2019;10:24;0;AV ABOLICAO;;;2933;;Atropelamento;Luz do Dia;Bom;Seca;Meio de Quadra;Não Há Controle;Lazer;0;1;1;0;1;0;0;0;0;0;0;0;-3,726977;-38,493236
344072;27;5;2019;13:00;13410;RUA JOAQUIM TORRES;RUA ANTONIO AUGUSTO;;;;Colisão Transversal;Luz do Dia;Bom;Seca;Cruz;Pare;Comercial;0;1;1;0;0;0;0;0;0;1;0;0;-3,741755;-38,517263
344073;27;5;2019;19:17;15170;AV ABOLICAO;RUA JOSE VILAR;;;;Colisão Lateral;Via Iluminada;Bom;Seca;Cruz;Gesto;Comercial;0;0;2;0;1;0;0;0;0;0;0;0;-3,725435;-38,501373
344074;27;5;2019;21:07;15104;AV HIS RAIMUNDO GIRAO;RUA ILDEFONSO ALBANO;;0;;Colisão Lateral;Via Iluminada;Bom;Seca;Cruz;Gesto;Comercial;0;0;2;1;1;0;0;0;0;0;0;0;-3,721603;-38,509542
344075;27;5;2019;21:34;0;RUA MACEIO;;;298;;Colisão Traseira;Via Iluminada;Bom;Seca;Meio de Quadra;Não Há Controle;Residencial;0;1;1;1;0;0;0;0;0;1;0;0;-3,756820258;-38,58695492
347075;27;5;2019;20:16;0;RUA FRE MANSUETO;;;;;Colisão;;;;Meio de Quadra;;;0;0;1;1;0;0;0;0;0;0;0;0;;
342859;27;5;2019;03:50;19328;RUA EDUARDO PERDIGAO;RUA CON DE CASTRO;;;;Colisão Transversal;Via Iluminada;Chuva;Molhada;Cruz;Pare;Comercial;0;2;0;1;0;0;0;0;0;0;0;0;-3,775579;-38,564769
342857;27;5;2019;12:30;0;AV CASTELO DE CASTRO;;;;;Colisão Lateral;Luz do Dia;Bom;Seca;Meio de Quadra;;;0;1;1;0;0;0;1;0;0;1;0;0;;
343063;27;5;2019;16:50;0;RD CE-040;;;;KM-08;Colisão;Luz do Dia;;;Meio de Quadra;;;0;0;2;1;0;0;0;0;0;0;0;0;-3,825515822;-38,48153832
343068;27;5;2019;07:50;0;AV SEN CARLOS JEREISSATI (AEROPORTO);;;;KM 01;Colisão;Luz do Dia;;;Meio de Quadra;;;0;0;2;1;0;0;1;0;0;0;0;0;-3,783753;-38,52685
343064;28;5;2019;06:36;0;RD CE-040;;;7263;KM-09;Colisão;Luz do Dia;;;Meio de Quadra;;;0;0;3;0;0;0;0;0;0;1;0;0;-3,834450897;-38,48246582
343065;28;5;2019;13:45;0;RD CE-040;;;;KM-07;Colisão;Luz do Dia;;;Meio de Quadra;;;0;0;2;1;0;0;0;0;0;0;0;0;-3,817159445;-38,48303286
343066;28;5;2019;14:40;0;RD CE-040;;;11140;KM-12;Colisão;Luz do Dia;;;Meio de Quadra;;;0;1;1;0;0;0;0;0;0;1;0;0;-3,857690949;-38,47204254
343067;28;5;2019;18:30;0;RD CE-040;;;;KM-10;Atropelamento;Anoitecer;;;Meio de Quadra;;;0;1;1;0;0;0;0;0;0;0;0;0;-3,84257666;-38,48088284
342860;28;5;2019;01:37;25170;RUA PRO EDGAR DE ARRUDA;AV LINEU MACHADO;;;;Queda;Via Iluminada;Bom;Seca;Cruz;Semáforo;Comercial;0;0;1;1;0;0;0;0;0;0;0;0;-3,763209;-38,57548
342861;28;5;2019;17:31;0;AV EDUARDO GIRAO;;;277;;Atropelamento;Anoitecer;Bom;Seca;Meio de Quadra;Não Há Controle;Comercial;0;1;1;0;1;0;0;0;0;0;0;0;-3,749384024;-38,53911727
344077;28;5;2019;08:21;0;AV BEZERRA DE MENEZES;;;244;;Atropelamento;Luz do Dia;Bom;Seca;Meio de Quadra;Semáforo;Comercial;0;1;1;0;1;0;0;0;0;0;0;0;-3,732034328;-38,54696243
344078;28;5;2019;06:13;0;AV ODILON GUIMARAES;RUA BAR DE LUCENA D64;;1417;;Colisão Transversal;Luz do Dia;Bom;Seca;Meio de Quadra;Não Há Controle;Comercial;0;1;1;1;0;0;0;0;0;1;0;0;-3,8252595;-38,4792684
344079;28;5;2019;07:00;0;RUA PDE GUERRA;RUA VIRIATO RIBEIRO;;0;;Colisão Transversal;Luz do Dia;Bom;Seca;Cruz;Pare;Residencial;0;0;2;1;1;0;0;0;0;0;0;0;-3,7413738;-38,569233
344080;28;5;2019;08:06;15875;RUA ANGELICA GURGEL;RUA GUARUJA;;;;Colisão Transversal;Luz do Dia;Bom;Seca;Cruz;Pare;Comercial;0;1;1;1;0;0;0;0;0;1;0;0;-3,834789;-38,499064
344081;28;5;2019;13:54;12818;RUA ALBERTO MAGNO;RUA ANDRE CHAVES;;;;Colisão Transversal;Luz do Dia;Bom;Seca;Cruz;Pare;Comercial;0;1;1;0;0;0;0;0;0;1;0;0;-3,756035;-38,54223
344082;28;5;2019;16:25;0;AV PRS COSTA E SILVA;;;3601;;Colisão Lateral;Luz do Dia;Bom;Seca;Meio de Quadra;Não Há Controle;Residencial;0;1;1;1;0;0;0;0;0;1;0;0;-3,8237152;-38,548916
344083;28;5;2019;17:14;0;RUA ALUISIO AZEVEDO;;;440;;Colisão;Luz do Dia;Bom;Seca;Meio de Quadra;Pare;Residencial;0;1;1;1;0;0;0;0;0;1;0;0;-3,77155;-38,576636
345203;28;5;2019;04:45;0;AV GAL OSORIO DE PAIVA;;;2982;;Queda;;;;Meio de Quadra;;;0;1;0;0;0;0;0;0;0;1;0;0;-3,789256;-38,587028
345217;28;5;2019;15:54;0;RUA CANDIDO MAIA;;;;;Atropelamento;Luz do Dia;;;Meio de Quadra;;;0;1;1;0;1;0;0;0;0;0;0;0;;
345218;28;5;2019;16:16;0;RUA FERNANDO WEYNE;;;24;;Queda;Luz do Dia;;;Meio de Quadra;;;0;1;0;0;0;0;0;0;0;1;0;0;-3,722471;-38,5531692
345215;28;5;2019;14:51;0;AV JOSE TAVARES;;;506;;Colisão;Luz do Dia;;;Meio de Quadra;;;0;1;1;1;0;0;0;0;0;1;0;0;-3,8093691;-38,5997115
345212;28;5;2019;11:30;0;AV JOSE BASTOS;;;3030;;Queda;Luz do Dia;;;Meio de Quadra;;;0;1;0;0;0;0;0;0;0;1;0;0;-3,746855;-38,5472955
345213;28;5;2019;12:23;5302;AV TRISTAO GONCALVES;RUA PEDRO I;;;;Atropelamento;Luz do Dia;;;Cruz;Semáforo;Comercial;0;1;1;0;0;0;0;0;0;1;0;0;-3,729523;-38,533927
345210;28;5;2019;11:23;0;RUA PEDRO I;;;821;;Atropelamento;Luz do Dia;;;Meio de Quadra;;;0;1;1;0;0;0;0;0;0;1;0;0;-3,730182;-38,531758
345223;28;5;2019;17:16;0;RUA TEN JAIME ANDRADE;;;296;;Colisão;Anoitecer;;;Meio de Quadra;;;0;1;1;1;0;0;0;0;0;1;0;0;-3,771295639;-38,51409356
345221;28;5;2019;16:52;0;RUA SAO CRISTOVAO D49;;;170;;Queda;Luz do Dia;;;Meio de Quadra;;;0;1;0;0;0;0;0;0;0;1;0;0;-3,82304;-38,53832
345225;28;5;2019;17:17;788;RUA TEN JAIME ANDRADE;RUA ASP MENDES;;;;Colisão;Anoitecer;;;Cruz;Pare;Comercial;0;1;1;1;0;0;0;0;0;1;0;0;-3,771226;-38,513779
345271;28;5;2019;18:20;0;RUA 928 CJ CEARA;;;;;Colisão;Anoitecer;;;Meio de Quadra;;;0;1;1;1;0;0;0;0;0;1;0;0;;
345268;28;5;2019;18:18;0;AV WASHINGTON SOARES;;;;;Atropelamento;Anoitecer;;;Meio de Quadra;;;0;1;1;1;0;0;0;0;0;0;0;0;;
345262;28;5;2019;17:58;0;RUA SAO CAETANO;;;;;Colisão;Anoitecer;;;Meio de Quadra;;;0;1;1;1;0;0;0;0;0;1;0;0;;
345263;28;5;2019;17:59;0;RUA VITAL BRASIL;;;;;Colisão;Anoitecer;;;Meio de Quadra;;;0;1;0;0;0;0;0;0;0;0;0;0;;
345265;28;5;2019;18:07;0;RUA JOAQUIM NABUCO;;;2672;;Colisão;Anoitecer;;;Meio de Quadra;;;0;1;1;1;0;1;0;0;0;0;0;0;-3,748745;-38,5056125
345266;28;5;2019;18:11;11338;AV GODOFREDO MACIEL;RUA FRANCISCO GLICERIO;;;;Queda;Anoitecer;;;Cruz;Semáforo;Comercial;0;1;0;0;0;0;0;0;0;1;0;0;-3,795981;-38,569757
345289;28;5;2019;20:34;0;AV PRO JOSE ARTHUR CARVALHO;;;;;Colisão;;;;Meio de Quadra;;;0;1;1;1;0;0;0;0;0;1;0;0;;
345291;28;5;2019;20:53;0;RUA MARIA GOMES DE SA;;;;;Colisão;;;;Meio de Quadra;;;0;1;1;0;0;0;0;0;0;1;0;0;;
345283;28;5;2019;19:44;13304;AV G CJ JOSE WALTER;AV I CJ JOSE WALTER;;;;Colisão;;;;Cruz;Pare;Residencial;0;1;1;1;0;0;0;0;0;1;0;0;-3,839061;-38,554956
345286;28;5;2019;19:46;0;AV JOAO PESSOA;;;6943;;Colisão;;;;Meio de Quadra;;;0;1;1;1;0;0;0;0;0;1;0;0;-3,771044;-38,561379
345287;28;5;2019;20:04;3320;RUA VIRIATO RIBEIRO;RUA ARGENTINA;;;;Colisão;;;;Cruz;Pare;Residencial;0;1;1;1;0;0;0;0;0;1;0;0;-3,747181;-38,564284
345279;28;5;2019;18:51;0;AV PRS COSTA E SILVA;;;;;Colisão;;;;Meio de Quadra;;;0;1;1;1;0;0;0;0;0;1;0;0;;
345273;28;5;2019;18:26;0;RUA REPUBLICA DO LIBANO;;;723;;Colisão;Anoitecer;;;Meio de Quadra;;;0;1;1;0;0;0;0;0;0;1;0;0;-3,732224;-38,493841
345281;28;5;2019;19:04;6756;AV ENG SANTANA JUNIOR;AV ANTONIO SALES;;;;Colisão;;;;T;Dê Preferência;Comercial;0;1;1;1;0;0;0;0;0;1;0;0;-3,749257;-38,490039
345277;28;5;2019;18:48;3250;AV PERIMETRAL;RUA SAO FRANCISCO D34;;;;Atropelamento;;;;;;;0;1;1;0;0;0;0;0;0;1;0;0;-3,784113;-38,589619
345275;28;5;2019;18:31;0;AV GAL OSORIO DE PAIVA;;;5281;;Colisão;;;;Meio de Quadra;;;0;1;0;0;0;0;0;0;0;0;0;0;-3,803736625;-38,60112288
345336;28;5;2019;21:47;12930;RUA EUSEBIO DE SOUZA;AV DOMINGOS OLIMPIO;;;;Queda;;;;Cruz;Pare;Comercial;0;1;0;0;0;0;0;0;0;1;0;0;-3,738402;-38,525362
345337;28;5;2019;22:55;0;RUA PAULO FIRMEZA;;;1065;;Queda;;;;Meio de Quadra;;;0;1;0;0;0;1;0;0;0;0;0;0;-3,75684;-38,50977
345340;28;5;2019;23:01;23433;RUA MON SALAZAR;RUA PRO CARVALHO;;;;Queda;;;;Cruz;Pare;Comercial;0;1;0;0;0;0;0;0;0;1;0;0;-3,756146;-38,514308
345320;28;5;2019;21:16;0;AV WASHINGTON SOARES;;;1370;;Colisão;;;;Meio de Quadra;;;0;1;1;1;0;0;0;0;0;1;0;0;-3,7709425;-38,482064
345321;28;5;2019;21:25;0;AV FRANCISCO SA;;;4780;;Colisão;;;;Meio de Quadra;;;0;1;1;1;0;0;0;0;0;1;0;0;-3,713886;-38,567708
345322;28;5;2019;21:36;0;RUA CON DE CASTRO;;;;;Colisão;;;;Meio de Quadra;;;0;1;1;1;0;0;0;0;0;1;0;0;;
345345;29;5;2019;01:03;0;RUA PDE ASCENCO GAGO;;;1314;;Queda;;;;Meio de Quadra;;;0;1;0;0;0;1;0;0;0;0;0;0;-3,7799754;-38,5475167
345352;29;5;2019;06:37;5370;RUA METON DE ALENCAR;RUA PRC ISABEL;;;;Colisão;Luz do Dia;;;Cruz;Pare;Comercial;0;1;1;1;0;0;0;0;0;1;0;0;-3,731614;-38,536973
345354;29;5;2019;07:22;0;RUA DELTA;;;850;;Queda;Luz do Dia;;;Meio de Quadra;;;0;1;0;0;0;0;0;0;0;1;0;0;-3,795830833;-38,577213