COD_ACIDENTE;DIA;MES;ANO;HORA;INTERSECAO;LOG1;LOG2;LOG3;NUMERO;REFERENCIA;NATUREZA;ILUMINACAO;TEMPO;SUPERFICIEPISTA;TIPOCRUZAMENTO;CONTROLETRAFEGO;USOSOLO;MORTOS;FERIDOS;ILESOS;AUTOMOVEL;ONIBUS;BICICLETA;CAMINHAO;MICROONIBUS;CICLOMOTOR;MOTOCICLETA;TRACAOANIMAL;TREM;LATITUDE;LONGITUDE
345356;29;5;2019;08:13;0;AV JOSE BASTOS;;;3110;;Colisão;Luz do Dia;;;Meio de Quadra;;;0;1;1;1;0;0;0;0;0;1;0;0;-3,7444666;-38,5450433
345360;29;5;2019;11:23;0;AV GODOFREDO MACIEL;;;4848;;Atropelamento;Luz do Dia;;;Meio de Quadra;;;0;1;1;0;0;0;0;0;0;1;0;0;-3,818399;-38,575727
345361;29;5;2019;11:30;0;AV I CJ JOSE WALTER;;;1250;;Colisão;Luz do Dia;;;Meio de Quadra;;;0;1;1;1;0;0;0;0;0;1;0;0;-3,835398;-38,553829
345362;29;5;2019;13:31;0;RUA HOLANDA;;;1012;;Colisão;Luz do Dia;;;Meio de Quadra;;;0;1;1;1;0;1;0;0;0;0;0;0;-3,800572;-38,561168
345358;29;5;2019;11:23;0;RUA PDE VALDEVINO;;;2640;;Queda;Luz do Dia;;;Meio de Quadra;;;0;1;0;0;0;0;0;0;0;1;0;0;-3,743755438;-38,50193763
345380;29;5;2019;14:36;0;RUA DELMIRO GOUVEIA;;;1240;;Queda;Luz do Dia;;;Meio de Quadra;;;0;1;0;0;0;0;0;0;0;1;0;0;-3,738644467;-38,48796827
345381;29;5;2019;15:14;0;AV JOR THOMAZ COELHO;;;;;Queda;Luz do Dia;;;Meio de Quadra;;;0;1;0;0;0;0;0;0;0;1;0;0;;
345382;29;5;2019;15:28;0;AV JOAO PESSOA;;;6943;;Colisão;Luz do Dia;;;Meio de Quadra;;;0;1;1;1;0;0;0;0;0;1;0;0;-3,771044;-38,561379
345383;29;5;2019;18:09;0;RUA ASTROGILDO FONTOURA;;;296;;Queda;Anoitecer;;;Meio de Quadra;;;0;1;0;0;0;0;0;0;0;1;0;0;-3,712146938;-38,58167825
345365;29;5;2019;13:37;0;AV COS GOMES DE FREITAS (SAPIRANGA/COITE);;;3400;;Atropelamento;Luz do Dia;;;Meio de Quadra;;;0;1;1;1;0;0;0;0;0;0;0;0;-3,7953775;-38,4761565
345366;29;5;2019;13:39;0;AV E CJ CEARA;;;927;;Queda;Luz do Dia;;;Meio de Quadra;;;0;1;0;0;0;0;0;0;0;1;0;0;-3,75987;-38,60405
345367;29;5;2019;14:22;0;AV BORGES DE MELO;;;;;Colisão;Luz do Dia;;;Meio de Quadra;;;0;1;1;0;0;0;0;0;0;1;0;0;;
345398;29;5;2019;18:43;0;AV H CJ CEARA;;;1732;;Atropelamento de Animal;;;;Meio de Quadra;;;0;1;0;0;0;0;0;0;0;1;0;0;-3,77622703;-38,61368024
345399;29;5;2019;20:00;2523;AV FRANCISCO SA;RUA TULIPA;;;;Queda;;;;T;Pare;Comercial;0;1;0;0;0;1;0;0;0;0;0;0;-3,710359;-38,577954
345400;29;5;2019;22:43;0;RUA SAO LUCAS;;;711;;Queda;;;;Meio de Quadra;;;0;1;0;0;0;1;0;0;0;0;0;0;-3,7977989;-38,6024321
345401;29;5;2019;23:15;0;RUA PDE ANCHIETA;;;853;;Colisão;;;;Meio de Quadra;;;0;1;1;1;0;0;0;0;0;1;0;0;-3,727506667;-38,55158367
344085;29;5;2019;08:28;0;AV PRS CASTELO BRANCO;;;0;MARINHA;Atropelamento;Luz do Dia;Bom;Seca;Meio de Quadra;Não Há Controle;Comercial;0;1;1;0;0;0;0;0;0;0;0;0;;
344086;29;5;2019;07:00;22316;RUA MOZART PINTO;RUA CASIMIRO MONTENEGRO;;;;Colisão Transversal;Luz do Dia;Bom;Seca;Cruz;Pare;Residencial;0;2;1;1;0;0;0;0;0;1;0;0;-3,730339;-38,552448
344087;29;5;2019;07:50;180;RUA BALDUINO FREIRE;RUA OSASCO;;;;Colisão Transversal;Luz do Dia;Bom;Seca;T;Não Há Controle;Residencial;0;1;1;1;0;0;0;0;0;1;0;0;-3,735287;-38,584744
344088;29;5;2019;13:34;0;AV DOM MANUEL;;;950;;Colisão Traseira;Luz do Dia;Bom;Seca;Meio de Quadra;Semáforo;Comercial;0;0;2;1;0;0;0;0;0;1;0;0;-3,732456613;-38,52244244
344089;29;5;2019;11:40;25047;RUA ANTONIO ARRUDA;RUA CIDADE PALHANO;;;;Colisão Transversal;Luz do Dia;Bom;Seca;Cruz;Pare;Residencial;0;2;1;1;0;0;0;0;0;1;0;0;-3,717903;-38,593359
343075;29;5;2019;06:50;0;RD BR 116;;;2000;KM-02;Colisão Traseira;Luz do Dia;Bom;Seca;Meio de Quadra;;;0;2;1;1;0;0;0;0;0;1;0;0;-3,771391;-38,51678
343076;29;5;2019;09:10;0;RD CE-060;;;;KM-02;Colisão;Luz do Dia;;;Meio de Quadra;;;0;0;1;1;0;0;0;0;0;0;0;0;-3,834064;-38,582111
343078;29;5;2019;12:15;0;RD CE-040;;;;KM-09;Choque c/ Obstáculo Fixo;Luz do Dia;;;Meio de Quadra;;;0;0;1;0;0;0;1;0;0;0;0;0;-3,834450897;-38,48246582
343073;29;5;2019;14:30;0;AV SEN CARLOS JEREISSATI (AEROPORTO);;;;KM 02;Colisão;Luz do Dia;;;Meio de Quadra;;;0;2;1;0;0;0;0;0;0;1;0;0;-3,782194;-38,535424
342862;29;5;2019;07:30;0;AV JOVITA FEITOSA;;;185;;Queda;Luz do Dia;Nublado;Molhada;Outros;Não Há Controle;Comercial;0;1;0;0;0;0;0;0;0;1;0;0;-3,73759;-38,545496
342863;29;5;2019;19:05;0;AV GOV RAUL BARBOSA;;;6801;;Colisão Traseira;Via Iluminada;Bom;Seca;Meio de Quadra;Não Há Controle;Residencial;0;0;2;1;0;0;0;0;0;1;0;0;-3,772728;-38,512483
342864;29;5;2019;18:00;5256;RUA COSTA BARROS;RUA DNA LEOPOLDINA;;;;Colisão Transversal;Anoitecer;Bom;Seca;Cruz;Semáforo;Comercial;0;0;2;1;0;0;0;0;0;0;0;0;-3,728094;-38,5186
347081;29;5;2019;06:15;0;RUA SILVA PAULET;;;496;;Colisão;Luz do Dia;;;Meio de Quadra;;;0;0;1;1;0;0;0;0;0;0;0;0;-3,72845;-38,50344
347096;29;5;2019;18:40;0;AV SANTOS DUMONT;;;;;Colisão;;;;Meio de Quadra;;;0;0;1;0;0;0;0;0;0;1;0;0;;
342865;30;5;2019;11:50;11010;RUA JULIO VERNE;RUA PERU;;;;Colisão Transversal;Luz do Dia;Chuva;Molhada;Cruz;Pare;Residencial;1;0;1;0;1;0;0;0;0;1;0;0;-3,775725;-38,552009
342866;30;5;2019;08:40;11330;RUA PAURILO BARROSO;RUA RUBENS MONTE D43;;;;Colisão Transversal;Luz do Dia;Chuva;Molhada;Cruz;Pare;Residencial;0;1;1;1;0;0;0;0;0;0;0;0;-3,799816;-38,569342
342879;30;5;2019;19:40;1370;RUA CEL JUCA;RUA MARCOS MACEDO;;;;Colisão Transversal;Via Iluminada;Bom;Seca;Cruz;Pare;Comercial;0;1;1;0;0;0;0;0;0;1;0;0;-3,736456;-38,490901
343079;30;5;2019;07:58;0;RD BR 222;;;;;Queda;Luz do Dia;Nublado;Molhada;Meio de Quadra;;;0;1;0;0;0;0;0;0;0;1;0;0;;
343080;30;5;2019;07:18;0;AV MIN JOSE AMERICO;;;500;;Colisão;Luz do Dia;;;;;;0;1;1;1;0;0;0;0;0;1;0;0;-3,810994;-38,495269
343081;30;5;2019;13:35;0;RD CE-040;;;;KM-05;Colisão;Luz do Dia;;;Meio de Quadra;;;0;0;2;1;0;0;0;0;0;0;0;0;-3,800595823;-38,47953463
343077;30;5;2019;02:15;0;RD BR 116;;;6000;KM-06;Colisão Transversal;;Nublado;Molhada;Meio de Quadra;;;0;1;1;0;0;0;0;0;0;1;0;0;-3,804691;-38,503053
344090;30;5;2019;09:30;5188;RUA TEN BENEVOLO;RUA NOGUEIRA ACIOLI;;0;;Colisão Lateral;Luz do Dia;Chuva;Molhada;Cruz;Pare;Comercial;0;1;1;1;0;0;0;0;0;1;0;0;-3,725858;-38,515591
344091;30;5;2019;11:21;0;AV GOV RAUL BARBOSA;;;7240;;Colisão Traseira;Luz do Dia;Chuva;Molhada;Meio de Quadra;Semáforo;Comercial;0;0;2;0;0;0;0;0;0;1;0;0;-3,77584;-38,513071
344092;30;5;2019;10:22;7400;RUA CEL MATOS DOURADO;RUA PRO EDGAR DE ARRUDA;;;;Colisão Transversal;Luz do Dia;Chuva;Molhada;Cruz;Pare;Comercial;0;1;1;1;0;0;0;0;0;1;0;0;-3,758202;-38,584848
344093;30;5;2019;13:49;0;AV ROGACIANO LEITE;;;320;;Engavetamento;Luz do Dia;Nublado;Molhada;Meio de Quadra;Não Há Controle;Comercial;0;1;2;1;0;0;0;0;0;0;0;0;-3,760849;-38,492943
344094;30;5;2019;19:00;7762;AV ANTONIO SALES;RUA NUNES VALENTE;;0;;Colisão Transversal;Via Iluminada;Bom;Seca;Cruz;Gesto;Comercial;0;0;4;1;0;0;0;0;0;0;0;0;-3,744237;-38,506314
344095;30;5;2019;22:37;22167;AV JOSE BASTOS;RUA TAVARES IRACEMA;;0;;Colisão Traseira;Via Iluminada;Bom;Seca;T;Não Há Controle;Comercial;0;0;2;0;0;0;0;0;0;0;0;0;-3,752313;-38,55277
344100;30;5;2019;14:42;1441;AV SANTOS DUMONT;RUA PRO DIAS DA ROCHA;;;;Colisão;Luz do Dia;Nublado;Seca;Cruz;Pare;Comercial;0;1;1;0;1;0;0;0;0;1;0;0;-3,738113;-38,492502
345406;30;5;2019;02:05;0;RD BR 116;;;;;Colisão;;;;Meio de Quadra;;;0;1;1;1;0;0;0;0;0;1;0;0;;
345407;30;5;2019;03:29;0;RUA JUVENTUDE;;;551;;Colisão;;;;Meio de Quadra;;;0;1;0;0;0;0;0;0;0;0;0;0;-3,82866;-38,57188
345408;30;5;2019;07:20;0;RUA VALPARAISO;;;537;;Colisão;Luz do Dia;;;Meio de Quadra;;;0;1;1;1;0;0;0;0;0;1;0;0;-3,844605691;-38,52528046
345409;30;5;2019;07:41;0;AV MIN JOSE AMERICO;;;326;;Colisão;Luz do Dia;;;Meio de Quadra;;;0;1;1;1;0;0;0;0;0;1;0;0;-3,81074;-38,49467
345410;30;5;2019;07:53;0;AV DIOGUINHO;;;;;Colisão;Luz do Dia;;;Meio de Quadra;;;0;1;1;1;0;0;0;0;0;0;0;0;;
345419;30;5;2019;11:55;0;AV JOSE JATAHY;;;499;;Colisão;Luz do Dia;;;Meio de Quadra;;;0;1;1;1;0;0;0;0;0;1;0;0;-3,72564;-38,54573
345420;30;5;2019;12:22;0;RUA JOSE TORRES;;;1075;;Colisão;Luz do Dia;;;Meio de Quadra;;;0;1;1;0;0;0;0;0;0;1;0;0;-3,780512235;-38,60741776
345421;30;5;2019;12:23;5194;RUA MAJ FACUNDO;RUA SAO PAULO;;;;Colisão;Luz do Dia;;;Cruz;Semáforo;Comercial;0;1;1;1;0;0;0;0;0;1;0;0;-3,726091;-38,527355
345422;30;5;2019;13:08;0;RUA CARLOS JUACABA;;;52;;Colisão;Luz do Dia;;;Meio de Quadra;;;0;2;0;0;0;0;0;0;0;1;0;0;-3,78486;-38,55952
345412;30;5;2019;07:54;0;AV HERACLITO GRACA;;;144;;Choque c/ Obstáculo Fixo;Luz do Dia;;;Meio de Quadra;;;0;1;0;1;0;0;0;0;0;0;0;0;-3,733987417;-38,52303142
345415;30;5;2019;08:32;0;AV 13 DE MAIO;;;767;;Queda;Luz do Dia;;;Meio de Quadra;;;0;1;0;0;0;0;0;0;0;1;0;0;-3,751439;-38,526854
345416;30;5;2019;11:17;25175;RUA OSCAR FRANCA;RUA VIRGILIO NOGUEIRA PAES;;;;Atropelamento;Luz do Dia;;;Cruz;Pare;Residencial;0;1;1;0;0;0;0;0;0;1;0;0;-3,788936;-38,608784
345427;30;5;2019;15:10;0;AV A CJ JOSE WALTER;;;30;;Colisão;Luz do Dia;;;Meio de Quadra;;;0;1;0;0;0;0;0;0;0;0;0;0;-3,825764;-38,55117397
345429;30;5;2019;16:36;0;RUA ILDEFONSO ALBANO;;;2260;;Atropelamento;Luz do Dia;;;Meio de Quadra;;;0;1;1;1;0;0;0;0;0;0;0;0;-3,740605;-38,51575
345436;30;5;2019;17:02;0;RUA HONORATO SILVA;;;1380;;Queda;Anoitecer;;;Meio de Quadra;;;0;1;0;0;0;0;0;0;0;1;0;0;-3,8587563;-38,499802
345437;30;5;2019;17:21;0;AV GODOFREDO MACIEL;;;;;Colisão;Anoitecer;;;Meio de Quadra;;;0;1;1;1;0;0;0;0;0;1;0;0;;
345438;30;5;2019;17:28;0;RD QUARTO ANEL VIARIO;;;2700;;Colisão;Anoitecer;;;Meio de Quadra;;;0;1;0;0;0;0;0;0;0;0;0;0;-3,8647537;-38,5182322
345439;30;5;2019;18:04;0;RUA BAR ARACATI;;;;;Atropelamento;Anoitecer;;;Meio de Quadra;;;0;2;0;0;0;0;0;0;0;1;0;0;;
345441;30;5;2019;18:07;0;RUA HOLANDA;;;113;;Colisão;Anoitecer;;;;;;0;2;0;0;0;0;0;0;0;1;0;0;-3,7687943;-38,5957631
345443;30;5;2019;18:17;0;RUA ANDRE REBOUCAS;;;305;;Atropelamento;Anoitecer;;;Meio de Quadra;;;0;1;1;0;0;0;0;0;0;1;0;0;-3,77553;-38,59075
345445;30;5;2019;18:35;0;AV BORGES DE MELO;;;750;;Atropelamento;;;;Meio de Quadra;;;0;1;1;0;0;0;0;0;0;1;0;0;-3,760718366;-38,52575276
345449;30;5;2019;19:12;12727;RUA JOAO SORONGO;RUA JULIO CESAR D12;;;;Colisão;;;;Cruz;Pare;Residencial;0;1;1;1;0;0;0;0;0;1;0;0;-3,750879;-38,543596
345451;30;5;2019;19:40;0;RUA CEL VIRGILIO NOGUEIRA (BOM JARDIM);;;;;Colisão;;;;Meio de Quadra;;;0;1;1;1;0;0;0;0;0;1;0;0;;
345455;30;5;2019;19:46;0;AV BEIRA MAR;;;2201;;Atropelamento;;;;Meio de Quadra;;;0;1;1;0;0;1;0;0;0;0;0;0;-3,72467;-38,50086
345460;30;5;2019;19:50;0;RUA TOMAS RODRIGUES;;;660;;Colisão;;;;Meio de Quadra;;;0;1;1;0;0;0;0;0;0;1;0;0;-3,742741;-38,5936475
345461;30;5;2019;19:59;0;AV GAL OSORIO DE PAIVA;;;2978;;Queda;;;;Meio de Quadra;;;0;1;0;0;0;1;0;0;0;0;0;0;-3,7891896;-38,5869632
345462;30;5;2019;20:05;0;AV VIS RIO BRANCO;;;59;;Atropelamento;;;;Meio de Quadra;;;0;1;1;0;0;0;0;0;0;1;0;0;-3,73417;-38,52447
345463;30;5;2019;20:06;0;RUA RAD JOAO RAMOS (DUNAS);;;2429;;Colisão;;;;Meio de Quadra;;;0;1;1;0;0;0;0;0;0;1;0;0;;
345464;30;5;2019;21:53;0;RUA DNA LIBANIA R. MELO NUNES;;;289;;Queda;;;;Meio de Quadra;;;0;1;0;0;0;0;0;0;0;1;0;0;-3,7906524;-38,5362239
345465;30;5;2019;22:14;0;RUA DEMETRIO MENEZES;;;402;;Colisão;;;;Meio de Quadra;;;0;1;0;0;0;0;0;0;0;0;0;0;-3,74052;-38,58346
345466;30;5;2019;22:28;0;AV BORGES DE MELO;;;;;Queda;;;;Meio de Quadra;;;0;1;0;0;0;0;0;0;0;1;0;0;;
345467;30;5;2019;22:42;0;RUA VALPARAISO;;;1190;;Queda;;;;Meio de Quadra;;;0;1;0;0;0;0;0;0;0;1;0;0;-3,841340954;-38,52928725
345468;30;5;2019;23:26;0;RUA BAR AQUIRAZ;;;600;;Queda;;;;Meio de Quadra;;;0;1;0;0;0;1;0;0;0;0;0;0;-3,833725;-38,489933
345473;31;5;2019;00:19;9952;RUA EMILIO DE MENESES;RUA JOSE TORRES;;;;Colisão;;;;Cruz;Semáforo;Comercial;0;1;1;1;0;0;0;0;0;1;0;0;-3,776425;-38,606283
345474;31;5;2019;06:21;0;AV PAROARAS;;;3750;;Colisão;Luz do Dia;;;Meio de Quadra;;;0;1;1;0;0;0;0;0;0;1;0;0;;
345476;31;5;2019;06:31;0;AV PERIMETRAL;;;;;Colisão;Luz do Dia;;;Meio de Quadra;;;0;1;0;0;0;0;0;0;0;0;0;0;;
345477;31;5;2019;07:23;0;AV ALM HENRIQUE SABOIA;;;;;Queda;Luz do Dia;;;Meio de Quadra;;;0;1;0;0;0;0;0;0;0;1;0;0;;
345479;31;5;2019;07:45;1572;RUA VICENTE LINHARES;AV DES MOREIRA;;;;Colisão;Luz do Dia;;;Cruz;Semáforo;Comercial;0;1;1;1;0;0;0;0;0;1;0;0;-3,742153;-38,500253
345481;31;5;2019;07:53;0;AV ALM HENRIQUE SABOIA;;;;;Queda;Luz do Dia;;;Meio de Quadra;;;0;1;0;0;0;0;0;0;0;1;0;0;;
345482;31;5;2019;07:56;0;RUA NEREU RAMOS;;;;;Queda;Luz do Dia;;;Meio de Quadra;;;0;1;0;0;0;0;0;0;0;1;0;0;;
345483;31;5;2019;08:04;0;AV PRS CASTELO BRANCO;;;;;Colisão;Luz do Dia;;;Meio de Quadra;;;0;1;1;1;0;0;0;0;0;1;0;0;;
345506;31;5;2019;09:41;1294;RUA TORRES CAMARA;RUA CARLOS VASCONCELOS;;;;Colisão;Luz do Dia;;;Cruz;Semáforo;Comercial;0;1;1;1;0;0;0;0;0;1;0;0;-3,734251;-38,511204
345507;31;5;2019;09:52;0;AV JOSE JATAHY;;;1599;;Queda;Luz do Dia;;;Meio de Quadra;;;0;1;0;0;0;0;0;0;0;1;0;0;-3,735512208;-38,54399205
345508;31;5;2019;10:10;17357;RUA ALAN KARDEC;RUA QUEIROZ RIBEIRO;;;;Colisão;Luz do Dia;;;Cruz;Pare;Residencial;0;1;1;1;0;0;0;0;0;1;0;0;-3,765962;-38,548436
345511;31;5;2019;12:56;0;RUA PRO VIEIRA;;;100;;Queda;Luz do Dia;;;Meio de Quadra;;;0;1;0;0;0;0;0;0;0;1;0;0;-3,75145;-38,59376
345512;31;5;2019;13:45;0;AV MR HULL;;;;;Colisão;Luz do Dia;;;Meio de Quadra;;;0;1;1;0;0;0;0;0;0;1;0;0;;
345503;31;5;2019;09:30;0;AV DEP PAULINO ROCHA;;;;;Queda;Luz do Dia;;;Meio de Quadra;;;0;1;0;0;0;0;0;0;0;1;0;0;;
345504;31;5;2019;09:30;0;AV ALBERTO CRAVEIRO;;;;;Colisão;Luz do Dia;;;Meio de Quadra;;;0;1;1;1;0;0;0;0;0;1;0;0;;
345515;31;5;2019;14:57;0;AV CEL CARVALHO;;;1261;;Atropelamento;Luz do Dia;;;Meio de Quadra;;;0;1;1;0;0;0;0;0;0;0;0;0;-3,713319235;-38,58895988
345516;31;5;2019;15:28;0;AV SEN VIRGILIO TAVORA;;;1050;;Colisão;Luz do Dia;;;Meio de Quadra;;;0;1;1;1;0;0;0;0;0;1;0;0;-3,735843;-38,492845
345518;31;5;2019;16:12;0;RUA ANTONIO ARRUDA;;;1328;;Queda;Luz do Dia;;;Meio de Quadra;;;0;1;0;0;0;0;0;0;0;1;0;0;-3,71898;-38,59368
345519;31;5;2019;17:21;0;RUA RAUL CABRAL;;;783;;Colisão;Anoitecer;;;Meio de Quadra;;;0;1;1;1;0;0;0;0;0;1;0;0;-3,768051;-38,546018
345525;31;5;2019;18:33;0;RD BR 116;;;6000;KM-06;Colisão;;;;Meio de Quadra;;;0;1;0;0;0;0;0;0;0;0;0;0;-3,804691;-38,503053
345526;31;5;2019;18:41;0;RUA JULIO AZEVEDO;;;1170;;Colisão;;;;Meio de Quadra;;;0;1;1;1;0;0;0;0;0;0;0;0;-3,7405625;-38,4807795
345527;31;5;2019;21:07;0;RUA PRO HERIBALDO COSTA;;;1264;;Colisão;;;;Meio de Quadra;;;0;1;1;1;0;0;0;0;0;1;0;0;-3,763125615;-38,58550103
345528;31;5;2019;21:17;0;AV CARNEIRO DE MENDONCA;;;1997;;Queda;;;;Meio de Quadra;;;0;1;0;0;0;0;0;0;0;1;0;0;-3,75954304;-38,57583944
345529;31;5;2019;22:46;0;RUA PORTO ALEGRE;;;517;;Queda;;;;Meio de Quadra;;;0;1;0;0;0;0;0;0;0;1;0;0;-3,764118;-38,583341
344101;31;5;2019;16:32;3988;AV PRO GOMES DE MATOS;RUA AFRODISIO GONDIM;;;;Colisão Traseira;Luz do Dia;Bom;Seca;T;Não Há Controle;Comercial;0;1;1;1;0;0;0;0;0;1;0;0;-3,758895;-38,543675
344096;31;5;2019;08:21;7846;RUA JULIO SIQUEIRA;RUA JOSE VILAR;;;;Colisão Transversal;Luz do Dia;Chuva;Molhada;Cruz;Pare;Comercial;0;0;2;1;0;0;0;0;0;0;0;0;-3,749493;-38,509103
344097;31;5;2019;11:19;1743;RUA CAP ARAGAO;RUA TEN BARBOSA D46;;;;Colisão Traseira;Luz do Dia;Bom;Seca;Cruz;Pare;Comercial;0;0;2;0;0;0;0;0;0;1;0;0;-3,76473;-38,51204
344098;31;5;2019;11:40;9027;RUA SOLON PINHEIRO;RUA PDE ROMA;;;;Colisão Transversal;Luz do Dia;Bom;Seca;Cruz;Pare;Residencial;0;2;2;0;0;0;0;0;0;0;0;0;-3,744648;-38,531103
344099;31;5;2019;11:40;0;AV ROGACIANO LEITE;;;1057;;Não Informado;Luz do Dia;Bom;Seca;Meio de Quadra;Semáforo;Comercial;0;1;1;1;0;0;0;0;0;1;0;0;-3,7789361;-38,501114
343082;31;5;2019;19:00;0;RD BR 116;;;6000;KM-06;Atropelamento;;Nublado;Seca;Meio de Quadra;;;0;3;0;0;0;0;0;0;0;1;0;0;-3,804691;-38,503053
343083;31;5;2019;16:47;0;RD BR 116;;;13000;KM-13;Colisão Traseira;Luz do Dia;Bom;Seca;;;;0;0;2;1;0;0;1;0;0;0;0;0;-3,86467;-38,497727
343084;31;5;2019;09:10;0;AV SEN CARLOS JEREISSATI (AEROPORTO);;;;KM 0;Colisão;Luz do Dia;;;Meio de Quadra;;;0;1;1;0;0;0;0;0;0;1;0;0;-3,783753;-38,52685
342893;31;5;2019;09:55;0;RUA ANAPOLES;;;43;;Outros;Luz do Dia;Nublado;Seca;Meio de Quadra;Pare;Residencial;0;0;2;1;0;0;0;0;0;0;0;0;-3,780444849;-38,56426266
342921;31;5;2019;17:00;21590;RUA RAIMUNDO NERY;RUA COM GARCIA;;;;Colisão Lateral;Luz do Dia;Bom;Seca;Cruz;Pare;Residencial;0;0;2;0;0;0;1;0;0;1;0;0;-3,795908;-38,585684
342929;31;5;2019;21:30;0;RUA VALPARAISO;;;291;;Colisão Traseira;Via Iluminada;Bom;Seca;Meio de Quadra;Não Há Controle;Comercial;0;0;2;1;0;0;0;1;0;0;0;0;-3,845985;-38,523415
342902;31;5;2019;11:10;3177;RUA ANSELMO NOGUEIRA;RUA CARLOS CHAGAS;;;;Colisão Lateral;Luz do Dia;Bom;Seca;Cruz;Pare;Residencial;0;1;1;1;0;0;0;0;0;1;0;0;-3,779698;-38,586797
347097;31;5;2019;18:10;0;RUA ANSELMO NOGUEIRA;;;679;;Colisão;Anoitecer;;;Meio de Quadra;;;0;0;1;1;0;0;0;0;0;0;0;0;-3,7847549;-38,5882155
347098;31;5;2019;16:15;0;RUA NICOLAU COELHO;;;229;;Atropelamento;Luz do Dia;;;Meio de Quadra;;;0;1;1;0;0;0;0;0;0;0;0;0;-3,813446563;-38,49213794
346917;1;6;2019;20:20;26083;AV BEZERRA DE MENEZES;AV JOSE JATAHY;;;;Colisão;;;;Cruz;Semáforo;Comercial;0;1;1;0;0;0;0;0;0;1;0;0;-3,7315183;-38,5450206
346607;1;6;2019;09:00;0;AV MR HULL;;;3835;COLÉGIO DA POLÍCIA MILITAR;Queda;Luz do Dia;;;Meio de Quadra;;;1;0;1;0;0;0;0;0;0;1;0;0;-3,737828;-38,578596
342931;1;6;2019;07:20;0;AV CEL CARVALHO;;;2663;;Colisão Traseira;Luz do Dia;Bom;Seca;Meio de Quadra;Não Há Controle;Comercial;0;1;1;0;1;0;0;0;0;1;0;0;-3,726080714;-38,585634
342946;1;6;2019;11:20;0;RUA JOAQUIM NABUCO;;;1208;;Colisão Transversal;Luz do Dia;Bom;Seca;Meio de Quadra;Semáforo;Comercial;0;1;1;1;0;0;0;0;0;1;0;0;-3,735784;-38,501453
342950;1;6;2019;15:15;4542;AV DEP PAULINO ROCHA;RUA CEL ZACARIAS J FRANCA;;;;Colisão Traseira;Luz do Dia;Bom;Seca;Cruz;Pare;Residencial;0;1;1;1;0;0;0;0;0;1;0;0;-3,805266;-38,508111
342937;1;6;2019;06:40;1399;RUA FRE MANSUETO;RUA MARCOS MACEDO;;;;Colisão Transversal;Luz do Dia;Nublado;Molhada;Cruz;Pare;Residencial;0;0;2;1;0;0;0;0;0;0;0;0;-3,737071;-38,488546
342974;1;6;2019;22:20;5109;AV ALBERTO NEPOMUCENO;RUA DR JOAO MOREIRA;;;;Colisão Traseira;Via Iluminada;Bom;Seca;T;Semáforo;Comercial;0;0;2;1;1;0;0;0;0;0;0;0;-3,723737;-38,524608
342975;1;6;2019;23:45;26288;RUA VALDETARIO MOTA;RUA ANDRE DALL OLIO;;;;Colisão Transversal;Via Iluminada;Bom;Seca;;;;1;0;1;0;1;0;0;0;0;1;0;0;-3,7359505;-38,4800694
344102;1;6;2019;06:45;5454;RUA JAIME BENEVOLO;RUA METON DE ALENCAR;;;;Colisão Transversal;Luz do Dia;Nublado;Molhada;Cruz;Semáforo;Comercial;0;1;1;1;0;0;0;0;0;1;0;0;-3,735065;-38,526349
344103;1;6;2019;08:41;5054;RUA ALM JACEGUAI;RUA DRAGAO DO MAR;;0;;Colisão Lateral;Luz do Dia;Bom;Seca;T;Pare;Comercial;0;0;2;1;1;0;0;0;0;0;0;0;-3,721835;-38,519333
344104;1;6;2019;09:52;0;AV PRUDENTE BRASIL;;;174;;Colisão Traseira;Luz do Dia;Bom;Seca;Meio de Quadra;Não Há Controle;Comercial;0;1;1;1;0;0;0;0;0;1;0;0;-3,8050395;-38,5328505
344105;1;6;2019;07:12;5328;AV DUQ CAXIAS;AV TRISTAO GONCALVES;;;;Colisão Traseira;Luz do Dia;Bom;Seca;Meio de Quadra;Não Há Controle;Comercial;0;1;1;1;0;0;0;0;0;1;0;0;-3,7304;-38,534196
344106;1;6;2019;10:32;0;AV I CJ JOSE WALTER;;;1001;;Colisão Traseira;Luz do Dia;Bom;Seca;Meio de Quadra;Não Há Controle;Residencial;0;0;3;1;0;0;0;0;0;0;0;0;-3,83244;-38,552957
344107;1;6;2019;13:40;7888;AV DES MOREIRA;RUA ISRAEL BEZERRA;;;;Colisão Transversal;Luz do Dia;Bom;Seca;Cruz;Semáforo;Comercial;0;1;1;1;0;0;0;0;0;1;0;0;-3,747526;-38,501963
344108;1;6;2019;16:43;0;AV ENG LUIS VIEIRA;;;125;;Engavetamento;Luz do Dia;Bom;Seca;Meio de Quadra;Semáforo;Comercial;0;0;3;1;0;0;0;0;0;0;0;0;-3,7972806;-38,586056