COD_ACIDENTE;DIA;MES;ANO;HORA;INTERSECAO;LOG1;LOG2;LOG3;NUMERO;REFERENCIA;NATUREZA;ILUMINACAO;TEMPO;SUPERFICIEPISTA;TIPOCRUZAMENTO;CONTROLETRAFEGO;USOSOLO;MORTOS;FERIDOS;ILESOS;AUTOMOVEL;ONIBUS;BICICLETA;CAMINHAO;MICROONIBUS;CICLOMOTOR;MOTOCICLETA;TRACAOANIMAL;TREM;LATITUDE;LONGITUDE
344109;1;6;2019;22:13;0;AV MON TABOSA;;;0;;Colisão Traseira;Via Iluminada;Bom;Seca;Meio de Quadra;Semáforo;Comercial;0;0;1;1;0;0;0;0;0;0;0;0;;
344110;1;6;2019;20:12;0;RUA MON SALAZAR;;;445;;Colisão;Via Iluminada;Bom;Seca;Meio de Quadra;Não Há Controle;Comercial;0;1;2;1;0;0;0;0;0;1;0;0;-3,756286143;-38,515712
344144;1;6;2019;20:08;0;RUA FAUSTO CABRAL;;;574;;Colisão Traseira;Anoitecer;Bom;Seca;Meio de Quadra;Não Há Controle;Residencial;0;1;1;1;0;0;0;0;0;1;0;0;-3,733662;-38,476448
344127;1;6;2019;18:24;26286;AV ENG AGRONOMO JOSE GUIMARAES DUQUE;RUA PEDRO LAZAR;;;;Colisão Transversal;Anoitecer;Bom;Seca;Cruz;Não Há Controle;Residencial;0;1;1;1;0;0;0;0;0;1;0;0;-3,8048829;-38,4883906
345428;1;6;2019;23:53;0;RUA DES WALDETARIO P MOTA;;;404;;Colisão;;;;Meio de Quadra;;;0;1;0;0;0;0;0;0;0;0;0;0;-3,733093;-38,478283
345397;1;6;2019;21:25;0;RUA LAURO NOGUEIRA;;;;;Colisão;;;;Meio de Quadra;;;0;2;0;1;0;0;0;0;0;1;0;0;;
345418;1;6;2019;21:59;13304;AV I CJ JOSE WALTER;AV G CJ JOSE WALTER;;;;Colisão;;;;Cruz;Pare;Residencial;0;2;0;1;0;0;0;0;0;1;0;0;-3,839061;-38,554956
345423;1;6;2019;22:16;0;RUA MANACA;;;23;;Atropelamento;;;;Meio de Quadra;;;0;1;0;0;0;0;0;0;0;0;0;0;-3,7104754;-38,5657078
345424;1;6;2019;23:00;0;AV HIS RAIMUNDO GIRAO;;;376;;Colisão;;;;Meio de Quadra;;;0;1;0;1;0;0;0;0;0;1;0;0;-3,720709;-38,51225779
345425;1;6;2019;23:07;0;RUA PINTO MADEIRA;;;425;;Colisão;;;;Meio de Quadra;;;0;2;0;1;0;0;0;0;0;1;0;0;-3,731075333;-38,521587
345426;1;6;2019;23:46;0;RUA MARTINS NETO;;;;;Atropelamento;;;;Meio de Quadra;;;0;1;0;1;0;0;0;0;0;0;0;0;;
345378;1;6;2019;19:29;0;TR BRASILIA D40;;;88;;Queda;;;;Meio de Quadra;;;0;1;0;0;0;1;0;0;0;0;0;0;-3,771026269;-38,51729642
345379;1;6;2019;20:14;0;AV WASHINGTON SOARES;;;;;Colisão;;;;Meio de Quadra;;;0;1;0;1;0;0;0;0;0;1;0;0;;
345393;1;6;2019;20:42;0;RUA AVILA GOULART;;;;;Queda;;;;Meio de Quadra;;;0;1;0;0;0;0;0;0;0;1;0;0;;
345395;1;6;2019;20:49;0;RUA VIDAL DE NEGREIROS;;;223;;Atropelamento;;;;Meio de Quadra;;;0;2;0;0;0;0;0;0;0;1;0;0;-3,798866333;-38,5635691
345368;1;6;2019;18:35;0;AV DEP PAULINO ROCHA;;;50;;Colisão;;;;Meio de Quadra;;;0;1;0;0;0;1;0;0;0;1;0;0;-3,802136;-38,507565
345389;1;6;2019;20:21;0;AV PRS CASTELO BRANCO;;;4827;;Atropelamento;;;;Meio de Quadra;;;0;1;0;0;0;0;0;0;0;0;0;0;-3,705919085;-38,57511005
345370;1;6;2019;18:40;0;AV DO PASSARE;;;501;;Colisão;;;;Meio de Quadra;;;0;1;0;1;0;1;0;0;0;0;0;0;;
345371;1;6;2019;19:14;0;AV BEZERRA DE MENEZES;;;;;Atropelamento;;;;Meio de Quadra;;;1;0;1;0;1;0;0;0;0;0;0;0;-3,731483;-38,544091
345355;1;6;2019;17:20;0;AV DR SILAS MUNGUBA;;;1000;;Colisão;Anoitecer;;;Meio de Quadra;;;0;1;0;1;0;0;0;0;0;1;0;0;-3,78148;-38,557095
345343;1;6;2019;17:14;5936;AV C CJ CEARA;RUA 1153 CJ CEARA;;;;Colisão;Anoitecer;;;;;;0;1;0;1;0;0;0;0;0;1;0;0;-3,761816;-38,609545
345333;1;6;2019;16:05;0;RUA CEL QUEIROZ;;;197;;Colisão;Luz do Dia;;;Meio de Quadra;;;0;2;0;1;0;0;0;0;0;1;0;0;-3,83542;-38,56425
345328;1;6;2019;15:42;1716;AV GOV RAUL BARBOSA;AV GAL MURILO BORGES;;;;Colisão;Luz do Dia;;;Rotatória;Dê Preferência;Residencial;0;1;0;1;0;0;0;0;0;1;0;0;-3,763977;-38,508802
345310;1;6;2019;12:35;0;RUA FRANCISCO GLICERIO;;;290;;Colisão;Luz do Dia;;;Meio de Quadra;;;0;2;0;1;0;0;0;0;0;1;0;0;-3,798174;-38,5624438
345313;1;6;2019;14:43;6451;AV C CJ CEARA;AV 1000 UI 709;;;;Queda;Luz do Dia;;;;;;0;1;0;0;0;0;0;0;0;1;0;0;-3,772801;-38,615846
345288;1;6;2019;11:30;12930;AV DOMINGOS OLIMPIO;RUA EUSEBIO DE SOUZA;;;;Queda;Luz do Dia;;;Cruz;Pare;Comercial;0;2;0;0;0;0;0;0;0;1;0;0;-3,738402;-38,525362
345307;1;6;2019;11:59;0;AV PRS CASTELO BRANCO;;;4435;;Queda;Luz do Dia;;;Meio de Quadra;;;0;1;0;0;0;1;0;0;0;0;0;0;-3,706981;-38,572307
345308;1;6;2019;12:04;0;AV DR THEBERGE;;;19;;Colisão;Luz do Dia;;;Meio de Quadra;;;0;1;0;1;0;0;0;0;0;1;0;0;-3,705657651;-38,5619904
345269;1;6;2019;11:02;0;RUA 12 CJ PEQ MONDUBIM;;;1104;;Colisão;Luz do Dia;;;Meio de Quadra;;;0;1;0;1;0;0;0;0;0;1;0;0;-3,8568184;-38,4852836
345261;1;6;2019;09:36;9040;RUA JAIME BENEVOLO;RUA PDE MIGUELINHO;;;;Colisão;Luz do Dia;;;Cruz;Pare;Comercial;0;1;0;1;0;0;0;0;0;1;0;0;-3,744086;-38,529347
345255;1;6;2019;09:01;0;AV I CJ JOSE WALTER;;;;;Colisão;Luz do Dia;;;Meio de Quadra;;;0;1;0;0;0;0;0;0;0;0;0;0;;
345232;1;6;2019;04:56;0;RUA BAR RIO BRANCO;;;2323;;Atropelamento;;;;Meio de Quadra;;;0;1;0;1;0;0;0;0;0;0;0;0;-3,738587;-38,532108
345233;1;6;2019;06:09;0;RUA ENG LUIS MONTENEGRO;;;428;;Colisão;Luz do Dia;;;Meio de Quadra;;;0;1;0;1;0;0;0;0;0;1;0;0;-3,814586;-38,6167198
345238;1;6;2019;06:45;7177;AV DR THEBERGE;RUA MARCILIO DIAS;;;;Colisão;Luz do Dia;;;Cruz;Não Há Controle;Comercial;0;1;0;1;0;0;0;0;0;1;0;0;-3,708514;-38,562921
345236;1;6;2019;06:17;0;RUA CEL GUILHERME ALENCAR;;;865;;Colisão;Luz do Dia;;;Meio de Quadra;;;0;1;0;1;0;0;0;0;0;1;0;0;-3,83637;-38,49298
345251;1;6;2019;07:29;0;RUA TEN QUEIROZ;;;1215;;Colisão;Luz do Dia;;;Meio de Quadra;;;0;1;0;1;0;0;0;0;0;1;0;0;-3,812051;-38,5794892
345244;1;6;2019;07:09;0;AV PRS COSTA E SILVA;;;920;;Colisão;Luz do Dia;;;Meio de Quadra;;;0;1;0;0;0;0;0;0;0;0;0;0;-3,813018407;-38,57106422
345224;1;6;2019;04:39;0;RUA PIRINEUS;;;25;;Colisão;;;;Meio de Quadra;;;0;1;0;1;0;0;0;0;0;1;0;0;-3,8201166;-38,5768748
345230;1;6;2019;04:56;0;RUA SUBLIME;;;129;;Queda;;;;Meio de Quadra;;;0;1;0;0;0;0;0;0;0;1;0;0;;
345440;2;6;2019;05:52;0;AV MR HULL;;;2933;;Queda;Amanhecer;;;Meio de Quadra;;;0;2;0;0;0;0;0;0;0;1;0;0;-3,736822;-38,5706905
345430;2;6;2019;00:48;0;RUA ALTANEIRA;;;618;;Colisão;;;;Meio de Quadra;;;0;2;0;0;0;0;0;0;0;1;0;0;-3,7270638;-38,5838694
345431;2;6;2019;00:59;0;RUA COSTA BARROS;;;1978;;Colisão;;;;Meio de Quadra;;;0;2;0;1;0;0;0;0;0;1;0;0;-3,73215158;-38,5060768
345432;2;6;2019;02:30;0;RUA GURGEL DO AMARAL;;;1539;;Queda;;;;Meio de Quadra;;;0;1;0;0;0;0;0;0;0;1;0;0;-3,8375017;-38,4825487
345433;2;6;2019;03:49;15354;RUA FREDERICO BORGES;RUA CANUTO DE AGUIAR;;;;Queda;;;;Cruz;Pare;Comercial;0;1;0;0;0;0;0;0;0;1;0;0;-3,732629;-38,489246
345456;2;6;2019;13:24;0;RUA EMILIA GONCALVES;;;590;;Colisão;Luz do Dia;;;Meio de Quadra;;;0;1;0;1;0;0;0;0;0;1;0;0;-3,72839607;-38,59480828
345447;2;6;2019;10:18;0;RUA SGT JOAO PINHEIRO;;;1740;;Colisão;Luz do Dia;;;Meio de Quadra;;;0;1;0;1;0;1;0;0;0;0;0;0;-3,7872893;-38,6240698
345448;2;6;2019;11:56;0;RD BR 116;;;;;Colisão;Luz do Dia;;;Meio de Quadra;;;0;2;0;0;0;1;0;0;0;1;0;0;;
345444;2;6;2019;08:54;17462;AV BEIRA MAR;AV ABOLICAO;;;;Queda;Luz do Dia;;;Outros;Semáforo;Lazer;0;1;0;0;0;0;0;0;0;1;0;0;-3,721576;-38,478759
345484;2;6;2019;18:32;0;AV ENG SANTANA JUNIOR;;;;;Colisão;;;;Meio de Quadra;;;0;1;0;1;0;0;0;0;0;1;0;0;;
345485;2;6;2019;18:43;0;AV PDE ANTONIO TOMAS;;;;;Queda;;;;Meio de Quadra;;;0;1;0;0;0;0;0;0;0;1;0;0;;
345487;2;6;2019;19:03;0;AV PRS JUSCELINO KUBITSCHEK (PASSARÉ);;;3600;;Colisão;;;;Meio de Quadra;;;0;1;1;1;0;0;0;0;0;1;0;0;-3,813772;-38,529791
345488;2;6;2019;19:20;17563;RUA ESPIRITO SANTO;RUA AMAZONAS;;;;Colisão;;;;Cruz;Pare;Residencial;0;1;0;1;0;0;0;0;0;1;0;0;-3,751391;-38,567217
345490;2;6;2019;19:40;0;RUA GONCALVES LEDO;;;998;;Colisão;;;;Meio de Quadra;;;0;1;0;1;0;0;0;0;0;0;0;0;-3,732714226;-38,51652385
345491;2;6;2019;20:47;0;AV N CJ JOSE WALTER;;;2314;;Colisão;;;;Meio de Quadra;;;0;1;0;1;0;0;0;0;0;1;0;0;-3,7773223;-38,4867411
345495;2;6;2019;22:57;0;AV AGUANAMBI;;;1827;;Atropelamento;;;;Meio de Quadra;;;0;1;0;1;0;0;0;0;0;0;0;0;-3,753216338;-38,52342451
345493;2;6;2019;20:49;0;AV JOR JOAO RAMOS;;;583;;Colisão;;;;Meio de Quadra;;;0;1;1;0;0;0;0;0;0;1;0;0;;
345500;2;6;2019;23:06;0;RUA PDE PEDRO DE ALENCAR;;;;;Colisão;;;;Meio de Quadra;;;0;1;0;0;0;0;0;0;0;1;0;0;;
345480;2;6;2019;18:10;7678;RUA AMAPA;RUA PARAIBA;;;;Queda;Anoitecer;;;;;;0;1;0;0;0;1;0;0;0;0;0;0;-3,762026;-38,563877
345478;2;6;2019;18:03;0;RUA HENRIQUE DE CASTRO;;;111;;Colisão;Anoitecer;;;Meio de Quadra;;;0;1;0;1;0;0;0;0;0;1;0;0;-3,776887577;-38,50134158
345475;2;6;2019;17:39;0;RUA SAO LUIZ DO OESTE;;;90;;Queda;Anoitecer;;;Meio de Quadra;;;0;1;0;0;0;0;0;0;0;1;0;0;-3,77786;-38,60893
345435;2;6;2019;04:19;0;RUA BAR AQUIRAZ;;;980;;Atropelamento;;;;Meio de Quadra;;;0;1;0;1;0;0;0;0;0;0;0;0;-3,837152;-38,488195
345454;2;6;2019;12:42;0;AV ALBERTO CRAVEIRO;;;2662;;Colisão;Luz do Dia;;;Meio de Quadra;;;0;1;0;1;0;0;0;0;0;1;0;0;-3,803220941;-38,52155956
345469;2;6;2019;13:29;0;RUA RAIMUNDO RIBEIRO;;;124;;Atropelamento;Luz do Dia;;;Meio de Quadra;;;0;1;0;1;0;0;0;0;0;0;0;0;-3,7508942;-38,5944274
345470;2;6;2019;14:06;0;AV WASHINGTON SOARES;;;525;;Atropelamento;Luz do Dia;;;Meio de Quadra;;;0;1;0;0;0;0;0;0;0;1;0;0;-3,758213;-38,486535
345471;2;6;2019;14:21;0;AV DR SILAS MUNGUBA;;;2741;;Colisão;Luz do Dia;;;Meio de Quadra;;;0;1;0;1;0;0;0;0;0;0;0;0;-3,786883;-38,549246
345472;2;6;2019;15:43;10767;RUA LUCIANO DE QUEIROS;RUA JOCKEY CLUBE;;;;Colisão;Luz do Dia;;;Cruz;Pare;Residencial;0;1;0;1;0;0;0;0;0;1;0;0;-3,761782;-38,580519
345530;2;6;2019;23:56;0;RUA JOSE ADAIL DOS SANTOS;;;88;;Colisão;;;;Meio de Quadra;;;0;1;0;1;0;0;0;0;0;0;0;0;-3,735811389;-38,56897688
345459;2;6;2019;13:26;0;AV WASHINGTON SOARES;;;440;;Colisão;Luz do Dia;;;Meio de Quadra;;;0;1;0;1;0;0;0;0;0;1;0;0;-3,7581388;-38,4867177
344112;2;6;2019;01:55;13304;AV G CJ JOSE WALTER;AV I CJ JOSE WALTER;;;;Colisão Transversal;Via Iluminada;Bom;Seca;Cruz;Pare;Residencial;0;1;1;0;0;0;0;0;0;1;0;0;-3,839061;-38,554956
344113;2;6;2019;08:15;17551;RUA MANUEL JESUINO;RUA DR JOSE LINO;;;;Colisão Transversal;Luz do Dia;Nublado;Seca;Cruz;Semáforo;Comercial;0;1;1;1;0;0;0;0;0;1;0;0;-3,730066;-38,485087
344114;2;6;2019;11:40;10995;RUA 15 DE NOVEMBRO;RUA ALM RUBIM;;;;Colisão Transversal;Luz do Dia;Bom;Seca;Cruz;Pare;Comercial;0;1;1;1;0;0;0;0;0;1;0;0;-3,768907;-38,555939
344115;2;6;2019;13:54;0;RUA GAL GOIS MONTEIRO;RUA ALEXANDRINA;;0;;Não Informado;Luz do Dia;Bom;Seca;Cruz;Pare;Comercial;0;0;2;1;0;0;0;0;0;0;0;0;-3,7343747;-38,5834058
344116;2;6;2019;13:35;3199;RUA VERBENA;RUA VITAL BRASIL;;0;;Colisão Transversal;Luz do Dia;Bom;Seca;Cruz;Semáforo;Comercial;0;0;1;1;0;0;0;0;0;1;0;0;-3,780666;-38,58865
344117;2;6;2019;14:46;0;AV DR SILAS MUNGUBA;;;4589;SUPER DO POVO;Colisão Traseira;Luz do Dia;Bom;Seca;T;Semáforo;Residencial;0;0;2;1;0;0;0;0;0;0;0;0;-3,793614358;-38,53453084
344118;2;6;2019;19:21;0;AV 13 DE MAIO;;;1579;;Colisão Lateral;Via Iluminada;Bom;Seca;Meio de Quadra;Não Há Controle;Comercial;0;0;1;1;0;0;0;0;0;0;0;0;-3,746449;-38,532687
344119;2;6;2019;19:21;1280;RUA PINTO MADEIRA;RUA ILDEFONSO ALBANO;;;;Colisão Lateral;Via Iluminada;Bom;Seca;Cruz;Semáforo;Comercial;0;2;0;1;0;0;0;0;0;1;0;0;-3,73361;-38,513317
342978;2;6;2019;03:20;0;AV JOSE BASTOS;;;3786;;Choque c/ Obstáculo Fixo;Via Iluminada;Bom;Seca;Meio de Quadra;Não Há Controle;Comercial;1;2;0;1;0;0;0;0;0;0;0;0;-3,751924;-38,5523795
342982;2;6;2019;18:20;0;AV PRS CASTELO BRANCO;;;;;Atropelamento;Anoitecer;Bom;Seca;Meio de Quadra;Outros;Lazer;1;0;1;1;0;0;0;0;0;0;0;0;-3,713106;-38,550365
342983;2;6;2019;09:30;0;RUA BERNARDO MANUEL;;;10181;;Colisão Traseira;Anoitecer;Bom;Seca;Meio de Quadra;Pare;Residencial;0;1;1;0;0;0;0;0;0;1;0;0;-3,807873622;-38,554206
342984;3;6;2019;16:30;10659;RUA JOR CESAR MAGALHAES;RUA GONTRAN GIFFONI;;;;Colisão Transversal;Luz do Dia;Bom;Seca;Cruz;Pare;Residencial;0;2;1;1;0;0;0;0;0;1;0;0;-3,769449;-38,489127
342987;3;6;2019;10:30;0;AV GODOFREDO MACIEL;;;;;Colisão Lateral;Luz do Dia;Bom;Seca;Outros;Pare;Comercial;0;0;2;1;0;0;0;0;0;0;0;0;;
346934;3;6;2019;16:45;26289;RUA DA SORTE;RUA GRANDIOSA;;;;Outros;Luz do Dia;;;;;;0;0;2;0;1;0;0;0;0;0;0;0;-3,8008256;-38,6168341
344120;3;6;2019;08:35;3968;RUA DES PRAXEDES;RUA FRE ORLANDO;;;;Colisão Transversal;Luz do Dia;Bom;Seca;T;Não Há Controle;Residencial;0;1;1;1;0;0;0;0;0;0;0;0;-3,759287;-38,549624
344121;3;6;2019;08:51;0;RUA EUGENIO GADELHA;;;0;;Colisão Transversal;Luz do Dia;Bom;Seca;Cruz;Pare;Residencial;0;0;2;1;0;0;0;0;0;0;0;0;;
344122;3;6;2019;06:30;12649;RUA RIO ARAGUAIA;RUA GUILHERME MENDES;;;;Colisão Transversal;Luz do Dia;Bom;Seca;Cruz;Pare;Residencial;0;1;1;1;0;0;0;0;0;1;0;0;-3,721145;-38,58172
344123;3;6;2019;08:45;26223;AV CHANC EDSON QUEIROZ;RUA ALBERTO FEITOSA LIMA;;0;;Colisão Transversal;Luz do Dia;Bom;Seca;Cruz;Pare;Comercial;0;2;0;1;0;0;0;0;0;1;0;0;-3,7669933;-38,48446
344124;3;6;2019;08:43;11259;AV BENJAMIM BRASIL;RUA PAURILO BARROSO;;;;Colisão Transversal;Luz do Dia;Bom;Seca;Cruz;Pare;Comercial;0;2;1;1;0;0;0;0;0;1;0;0;-3,803725;-38,570528
344125;3;6;2019;09:00;0;RUA JOSE VILAR;;;715;;Colisão Lateral;Luz do Dia;Bom;Seca;Meio de Quadra;Semáforo;Comercial;0;1;1;1;0;0;0;0;0;1;0;0;-3,731616273;-38,50333342
344126;3;6;2019;13:38;15820;RUA GRANJA CASTELO;AV JOR THOMAZ COELHO;;;;Colisão;Luz do Dia;Bom;Seca;T;Semáforo;Comercial;0;0;2;1;0;0;0;0;0;1;0;0;-3,832383;-38,500218
344128;3;6;2019;12:50;23342;RUA TIBURCIO CAVALCANTE;RUA EDUARDO BEZERRA;;0;;Colisão Transversal;Luz do Dia;Bom;Seca;Cruz;Pare;Residencial;0;0;2;1;0;0;0;0;0;0;0;0;-3,753329;-38,508145
344129;3;6;2019;16:40;23453;RUA PAULO FIRMEZA;RUA CAP MELO;;;;Colisão Transversal;Luz do Dia;Bom;Seca;Cruz;Pare;Residencial;0;1;1;1;0;0;0;0;0;1;0;0;-3,757131;-38,512966
344130;3;6;2019;19:30;10007;RUA ANTONIO NERY;RUA TEODORO DE CASTRO;;;;Colisão Transversal;Via Iluminada;Bom;Seca;Cruz;Pare;Residencial;0;1;1;1;0;0;0;0;0;1;0;0;-3,780899;-38,600953
344149;3;6;2019;19:42;0;AV GOV RAUL BARBOSA;;;900;;Colisão Lateral;Via Iluminada;Bom;Seca;Outros;Não Há Controle;Comercial;0;0;2;1;0;0;0;0;0;0;0;0;-3,7592192;-38,504547
343172;3;6;2019;;0;RD CE-060;;;;KM-01;Colisão;Luz do Dia;;;Meio de Quadra;;;0;0;3;1;0;0;0;0;0;0;0;0;-3,826136;-38,5795
345559;3;6;2019;09:10;0;AV ALBERTO CRAVEIRO;;;430;;Queda;Luz do Dia;;;Meio de Quadra;;;0;1;0;0;0;0;0;0;0;1;0;0;-3,782591;-38,516476
345565;3;6;2019;10:56;0;RUA URUCUTUBA;;;;;Colisão;Luz do Dia;;;Meio de Quadra;;;0;1;0;0;0;0;0;0;0;0;0;0;;
345543;3;6;2019;08:21;0;RUA 7 CJ HAB ST SAO JOAO;;;892;;Queda;Luz do Dia;;;Meio de Quadra;;;0;1;0;0;0;0;0;0;0;1;0;0;-3,7705218;-38,5972009
345551;3;6;2019;08:25;0;AV GAL OSORIO DE PAIVA;;;7830;;Colisão;Luz do Dia;;;Meio de Quadra;;;0;1;0;0;0;0;0;0;0;1;0;0;-3,820573284;-38,61743062
345567;3;6;2019;15:14;0;RUA ARTUR DE SOUZA;;;841;;Atropelamento;Luz do Dia;;;Meio de Quadra;;;0;1;0;0;0;0;0;0;0;1;0;0;-3,8271135;-38,57327161
345568;3;6;2019;15:20;0;AV N CJ JOSE WALTER;;;556;;Colisão;Luz do Dia;;;Meio de Quadra;;;0;1;0;1;0;0;0;0;0;1;0;0;-3,7730399;-38,5000552
345571;3;6;2019;15:35;0;AV GOV RAUL BARBOSA;;;7494;;Atropelamento;Luz do Dia;;;Meio de Quadra;;;0;1;0;0;0;0;0;0;0;1;0;0;-3,777161;-38,513472
345575;3;6;2019;16:04;0;RUA JACINTO MATOS;;;600;;Colisão;Luz do Dia;;;Meio de Quadra;;;0;1;0;1;0;0;0;0;0;1;0;0;-3,716774;-38,546526
345577;3;6;2019;17:21;12518;AV AUGUSTO DOS ANJOS;RUA CUIABA;;;;Colisão;Anoitecer;;;Meio de Quadra;Não Há Controle;Comercial;0;1;0;1;0;0;0;0;0;1;0;0;-3,772615;-38,572386
345578;3;6;2019;17:22;0;RUA ANTONIO LAFAYETTE;;;427;;Queda;Anoitecer;;;Meio de Quadra;;;0;2;0;0;0;0;0;0;0;1;0;0;-3,73647;-38,57397
345580;3;6;2019;18:14;0;RUA MONTE LIBANO;;;190;;Queda;Anoitecer;;;Meio de Quadra;;;0;1;0;0;0;1;0;0;0;0;0;0;-3,821519;-38,5593812
345582;3;6;2019;18:38;0;RUA JOAO AREAS;;;1245;;Colisão;;;;Meio de Quadra;;;0;1;0;1;0;0;0;0;0;1;0;0;-3,797848231;-38,57618008
345583;3;6;2019;18:47;0;RUA IRAPUA;;;;;Colisão;;;;Meio de Quadra;;;0;1;0;0;0;0;0;0;0;0;0;0;;
345531;3;6;2019;01:34;25116;AV ROGACIANO LEITE;RUA PDE FRANCISCO PITA;;;;Colisão;;;;Cruz;Pare;Comercial;0;1;0;0;0;0;0;0;0;0;0;0;-3,78096;-38,501766
345532;3;6;2019;02:34;0;AV ROGACIANO LEITE;;;2643;;Choque c/ Obstáculo Fixo;;;;Meio de Quadra;;;0;3;0;1;0;0;0;0;0;0;0;0;-3,7814112;-38,501866
345533;3;6;2019;06:58;0;RUA DAMASCENO GIRAO;;;1808;;Colisão;Luz do Dia;;;Meio de Quadra;;;0;1;0;1;0;0;0;0;0;1;0;0;-3,7519985;-38,5399075
345534;3;6;2019;07:17;0;RUA MAJ WEYNE;;;1808;;Colisão;Luz do Dia;;;Meio de Quadra;;;0;1;0;1;0;0;0;0;0;1;0;0;;
345535;3;6;2019;07:21;0;RUA DOMINGOS RAIOL;;;234;;Colisão;Luz do Dia;;;Meio de Quadra;;;0;2;0;1;0;0;0;0;0;1;0;0;-3,815335894;-38,49704708
345536;3;6;2019;07:45;0;RUA NAT FEIJO;;;1280;;Colisão;Luz do Dia;;;Meio de Quadra;;;0;1;0;1;0;0;0;0;0;1;0;0;-3,8466809;-38,5060646
345537;3;6;2019;08:09;0;RUA AUDISIO PINHEIRO;;;43;;Colisão;Luz do Dia;;;Meio de Quadra;;;0;2;0;1;0;0;0;0;0;1;0;0;-3,7408843;-38,5896281
345591;3;6;2019;18:54;19720;RUA AZEVEDO BOLAO;RUA GAL PIRAGIBE;;;;Colisão;;;;Cruz;Pare;Residencial;0;1;0;0;0;0;0;0;0;0;0;0;-3,736738;-38,558172
345593;3;6;2019;19:46;0;RUA JOSE JUSTA;;;4165;;Colisão;;;;Meio de Quadra;;;0;1;0;1;0;0;0;0;0;1;0;0;-3,758028222;-38,50865033
345594;3;6;2019;21:06;632;AV PASTEUR;RUA ENG JOAO NOGUEIRA;;;;Colisão;;;;Cruz;Pare;Comercial;0;4;0;0;0;0;0;0;0;1;0;0;-3,712927;-38,559415
345595;3;6;2019;21:56;0;RUA MIGUEL GURGEL;;;;;Queda;;;;Meio de Quadra;;;0;1;0;0;0;0;0;0;0;1;0;0;;
345597;3;6;2019;22:09;0;AV GOV RAUL BARBOSA;;;;;Atropelamento;;;;Meio de Quadra;;;0;1;0;1;0;0;0;0;0;0;0;0;;
345598;3;6;2019;22:30;0;AV JOSE DO PATROCINIO;;;1582;;Colisão;;;;Meio de Quadra;;;0;2;0;1;0;0;0;0;0;0;0;0;-3,766248978;-38,54698961
345599;3;6;2019;23:30;0;RUA G CJ VILA VELHA;;;9;;Colisão;;;;Meio de Quadra;;;0;1;0;0;0;0;0;0;0;0;0;0;-3,7164966;-38,6015946
345600;4;6;2019;00:38;0;RUA DOM LINO;;;164;;Atropelamento;;;;Meio de Quadra;;;0;1;0;1;0;0;0;0;0;0;0;0;-3,73584;-38,55723
345601;4;6;2019;03:54;0;RUA RIO GRANDE DO NORTE;;;59;;Colisão;;;;Meio de Quadra;;;0;1;0;0;0;0;0;0;0;0;0;0;-3,756780436;-38,57041069
345602;4;6;2019;05:59;0;RUA PRO TEODORICO;;;1087;;Colisão;Amanhecer;;;Meio de Quadra;;;0;2;0;0;0;0;0;0;0;1;0;0;-3,769936608;-38,550215
345604;4;6;2019;06:15;0;RUA JACINTO MATOS;;;944;;Queda;Luz do Dia;;;Meio de Quadra;;;0;1;0;0;0;0;0;0;0;1;0;0;-3,71929;-38,54676
345606;4;6;2019;06:48;0;AV MAE LISBOA;;;3474;;Colisão;Luz do Dia;;;Meio de Quadra;;;0;1;0;1;0;0;0;0;0;1;0;0;-3,7197093;-38,5633188
345608;4;6;2019;06:49;0;RUA BENTO (V.VELHA);;;6;;Queda;Luz do Dia;;;Meio de Quadra;;;0;1;0;0;0;1;0;0;0;0;0;0;-3,71034;-38,60191
345623;4;6;2019;07:19;5162;RUA SAO PAULO;RUA GAL SAMPAIO;;;;Colisão;Luz do Dia;;;Cruz;Semáforo;Comercial;0;1;0;1;0;0;0;0;0;1;0;0;-3,725134;-38,530266
345624;4;6;2019;07:51;0;RUA 113 CJ CEARA;;;21;;Colisão;Luz do Dia;;;Meio de Quadra;;;0;1;0;1;0;0;0;0;0;1;0;0;-3,773607283;-38,60729942
345633;4;6;2019;08:27;0;AV WASHINGTON SOARES;;;;;Colisão;Luz do Dia;;;Meio de Quadra;;;0;1;0;1;0;0;0;0;0;1;0;0;;
345636;4;6;2019;09:53;25158;AV ALM MAXIMIANO DA FONSECA;AV WASHINGTON SOARES;;;;Colisão;Luz do Dia;;;Cruz;Semáforo;Escola;0;1;0;1;0;0;0;0;0;1;0;0;-3,771482;-38,482016
345655;4;6;2019;10:22;0;RUA ADOLFO PINHEIRO;;;1010;;Colisão;Luz do Dia;;;Meio de Quadra;;;0;1;0;1;0;0;0;0;0;1;0;0;;
345656;4;6;2019;12:26;7846;RUA JOSE VILAR;RUA JULIO SIQUEIRA;;;;Colisão;Luz do Dia;;;Cruz;Pare;Comercial;0;2;0;0;0;0;0;0;0;1;0;0;-3,749493;-38,509103
345657;4;6;2019;12:45;2411;AV CEL CARVALHO;RUA AMADEU DE CASTRO;;;;Colisão;Luz do Dia;;;Duplo T;Não Há Controle;Comercial;0;1;0;0;0;0;0;0;0;0;0;0;-3,706322;-38,590807
345658;4;6;2019;13:26;0;RUA LUIS VIEIRA;;;137;;Colisão;Luz do Dia;;;Meio de Quadra;;;0;1;0;1;1;0;0;0;0;0;0;0;-3,797045933;-38,58617893