COD_ACIDENTE;DIA;MES;ANO;HORA;INTERSECAO;LOG1;LOG2;LOG3;NUMERO;REFERENCIA;NATUREZA;ILUMINACAO;TEMPO;SUPERFICIEPISTA;TIPOCRUZAMENTO;CONTROLETRAFEGO;USOSOLO;MORTOS;FERIDOS;ILESOS;AUTOMOVEL;ONIBUS;BICICLETA;CAMINHAO;MICROONIBUS;CICLOMOTOR;MOTOCICLETA;TRACAOANIMAL;TREM;LATITUDE;LONGITUDE
345661;4;6;2019;14:23;0;AV PRS COSTA E SILVA;;;2000;ROTA EXPRESSO;Colisão;Luz do Dia;;;Meio de Quadra;;;1;0;1;0;0;0;1;0;0;1;0;0;-3,818558199;-38,5636877
345662;4;6;2019;14:52;0;AV PAROARAS;;;1001;;Atropelamento;Luz do Dia;;;Meio de Quadra;;;0;1;0;0;0;0;0;0;0;0;0;0;-3,808785;-38,543046
345663;4;6;2019;15:51;0;RUA PDE PEDRO DE ALENCAR;;;;;Queda;Luz do Dia;;;Meio de Quadra;;;0;1;0;0;0;0;0;0;0;1;0;0;;
345672;4;6;2019;17:39;0;RUA DES WALDETARIO P MOTA;;;335;;Colisão;Anoitecer;;;Meio de Quadra;;;0;1;0;1;0;0;0;0;0;1;0;0;-3,733093;-38,478283
345686;4;6;2019;18:45;0;RUA FRANCISCO ALMEIDA;;;176;;Colisão;;;;Meio de Quadra;;;0;1;0;1;0;0;0;0;0;1;0;0;-3,82434;-38,59569
345667;4;6;2019;16:39;7913;RUA VIS MAUA;AV ANTONIO SALES;;;;Colisão;Luz do Dia;;;Cruz;Pare;Comercial;0;1;0;1;0;1;0;0;0;0;0;0;-3,745429;-38,50242
345684;4;6;2019;17:57;1484;AV PDE ANTONIO TOMAS;RUA JOAQUIM NABUCO;;;;Atropelamento;Anoitecer;;;Cruz;Gesto;Comercial;0;1;0;0;0;1;0;0;0;0;0;0;-3,739222;-38,502569
345708;4;6;2019;19:52;0;AV PRS COSTA E SILVA;;;1712;;Colisão;;;;Meio de Quadra;;;0;1;1;0;0;0;0;0;0;1;0;0;-3,8171566;-38,5663246
345705;4;6;2019;19:00;0;AV JOSE JATAHY;;;;;Queda;;;;Meio de Quadra;;;0;1;0;0;0;0;0;0;0;1;0;0;;
345706;4;6;2019;19:23;12699;AV CEL CARVALHO;AV MAJ ASSIS;;;;Colisão;;;;Cruz;Semáforo;Comercial;0;1;0;1;0;1;0;0;0;0;0;0;-3,723796;-38,586255
345713;4;6;2019;21:31;0;RUA ALAGOAS;;;3291;;Queda;;;;Meio de Quadra;;;0;1;0;0;0;0;0;0;0;1;0;0;-3,751877143;-38,57833243
345716;4;6;2019;21:41;0;AV WASHINGTON SOARES;;;7263;;Colisão;;;;Meio de Quadra;;;0;1;0;1;0;0;0;0;0;0;0;0;-3,819771;-38,481891
345717;4;6;2019;22:32;0;RUA GUILHERME PESSOA;;;379;;Colisão;;;;Meio de Quadra;;;0;1;0;0;0;0;0;0;0;0;0;0;-3,8266789;-38,4912782
345718;4;6;2019;23:25;0;AV DR SILAS MUNGUBA;;;;;Colisão;;;;Meio de Quadra;;;0;1;0;1;0;0;0;0;0;1;0;0;;
345719;4;6;2019;23:32;0;RUA STA ELISA D21;;;693;;Queda;;;;Meio de Quadra;;;0;1;0;0;0;0;0;0;0;1;0;0;-3,706668;-38,55919833
345264;4;6;2019;08:20;0;RD BR 116;;;12000;KM-12;Colisão Lateral;Luz do Dia;Bom;Seca;Meio de Quadra;;;0;1;1;1;0;0;0;0;0;1;0;0;-3,85574;-38,496066
343173;4;6;2019;19:00;0;RD CE-040;;;;KM-06;Colisão;;;;Meio de Quadra;;;0;0;3;1;0;0;0;0;0;0;0;0;-3,809596804;-38,47873348
344131;4;6;2019;07:30;12218;RUA RECANTO VERDE;RUA FRANCISCO L DA SILVA;;;;Colisão;Luz do Dia;Bom;Seca;Cruz;Pare;Residencial;0;2;1;0;0;0;0;0;0;1;0;0;-3,841174;-38,512668
344132;4;6;2019;08:50;0;AV LINEU MACHADO;;;811;;Colisão Traseira;Luz do Dia;Bom;Seca;Meio de Quadra;Não Há Controle;Comercial;0;0;2;1;0;0;0;0;0;1;0;0;-3,767354733;-38,57765593
344134;4;6;2019;15:47;16474;AV PRS COSTA E SILVA;RUA GASTAO JUSTA;;;;Colisão Lateral;Luz do Dia;Bom;Seca;T;Pare;Comercial;0;3;0;0;0;0;0;0;0;1;0;0;-3,812844;-38,571591
344135;4;6;2019;14:10;13436;AV ANTONIO SALES;RUA DR JOSE LOURENCO;;;;Colisão Lateral;Luz do Dia;Bom;Seca;Cruz;Semáforo;Comercial;0;1;1;0;0;0;0;0;0;1;0;0;-3,742954;-38,51045
344136;4;6;2019;16:53;0;RUA EDUARDO GARCIA;;;620;;Colisão Lateral;Luz do Dia;Bom;Seca;Meio de Quadra;Não Há Controle;Comercial;0;2;0;1;0;0;0;0;0;1;0;0;-3,739797;-38,494102
344137;4;6;2019;17:45;0;RUA FAUSTO CABRAL;RUA VALDETARIO MOTA;;0;;Colisão Transversal;Anoitecer;Bom;Seca;Cruz;Pare;Residencial;0;0;1;1;0;0;0;0;0;0;0;0;-3,7331557;-38,4783377
344138;4;6;2019;17:40;13495;RUA ILDEFONSO ALBANO;RUA CEL ALVES TEIXEIRA;;;;Colisão Lateral;Luz do Dia;Bom;Seca;Cruz;Pare;Residencial;0;1;1;1;0;0;0;0;0;1;0;0;-3,74559;-38,517296
344139;4;6;2019;20:40;0;AV PRO GOMES DE MATOS;;;798;;Atropelamento;Via Iluminada;Bom;Seca;Meio de Quadra;Não Há Controle;Comercial;0;1;1;1;0;0;0;0;0;0;0;0;-3,760263065;-38,54485671
344140;4;6;2019;22:13;0;AV GAL OSORIO DE PAIVA;;;1431;;Colisão Transversal;Via Iluminada;Bom;Seca;Meio de Quadra;Não Há Controle;Residencial;0;2;1;1;0;0;0;0;0;1;0;0;-3,780428636;-38,5741302
344141;4;6;2019;22:47;19328;RUA CON DE CASTRO;RUA EDUARDO PERDIGAO;;0;;Colisão Traseira;Mal Iluminada;Bom;Seca;Cruz;Pare;Comercial;0;0;2;0;0;0;0;0;0;0;0;0;-3,775579;-38,564769
342988;4;6;2019;07:00;0;RUA ESV AZEVEDO;;;270;;Choque c/ Obstáculo Fixo;Luz do Dia;Bom;Seca;Meio de Quadra;Pare;Residencial;0;0;1;1;0;0;0;0;0;0;0;0;-3,797156024;-38,50906988
342992;5;6;2019;22:30;0;AV JOR THOMAZ COELHO;;;241;;Colisão Lateral;Via Iluminada;Bom;Seca;Outros;Não Há Controle;Residencial;0;2;1;0;1;0;0;0;0;1;0;0;-3,82827;-38,51785
343006;5;6;2019;19:09;0;AV ODILON GUIMARAES;;;4365;;Atropelamento;Via Iluminada;Bom;Seca;Meio de Quadra;Gesto;Comercial;1;1;0;0;0;0;0;0;0;1;0;0;-3,81036234;-38,46302528
343007;5;6;2019;18:50;12457;AV SEN FERNANDES TAVORA;AV AUGUSTO DOS ANJOS;;;;Colisão;Via Iluminada;Bom;Seca;Cruz;Semáforo;Comercial;0;0;2;1;0;0;0;0;0;0;0;0;-3,770153;-38,570427
344142;5;6;2019;08:20;7762;AV ANTONIO SALES;RUA NUNES VALENTE;;;;Colisão Transversal;Luz do Dia;Bom;Seca;T;Pare;Comercial;0;0;2;0;0;0;0;0;0;0;0;0;-3,744237;-38,506314
344143;5;6;2019;12:00;1434;AV RUI BARBOSA;RUA CATAO MAMEDE;;0;;Colisão Transversal;Luz do Dia;Bom;Seca;Cruz;Pare;Comercial;0;0;2;1;0;0;0;0;0;1;0;0;-3,737879;-38,510042
344150;5;6;2019;20:00;15224;RUA DEP MOREIRA DA ROCHA;AV BAR STUDART;;;;Colisão Lateral;Luz do Dia;Bom;Seca;Cruz;Semáforo;Comercial;0;1;1;1;0;0;0;0;0;1;0;0;-3,727254;-38,504238
344151;5;6;2019;20:30;577;AV FRANCISCO SA;AV DR THEBERGE;;0;;Colisão Traseira;Via Iluminada;Bom;Seca;Cruz;Semáforo;Comercial;0;0;2;1;0;0;0;0;0;0;0;0;-3,714822;-38,565016
344145;5;6;2019;11:40;9152;RUA MIN JOAQUIM BASTOS D14;RUA MARTINHO RODRIGUES;;;;Colisão Transversal;Luz do Dia;Bom;Seca;Cruz;Pare;Residencial;0;1;1;0;0;0;1;0;0;1;0;0;-3,75485;-38,526951
344146;5;6;2019;15:40;0;RUA CON DE CASTRO;AV ENG LUIS VIEIRA;;0;;Não Informado;Luz do Dia;Bom;Seca;T;Pare;Residencial;0;1;1;0;0;0;0;0;0;1;0;0;-3,7982247;-38,5856835
344148;5;6;2019;19:41;839;RUA MAJ JOSE ARAUJO AGUIAR;AV GOV RAUL BARBOSA;;0;;Colisão Traseira;Via Iluminada;Bom;Seca;Cruz;Semáforo;Comercial;0;0;2;1;0;0;0;0;0;0;0;0;-3,775451;-38,51302
344161;5;6;2019;19:11;0;AV GODOFREDO MACIEL;;;3420;;Colisão Traseira;Via Iluminada;Bom;Seca;Meio de Quadra;Não Há Controle;Comercial;0;1;1;1;0;0;0;0;0;1;0;0;-3,804988167;-38,57257667
343174;5;6;2019;21:30;0;RD CE-040;;;;KM-08;Colisão;;;;Meio de Quadra;;;0;0;2;1;0;0;0;0;0;0;0;0;-3,825515822;-38,48153832
345720;5;6;2019;07:05;0;AV AUGUSTO DOS ANJOS;;;2100;;Colisão;Luz do Dia;;;Meio de Quadra;;;0;1;0;1;0;0;0;0;0;1;0;0;-3,7841915;-38,582654
345721;5;6;2019;07:19;5709;AV OLIVEIRA PAIVA;AV DES GONZAGA;;;;Atropelamento;Luz do Dia;;;Cruz;Semáforo;Comercial;0;1;0;0;0;0;0;0;0;1;0;0;-3,797165;-38,499953
345722;5;6;2019;07:22;0;AV GODOFREDO MACIEL;;;694;;Colisão;Luz do Dia;;;Meio de Quadra;;;0;1;0;1;0;0;0;0;0;1;0;0;-3,780356;-38,5650591
345723;5;6;2019;12:09;0;RUA DEP MARTINS RODRIGUES;;;304;;Colisão;Luz do Dia;;;Meio de Quadra;;;0;1;0;1;0;0;0;0;0;1;0;0;-3,759339;-38,480396
345732;5;6;2019;12:27;0;AV CASTELO DE CASTRO;;;766;;Colisão;Luz do Dia;;;Meio de Quadra;;;0;1;0;0;0;0;1;0;0;1;0;0;-3,83624;-38,52166
345741;5;6;2019;13:02;0;RUA ANTONIO NERY;;;769;;Colisão;Luz do Dia;;;Meio de Quadra;;;0;1;0;1;0;1;0;0;0;0;0;0;-3,77976445;-38,6006471
345742;5;6;2019;15:19;0;AV BENJAMIM BRASIL;;;490;;Queda;Luz do Dia;;;Meio de Quadra;;;0;1;0;0;0;0;0;0;0;1;0;0;-3,804260344;-38,56881465
345743;5;6;2019;15:46;23807;AV GAL OSORIO DE PAIVA;RUA LEBOM MAIA;;;;Colisão;Luz do Dia;;;Cruz;Semáforo;Comercial;0;1;0;0;0;0;0;0;0;0;0;0;-3,78448;-38,580471
345744;5;6;2019;16:00;0;RUA CON DE CASTRO;;;3501;;Colisão;Luz do Dia;;;Meio de Quadra;;;0;1;0;1;0;0;0;0;0;1;0;0;-3,798278;-38,585718
345745;5;6;2019;16:09;0;RUA CARLOS JUACABA;;;653;;Colisão;Luz do Dia;;;Meio de Quadra;;;0;1;0;0;0;0;0;0;0;1;0;0;-3,7916258;-38,5619263
345746;5;6;2019;16:33;0;AV PRO JOSE ARTHUR CARVALHO;;;;;Colisão;Luz do Dia;;;Meio de Quadra;;;0;2;0;0;0;0;0;0;0;1;0;0;;
345747;5;6;2019;17:05;0;RUA CARLOS CHAGAS;;;864;;Colisão;Anoitecer;;;Meio de Quadra;;;0;1;0;0;0;0;0;0;0;0;0;0;-3,7794856;-38,5876592
345755;5;6;2019;19:03;0;RUA GENIPO FERNANDES;;;730;;Colisão;;;;Meio de Quadra;;;0;1;0;1;0;0;0;0;0;1;0;0;-3,7300705;-38,6000646
345800;5;6;2019;22:01;0;RUA PORTO VELHO;;;1832;;Choque c/ Obstáculo Fixo;;;;Meio de Quadra;;;0;1;0;0;0;0;0;0;0;0;0;0;-3,761949;-38,594715
345801;5;6;2019;22:47;0;RUA DR ESTENIO GOMES;;;1345;;Colisão;;;;Meio de Quadra;;;0;1;0;1;0;0;0;0;0;0;0;0;-3,795067;-38,586043
345797;5;6;2019;20:54;0;AV FRANCISCO SA;;;;;Colisão;;;;Meio de Quadra;;;0;1;0;1;0;0;0;0;0;0;0;0;;
345798;5;6;2019;21:54;0;RUA NOSSA SRA DAS GRACAS;;;1184;;Atropelamento;;;;Meio de Quadra;;;0;1;0;1;0;0;0;0;0;0;0;0;-3,707907;-38,56097
345803;5;6;2019;22:48;0;RUA 15 LT ARVOREDO;;;213;;Colisão;;;;Meio de Quadra;;;0;1;0;1;0;0;0;0;0;1;0;0;-3,81799;-38,60704
345794;5;6;2019;20:43;0;AV MOZART PINHEIRO DE LUCENA;;;1886;;Colisão;;;;Meio de Quadra;;;0;1;0;1;0;0;0;0;0;1;0;0;-3,718701;-38,595801
345752;5;6;2019;18:54;0;AV LINEU MACHADO;;;1451;;Colisão;;;;Meio de Quadra;;;0;1;0;1;0;0;0;0;0;1;0;0;-3,772388681;-38,58027126
345783;5;6;2019;19:16;504;RUA CAR ARCO VERDE;AV SEN FERNANDES TAVORA;;;;Atropelamento;;;;Cruz;Pare;Comercial;0;1;0;1;0;0;0;0;0;0;0;0;-3,755953;-38,593889
345805;6;6;2019;02:41;0;RD BR 116;;;;MAKRO;Queda;;;;Meio de Quadra;;;0;1;0;0;0;0;0;0;0;1;0;0;;
345807;6;6;2019;06:25;0;AV JOR THOMAZ COELHO;;;3451;;Colisão;Luz do Dia;;;Meio de Quadra;;;0;1;0;1;0;1;0;0;0;0;0;0;-3,829466;-38,527347
345808;6;6;2019;07:40;0;RUA JORGE FIGUEIREDO (ANCURI);;;1852;;Colisão;Luz do Dia;;;Meio de Quadra;;;0;1;0;1;0;0;0;0;0;1;0;0;-3,7407246;-38,5570029
345813;6;6;2019;10:28;0;RUA QUINZE (CANINDEZINHO);;;;;Atropelamento;Luz do Dia;;;Meio de Quadra;;;0;1;0;0;0;0;0;0;0;0;0;0;;
345814;6;6;2019;11:07;0;AV GOV PARSIFAL BARROSO;;;120;;Colisão;Luz do Dia;;;Meio de Quadra;;;0;1;0;1;0;1;0;0;0;0;0;0;-3,729014;-38,569255
345815;6;6;2019;11:17;0;RUA COSTA FREIRE;;;1788;;Colisão;Luz do Dia;;;Meio de Quadra;;;0;1;0;1;0;0;0;0;0;1;0;0;-3,794144;-38,586423
345810;6;6;2019;09:48;0;RUA GAL SAMPAIO;;;;;Queda;Luz do Dia;;;Meio de Quadra;;;0;1;0;0;0;0;0;0;0;1;0;0;;
345811;6;6;2019;09:54;0;RUA ALVARO CORREIA;;;595;;Colisão;Luz do Dia;;;Meio de Quadra;;;0;1;0;1;0;1;0;0;0;0;0;0;-3,729599064;-38,48230687
345817;6;6;2019;11:54;0;AV GAL OSORIO DE PAIVA;;;;;Colisão;Luz do Dia;;;Meio de Quadra;;;0;1;0;1;0;0;0;0;0;1;0;0;;
345819;6;6;2019;12:18;0;AV BENJAMIM BRASIL;;;1340;;Colisão;Luz do Dia;;;Meio de Quadra;;;0;1;0;1;0;0;0;0;0;1;0;0;-3,806064;-38,5633566
345826;6;6;2019;12:53;5500;RUA PDE VALDEVINO;RUA NOGUEIRA ACIOLI;;;;Colisão;Luz do Dia;;;Cruz;Semáforo;Residencial;0;1;0;1;0;0;0;0;0;1;0;0;-3,738246;-38,51963
345827;6;6;2019;13:23;0;AV CEL CARVALHO;;;1261;;Colisão;Luz do Dia;;;Meio de Quadra;;;0;2;0;0;0;0;0;0;0;0;0;0;-3,713319235;-38,58895988
345831;6;6;2019;13:39;15117;AV HIS RAIMUNDO GIRAO;RUA MON BRUNO;;;;Colisão;Luz do Dia;;;T;Não Há Controle;Comercial;0;1;0;0;0;0;0;0;0;0;0;0;-3,723076;-38,506415
345832;6;6;2019;14:30;1083;AV MAE LISBOA;RUA ELISEU ORIA;;;;Colisão;Luz do Dia;;;;;;0;1;0;1;0;0;0;0;0;1;0;0;-3,80807;-38,476348
345833;6;6;2019;14:46;0;RUA JOAO VITOR;;;1542;;Queda;Luz do Dia;;;Meio de Quadra;;;0;1;0;0;0;1;0;0;0;0;0;0;-3,79475;-38,61955
345835;6;6;2019;15:47;26236;AV DR SILAS MUNGUBA;RUA BERNARDO MANUEL;;;;Atropelamento;Luz do Dia;;;Cruz;Semáforo;Comercial;0;1;0;0;1;0;0;0;0;0;0;0;-3,787538;-38,54796
345837;6;6;2019;15:48;0;AV I CJ JOSE WALTER;;;1674;;Colisão;Luz do Dia;;;Meio de Quadra;;;0;1;0;1;0;0;0;0;0;1;0;0;-3,839061;-38,554956
345840;6;6;2019;15:51;0;AV BENJAMIM BRASIL;;;1340;;Colisão;Luz do Dia;;;Meio de Quadra;;;0;1;0;1;0;0;0;0;0;1;0;0;-3,806064;-38,5633566
345842;6;6;2019;15:57;0;AV GOV RAUL BARBOSA;;;5598;;Colisão;Luz do Dia;;;Meio de Quadra;;;0;1;0;1;0;0;0;0;0;1;0;0;-3,7681965;-38,5098
345846;6;6;2019;18:07;0;RUA 11 DE JULHO;;;282;;Atropelamento;Anoitecer;;;Meio de Quadra;;;0;1;0;1;0;0;0;0;0;0;0;0;-3,715883759;-38,55902193
345848;6;6;2019;18:32;0;AV PERIMETRAL;;;907;;Colisão;;;;Meio de Quadra;;;0;1;0;1;0;0;0;0;0;1;0;0;;
345853;6;6;2019;19:00;0;RUA GAL BERNARDO FIGUEIREDO;;;212;;Colisão;;;;Meio de Quadra;;;0;1;0;1;0;0;0;0;0;1;0;0;-3,739357;-38,550289
345854;6;6;2019;19:16;0;RUA PEREIRA DE MIRANDA;;;80;;Acidente Pessoal;;;;Meio de Quadra;;;0;1;0;0;1;0;0;0;0;0;0;0;-3,73876;-38,4850145
345855;6;6;2019;23:36;0;RUA ANA BILHAR;;;1406;;Atropelamento;;;;Meio de Quadra;;;0;1;0;0;0;0;0;0;0;0;0;0;-3,731532;-38,48789014
343176;6;6;2019;10:20;0;RD CE-040;;;;KM-02;Colisão;Luz do Dia;;;Meio de Quadra;;;0;0;2;1;1;0;0;0;0;0;0;0;-3,773616148;-38,4817994
343090;6;6;2019;14:00;0;AV I CJ CEARA;;;;;Colisão Transversal;Luz do Dia;Bom;Seca;Meio de Quadra;Pare;Residencial;0;1;2;0;0;0;0;0;0;1;0;0;;
343098;6;6;2019;17:30;0;AV B CJ ESPERANCA;;;;;Colisão Traseira;Via Iluminada;Bom;Seca;Meio de Quadra;Não Há Controle;Comercial;0;0;3;1;0;0;0;0;0;0;0;0;;
343094;6;6;2019;20:00;2769;RUA OSCAR FRANCA;RUA RAIMUNDO PINHEIRO;;;;Colisão Lateral;Mal Iluminada;Bom;Seca;Cruz;Pare;Residencial;0;2;0;0;0;0;0;0;0;1;0;0;-3,792414;-38,598091
344152;6;6;2019;07:35;17251;RUA BAR CANINDE;RUA EUGENIO GADELHA;;;;Colisão Transversal;Luz do Dia;Bom;Seca;Cruz;Pare;Residencial;0;1;1;0;0;0;0;0;0;0;0;0;-3,76098;-38,551248
344153;7;6;2019;06:50;0;AV ABOLICAO;;;3555;;Atropelamento;Luz do Dia;Bom;Seca;Meio de Quadra;Não Há Controle;Lazer;0;1;1;0;1;0;0;0;0;0;0;0;-3,726087;-38,487572
344154;7;6;2019;07:00;3747;RUA JOR ANTONIO P TAVARES;AV DEP PAULINO ROCHA;;0;;Não Informado;Luz do Dia;Bom;Seca;T;Semáforo;Comercial;0;0;1;0;0;0;0;0;0;1;0;0;-3,811714;-38,511317
344155;7;6;2019;08:57;0;AV JOSE BASTOS;;;3786;;Colisão Traseira;Luz do Dia;Bom;Seca;Outros;Semáforo;Comercial;0;1;0;1;0;0;0;0;0;1;0;0;-3,751924;-38,5523795
344156;7;6;2019;10:43;0;RUA PEDRO I;;;0;;Atropelamento;Luz do Dia;Bom;Seca;Outros;Semáforo;Comercial;0;1;1;1;0;0;0;0;0;0;0;0;;
344157;7;6;2019;15:48;5351;AV IMPERADOR;RUA GAL CLARINDO DE QUEIROZ;;;;Colisão Traseira;Luz do Dia;Bom;Seca;Cruz;Semáforo;Comercial;0;1;1;1;0;0;0;0;0;1;0;0;-3,730962;-38,535566
344158;7;6;2019;16:00;13736;AV ROGACIANO LEITE;RUA PINDORAMA;;0;;Colisão Lateral;Luz do Dia;Bom;Seca;Cruz;Semáforo;Comercial;0;0;2;1;0;0;0;0;0;0;0;0;-3,773416;-38,498988
344159;7;6;2019;16:30;0;RUA COSTA BARROS;RUA SAO JOSE D03;;0;;Colisão Transversal;Luz do Dia;Bom;Seca;Meio de Quadra;;;0;1;2;1;0;0;0;0;0;1;0;0;-3,726414;-38,523664
344160;7;6;2019;20:05;0;AV FRANCISCO SA;;;4728;;Colisão Traseira;Via Iluminada;Bom;Seca;Meio de Quadra;Não Há Controle;Comercial;0;1;1;1;0;0;0;0;0;1;0;0;-3,714199071;-38,56679486
344162;7;6;2019;23:21;0;RUA JAIME BENEVOLO;RUA CEL SOLON;;0;;Colisão Transversal;Via Iluminada;Bom;Seca;Meio de Quadra;Semáforo;Comercial;0;0;2;1;0;0;0;0;0;0;0;0;-3,742899;-38,528957
343177;7;6;2019;12:35;0;AV SEN CARLOS JEREISSATI (AEROPORTO);;;;KM 01;Engavetamento;Luz do Dia;;;Meio de Quadra;;;0;1;2;0;0;0;1;0;0;1;0;0;-3,783753;-38,52685
343179;7;6;2019;22:15;0;RD CE-040;;;;KM-13;Colisão;;;;Meio de Quadra;;;0;0;2;1;0;0;0;0;0;0;0;0;-3,866093254;-38,46893682
346966;7;6;2019;17:05;0;AV A CJ CEARA;;;;;Colisão;Anoitecer;;;Meio de Quadra;;;0;0;2;1;0;0;0;0;0;0;0;0;;
349799;7;6;2019;03:58;0;AV BEIRA MAR;;;3698;;Queda;;;;Meio de Quadra;;;0;1;0;0;0;0;0;0;0;1;0;0;-3,7236995;-38,4885155
345856;7;6;2019;01:38;9041;RUA ASSUNCAO;RUA PDE MIGUELINHO;;;;Colisão;;;;Cruz;Pare;Residencial;0;3;0;0;0;0;0;0;0;1;0;0;-3,743337;-38,531602
345857;7;6;2019;04:40;12631;RUA ABELARDO FERREIRA;AV CEL CARVALHO;;;;Queda;;;;Cruz;Pare;Comercial;0;1;0;0;0;0;0;0;0;1;0;0;-3,719122;-38,587509
345858;7;6;2019;05:33;0;AV ABOLICAO;;;2104;;Queda;Amanhecer;;;Meio de Quadra;;;0;1;0;0;0;0;0;0;0;1;0;0;-3,7221064;-38,4791933
345844;7;6;2019;17:38;0;AV JOAO DE ARAUJO LIMA;;;801;;Atropelamento;Anoitecer;;;Meio de Quadra;;;0;1;0;1;0;0;0;0;0;0;0;0;-3,828955743;-38,55969384
345864;7;6;2019;06:57;320;RUA NESTOR BARBOSA;RUA DOM JOSE LOURENCO  D27;;;;Atropelamento;Luz do Dia;;;Cruz;Pare;Residencial;0;1;0;0;0;0;0;0;0;1;0;0;-3,744509;-38,557721
345865;7;6;2019;07:17;25073;AV DOS EXPEDICIONARIOS;RUA STA LUZIA;;;;Colisão;Luz do Dia;;;Cruz;Não Há Controle;Comercial;0;2;0;1;0;0;0;0;0;1;0;0;-3,760177;-38,539744
345866;7;6;2019;07:20;0;AV PONTES VIEIRA;;;1234;;Colisão;Luz do Dia;;;Meio de Quadra;;;0;1;0;1;0;0;0;0;0;1;0;0;-3,752405261;-38,51075739
345867;7;6;2019;07:29;0;AV CESAR CALS;;;350;;Atropelamento;Luz do Dia;;;Meio de Quadra;;;0;1;1;1;0;0;0;0;0;0;0;0;-3,721054;-38,464383
345868;7;6;2019;07:46;0;RD BR 116;;;14000;KM-14;Colisão;Luz do Dia;;;Meio de Quadra;;;0;2;0;0;0;0;0;0;0;1;0;0;-3,873523;-38,499242
345872;7;6;2019;08:40;5108;RUA PRC ISABEL;RUA SAO PAULO;;;;Colisão;Luz do Dia;;;Cruz;Pare;Comercial;0;1;0;1;0;1;0;0;0;0;0;0;-3,723679;-38,534619
345861;7;6;2019;05:44;0;RUA POMPILIO GOMES;;;1213;;Queda;Amanhecer;;;Meio de Quadra;;;0;1;0;0;0;0;0;0;0;1;0;0;;
345862;7;6;2019;06:21;0;AV DEP PAULINO ROCHA;;;1650;;Colisão;Luz do Dia;;;Meio de Quadra;;;0;1;0;0;0;0;1;0;0;1;0;0;-3,811713981;-38,51131703
345876;7;6;2019;10:00;0;RUA TEN JAIME ANDRADE;;;;;Colisão;Luz do Dia;;;Meio de Quadra;;;0;1;0;1;0;0;0;0;0;1;0;0;;
345877;7;6;2019;10:13;0;RUA MAJ FACUNDO;;;954;;Atropelamento;Luz do Dia;;;Meio de Quadra;;;0;1;0;1;0;0;0;0;0;0;0;0;-3,731387105;-38,52908316
345879;7;6;2019;10:58;13537;AV SORIANO ALBUQUERQUE;RUA CAP GUSTAVO;;;;Colisão;Luz do Dia;;;;;;0;1;0;0;0;0;0;0;0;1;0;0;-3,748124;-38,518063
345880;7;6;2019;11:36;0;AV GAL OSORIO DE PAIVA;;;5841;;Colisão;Luz do Dia;;;Meio de Quadra;;;0;1;0;0;0;0;1;0;0;1;0;0;-3,807534;-38,604804
345884;7;6;2019;11:55;0;RUA FLORENCIO FONTENELE;;;342;;Colisão;Luz do Dia;;;Meio de Quadra;;;0;1;0;0;0;0;0;0;0;1;0;0;-3,830321322;-38,50797708
345886;7;6;2019;12:22;0;RUA CEL FRANCISCO ALVES RIBEIRO;;;;;Colisão;Luz do Dia;;;Meio de Quadra;;;0;1;0;1;0;0;0;0;0;1;0;0;;
345895;7;6;2019;14:37;0;RUA JOSE ABILIO;;;1150;;Colisão;Luz do Dia;;;Meio de Quadra;;;0;1;0;1;0;0;0;0;0;1;0;0;-3,78294;-38,60189
345897;7;6;2019;15:27;0;RUA SAO GABRIEL;;;3500;;Colisão;Luz do Dia;;;Meio de Quadra;;;0;1;0;1;0;0;0;0;0;1;0;0;;
345898;7;6;2019;15:56;0;RUA VERBENA;;;623;;Colisão;Luz do Dia;;;Meio de Quadra;;;0;1;0;1;0;0;0;0;0;1;0;0;-3,781344;-38,588838
345899;7;6;2019;16:14;0;AV LINEU MACHADO;;;112;;Colisão;Luz do Dia;;;Meio de Quadra;;;0;1;0;0;0;0;0;0;0;1;0;0;-3,7617245;-38,5747035
345900;7;6;2019;16:14;0;AV MR HULL;;;;;Colisão;Luz do Dia;;;Meio de Quadra;;;0;1;0;1;0;0;0;0;0;1;0;0;;
345901;7;6;2019;16:24;0;AV JOSE BASTOS;;;3484;;Colisão;Luz do Dia;;;Meio de Quadra;;;0;1;0;0;0;0;0;0;0;1;0;0;-3,749887;-38,550348
345902;7;6;2019;16:33;0;AV DEP PAULINO ROCHA;;;1001;;Colisão;Luz do Dia;;;Meio de Quadra;;;0;1;0;1;0;0;0;0;0;1;0;0;-3,80762;-38,5084
345903;7;6;2019;17:00;0;AV DR SILAS MUNGUBA;;;4380;;Colisão;Anoitecer;;;Meio de Quadra;;;0;1;0;0;0;0;0;0;0;1;0;0;-3,792167;-38,53616675
345910;7;6;2019;17:40;0;RUA LUIS VIEIRA;;;361;;Colisão;Anoitecer;;;Meio de Quadra;;;0;1;0;0;0;0;1;0;0;1;0;0;-3,795111389;-38,58696011
345911;7;6;2019;18:10;0;AV SGT HERMINIO SAMPAIO;;;3300;;Colisão;Anoitecer;;;Meio de Quadra;;;0;1;0;1;0;0;0;0;0;1;0;0;-3,728096;-38,57034
345912;7;6;2019;18:19;0;RUA RODRIGUES ANDRADE;;;271;;Colisão;Anoitecer;;;Meio de Quadra;;;0;1;0;1;0;1;0;0;0;0;0;0;-3,763881;-38,564264