COD_ACIDENTE;DIA;MES;ANO;HORA;INTERSECAO;LOG1;LOG2;LOG3;NUMERO;REFERENCIA;NATUREZA;ILUMINACAO;TEMPO;SUPERFICIEPISTA;TIPOCRUZAMENTO;CONTROLETRAFEGO;USOSOLO;MORTOS;FERIDOS;ILESOS;AUTOMOVEL;ONIBUS;BICICLETA;CAMINHAO;MICROONIBUS;CICLOMOTOR;MOTOCICLETA;TRACAOANIMAL;TREM;LATITUDE;LONGITUDE
345913;7;6;2019;18:23;0;RUA CAP ARAGAO;;;353;;Atropelamento;Anoitecer;;;Meio de Quadra;;;0;1;0;0;0;0;0;0;0;1;0;0;-3,765175;-38,514843
345914;7;6;2019;18:29;0;AV PRS JUSCELINO KUBITSCHEK (PASSARÉ);;;3300;;Atropelamento;Anoitecer;;;Meio de Quadra;;;0;2;0;0;0;0;0;0;0;1;0;0;-3,80836;-38,5259
345918;7;6;2019;20:31;0;AV GODOFREDO MACIEL;;;6240;;Colisão;;;;Meio de Quadra;;;0;1;0;1;0;1;0;0;0;0;0;0;-3,830367;-38,58075586
345919;7;6;2019;21:19;0;RUA RAQUEL PIRES RIBEIRO;;;61;;Atropelamento;;;;Meio de Quadra;;;0;1;0;1;0;0;0;0;0;0;0;0;-3,81715;-38,57762
345920;7;6;2019;21:26;0;AV ROGACIANO LEITE;;;2780;;Colisão;;;;Meio de Quadra;;;0;1;0;0;0;0;0;0;0;1;0;0;-3,783603;-38,5025
345916;7;6;2019;19:34;0;AV CASTELO DE CASTRO;;;2373;;Atropelamento;;;;Meio de Quadra;;;0;2;0;0;0;0;0;0;0;1;0;0;-3,847845434;-38,52238467
345924;7;6;2019;21:45;0;RD BR 116;;;1125;;Queda;;;;Meio de Quadra;;;0;1;0;0;0;1;0;0;0;0;0;0;;
345925;7;6;2019;22:17;10833;RUA PRO MIRAMAR DA PONTE;RUA CUIABA;;;;Colisão;;;;Cruz;Pare;Residencial;0;1;0;1;0;0;0;0;0;1;0;0;-3,764554;-38,587238
345926;7;6;2019;23:24;5458;RUA RODRIGUES JUNIOR;RUA BARBARA DE ALENCAR;;;;Queda;;;;Cruz;Pare;Comercial;0;1;0;0;0;0;0;0;0;1;0;0;-3,735343;-38,522156
345272;7;6;2019;07:30;0;RD BR 020;;;;KM 429;Colisão Traseira;Luz do Dia;Bom;Seca;Meio de Quadra;;;0;2;0;0;0;0;0;0;0;1;0;0;-3,869;-38,507
345280;7;6;2019;02:00;0;RD BR 116;;;6000;KM-06;Choque c/ Obstáculo Fixo;;Bom;Seca;Meio de Quadra;;;0;1;0;0;1;0;0;0;0;0;0;0;-3,804691;-38,503053
345284;8;6;2019;13:15;0;RD BR 116;;;13000;KM-13;Colisão Lateral;Luz do Dia;Bom;Seca;Meio de Quadra;;;0;1;2;0;0;0;0;0;0;1;0;0;-3,86467;-38,497727
345309;8;6;2019;01:39;0;RUA VIA FERREA;;;;;Queda;;;;Meio de Quadra;;;0;1;0;0;0;0;0;0;0;1;0;0;;
345312;8;6;2019;03:34;0;AV MR HULL;;;;;Queda;;;;Meio de Quadra;;;0;1;0;0;0;0;0;0;0;1;0;0;;
345317;8;6;2019;05:19;0;RD BR 116;;;;;Colisão;Amanhecer;;;Meio de Quadra;;;0;1;0;1;0;1;0;0;0;0;0;0;;
345318;8;6;2019;06:05;12762;AV BORGES DE MELO;RUA JORGE DUMAR;;;;Queda;Luz do Dia;;;Meio de Quadra;Semáforo;Residencial;0;2;0;0;0;0;0;0;0;1;0;0;-3,752695;-38,539369
345326;8;6;2019;07:49;0;AV FILOMENO GOMES;;;664;;Colisão;Luz do Dia;;;Meio de Quadra;;;0;1;1;1;0;0;0;0;0;1;0;0;-3,72053;-38,54133
345323;8;6;2019;07:42;0;AV CEL CARVALHO;;;;;Queda;Luz do Dia;;;Meio de Quadra;;;0;1;0;0;0;0;0;0;0;1;0;0;;
345341;8;6;2019;10:05;0;AV PRS CASTELO BRANCO;;;;;Colisão;Luz do Dia;;;Meio de Quadra;;;0;2;0;0;0;0;0;0;0;1;0;0;;
345342;8;6;2019;10:20;0;AV PRS CASTELO BRANCO;;;;;Colisão;Luz do Dia;;;Meio de Quadra;;;0;1;0;1;0;0;0;0;0;1;0;0;;
345346;8;6;2019;12:12;0;RUA RIBEIRO LEITAO;;;;;Colisão;Luz do Dia;;;Meio de Quadra;;;0;1;0;1;0;0;0;0;0;1;0;0;;
345347;8;6;2019;12:12;0;RUA JOSE O FIGUEIREDO;;;9;;Colisão;Luz do Dia;;;Meio de Quadra;;;0;1;0;0;0;0;0;0;0;1;0;0;-3,723664647;-38,55346641
345348;8;6;2019;12:13;0;AV ALBERTO CRAVEIRO;;;1145;;Colisão;Luz do Dia;;;Meio de Quadra;;;0;1;1;1;0;0;0;0;0;1;0;0;-3,789798182;-38,51708264
345338;8;6;2019;09:43;0;RUA ESPIRITO SANTO;;;375;;Colisão;Luz do Dia;;;Meio de Quadra;;;0;1;0;0;0;0;0;0;0;1;0;0;-3,7516314;-38,5673644
345339;8;6;2019;09:48;17410;RUA PRO TEODORICO;RUA ALM RUBIM;;;;Colisão;Luz do Dia;;;Cruz;Pare;Residencial;0;1;0;1;0;0;1;0;0;0;0;0;-3,767984;-38,555605
345332;8;6;2019;08:29;10842;RUA PRO HERIBALDO COSTA;RUA CUIABA;;;;Colisão;Luz do Dia;;;Cruz;Pare;Residencial;0;1;0;0;0;0;0;0;0;1;0;0;-3,764961;-38,586471
345335;8;6;2019;04:19;0;AV DIOGUINHO;;;;;Colisão;;;;Meio de Quadra;;;0;1;0;1;0;0;0;0;0;1;0;0;;
345357;8;6;2019;12:31;0;AV WASHINGTON SOARES;;;;;Atropelamento;Luz do Dia;;;Meio de Quadra;;;0;1;0;0;0;1;0;0;0;0;0;0;;
345359;8;6;2019;12:35;0;AV PRS COSTA E SILVA;;;;;Colisão;Luz do Dia;;;Meio de Quadra;;;0;1;0;1;0;0;0;0;0;1;0;0;;
345351;8;6;2019;12:22;0;AV ALBERTO CRAVEIRO;;;2505;;Colisão;Luz do Dia;;;Meio de Quadra;;;0;1;0;1;0;0;0;0;0;1;0;0;-3,80217;-38,520707
345364;8;6;2019;12:41;0;AV PRS COSTA E SILVA;;;;;Colisão;Luz do Dia;;;Meio de Quadra;;;0;1;0;1;0;0;0;0;0;1;0;0;;
345372;8;6;2019;12:42;0;AV CARAPINIMA;;;;;Colisão;Luz do Dia;;;Meio de Quadra;;;0;1;0;1;0;0;0;0;0;1;0;0;;
345373;8;6;2019;12:45;0;AV FRANCISCO SA;;;2366;;Colisão;Luz do Dia;;;Meio de Quadra;;;0;1;0;0;0;0;0;0;0;0;0;0;-3,72094;-38,546602
345374;8;6;2019;12:45;5716;RUA CON BRAVEZA;RUA ULISSES BEZERRA;;;;Colisão;Luz do Dia;;;Outros;Pare;Comercial;0;1;0;1;0;0;0;0;0;1;0;0;-3,79748;-38,497996
345375;8;6;2019;12:46;0;RUA JULIO ABREU;;;;;Colisão;Luz do Dia;;;Meio de Quadra;;;0;1;0;1;0;0;0;0;0;1;0;0;;
345376;8;6;2019;13:23;0;RD BR 116;;;4555;;Colisão;Luz do Dia;;;Meio de Quadra;;;0;1;0;1;0;0;0;0;0;1;0;0;;
345377;8;6;2019;14:06;0;RUA CAP CLOVIS MAIA;;;481;;Queda;Luz do Dia;;;Meio de Quadra;;;0;2;0;0;0;1;0;0;0;0;0;0;-3,768393139;-38,51317316
345384;8;6;2019;15:18;2830;AV GAL OSORIO DE PAIVA;RUA OSCAR FRANCA;;;;Queda;Luz do Dia;;;T;Semáforo;Comercial;0;1;0;0;0;0;0;0;0;1;0;0;-3,794473;-38,592113
345385;8;6;2019;15:38;0;RUA MANUEL SATIRO;;;;;Colisão;Luz do Dia;;;Meio de Quadra;;;0;2;0;0;0;0;0;0;0;0;0;0;;
345386;8;6;2019;16:37;0;RUA BRISAMAR;;;211;;Queda;Luz do Dia;;;Meio de Quadra;;;0;1;0;0;0;1;0;0;0;0;0;0;-3,71081;-38,46643
345387;8;6;2019;16:54;0;RUA DUARTE COELHO;;;681;;Atropelamento;Luz do Dia;;;Meio de Quadra;;;0;1;0;0;0;0;1;0;0;0;0;0;-3,86359;-38,49122
345388;8;6;2019;17:57;21400;RUA CON BRAVEZA;RUA ADEMAR DE CASTRO;;;;Atropelamento;Anoitecer;;;;;;0;1;0;1;0;0;0;0;0;0;0;0;-3,802029;-38,495921
345390;8;6;2019;18:41;0;RUA CEL FABRICIANO;;;1154;;Colisão;;;;Meio de Quadra;;;0;1;0;0;0;0;0;0;0;0;0;0;-3,784359133;-38,6021372
345391;8;6;2019;19:22;0;AV AUGUSTO DOS ANJOS;;;1452;;Colisão;;;;Meio de Quadra;;;0;1;0;1;0;0;0;0;0;1;0;0;-3,7794244;-38,5785068
345392;8;6;2019;19:42;0;AV ODILON GUIMARAES;;;2380;;Colisão;;;;Meio de Quadra;;;0;1;0;1;0;1;0;0;0;0;0;0;-3,817893;-38,47368
345402;8;6;2019;21:00;0;RUA PDE PEDRO DE ALENCAR;;;1620;;Colisão;;;;Meio de Quadra;;;0;1;0;0;0;0;0;0;0;1;0;0;-3,842251;-38,494322
345403;8;6;2019;21:17;0;RUA PEDRO I;;;;;Atropelamento;;;;Meio de Quadra;;;0;1;0;0;1;0;0;0;0;0;0;0;;
345404;8;6;2019;21:39;0;AV MACIEL BEZERRA;;;2190;;Colisão;;;;Meio de Quadra;;;0;1;0;1;0;0;0;0;0;1;0;0;;
345405;8;6;2019;22:26;3364;RUA VIRIATO RIBEIRO;RUA PAPI JUNIOR;;;;Colisão;;;;Cruz;Pare;Residencial;0;2;1;1;0;0;0;0;0;1;0;0;-3,753212;-38,55836
345396;8;6;2019;20:38;0;RUA MONTE LIBANO;;;445;;Colisão;;;;Meio de Quadra;;;0;1;0;1;0;0;0;0;0;1;0;0;-3,8242265;-38,56156425
345411;8;6;2019;22:29;0;RUA MAL BITENCOURT;;;1177;;Colisão;;;;Meio de Quadra;;;0;1;0;0;0;0;0;0;0;1;0;0;-3,793994808;-38,53060228
345446;8;6;2019;23:45;0;RUA CEL JOAO CORREIA;;;3373;;Atropelamento;;;;Meio de Quadra;;;0;2;0;0;0;0;0;0;0;1;0;0;-3,786222186;-38,62258598
345434;8;6;2019;23:25;0;RUA CEL JOSE FILOMENO GOMES;;;1263;;Queda;;;;Meio de Quadra;;;0;1;0;0;0;0;0;0;0;1;0;0;-3,7099255;-38,4713154
345417;8;6;2019;23:13;0;RUA PRO LINO ENCARNACAO;;;1302;;Colisão;;;;Meio de Quadra;;;0;2;0;0;0;0;0;0;0;1;0;0;-3,747053;-38,559461
345414;8;6;2019;23:05;0;RUA DOM HENRIQUE;;;771;;Colisão;;;;Meio de Quadra;;;0;1;0;1;0;0;0;0;0;1;0;0;-3,7877472;-38,5813529
346967;8;6;2019;23:25;3769;RUA SEN POMPEU;AV DOMINGOS OLIMPIO;;;;Colisão;;;;Cruz;Semáforo;Comercial;0;0;2;0;0;0;0;0;0;0;0;0;-3,736254;-38,532455
346970;8;6;2019;12:20;0;RUA 8 DE DEZEMBRO;;;;;Colisão;Luz do Dia;;;Meio de Quadra;;;0;1;1;0;0;0;0;0;0;1;0;0;;
343180;8;6;2019;15:10;0;RD CE-040;;;;KM-01;Colisão;Luz do Dia;;;Meio de Quadra;;;0;0;2;1;0;0;0;0;0;0;0;0;-3,764650449;-38,48258304
343102;8;6;2019;16:45;0;AV PDE ANTONIO TOMAS;;;;;Colisão Traseira;Via Iluminada;Bom;Seca;Meio de Quadra;Pare;Comercial;0;0;2;1;0;0;0;0;0;0;0;0;;
343103;8;6;2019;12:20;0;AV FRANCISCO SA;;;2366;;Colisão Lateral;Luz do Dia;Bom;Seca;Outros;Outros;Comercial;0;0;2;0;1;1;0;0;0;0;0;0;-3,72094;-38,546602
343100;8;6;2019;20:50;5180;RUA TEN BENEVOLO;RUA DOM JOAQUIM;;;;Colisão Transversal;Via Iluminada;Bom;Seca;Cruz;Pare;Comercial;0;1;2;1;0;0;0;0;0;1;0;0;-3,725524;-38,51667
344163;8;6;2019;06:10;5072;AV TRISTAO GONCALVES;RUA CASTRO E SILVA;;0;;Colisão Lateral;Luz do Dia;Nublado;Molhada;T;Pare;Comercial;0;2;0;1;0;0;0;0;0;0;0;0;-3,72233;-38,531768
344164;8;6;2019;08:46;15254;AV ANTONIO JUSTA;RUA VICENTE LEITE;;;;Colisão Lateral;Amanhecer;Nublado;Seca;Cruz;Pare;Residencial;0;1;1;0;1;0;0;0;0;1;0;0;-3,72828;-38,492584
344165;8;6;2019;06:15;5844;AV DES GONZAGA;RUA JOAO LEONEL;;;;Colisão Transversal;Luz do Dia;Nublado;Molhada;Cruz;Semáforo;Comercial;0;1;1;1;1;0;0;0;0;0;0;0;-3,800396;-38,497696
344166;8;6;2019;08:00;6748;RUA DR GILBERTO STUDART;RUA PRO OTAVIO LOBO;;;;Colisão Traseira;Luz do Dia;Bom;Seca;Cruz;Pare;Residencial;0;1;1;1;0;0;0;0;0;0;0;0;-3,74432;-38,478756
344167;8;6;2019;10:47;17410;RUA ALM RUBIM;RUA PRO TEODORICO;;;;Colisão Transversal;Luz do Dia;Bom;Seca;Cruz;Pare;Residencial;0;2;1;1;0;0;1;0;0;0;0;0;-3,767984;-38,555605
344168;8;6;2019;13:00;0;AV ALBERTO CRAVEIRO;;;1240;;Colisão Transversal;Luz do Dia;Bom;Seca;Meio de Quadra;Não Há Controle;Residencial;0;2;0;0;0;0;0;0;0;1;0;0;-3,791548833;-38,51727317
344169;8;6;2019;20:17;19436;AV AUGUSTO DOS ANJOS;RUA SEIXAS CORREIA;;;;Colisão Lateral;Mal Iluminada;Bom;Seca;Cruz;Semáforo;Residencial;0;1;1;0;0;0;0;0;0;1;0;0;-3,779412;-38,578496
344170;8;6;2019;19:45;0;AV FRANCISCO SA;;;6620;;Colisão Lateral;Via Iluminada;Bom;Seca;Meio de Quadra;Semáforo;Comercial;0;1;1;1;0;0;0;0;0;1;0;0;-3,707983;-38,583349
344172;8;6;2019;06:45;13579;RUA PRO CARVALHO;RUA FRE BERNARDINO;;0;;Colisão Transversal;Luz do Dia;Bom;Seca;Cruz;Pare;Residencial;0;1;0;1;0;0;0;0;0;0;0;0;-3,750745;-38,515335
344173;9;6;2019;09:00;11503;RUA DA COPAIBA;RUA DA CARAUBA;;0;;Não Informado;Luz do Dia;Bom;Seca;T;Pare;Comercial;0;1;1;1;0;0;0;0;0;1;0;0;-3,78408;-38,510322
344174;9;6;2019;13:25;15184;AV ABOLICAO;RUA TIBURCIO CAVALCANTE;;;;Colisão Traseira;Luz do Dia;Bom;Seca;Cruz;Semáforo;Comercial;0;1;1;1;0;0;0;0;0;1;0;0;-3,726066;-38,499409
344175;9;6;2019;14:01;0;RUA JOAO CARVALHO;;;0;;Colisão Transversal;Luz do Dia;Bom;Seca;;;;0;1;1;1;0;0;0;0;0;1;0;0;;
344176;9;6;2019;13:10;0;AV PRS CASTELO BRANCO;;;400;;Colisão Traseira;Luz do Dia;Bom;Seca;Meio de Quadra;Não Há Controle;Comercial;0;2;1;1;0;0;0;0;0;1;0;0;-3,720736;-38,529059
344177;9;6;2019;18:15;0;RUA DES OTACILIO PEIXOTO;;;400;;Colisão Lateral;Via Iluminada;Bom;Seca;Meio de Quadra;Pare;Residencial;0;0;3;1;0;0;0;0;0;0;0;0;-3,8002572;-38,5343534
344171;9;6;2019;01:58;11030;RUA 15 DE NOVEMBRO;RUA CESAR ROSSAS;;0;;Colisão Traseira;Via Iluminada;Bom;Seca;Cruz;Não Há Controle;Comercial;0;0;2;1;1;0;0;0;0;0;0;0;-3,769241;-38,555011
343104;9;6;2019;08:30;0;RUA STA FILOMENA;;;;;Choque c/ Obstáculo Fixo;Luz do Dia;Bom;Seca;Meio de Quadra;Não Há Controle;Residencial;0;0;1;1;0;0;0;0;0;0;0;0;;
343105;9;6;2019;11:00;12097;AV CASTELO DE CASTRO;RUA 305 CJ SAO CRISTOVAO;;;;Colisão Lateral;Luz do Dia;Bom;Seca;Cruz;Não Há Controle;Comercial;0;1;1;1;0;0;0;0;0;1;0;0;-3,836195;-38,521668
346973;9;6;2019;11:50;0;AV ROGACIANO LEITE;;;2450;;Tombamento;Luz do Dia;;;Meio de Quadra;;;0;1;0;0;0;0;0;0;0;1;0;0;-3,777456;-38,500776
345442;9;6;2019;02:44;2962;RUA PEDRO MARTINS;RUA MARIA JULIA;;;;Colisão;;;;Cruz;Pare;Residencial;0;2;0;1;0;0;0;0;0;1;0;0;-3,799245;-38,601929
345457;9;6;2019;01:52;0;AV BORGES DE MELO;;;810;;Colisão;;;;Meio de Quadra;;;0;1;0;0;0;0;0;0;0;0;0;0;-3,760613;-38,526753
345458;9;6;2019;02:06;0;AV PERIMETRAL;;;3002;;Queda;;;;Meio de Quadra;;;0;1;0;0;0;0;0;0;0;1;0;0;;
345452;9;6;2019;00:46;0;RUA SILVINHA TELES D69;;;460;;Colisão;;;;Meio de Quadra;;;0;1;1;1;1;0;0;0;0;0;0;0;-3,84841;-38,526619
345453;9;6;2019;01:42;0;AV GAL OSORIO DE PAIVA;;;1127;;Colisão;;;;Meio de Quadra;;;0;1;0;0;0;0;0;0;0;0;0;0;-3,779145525;-38,57207319
345450;9;6;2019;00:22;0;RUA PAULINO ROCHA D32;;;;;Colisão;;;;Meio de Quadra;;;0;1;0;1;0;1;0;0;0;0;0;0;;
345501;9;6;2019;10:28;0;RUA ALBANO AMARAL;;;645;;Colisão;Luz do Dia;;;Meio de Quadra;;;0;1;0;1;0;1;0;0;0;0;0;0;-3,7980605;-38,5808992
345502;9;6;2019;10:33;0;AV PDE ANTONIO TOMAS;;;;;Queda;Luz do Dia;;;Meio de Quadra;;;0;1;0;0;0;1;0;0;0;0;0;0;;
345494;9;6;2019;08:56;0;RUA COSTA BARROS;;;1971;;Colisão;Luz do Dia;;;Meio de Quadra;;;0;1;0;1;0;0;0;0;0;0;0;0;-3,732076286;-38,50630414
345496;9;6;2019;09:20;0;AV GAL OSORIO DE PAIVA;;;6397;;Colisão;Luz do Dia;;;Meio de Quadra;;;0;1;0;0;0;0;0;0;0;0;0;0;-3,8088979;-38,6059703
345497;9;6;2019;04:21;0;AV PRS CASTELO BRANCO;;;249;;Colisão;;;;Meio de Quadra;;;0;1;0;0;0;0;0;0;0;1;0;0;-3,6999022;-38,5878001
345499;9;6;2019;10:08;0;RUA JOSE MARTINIANO DE ALENCAR;;;1501;;Colisão;Luz do Dia;;;Meio de Quadra;;;0;1;0;0;0;0;0;0;0;1;0;0;;
345492;9;6;2019;08:52;0;AV GODOFREDO MACIEL;;;;;Colisão;Luz do Dia;;;Meio de Quadra;;;0;2;0;1;0;0;0;0;0;1;0;0;;
345489;9;6;2019;04:21;0;AV PRS CASTELO BRANCO;;;249;;Colisão;;;;Meio de Quadra;;;0;1;0;1;0;0;0;0;0;1;0;0;-3,6999022;-38,5878001
345486;9;6;2019;04:21;0;AV PRS CASTELO BRANCO;;;249;;Choque c/ Obstáculo Fixo;;;;Meio de Quadra;;;0;1;0;1;0;0;0;0;0;1;0;0;-3,6999022;-38,5878001
345538;9;6;2019;16:35;0;RUA DELMIRO FARIAS;;;65;;Colisão;Luz do Dia;;;Meio de Quadra;;;0;1;0;1;0;0;0;0;0;1;0;0;-3,75544;-38,54154
345539;9;6;2019;17:14;0;RUA EMILIO DE MENESES;;;2819;;Colisão;Anoitecer;;;Meio de Quadra;;;0;2;0;1;0;0;0;0;0;1;0;0;-3,776425;-38,606283
345540;9;6;2019;17:24;3598;RUA CONFIANCA D63;RUA AMARO BANDEIRA;;;;Queda;Anoitecer;;;;;;0;1;0;0;0;0;0;0;0;1;0;0;-3,821362;-38,511775
345541;9;6;2019;18:45;0;AV BERNARDO MANUEL;;;13504;;Atropelamento;;;;Meio de Quadra;;;0;1;0;1;0;0;0;0;0;0;0;0;-3,8355599;-38,56269
345542;9;6;2019;18:55;0;AV BERNARDO MANUEL;;;13503;;Atropelamento;;;;Meio de Quadra;;;0;1;0;1;0;0;0;0;0;0;0;0;-3,8355599;-38,56269
345520;9;6;2019;13:39;9243;AV EDUARDO GIRAO;AV DOS EXPEDICIONARIOS;;;;Colisão;Luz do Dia;;;Cruz;Semáforo;Comercial;0;1;0;0;0;0;0;0;0;0;0;0;-3,750712;-38,536849
345521;9;6;2019;14:57;0;RUA MIMOSA;;;44;;Queda;Luz do Dia;;;Meio de Quadra;;;0;1;0;0;0;0;0;0;0;1;0;0;-3,768449156;-38,54504159
345522;9;6;2019;15:19;0;AV PRS CASTELO BRANCO;;;5525;;Queda;Luz do Dia;;;Meio de Quadra;;;0;2;0;0;0;0;0;0;0;1;0;0;-3,703494;-38,580385
345523;9;6;2019;15:46;19667;AV BEZERRA DE MENEZES;RUA ERETIDES MARTINS;;;;Colisão;Luz do Dia;;;;;;0;1;0;0;0;0;0;0;0;1;0;0;-3,734232;-38,557568
345524;9;6;2019;15:53;17617;RUA CEARA;RUA ACRE;;;;Choque c/ Obstáculo Fixo;Luz do Dia;;;T;Pare;Residencial;0;1;0;1;0;0;0;0;0;0;0;0;-3,759573;-38,564785
345517;9;6;2019;12:59;0;RUA GUILHERME ROCHA;;;384;;Colisão;Luz do Dia;;;Meio de Quadra;;;0;1;0;1;0;0;0;0;0;0;0;0;-3,7258831;-38,5314274
345505;9;6;2019;11:19;0;AV CASTELO DE CASTRO;;;745;;Colisão;Luz do Dia;;;Meio de Quadra;;;0;1;0;1;0;0;0;0;0;1;0;0;-3,836195;-38,521668
345513;9;6;2019;12:52;0;AV PRS CASTELO BRANCO;;;;;Colisão;Luz do Dia;;;Meio de Quadra;;;0;1;0;1;0;0;0;0;0;1;0;0;;
345514;9;6;2019;12:59;0;AV NOVE;;;388;;Colisão;Luz do Dia;;;Meio de Quadra;;;0;1;0;1;0;0;0;0;0;0;0;0;-3,8298563;-38,6059259
345509;9;6;2019;11:56;0;RUA MARCELINO LOPES;;;514;;Atropelamento;Luz do Dia;;;Meio de Quadra;;;0;1;0;0;0;0;0;0;0;1;0;0;-3,792891277;-38,4756694
345510;9;6;2019;12:52;0;AV OLIVEIRA PAIVA;;;1800;;Colisão;Luz do Dia;;;Meio de Quadra;;;0;1;0;1;0;0;0;0;0;1;0;0;-3,7959465;-38,490304
345544;9;6;2019;19:02;0;RUA PDE FRANCISCO PITA;;;470;;Colisão;;;;Meio de Quadra;;;0;1;0;1;0;0;0;0;0;1;0;0;-3,78107;-38,50144
345545;9;6;2019;19:04;0;RUA PDE FRANCISCO PITA;;;421;;Colisão;;;;Meio de Quadra;;;0;1;0;1;0;0;0;0;0;1;0;0;-3,78096;-38,501766
345546;9;6;2019;19:28;0;AV PRS COSTA E SILVA;;;3475;;Colisão;;;;Meio de Quadra;;;0;1;0;0;0;0;0;0;0;0;0;0;-3,8286412;-38,5313823
345547;9;6;2019;20:15;25636;RUA PORTO VELHO;RUA SAO LUIS D30;;;;Queda;;;;Cruz;Outros;Residencial;0;1;0;0;0;0;0;0;0;1;0;0;;
345548;9;6;2019;20:16;0;RUA PORTO VELHO;;;1702;;Colisão;;;;Meio de Quadra;;;0;1;0;0;0;0;0;0;1;1;0;0;-3,762375186;-38,59385258
345550;9;6;2019;21:12;18108;AV DIOGUINHO;AV SANTOS DUMONT;;;;Queda;;;;Outros;Semáforo;Lazer;0;1;0;0;0;0;0;0;0;1;0;0;-3,747029;-38,450425
345561;10;6;2019;05:04;0;AV GAL OSORIO DE PAIVA;;;2030;;Atropelamento;Amanhecer;;;Meio de Quadra;;;0;1;1;0;1;0;0;0;0;0;0;0;-3,784386667;-38,58033105
345585;10;6;2019;10:34;25084;AV BENJAMIM BRASIL;RUA BERNARDO MANUEL;;;;Colisão;Luz do Dia;;;T;Semáforo;Comercial;0;1;0;1;0;1;0;0;0;0;0;0;-3,81006;-38,554874
345581;10;6;2019;09:59;25712;RUA DR PEDRO WILSON D45;RUA RECANTO TRANQUILO;;;;Colisão;Luz do Dia;;;Cruz;Pare;Residencial;0;1;0;0;0;0;0;0;0;1;0;0;;
345579;10;6;2019;09:31;14857;TR REJANE;RUA MARIO FILHO;;;;Colisão;Luz do Dia;;;Cruz;Pare;Residencial;0;1;0;0;0;0;1;0;0;1;0;0;-3,80671;-38,585721
345576;10;6;2019;07:35;11652;TR RIO DE JANEIRO;RUA PRO HERIBALDO COSTA;;;;Colisão;Luz do Dia;;;Cruz;Não Há Controle;Residencial;0;1;0;1;0;0;0;0;0;1;0;0;-3,769584;-38,588887
345564;10;6;2019;06:58;0;RUA PAULINO ROCHA D32;;;;;Colisão;Luz do Dia;;;Meio de Quadra;;;0;2;0;1;0;0;0;0;0;1;0;0;;
345570;10;6;2019;07:21;0;AV N CJ JOSE WALTER;;;515;;Queda;Luz do Dia;;;Meio de Quadra;;;0;2;0;0;0;0;0;0;0;1;0;0;-3,7728999;-38,5005204
345685;10;6;2019;20:16;0;RUA MIGUEL GURGEL;;;;;Atropelamento;;;;Meio de Quadra;;;0;1;1;1;0;0;0;0;0;0;0;0;;
345648;10;6;2019;14:18;14854;TR WALDIR DIOGO;RUA PDE RODOLFO;;;;Colisão;Luz do Dia;;;;;;0;1;0;0;0;0;0;0;0;1;0;0;-3,806446;-38,583522
345649;10;6;2019;15:22;0;AV GAL OSORIO DE PAIVA;;;5854;;Colisão;Luz do Dia;;;Meio de Quadra;;;0;2;0;0;0;0;0;0;0;0;0;0;-3,807571;-38,6048384
345687;10;6;2019;20:32;0;RUA MAL BITENCOURT;;;831;;Colisão;;;;Meio de Quadra;;;0;1;0;0;0;0;0;0;0;1;0;0;-3,82668;-38,5160131
345688;10;6;2019;21:33;0;RUA STO AMARO DO PICI;;;90;;Queda;;;;Meio de Quadra;;;0;1;0;0;0;0;0;0;0;1;0;0;-3,754208989;-38,5781207
345689;10;6;2019;22:13;0;AV CARNEIRO DE MENDONCA;;;585;;Atropelamento;;;;Meio de Quadra;;;0;1;0;1;0;0;0;0;0;0;0;0;-3,765010143;-38,56502687
345690;10;6;2019;22:18;0;RUA JOSE VILAR;;;1840;;Colisão;;;;Meio de Quadra;;;0;1;0;0;0;0;0;0;0;0;0;0;-3,7397792;-38,5059684
345691;10;6;2019;22:19;0;AV PERIMETRAL;;;;;Colisão;;;;Meio de Quadra;;;0;2;0;0;0;0;0;0;0;0;0;0;;
345659;10;6;2019;18:58;2431;RUA JERONIMO ALBUQUERQUE;RUA ESTEVAO DE CAMPOS;;;;Colisão;;;;Cruz;Pare;Misto;0;1;0;1;0;0;0;0;0;1;0;0;-3,706713;-38,576292
345639;10;6;2019;11:46;0;AV RAD JOSE LIMA VERDE;;;807;;Colisão;Luz do Dia;;;Meio de Quadra;;;0;1;1;1;0;0;0;0;0;1;0;0;-3,699653182;-38,58801073
345640;10;6;2019;11:46;0;AV JOAO PESSOA;;;6745;;Colisão;Luz do Dia;;;Meio de Quadra;;;0;1;0;1;0;0;0;0;0;1;0;0;-3,770275;-38,561062
345641;10;6;2019;12:54;0;AV MAJ ASSIS;;;350;;Colisão;Luz do Dia;;;Meio de Quadra;;;0;1;0;1;0;0;0;0;0;1;0;0;-3,724276;-38,581283
345643;10;6;2019;13:16;0;AV PRS CASTELO BRANCO;;;2282;;Colisão;Luz do Dia;;;Meio de Quadra;;;0;1;0;0;0;0;0;0;0;1;0;0;-3,713799809;-38,54832694
345644;10;6;2019;13:24;0;AV PRS CASTELO BRANCO;;;2088;;Colisão;Luz do Dia;;;Meio de Quadra;;;0;1;0;0;0;0;0;0;0;0;0;0;-3,714467906;-38,54670684
345646;10;6;2019;13:28;0;AV CARAPINIMA;;;1987;;Queda;Luz do Dia;;;Meio de Quadra;;;0;1;0;0;0;0;0;0;0;1;0;0;-3,738138;-38,538169