COD_ACIDENTE;DIA;MES;ANO;HORA;INTERSECAO;LOG1;LOG2;LOG3;NUMERO;REFERENCIA;NATUREZA;ILUMINACAO;TEMPO;SUPERFICIEPISTA;TIPOCRUZAMENTO;CONTROLETRAFEGO;USOSOLO;MORTOS;FERIDOS;ILESOS;AUTOMOVEL;ONIBUS;BICICLETA;CAMINHAO;MICROONIBUS;CICLOMOTOR;MOTOCICLETA;TRACAOANIMAL;TREM;LATITUDE;LONGITUDE
345651;10;6;2019;15:56;0;RUA SILVA PAULET;;;2700;;Colisão;Luz do Dia;;;Meio de Quadra;;;0;1;0;0;0;0;0;0;0;1;0;0;-3,747785;-38,509741
345652;10;6;2019;15:57;0;AV DIOGUINHO;;;2950;;Colisão;Luz do Dia;;;Meio de Quadra;;;0;1;0;0;0;0;0;0;0;0;0;0;-3,741606;-38,4533405
345653;10;6;2019;16:18;8938;AV BEZERRA DE MENEZES;RUA CARLOS SEVERO;;;;Colisão;Luz do Dia;;;T;Pare;Comercial;0;1;0;0;0;0;0;0;0;0;0;0;-3,730984;-38,542047
345654;10;6;2019;17:11;0;RUA VANDA CIDADE;;;234;;Atropelamento;Anoitecer;;;Meio de Quadra;;;0;1;0;0;0;1;0;0;0;0;0;0;-3,8032613;-38,6079202
345596;10;6;2019;11:25;581;AV FRANCISCO SA;AV PASTEUR;;;;Colisão;Luz do Dia;;;Cruz;Semáforo;Comercial;0;1;0;1;0;0;0;0;0;1;0;0;-3,716325;-38,560567
345588;10;6;2019;11:15;24969;AV ALM HENRIQUE SABOIA;AV PDE ANTONIO TOMAS;;;;Colisão;Luz do Dia;;;T;Pare;Residencial;0;1;0;1;0;1;0;0;0;0;0;0;-3,743493;-38,489455
345574;10;6;2019;07:24;0;AV PRO JOSE ARTHUR CARVALHO;;;1870;;Queda;Luz do Dia;;;Meio de Quadra;;;0;1;0;0;0;0;0;0;0;1;0;0;-3,8258585;-38,4638075
346980;10;6;2019;22:33;0;RUA SEN ROBERT KENNEDY;;;978;;Colisão;;;;Meio de Quadra;;;0;0;2;1;0;0;0;0;0;0;0;0;-3,708682033;-38,58120747
343106;10;6;2019;01:00;0;AV GODOFREDO MACIEL;;;;;Choque c/ Obstáculo Fixo;Via Iluminada;Bom;Seca;Meio de Quadra;Não Há Controle;Comercial;0;0;1;1;0;0;0;0;0;0;0;0;;
343107;10;6;2019;07:00;0;RUA PEDRO MARTINS;;;990;;Choque c/ Obstáculo Fixo;Luz do Dia;Bom;Seca;Meio de Quadra;Outros;Residencial;0;0;2;1;0;0;0;0;0;0;0;0;-3,797472583;-38,60593634
343108;10;6;2019;13:00;19224;RUA FRANCISCO MATOS;AV SANTOS DUMONT;;;;Colisão Traseira;Luz do Dia;Bom;Seca;Cruz;Semáforo;Comercial;0;0;2;1;0;0;0;0;0;0;0;0;-3,745497;-38,469675
343181;10;6;2019;08:10;0;AV MIN JOSE AMERICO;;;;;Colisão;Luz do Dia;;;Meio de Quadra;;;0;1;1;1;0;0;0;0;0;1;0;0;;
344179;10;6;2019;08:25;15204;AV ABOLICAO;RUA JULIO IBIAPINA;;;;Colisão Lateral;Luz do Dia;Bom;Seca;Outros;Semáforo;Comercial;0;2;1;1;0;0;0;0;0;1;0;0;-3,726679;-38,49129
344180;10;6;2019;13:49;17585;RUA MARANHAO;RUA RIO GRANDE DO SUL;;;;Colisão Transversal;Luz do Dia;Bom;Seca;Cruz;Pare;Comercial;0;2;1;1;0;0;0;0;0;1;0;0;-3,755695;-38,565689
344181;10;6;2019;16:30;21355;RUA PRO JOSE DE BARCELOS;RUA DOM MANUEL DE MEDEIROS;;0;;Colisão Transversal;Luz do Dia;Bom;Seca;Cruz;Não Há Controle;Residencial;0;0;2;1;0;0;0;0;0;0;0;0;-3,736282;-38,550389
344182;10;6;2019;16:23;20042;AV DEP PAULINO ROCHA;AV ALBERTO CRAVEIRO;;;;Colisão;Luz do Dia;Bom;Seca;Rotatória;Dê Preferência;Residencial;0;1;1;1;0;0;0;0;0;1;0;0;-3,807229;-38,524782
344183;10;6;2019;13:50;0;AV GAL OSORIO DE PAIVA;;;5870;;Colisão Traseira;Luz do Dia;Bom;Seca;Meio de Quadra;Semáforo;Comercial;0;1;1;0;0;0;0;0;0;1;0;0;-3,807867;-38,6051136
344184;11;6;2019;08:31;10863;RUA PORTO VELHO;RUA PRO HERIBALDO COSTA;;0;;Colisão Lateral;Luz do Dia;Bom;Seca;Cruz;Semáforo;Residencial;0;0;1;1;0;0;0;0;0;1;0;0;-3,765974;-38,587014
344185;11;6;2019;09:05;17293;RUA IRM BAZET;RUA BAR CANINDE;;;;Colisão Transversal;Luz do Dia;Bom;Seca;Cruz;Pare;Residencial;0;1;1;1;0;0;0;0;0;1;0;0;-3,763459;-38,553386
344186;11;6;2019;11:00;15664;AV FRE CIRILO;RUA NICOLAU COELHO;;;;Colisão;Luz do Dia;Bom;Seca;T;Pare;Comercial;0;3;0;0;0;0;0;0;0;1;0;0;-3,825721;-38,493769
344187;11;6;2019;14:04;0;AV GOV PARSIFAL BARROSO;;;400;;Colisão Traseira;Luz do Dia;Bom;Seca;Meio de Quadra;Semáforo;Residencial;0;1;2;1;0;0;0;0;0;1;0;0;-3,730889;-38,569115
344188;11;6;2019;14:54;0;AV JOR THOMAZ COELHO;;;1335;;Não Informado;Luz do Dia;Bom;Seca;Meio de Quadra;Não Há Controle;Comercial;0;1;1;1;0;0;0;0;0;1;0;0;-3,8305137;-38,506924
344189;11;6;2019;13:19;7774;AV ANTONIO SALES;RUA JOAQUIM NABUCO;;;;Colisão Transversal;Luz do Dia;Bom;Seca;Cruz;Semáforo;Comercial;0;1;1;1;0;0;0;0;0;1;0;0;-3,744832;-38,504371
344190;11;6;2019;16:44;17403;RUA BAR CANINDE;RUA PRO TEODORICO;;;;Colisão Lateral;Luz do Dia;Bom;Seca;Cruz;Pare;Residencial;0;2;1;0;0;0;0;0;0;1;0;0;-3,767686;-38,556436
344191;11;6;2019;20:00;21395;RUA MAL LOTT;RUA CON BRAVEZA;;;;Colisão Transversal;Via Iluminada;Chuva;Molhada;Cruz;Pare;Residencial;0;2;0;1;0;0;0;0;0;1;0;0;-3,801369;-38,49624
344192;11;6;2019;19:57;0;RUA OSCAR FRANCA;RUA DR WALDEMAR PAES ALCANTARA;;;;Colisão Transversal;Via Iluminada;Chuva;Molhada;Meio de Quadra;Pare;Residencial;0;1;1;1;0;0;0;0;0;1;0;0;-3,791461;-38,60122
344194;11;6;2019;23:04;0;RUA OSVALDO CRUZ;AV ABOLICAO;;0;;Colisão Transversal;Via Iluminada;Chuva;Molhada;Cruz;Semáforo;Comercial;0;0;1;1;0;0;0;0;0;0;0;0;-3,7266487;-38,497451
344198;11;6;2019;22:14;0;RUA MANUEL CASTELO BRANCO;;;368;;Não Informado;Via Iluminada;Chuva;Molhada;Meio de Quadra;Não Há Controle;Comercial;0;0;1;0;0;0;0;0;0;1;0;0;-3,831934;-38,491829
343203;11;6;2019;07:30;0;AV SEN CARLOS JEREISSATI (AEROPORTO);;;;KM 02;Colisão;Luz do Dia;;;Meio de Quadra;;;0;0;2;1;0;0;0;0;0;0;0;0;-3,782194;-38,535424
343204;11;6;2019;09:00;0;AV SEN CARLOS JEREISSATI (AEROPORTO);;;;KM 01;Colisão;Luz do Dia;;;Meio de Quadra;;;0;0;2;1;0;0;0;0;0;0;0;0;-3,783753;-38,52685
343205;11;6;2019;16:30;0;AV SEN CARLOS JEREISSATI (AEROPORTO);;;;KM 02;Colisão;Luz do Dia;;;Meio de Quadra;;;0;0;2;0;0;0;0;0;0;1;0;0;-3,782194;-38,535424
343109;11;6;2019;08:50;0;AV PRS CASTELO BRANCO;;;5673;;Colisão Lateral;Luz do Dia;Bom;Seca;Meio de Quadra;;;0;1;1;0;1;1;0;0;0;0;0;0;-3,70298075;-38,58150275
345692;11;6;2019;07:11;717;RUA FRANCISCO CALACA;RUA SAO BERNARDO;;;;Colisão;Luz do Dia;;;Cruz;Pare;Rural;0;1;0;1;0;0;0;0;0;1;0;0;-3,714626;-38,573201
345693;11;6;2019;07:24;0;AV PERIMETRAL;;;;;Colisão;Luz do Dia;;;Meio de Quadra;;;0;1;1;0;0;0;0;0;0;0;0;0;;
345694;11;6;2019;07:25;0;RUA URUCUTUBA;;;1984;;Queda;Luz do Dia;;;Meio de Quadra;;;0;1;0;0;0;0;0;0;0;1;0;0;-3,798568917;-38,61453853
345695;11;6;2019;07:29;0;AV PERIMETRAL;;;;;Colisão;Luz do Dia;;;Meio de Quadra;;;0;1;0;0;0;0;0;0;0;0;0;0;;
345696;11;6;2019;08:08;7800;AV BAR STUDART;RUA JULIO SIQUEIRA;;;;Colisão;Luz do Dia;;;Cruz;Semáforo;Comercial;0;1;0;1;0;0;0;0;0;1;0;0;-3,748825;-38,511144
345697;11;6;2019;08:50;0;AV A CJ CEARA;;;;;Atropelamento;Luz do Dia;;;Meio de Quadra;;;0;1;0;1;0;0;0;0;0;0;0;0;;
345698;11;6;2019;07:57;0;AV I CJ CEARA;;;;;Colisão;Luz do Dia;;;Meio de Quadra;;;0;1;0;1;0;0;0;0;0;1;0;0;;
345699;11;6;2019;10:44;0;RUA L CJ VILA VELHA;;;;;Colisão;Luz do Dia;;;Meio de Quadra;;;0;1;0;1;0;0;0;0;0;1;0;0;;
345700;11;6;2019;11:01;0;AV SEN FERNANDES TAVORA;;;3161;;Queda;Luz do Dia;;;Meio de Quadra;;;0;1;0;0;0;1;0;0;0;0;0;0;-3,754677667;-38,60073
345701;11;6;2019;11:13;0;AV PERIMETRAL;;;;;Colisão;Luz do Dia;;;Meio de Quadra;;;0;1;0;1;0;0;0;0;0;1;0;0;;
345702;11;6;2019;11:15;0;RUA DOM HELIO CAMPOS D21;;;411;;Queda;Luz do Dia;;;Meio de Quadra;;;0;1;0;0;0;0;0;0;0;1;0;0;-3,7139796;-38,5558176
345703;11;6;2019;13:04;10109;RUA RAIMUNDO PINHEIRO;RUA LUMINOSA;;;;Colisão;Luz do Dia;;;;;;0;1;0;0;0;0;0;0;0;0;0;0;-3,78751;-38,596622
345704;11;6;2019;13:44;0;RUA ANTONIO PEREIRA;;;261;;Colisão;Luz do Dia;;;Meio de Quadra;;;0;2;0;0;0;0;0;0;0;1;0;0;-3,8337139;-38,563228
345714;11;6;2019;17:46;0;RUA VICENTE NOBRE MACEDO;;;65;;Colisão;Anoitecer;;;Meio de Quadra;;;0;1;0;0;0;1;0;0;0;1;0;0;-3,822812176;-38,48398247
345715;11;6;2019;17:50;5269;AV DUQ CAXIAS;RUA PDE IBIAPINA;;;;Colisão;Anoitecer;;;Cruz;Semáforo;Comercial;0;2;0;0;0;0;0;0;0;0;0;0;-3,728446;-38,540226
345707;11;6;2019;14:20;0;AV N CJ JOSE WALTER;;;1766;;Colisão;Luz do Dia;;;Meio de Quadra;;;0;1;0;1;0;0;0;0;0;1;0;0;-3,7762603;-38,4904121
345709;11;6;2019;16:24;0;RUA JOSE BORBA VASCONCELOS;;;545;;Colisão;Luz do Dia;;;Meio de Quadra;;;0;1;0;1;0;0;0;0;0;1;0;0;-3,747854625;-38,47244288
345710;11;6;2019;16:32;0;AV SEN CARLOS JEREISSATI (AEROPORTO);;;733;;Choque c/ Obstáculo Fixo;Luz do Dia;;;Meio de Quadra;;;0;1;0;1;0;0;0;0;0;1;0;0;-3,783753;-38,52685
345711;11;6;2019;17:01;0;AV BEZERRA DE MENEZES;;;1947;;Colisão;Anoitecer;;;Meio de Quadra;;;0;1;0;0;0;0;0;0;0;1;0;0;-3,735138;-38,561919
345712;11;6;2019;17:25;0;AV SEN CARLOS JEREISSATI (AEROPORTO);;;;;Colisão;Anoitecer;;;Meio de Quadra;;;0;1;0;1;0;0;0;0;0;1;0;0;;
345733;11;6;2019;23:24;0;AV PERIMETRAL;;;;VIADUTO ANTONIO BEZERRA;Queda;;;;Meio de Quadra;;;0;2;0;0;0;0;0;0;0;1;0;0;;
345734;11;6;2019;23:34;0;RUA MONTE PASCOAL;;;71;;Queda;;;;Meio de Quadra;;;0;1;0;0;0;0;0;0;0;1;0;0;-3,80009;-38,56838
345725;11;6;2019;20:36;0;RUA NOSSA SRA DAS GRACAS;;;942;;Queda;;;;Meio de Quadra;;;0;1;0;0;0;0;0;0;0;1;0;0;-3,709373882;-38,55642312
345726;11;6;2019;20:48;0;AV GAL OSORIO DE PAIVA;;;4800;;Queda;;;;Meio de Quadra;;;0;1;0;0;0;0;0;0;0;1;0;0;-3,800862;-38,598322
345727;11;6;2019;21:08;0;RUA MANUEL CASTELO BRANCO;;;368;;Atropelamento;;;;Meio de Quadra;;;0;1;0;0;0;0;0;0;0;0;0;0;-3,831934;-38,491829
345728;11;6;2019;21:10;0;AV PRO GOMES DE MATOS;;;625;;Atropelamento;;;;Meio de Quadra;;;1;0;1;0;0;0;0;0;0;1;0;0;-3,759084;-38,543838
345729;11;6;2019;21:59;0;AV JOVITA FEITOSA;;;;;Queda;;;;Meio de Quadra;;;0;1;0;0;0;0;0;0;0;1;0;0;;
345730;11;6;2019;22:10;15205;AV ABOLICAO;RUA OSVALDO CRUZ (ALDEOTA);;;;Colisão;;;;Cruz;Semáforo;Comercial;0;1;0;1;0;1;0;0;0;0;0;0;-3,72669;-38,497445
345731;11;6;2019;22:24;5364;AV TRISTAO GONCALVES;RUA GAL CLARINDO DE QUEIROZ;;;;Colisão;;;;Cruz;Semáforo;Comercial;0;1;0;1;0;0;0;0;0;1;0;0;-3,731314;-38,534472
345735;12;6;2019;06:25;21316;RUA GUSTAVO SAMPAIO;RUA PDE GRACA;;;;Queda;Luz do Dia;;;Cruz;Pare;Residencial;0;1;0;0;0;0;0;0;0;1;0;0;-3,73305;-38,545863
345736;12;6;2019;06:42;0;AV BEZERRA DE MENEZES;;;113;;Colisão;Luz do Dia;;;Meio de Quadra;;;0;1;0;1;0;0;0;0;0;1;0;0;-3,7317813;-38,5457604
345737;12;6;2019;07:06;0;AV BORGES DE MELO;;;60;;Queda;Luz do Dia;;;Meio de Quadra;;;0;1;0;0;0;0;0;0;0;1;0;0;-3,76177;-38,51766
345738;12;6;2019;07:22;0;RUA GUSTAVO SAMPAIO;;;123;;Queda;Luz do Dia;;;Meio de Quadra;;;0;2;0;0;0;0;0;0;0;1;0;0;-3,73305;-38,545863
345739;12;6;2019;07:25;0;AV SGT HERMINIO SAMPAIO;;;951;;Colisão;Luz do Dia;;;Meio de Quadra;;;0;1;0;1;0;0;0;0;0;1;0;0;-3,7245497;-38,5492153
345756;12;6;2019;11:55;0;AV SANTOS DUMONT;;;898;;Colisão;Luz do Dia;;;Meio de Quadra;;;0;1;0;1;0;0;0;0;0;1;0;0;-3,730655;-38,5155126
345757;12;6;2019;12:17;5331;AV SANTOS DUMONT;RUA GONCALVES LEDO;;;;Colisão;Luz do Dia;;;Cruz;Pare;Comercial;0;1;0;1;0;0;0;0;0;1;0;0;-3,730535;-38,515848
345758;12;6;2019;12:26;0;RUA BATOQUE;;;4000;;Colisão;Luz do Dia;;;Meio de Quadra;;;0;1;0;1;0;0;0;0;0;1;0;0;;
345759;12;6;2019;12:26;0;RUA BRAGANCA;;;956;;Queda;Luz do Dia;;;Meio de Quadra;;;0;1;0;0;0;0;0;0;0;1;0;0;-3,782074579;-38,59692684
345760;12;6;2019;12:26;15365;AV SEN VIRGILIO TAVORA;RUA PEREIRA VALENTE;;;;Colisão;Luz do Dia;;;Cruz;Semáforo;Comercial;0;1;0;1;0;0;0;0;0;1;0;0;-3,733834;-38,492193
345761;12;6;2019;13:54;1261;AV SANTOS DUMONT;AV RUI BARBOSA;;;;Colisão;Luz do Dia;;;Cruz;Semáforo;Comercial;0;1;0;1;0;0;0;0;0;1;0;0;-3,732956;-38,508432
345762;12;6;2019;14:11;7629;RUA ALAGOAS;RUA STA CATARINA (BELA VISTA / PAN AMERICANO);;;;Colisão;Luz do Dia;;;Cruz;Pare;Residencial;0;1;0;1;0;0;0;0;0;1;0;0;-3,760356;-38,56955
345763;12;6;2019;15:49;0;RUA PROF GLAUCO LOBO;;;108;;Atropelamento;Luz do Dia;;;Meio de Quadra;;;0;1;0;0;0;0;0;0;0;1;0;0;-3,80747;-38,57942
345764;12;6;2019;18:04;0;RUA PDE GUILHERME;;;262;;Colisão;Anoitecer;;;Meio de Quadra;;;0;1;0;1;0;0;0;0;0;1;0;0;-3,8250309;-38,5145381
345765;12;6;2019;18:04;0;AV FRE CIRILO;;;1301;;Queda;Anoitecer;;;Meio de Quadra;;;0;1;0;0;0;1;0;0;0;0;0;0;-3,816902;-38,4976379
345766;12;6;2019;18:31;0;AV PERIMETRAL;;;180;;Colisão;;;;Meio de Quadra;;;0;2;0;1;0;0;0;0;0;0;0;0;;
345767;12;6;2019;18:47;0;RUA PEDRO AGUIAR;;;585;;Atropelamento;;;;Meio de Quadra;;;0;1;0;1;0;0;0;0;0;0;0;0;-3,79356;-38,54465
345748;12;6;2019;07:29;0;RUA LUIS TORRES;;;405;;Colisão;Luz do Dia;;;Meio de Quadra;;;0;1;0;1;0;0;0;0;0;1;0;0;-3,792316818;-38,56522464
345749;12;6;2019;07:33;5069;RUA SAO PAULO;RUA COS ESTELITA;;;;Queda;Luz do Dia;;;Cruz;Pare;Comercial;0;1;0;0;0;0;0;0;0;1;0;0;-3,722289;-38,538855
345750;12;6;2019;07:41;0;AV CARNEIRO DE MENDONCA;;;750;;Queda;Luz do Dia;;;Meio de Quadra;;;0;1;0;0;0;0;0;0;0;1;0;0;-3,764109;-38,566759
345751;12;6;2019;07:55;5246;RUA PEREIRA FILGUEIRAS;RUA GONCALVES LEDO;;;;Colisão;Luz do Dia;;;Cruz;Pare;Comercial;0;1;0;1;0;0;0;0;0;1;0;0;-3,727667;-38,515004
345294;12;6;2019;22:25;0;RD BR 116;;;5000;KM-05;Atropelamento;;Bom;Seca;Meio de Quadra;;;0;1;1;1;0;0;0;0;0;0;0;0;-3,796502;-38,506787
345789;12;6;2019;20:50;0;RUA SETE ESTTRELAS;;;50;;Queda;;;;Meio de Quadra;;;0;1;0;0;0;1;0;0;0;0;0;0;-3,780608382;-38,51255366
345784;12;6;2019;20:19;0;AV DES MOREIRA;;;;;Colisão;;;;Meio de Quadra;;;0;1;0;1;1;0;0;0;0;0;0;0;;
345785;12;6;2019;20:34;0;ET DO FIO (MESSEJANA);;;959;;Colisão;;;;Meio de Quadra;;;0;1;0;1;0;0;0;0;0;1;0;0;;
345753;12;6;2019;08:07;0;AV JOAO PESSOA;;;;;Colisão;Luz do Dia;;;Meio de Quadra;;;0;1;0;1;1;0;0;0;0;0;0;0;;
345754;12;6;2019;11:46;0;RUA DR QUIXADA FELICIO;;;231;;Colisão;Luz do Dia;;;Meio de Quadra;;;0;1;0;1;0;0;0;0;0;1;0;0;-3,71011;-38,59531
345780;12;6;2019;19:19;0;RUA JULIO AZEVEDO;;;;;Colisão;;;;Meio de Quadra;;;0;1;0;0;0;0;0;0;0;0;0;0;;
345781;12;6;2019;19:41;0;RUA ANTONIO POMPEU;;;;;Queda;;;;Meio de Quadra;;;0;1;0;0;0;0;0;0;0;1;0;0;;
345782;12;6;2019;19:57;0;AV C CJ CEARA;;;1084;;Colisão;;;;Meio de Quadra;;;0;2;0;1;0;0;0;0;0;1;0;0;-3,7840279;-38,4675829
343110;12;6;2019;21:45;0;AV JOSE LEON;;;2773;;Colisão Lateral;Via Iluminada;Chuva;Molhada;Meio de Quadra;Não Há Controle;Escola;0;1;1;1;0;0;0;0;0;1;0;0;-3,791457;-38,487037
344199;12;6;2019;18:30;0;RUA ANSELMO NOGUEIRA;;;311;;Colisão Lateral;Via Iluminada;Bom;Seca;Meio de Quadra;Não Há Controle;Residencial;0;1;1;1;0;0;0;0;0;0;0;0;-3,785735;-38,588524
344195;12;6;2019;06:25;0;AV JOAO PESSOA;;;5823;;Colisão Frontal;Luz do Dia;Chuva;Molhada;Meio de Quadra;Não Há Controle;Comercial;0;1;1;1;1;0;0;0;0;0;0;0;-3,761578262;-38,55741574
344196;12;6;2019;09:50;0;AV BERNARDO MANUEL;;;9966;;Colisão Lateral;Luz do Dia;Nublado;Molhada;Meio de Quadra;Pare;Comercial;0;0;2;0;1;0;0;0;0;0;0;0;-3,8049207;-38,55318
344197;12;6;2019;13:10;18416;AV SGT HERMINIO SAMPAIO;RUA AUZIR SAMPAIO;;;;Colisão Transversal;Luz do Dia;Nublado;Seca;Cruz;Pare;Comercial;0;1;1;1;0;0;0;0;0;1;0;0;-3,728495;-38,571691
344223;12;6;2019;01:30;15184;RUA TIBURCIO CAVALCANTE;AV ABOLICAO;;;;Queda;Via Iluminada;Chuva;Molhada;Cruz;Semáforo;Comercial;0;0;1;0;0;0;0;0;0;0;0;0;-3,726066;-38,499409
346992;12;6;2019;09:30;5361;RUA FLORIANO PEIXOTO;RUA PEDRO I;;;;Colisão;Luz do Dia;;;Cruz;Pare;Comercial;0;0;2;0;0;0;1;0;0;0;0;0;-3,731284;-38,528436
346994;13;6;2019;18:30;183;AV SGT HERMINIO SAMPAIO;RUA DEMETRIO MENEZES;;;;Colisão;Anoitecer;;;;;;0;0;2;1;0;0;0;0;0;0;0;0;-3,733867;-38,584316
344200;13;6;2019;10:09;0;AV ALM HENRIQUE SABOIA;;;0;;Não Informado;Luz do Dia;Nublado;Molhada;Meio de Quadra;Não Há Controle;Comercial;0;0;2;1;0;0;0;0;0;0;0;0;;
344201;13;6;2019;13:25;5076;RUA SEN POMPEU;RUA DR JOAO MOREIRA;;;;Colisão Lateral;Luz do Dia;Nublado;Seca;Cruz;Semáforo;Comercial;0;1;1;1;0;0;0;0;0;1;0;0;-3,7224;-38,528275
344202;13;6;2019;13:41;9028;RUA SOLON PINHEIRO;RUA DEP JOAO PONTES;;0;;Colisão Transversal;Luz do Dia;Nublado;Seca;Cruz;Pare;Residencial;0;0;2;1;0;0;0;0;0;1;0;0;-3,745689;-38,531463
344203;13;6;2019;15:04;0;RUA ALBERTO MAGNO;;;584;;Colisão Traseira;Luz do Dia;Bom;Seca;Meio de Quadra;Não Há Controle;Comercial;0;0;2;1;0;0;0;0;0;0;0;0;-3,76078175;-38,54640725
344204;13;6;2019;13:20;0;RUA PROF GLAUCO LOBO;;;0;;Colisão Lateral;Luz do Dia;Bom;Seca;Meio de Quadra;Não Há Controle;Lazer;0;0;1;0;0;0;0;0;0;1;0;0;;
344205;13;6;2019;23:05;10963;RUA 15 DE NOVEMBRO;RUA ANTONIO FIUZA;;;;Colisão Transversal;Via Iluminada;Chuva;Molhada;Cruz;Semáforo;Comercial;0;1;1;1;0;0;0;0;0;1;0;0;-3,770252;-38,552228
343113;13;6;2019;10:40;0;AV DIOGUINHO;;;688;;Outros;Luz do Dia;Chuva;Molhada;Meio de Quadra;Não Há Controle;Comercial;0;0;1;0;0;0;0;0;0;0;0;0;-3,7782347;-38,4342216
343114;13;6;2019;10:40;23041;AV DR SILAS MUNGUBA;RUA BRUNO VALENTE;;;;Colisão Transversal;Luz do Dia;Chuva;Molhada;Cruz;Pare;Comercial;0;1;1;1;0;0;0;0;0;1;0;0;-3,790483;-38,540009
343206;13;6;2019;04:45;0;AV MIN JOSE AMERICO;;;;;Colisão;;;;Meio de Quadra;;;0;0;1;0;0;0;0;0;0;0;0;0;;
343207;13;6;2019;09:00;0;RD CE-040;;;;KM-07;Engavetamento;Luz do Dia;;;Meio de Quadra;;;0;0;6;1;0;0;0;0;0;0;0;0;-3,817159445;-38,48303286
343208;13;6;2019;19:10;0;AV SEN CARLOS JEREISSATI (AEROPORTO);;;;KM 01;Colisão;;;;Meio de Quadra;;;0;0;2;1;0;0;0;0;0;0;0;0;-3,783753;-38,52685
345796;13;6;2019;01:12;0;AV 13 DE MAIO;;;;;Queda;;;;Meio de Quadra;;;0;1;0;0;0;1;0;0;0;0;0;0;;
345802;13;6;2019;04:39;0;RUA EVARISTO DA VEIGA;;;910;;Colisão;;;;Meio de Quadra;;;0;1;0;1;0;0;0;0;0;0;0;0;-3,81361;-38,49298
345820;13;6;2019;13:44;0;AV PERIMETRAL;;;;;Colisão;Luz do Dia;;;Meio de Quadra;;;0;1;0;0;0;0;0;0;0;1;0;0;;
345821;13;6;2019;14:28;0;AV LEITE BARBOSA;;;650;;Queda;Luz do Dia;;;Meio de Quadra;;;0;1;0;0;0;0;0;0;0;1;0;0;-3,71124;-38,46967
345822;13;6;2019;15:04;0;RUA TRILHO;;;961;;Colisão;Luz do Dia;;;Meio de Quadra;;;0;1;0;1;0;1;0;0;0;0;0;0;;
345823;13;6;2019;16:11;0;AV 13 DE MAIO;;;2821;;Atropelamento;Luz do Dia;;;Meio de Quadra;;;0;1;0;0;0;0;0;0;0;1;0;0;-3,740001;-38,540239
345824;13;6;2019;16:26;0;RUA BAR AQUIRAZ;;;840;;Colisão;Luz do Dia;;;Meio de Quadra;;;0;1;0;1;0;0;0;0;0;1;0;0;-3,8360355;-38,488909
345825;13;6;2019;16:31;0;AV GAL OSORIO DE PAIVA;;;5699;;Colisão;Luz do Dia;;;Meio de Quadra;;;0;1;0;1;0;1;0;0;0;0;0;0;-3,806796632;-38,60409416
345818;13;6;2019;12:30;0;RUA MON SALAZAR;;;472;;Colisão;Luz do Dia;;;Meio de Quadra;;;0;1;0;1;0;0;0;0;0;1;0;0;-3,756255;-38,515394
345816;13;6;2019;11:39;11286;RUA PAURILO BARROSO;RUA ROSA CRUZ;;;;Queda;Luz do Dia;;;;;;0;1;0;0;0;0;0;0;0;1;0;0;-3,79826;-38,568873
345809;13;6;2019;06:43;0;RD CE-060;;;5078;;Colisão;Luz do Dia;;;Meio de Quadra;;;0;2;0;0;0;0;0;0;0;0;0;0;;
345896;13;6;2019;22:19;0;RUA BRI TORRES;;;257;;Queda;;;;Meio de Quadra;;;0;1;0;0;0;0;0;0;0;1;0;0;-3,761250378;-38,57762047
345888;13;6;2019;19:49;24372;AV LUCIANO CARNEIRO;RUA ALM RUFINO;;;;Colisão;;;;Cruz;Semáforo;Comercial;0;1;0;1;0;0;0;0;0;1;0;0;-3,76658;-38,537195
345891;13;6;2019;20:03;15102;AV BEIRA MAR;RUA ILDEFONSO ALBANO;;;;Queda;;;;Outros;Outros;Comercial;0;1;0;0;0;0;0;0;0;1;0;0;-3,721051;-38,509391
345892;13;6;2019;20:34;0;AV GAL OSORIO DE PAIVA;;;;;Colisão;;;;Meio de Quadra;;;0;1;0;1;0;0;0;0;0;1;0;0;;
345893;13;6;2019;20:51;0;AV JOSE SABOIA;;;500;;Queda;;;;Meio de Quadra;;;0;1;0;0;0;0;0;0;0;1;0;0;-3,717084;-38,467502
345894;13;6;2019;21:18;0;AV JOAO PESSOA;;;;;Acidente Pessoal;;;;Meio de Quadra;;;0;1;0;0;0;0;0;0;0;1;0;0;;
345882;13;6;2019;19:37;0;AV GODOFREDO MACIEL;;;;;Queda;;;;Meio de Quadra;;;0;2;0;0;0;0;0;0;0;1;0;0;;
345878;13;6;2019;18:51;0;RD BR 116;;;1113;KM-03;Colisão;;;;Meio de Quadra;;;0;2;0;1;0;0;0;0;0;1;0;0;-3,779838;-38,514372
345873;13;6;2019;18:20;0;RUA SGT JOAO PINHEIRO;;;775;;Colisão;Anoitecer;;;Meio de Quadra;;;0;1;0;0;0;0;0;0;0;1;0;0;-3,78234;-38,62264
345869;13;6;2019;18:17;0;AV GOV RAUL BARBOSA;;;;;Choque c/ Obstáculo Fixo;Anoitecer;;;Meio de Quadra;;;0;1;0;1;0;0;0;0;0;1;0;0;;
345859;13;6;2019;17:07;0;RUA MIGUEL GURGEL;;;;;Colisão;Anoitecer;;;Meio de Quadra;;;0;1;0;1;0;0;0;0;0;1;0;0;;