COD_ACIDENTE;DIA;MES;ANO;HORA;INTERSECAO;LOG1;LOG2;LOG3;NUMERO;REFERENCIA;NATUREZA;ILUMINACAO;TEMPO;SUPERFICIEPISTA;TIPOCRUZAMENTO;CONTROLETRAFEGO;USOSOLO;MORTOS;FERIDOS;ILESOS;AUTOMOVEL;ONIBUS;BICICLETA;CAMINHAO;MICROONIBUS;CICLOMOTOR;MOTOCICLETA;TRACAOANIMAL;TREM;LATITUDE;LONGITUDE
345860;13;6;2019;17:34;0;RD BR 116;;;2928;;Colisão;Anoitecer;;;Meio de Quadra;;;0;1;0;1;0;0;0;0;0;1;0;0;;
345852;13;6;2019;16:38;17338;RUA BAR SOBRAL;RUA ZACARIAS GONDIM;;;;Colisão;Luz do Dia;;;Cruz;Pare;Residencial;0;1;0;1;0;0;0;0;0;1;0;0;-3,76528;-38,557307
345297;13;6;2019;08:55;0;RD BR 020;;;;KM 424;Tombamento;Luz do Dia;Bom;Seca;Meio de Quadra;;;0;0;1;0;0;0;0;0;0;0;0;0;;
345306;13;6;2019;08:55;0;RD BR 020;;;;KM 424;Colisão;Luz do Dia;Chuva;Molhada;Meio de Quadra;;;0;1;1;1;0;0;0;0;0;1;0;0;;
345334;13;6;2019;17:00;0;RD BR 116;;;12000;KM-12;Colisão Lateral;Anoitecer;Chuva;Molhada;Meio de Quadra;;;0;1;1;0;0;0;0;0;0;1;0;0;-3,85574;-38,496066
345923;14;6;2019;09:13;0;AV JOR JOAO RAMOS;;;1257;;Colisão;Luz do Dia;;;Meio de Quadra;;;0;1;0;1;0;0;0;0;0;1;0;0;-3,843058;-38,569014
345927;14;6;2019;09:52;0;RUA STA ELISA D21;;;1509;;Queda;Luz do Dia;;;Meio de Quadra;;;0;2;0;0;0;0;0;0;0;1;0;0;-3,703426745;-38,56722543
345933;14;6;2019;10:52;0;RUA ANITA GARIBALDI;;;275;;Queda;Luz do Dia;;;Meio de Quadra;;;0;1;0;0;0;0;0;0;0;1;0;0;-3,788952857;-38,53714043
345930;14;6;2019;10:08;0;RUA ABELARDO MARINHO;;;285;;Colisão;Luz do Dia;;;Meio de Quadra;;;0;1;0;1;0;0;0;0;0;1;0;0;-3,763573712;-38,53280489
345935;14;6;2019;11:38;0;RUA GUSTAVO SAMPAIO;;;754;;Queda;Luz do Dia;;;Meio de Quadra;;;0;1;0;0;0;0;0;0;0;1;0;0;-3,734234768;-38,55146896
345936;14;6;2019;13:25;0;AV PRS CASTELO BRANCO;;;400;;Queda;Luz do Dia;;;Meio de Quadra;;;0;1;0;0;0;0;0;0;0;1;0;0;-3,720736;-38,529059
345938;14;6;2019;13:30;0;RUA CARLINDO CRUZ;;;7024;CEMEC;Colisão;Luz do Dia;;;Meio de Quadra;;;0;1;1;1;0;0;0;0;0;0;0;1;;
345939;14;6;2019;13:43;334;RUA AMADEU FURTADO;RUA NESTOR BARBOSA;;;;Colisão;Luz do Dia;;;Cruz;Pare;Residencial;0;1;0;1;0;0;0;0;0;1;0;0;-3,745408;-38,562047
345957;14;6;2019;18:18;0;RUA TEN MOACIR MATOS;;;605;;Queda;Anoitecer;;;Meio de Quadra;;;0;1;0;0;0;1;0;0;0;0;0;0;-3,76639;-38,553728
345958;14;6;2019;18:27;0;AV JOAO PESSOA;;;6745;;Colisão;Anoitecer;;;Meio de Quadra;;;0;1;0;0;0;0;0;0;0;0;0;0;-3,770275;-38,561062
345959;14;6;2019;18:49;0;RUA PRO JOSE HENRIQUE;;;1280;;Queda;;;;Meio de Quadra;;;0;1;0;0;0;1;0;0;0;0;0;0;-3,8307;-38,4785
345945;14;6;2019;14:50;2781;RUA BOM JESUS (GRANJA LISBOA);RUA SAMARIA;;;;Colisão;Luz do Dia;;;Cruz;Não Há Controle;Residencial;0;1;0;1;0;0;0;0;0;1;0;0;-3,792726;-38,606405
345948;14;6;2019;15:28;0;AV OLIVEIRA PAIVA;;;1520;;Colisão;Luz do Dia;;;Meio de Quadra;;;0;1;0;0;0;0;0;0;0;1;0;0;-3,795604;-38,493198
345949;14;6;2019;15:44;1381;AV HERACLITO GRACA;RUA ILDEFONSO ALBANO;;;;Queda;Luz do Dia;;;Duplo T;Semáforo;Comercial;0;1;0;0;0;0;0;0;0;1;0;0;-3,7367877;-38,5144673
345950;14;6;2019;16:06;0;RUA ODORICO DE MORAIS;;;178;;Colisão;Luz do Dia;;;Meio de Quadra;;;1;0;1;0;0;1;1;0;0;0;0;0;-3,715410593;-38,55307811
345951;14;6;2019;16:26;0;AV JOVITA FEITOSA;;;2290;;Queda;Luz do Dia;;;Meio de Quadra;;;0;1;0;0;0;0;0;0;0;1;0;0;-3,740158839;-38,5580211
345952;14;6;2019;17:37;0;RUA VITORIA;;;189;;Colisão;Anoitecer;;;Meio de Quadra;;;0;1;0;1;0;0;0;0;0;1;0;0;-3,7236353;-38,6032017
345953;14;6;2019;17:39;15372;AV DOM LUIS;RUA CEL JUCA;;;;Atropelamento;Anoitecer;;;Cruz;Semáforo;Comercial;0;1;0;1;0;0;0;0;0;0;0;0;-3,735452;-38,490579
345954;14;6;2019;17:51;17255;RUA EUZEBIO DE QUEIROS;RUA EUGENIO GADELHA;;;;Atropelamento;Anoitecer;;;Cruz;Pare;Residencial;0;1;0;1;0;0;0;0;0;0;0;0;-3,761386;-38,549344
345978;14;6;2019;22:16;0;AV DR THEBERGE;;;;;Colisão;;;;Meio de Quadra;;;0;1;1;0;0;0;0;0;0;1;0;0;;
345973;14;6;2019;20:17;0;RUA ROSINHA SAMPAIO;;;1199;;Colisão;;;;Meio de Quadra;;;0;1;0;1;0;0;0;0;0;1;0;0;-3,72653;-38,58942
345974;14;6;2019;20:24;15688;RUA GUILHERME PESSOA;RUA CEL ERNESTO MATOS;;;;Colisão;;;;Cruz;Pare;Residencial;0;1;0;1;0;0;0;0;0;1;0;0;-3,826939;-38,489265
345975;14;6;2019;21:00;0;RUA PERNAMBUCO;;;2580;;Queda;;;;Meio de Quadra;;;0;2;0;0;0;0;0;0;0;1;0;0;;
345971;14;6;2019;20:02;0;AV GODOFREDO MACIEL;;;;;Atropelamento;;;;Meio de Quadra;;;0;1;0;1;0;0;0;0;0;0;0;0;;
345968;14;6;2019;19:55;0;RUA BOM JESUS (GRANJA LISBOA);;;3343;;Queda;;;;Meio de Quadra;;;0;1;0;0;0;0;0;0;0;1;0;0;-3,78737775;-38,62375497
345965;14;6;2019;19:32;0;AV N CJ JOSE WALTER;;;1780;;Queda;;;;Meio de Quadra;;;0;1;0;0;0;0;0;0;0;1;0;0;-3,776274;-38,4903619
345966;14;6;2019;19:50;0;AV AGUANAMBI;;;;;Colisão;;;;Meio de Quadra;;;0;1;0;1;0;0;0;0;0;1;0;0;;
345963;14;6;2019;19:14;0;RUA DA COPAIBA;;;118;;Atropelamento;;;;Meio de Quadra;;;0;1;0;1;0;0;0;0;0;0;0;0;-3,784131857;-38,51040586
345981;14;6;2019;22:50;0;RUA DIOGO CORREIA;;;296;;Queda;;;;Meio de Quadra;;;0;2;0;0;0;0;0;0;0;1;0;0;-3,771508255;-38,58985388
345984;14;6;2019;22:56;0;AV FRE CIRILO;;;3815;;Colisão;;;;Meio de Quadra;;;0;1;0;0;0;0;0;0;0;0;0;0;-3,817153384;-38,49747867
345921;14;6;2019;08:51;0;RUA REPUBLICA DO LIBANO;;;560;;Queda;Luz do Dia;;;Meio de Quadra;;;0;2;0;0;0;0;0;0;0;1;0;0;-3,731908;-38,494824
345905;14;6;2019;05:55;0;AV PERIMETRAL;;;329;;Colisão;Amanhecer;;;Meio de Quadra;;;0;1;0;1;0;0;0;0;0;1;0;0;;
345906;14;6;2019;06:20;0;AV CARNEIRO DE MENDONCA;;;1026;;Colisão;Luz do Dia;;;Meio de Quadra;;;0;1;0;0;0;0;0;0;0;0;0;0;-3,763223;-38,568394
345907;14;6;2019;06:57;0;AV JOSE JATAHY;;;1012;;Queda;Luz do Dia;;;Meio de Quadra;;;0;1;0;0;0;0;0;0;0;1;0;0;-3,730165;-38,5449412
345908;14;6;2019;07:24;0;AV SEN FERNANDES TAVORA;;;1175;;Colisão;Luz do Dia;;;Meio de Quadra;;;0;1;0;1;0;0;0;0;0;1;0;0;-3,761637;-38,58320181
345909;14;6;2019;08:33;0;AV HIS RAIMUNDO GIRAO;;;1338;;Colisão;Luz do Dia;;;Meio de Quadra;;;0;1;0;1;0;0;0;0;0;0;0;0;-3,724196;-38,504023
343117;14;6;2019;02:37;0;AV JOR THOMAZ COELHO;;;;;Choque c/ Obstáculo Fixo;Via Iluminada;Chuva;Molhada;Meio de Quadra;Semáforo;Comercial;0;0;1;1;0;0;0;0;0;0;0;0;;
344206;14;6;2019;13:17;0;RUA JULIO CESAR D04;RUA PRO COSTA MENDES;;0;;Colisão Transversal;Luz do Dia;Bom;Seca;Cruz;Pare;Comercial;0;1;0;0;0;1;0;0;0;0;0;0;-3,7546673;-38,546837
344207;14;6;2019;15:07;19739;RUA GUSTAVO SAMPAIO;RUA MOREIRA DE SOUSA;;;;Colisão;Luz do Dia;Bom;Seca;Cruz;Pare;Residencial;0;1;1;1;0;0;0;0;0;1;0;0;-3,737367;-38,56665
344208;14;6;2019;15:22;5723;AV OLIVEIRA PAIVA;RUA MON ANTERO;;0;;Colisão Traseira;Anoitecer;Bom;Seca;Cruz;Semáforo;Comercial;0;0;2;0;0;0;0;0;0;1;0;0;-3,795604;-38,493198
344209;14;6;2019;19:02;1450;RUA JOAO CARVALHO;RUA JOSE VILAR;;0;;Colisão Transversal;Via Iluminada;Bom;Seca;Cruz;Gesto;Comercial;0;1;1;1;0;0;0;0;0;1;0;0;-3,738318;-38,505477
344210;14;6;2019;21:33;7860;AV ANTONIO SALES;AV SEN VIRGILIO TAVORA;;0;;Colisão Lateral;Via Iluminada;Bom;Seca;Cruz;Semáforo;Comercial;0;0;2;1;0;0;0;0;0;0;0;0;-3,747279;-38,4965
344211;14;6;2019;22:07;0;AV BERNARDO MANUEL;RUA INACIO PARENTE;;0;;Colisão Transversal;Via Iluminada;Bom;Seca;Cruz;Semáforo;Comercial;0;0;2;1;0;0;0;0;0;0;0;0;-3,7812561;-38,5461097
346996;14;6;2019;18:30;0;RUA FRANCISCA RANGEL;;;87;;Colisão;Anoitecer;;;Meio de Quadra;;;0;0;2;1;0;0;0;0;0;0;0;0;-3,738825;-38,5543007
344212;15;6;2019;02:50;24360;RUA ALM RUFINO;RUA SAO MATEUS D14;;0;;Choque c/ Obstáculo Fixo;Via Iluminada;Bom;Seca;Cruz;Pare;Residencial;0;0;1;1;0;0;0;0;0;0;0;0;-3,76593;-38,539211
344213;15;6;2019;10:03;0;AV GAL OSORIO DE PAIVA;;;4662;;Colisão Traseira;Luz do Dia;Bom;Seca;Meio de Quadra;Não Há Controle;Comercial;0;0;3;1;0;0;0;0;0;0;0;0;-3,799718923;-38,59720962
344214;15;6;2019;09:00;0;AV GAL OSORIO DE PAIVA;;;7000;;Choque c/ Obstáculo Fixo;Luz do Dia;Bom;Seca;Meio de Quadra;Não Há Controle;Comercial;0;0;4;1;0;0;0;0;0;0;0;0;-3,814262238;-38,611327
344215;15;6;2019;16:35;0;RUA PROF GLAUCO LOBO;;;121;;Colisão Traseira;Luz do Dia;Bom;Seca;Meio de Quadra;Não Há Controle;Residencial;0;1;1;0;0;0;0;0;0;1;0;0;-3,8064501;-38,5808
344216;15;6;2019;20:50;0;RUA EDUARDO PERDIGAO;;;0;;Choque c/ Obstáculo Fixo;Via Iluminada;Bom;Seca;Meio de Quadra;Não Há Controle;Comercial;0;0;1;1;0;0;0;0;0;0;0;0;;
343120;15;6;2019;05:51;0;AV AMERICO BARREIRA;;;6256;;Choque c/ Obstáculo Fixo;Amanhecer;Bom;Seca;Meio de Quadra;Outros;Comercial;0;0;1;1;0;0;0;0;0;0;0;0;-3,7664713;-38,5685521
343122;15;6;2019;02:00;26230;AV PRS CASTELO BRANCO;RUA BORIS;;;;Queda;Via Iluminada;Bom;Seca;T;Não Há Controle;Comercial;0;1;0;0;0;0;0;0;0;1;0;0;-3,723228;-38,521056
343123;15;6;2019;06:20;2975;AV GAL OSORIO DE PAIVA;RUA PEDRO MARTINS;;;;Colisão Transversal;Luz do Dia;Bom;Seca;T;Semáforo;Comercial;1;0;1;0;1;0;0;0;0;1;0;0;-3,800862;-38,598322
343209;15;6;2019;19:00;0;RD CE-040;;;;KM-11;Colisão;;;;Meio de Quadra;;;0;0;2;1;0;0;0;0;0;0;0;0;-3,84962623;-38,47606989
345985;15;6;2019;02:07;0;RUA TIBURCIO CAVALCANTE;;;1443;;Colisão;;;;Meio de Quadra;;;0;1;0;1;0;0;0;0;0;1;0;0;-3,7376422;-38,5031229
345991;15;6;2019;04:54;0;AV AGUANAMBI;;;1550;;Queda;;;;Meio de Quadra;;;0;2;0;0;0;0;0;0;0;1;0;0;-3,750411222;-38,523651
345992;15;6;2019;04:54;0;AV IMPERADOR;;;789;;Colisão;;;;Meio de Quadra;;;0;1;0;0;0;0;0;0;0;0;0;0;-3,728226861;-38,53475999
345998;15;6;2019;06:28;10863;RUA PORTO VELHO;RUA PRO HERIBALDO COSTA;;;;Colisão;Luz do Dia;;;Cruz;Semáforo;Residencial;0;1;0;1;0;0;0;0;0;1;0;0;-3,765974;-38,587014
345947;15;6;2019;00:51;0;AV DES MOREIRA;;;;;Queda;;;;Meio de Quadra;;;0;1;0;0;0;0;0;0;0;1;0;0;;
345960;15;6;2019;01:52;0;RUA FRANCISCO DOMINGOS;;;825;;Atropelamento;;;;Meio de Quadra;;;0;1;0;0;0;0;0;0;0;0;0;0;-3,778562;-38,58820689
346058;15;6;2019;15:47;0;AV I CJ JOSE WALTER;;;901;;Colisão;Luz do Dia;;;Meio de Quadra;;;0;1;0;1;0;0;0;0;0;1;0;0;-3,8321628;-38,552844
346059;15;6;2019;16:31;103;AV MR HULL;RUA ANARIO BRAGA;;;;Colisão;Luz do Dia;;;;;;0;2;0;1;0;0;0;0;0;1;0;0;-3,738888;-38,586393
346022;15;6;2019;09:44;5627;AV JOSE LEON;AV ROGACIANO LEITE;;;;Colisão;Luz do Dia;;;Cruz;Semáforo;Comercial;0;1;0;1;0;0;0;0;0;1;0;0;-3,787355;-38,503527
346033;15;6;2019;10:59;0;RUA 15 DE NOVEMBRO;;;549;;Colisão;Luz do Dia;;;Meio de Quadra;;;0;1;0;0;0;0;0;0;0;1;0;0;-3,769169429;-38,55520986
346035;15;6;2019;12:12;10368;RUA JOSE MENDONCA;RUA NOSSA SRA APARECIDA;;;;Colisão;Luz do Dia;;;Cruz;Pare;Residencial;0;1;0;0;0;0;0;0;0;1;0;0;-3,757921;-38,602332
346036;15;6;2019;15:18;0;AV DEP PAULINO ROCHA;;;37;;Colisão;Luz do Dia;;;Meio de Quadra;;;0;1;0;1;0;1;0;0;0;0;0;0;-3,801032;-38,507311
346024;15;6;2019;10:19;0;RUA PERNAMBUCO;;;3021;;Colisão;Luz do Dia;;;Meio de Quadra;;;0;1;0;1;0;0;0;0;0;1;0;0;-3,749452;-38,579962
346003;15;6;2019;08:31;7674;AV JOSE BASTOS;RUA RIO GRANDE DO NORTE;;;;Colisão;Luz do Dia;;;;;;0;1;0;1;0;0;0;0;0;1;0;0;-3,760562;-38,564477
346015;15;6;2019;09:35;0;RUA SGT JOAO PINHEIRO;;;1600;;Colisão;Luz do Dia;;;Meio de Quadra;;;0;2;0;1;0;0;0;0;0;1;0;0;-3,7867;-38,62391
346056;15;6;2019;15:24;1450;RUA JOSE VILAR;RUA JOAO CARVALHO;;;;Colisão;Luz do Dia;;;Cruz;Gesto;Comercial;0;2;0;1;0;0;0;0;0;1;0;0;-3,738318;-38,505477
346200;15;6;2019;23:05;0;RUA PESSOA ANTA;;;;;Atropelamento;;;;Meio de Quadra;;;0;1;0;1;0;0;0;0;0;0;0;0;;
346197;15;6;2019;21:50;12685;AV CEL CARVALHO;AV DA INDEPENDENCIA;;;;Colisão;;;;Cruz;Gesto;Comercial;0;1;0;1;0;1;0;0;0;0;0;0;-3,728711;-38,584952
346198;15;6;2019;23:04;0;RUA TULIPA;;;148;;Queda;;;;Meio de Quadra;;;0;1;0;0;0;1;0;0;0;0;0;0;-3,8239292;-38,591285
346106;15;6;2019;18:37;0;AV PRO JOSE ARTHUR CARVALHO;;;1270;;Colisão;;;;Meio de Quadra;;;0;2;0;0;0;0;0;0;0;0;0;0;-3,8269785;-38,470341
346125;15;6;2019;19:56;12818;RUA ANDRE CHAVES;RUA ALBERTO MAGNO;;;;Colisão;;;;Cruz;Pare;Comercial;0;1;0;1;0;0;0;0;0;1;0;0;-3,756035;-38,54223
346121;15;6;2019;19:38;14686;RUA DELTA;RUA DOM HENRIQUE;;;;Colisão;;;;;;;0;1;0;0;0;0;0;0;0;1;0;0;-3,790756;-38,577015
346122;15;6;2019;19:44;0;AV ANTONIO SALES;;;3510;;Colisão;;;;Meio de Quadra;;;0;1;0;1;0;0;0;0;0;1;0;0;-3,748462;-38,492552
346131;15;6;2019;21:06;0;RUA BERNARDO MANUEL;;;10775;;Colisão;;;;Meio de Quadra;;;0;1;0;0;0;0;0;0;0;0;0;0;-3,813406;-38,555904
346128;15;6;2019;20:14;0;RUA COS ARAUJO LIMA;;;1363;;Colisão;;;;Meio de Quadra;;;0;1;0;1;0;1;0;0;0;0;0;0;-3,7502075;-38,589774
346129;15;6;2019;20:57;0;RUA DIOGO CORREIA;;;61;;Colisão;;;;Meio de Quadra;;;0;1;0;0;0;0;0;0;0;1;0;0;-3,774112;-38,588562
346134;15;6;2019;21:20;0;RUA CON DE CASTRO;;;5975;;Atropelamento;;;;Meio de Quadra;;;0;1;0;1;0;0;0;0;0;0;0;0;-3,815042739;-38,59913067
346103;15;6;2019;17:17;0;AV MOZART PINHEIRO DE LUCENA;;;1877;;Colisão;Anoitecer;;;Meio de Quadra;;;0;1;0;1;0;0;0;0;0;1;0;0;-3,718701;-38,595801
346108;15;6;2019;18:43;0;AV SANTOS DUMONT;;;6945;;Colisão;;;;Meio de Quadra;;;0;1;0;1;0;0;0;0;0;0;0;0;-3,745108854;-38,47085558
346118;15;6;2019;19:14;0;RUA BAR AQUIRAZ;;;1062;;Colisão;;;;Meio de Quadra;;;0;1;1;1;0;0;0;0;0;1;0;0;-3,8380745;-38,4875405
346093;15;6;2019;16:52;0;RUA CATOLE;;;;;Colisão;Luz do Dia;;;Meio de Quadra;;;0;2;0;0;0;0;0;0;0;1;0;0;;
346098;15;6;2019;17:17;0;AV WASHINGTON SOARES;;;4718;;Atropelamento;Anoitecer;;;Meio de Quadra;;;0;1;0;1;0;0;0;0;0;0;0;0;-3,8009;-38,47958
346210;16;6;2019;01:28;0;AV JOSE TAVARES;;;734;;Queda;;;;Meio de Quadra;;;0;1;0;0;0;0;0;0;0;1;0;0;-3,8095039;-38,5997834
346211;16;6;2019;03:06;0;AV DA INDEPENDENCIA;;;1054;;Colisão;;;;Meio de Quadra;;;0;2;0;1;0;0;0;0;0;1;0;0;-3,727102;-38,5903015
346212;16;6;2019;04:51;0;AV WASHINGTON LUIS;;;68;;Colisão;;;;Meio de Quadra;;;0;1;0;0;0;0;0;0;0;0;0;0;-3,717476;-38,589445
346213;16;6;2019;06:06;0;AV AUGUSTO DOS ANJOS;;;2031;;Colisão;Luz do Dia;;;Meio de Quadra;;;0;1;0;1;0;0;0;0;0;1;0;0;-3,78335;-38,58192
346214;16;6;2019;06:39;13021;AV I CJ JOSE WALTER;AV A CJ JOSE WALTER;;;;Colisão;Luz do Dia;;;Cruz;Pare;Residencial;0;2;0;1;0;0;0;0;0;1;0;0;-3,825834;-38,550935
346215;16;6;2019;10:17;0;AV PDE ANTONIO TOMAS;;;;;Queda;Luz do Dia;;;Meio de Quadra;;;0;1;0;0;0;1;0;0;0;0;0;0;;
346216;16;6;2019;11:42;0;AV DOS EXPEDICIONARIOS;;;;;Colisão;Luz do Dia;;;Meio de Quadra;;;0;1;0;1;0;0;0;0;0;1;0;0;;
346217;16;6;2019;11:57;0;AV JOSE BASTOS;;;3778;;Colisão;Luz do Dia;;;Meio de Quadra;;;0;2;0;0;0;0;0;0;0;0;0;0;-3,7511595;-38,551618
346218;16;6;2019;12:44;0;RUA FELIPE CAMARAO;;;115;;Atropelamento;Luz do Dia;;;Meio de Quadra;;;0;1;0;0;0;0;0;0;0;1;0;0;-3,710356966;-38,55355454
346219;16;6;2019;13:58;0;AV RECREIO D64;;;2817;;Colisão;Luz do Dia;;;Meio de Quadra;;;0;1;0;1;0;0;0;0;0;1;0;0;;
346221;16;6;2019;15:30;0;AV DR SILAS MUNGUBA;;;6453;;Queda;Luz do Dia;;;Meio de Quadra;;;0;1;0;0;0;1;0;0;0;0;0;0;-3,80077;-38,53017
346222;16;6;2019;16:10;0;RUA CEL FABRICIANO;;;1426;;Colisão;Luz do Dia;;;Meio de Quadra;;;0;1;0;1;0;0;0;0;0;1;0;0;-3,783668636;-38,60459018
346223;16;6;2019;16:38;0;RUA JULIO SILVA;;;440;;Queda;Luz do Dia;;;Meio de Quadra;;;0;1;0;0;0;0;0;0;0;1;0;0;-3,74537;-38,45462
346224;16;6;2019;16:44;0;AV PRO JOSE ARTHUR CARVALHO;;;541;;Colisão;Luz do Dia;;;Meio de Quadra;;;0;2;0;1;0;0;0;0;0;1;0;0;-3,8262994;-38,4744648
346227;16;6;2019;17:01;0;AV CONTORNO OESTE D71;;;;;Queda;Anoitecer;;;Meio de Quadra;;;0;1;0;0;0;0;0;0;0;1;0;0;;
346203;16;6;2019;00:51;0;RUA DES OTACILIO PEIXOTO;;;;;Queda;;;;Meio de Quadra;;;0;2;0;0;0;0;0;0;0;1;0;0;;
346264;16;6;2019;22:30;0;AV GOV RAUL BARBOSA;;;;;Atropelamento;;;;Meio de Quadra;;;0;1;0;0;0;0;0;0;0;0;0;0;;
346265;16;6;2019;22:31;0;AV GAL OSORIO DE PAIVA;;;5636;;Atropelamento;;;;Meio de Quadra;;;0;1;0;1;0;0;0;0;0;0;0;0;-3,8058078;-38,6031463
346229;16;6;2019;17:10;19442;AV GODOFREDO MACIEL;RUA GERMANO FRANCK;;;;Queda;Anoitecer;;;;;;0;1;0;0;0;1;0;0;0;0;0;0;-3,779532;-38,564715
346250;16;6;2019;18:23;0;AV SEN FERNANDES TAVORA;;;584;;Queda;Anoitecer;;;Meio de Quadra;;;0;1;0;0;0;1;0;0;0;0;0;0;-3,764353419;-38,57810563
346251;16;6;2019;18:43;0;AV GODOFREDO MACIEL;;;5710;;Colisão;;;;Meio de Quadra;;;0;1;0;1;0;0;0;0;0;1;0;0;-3,824671322;-38,57889869
346252;16;6;2019;18:47;0;AV PRS COSTA E SILVA;;;5556;;Colisão;;;;Meio de Quadra;;;0;1;0;1;0;0;0;0;0;1;0;0;-3,82874;-38,53098
346253;16;6;2019;18:59;0;RUA GAL TERTULIANO POTYGUARA;;;1850;;Colisão;;;;Meio de Quadra;;;0;1;0;1;0;0;0;0;0;1;0;0;-3,7463008;-38,4905752
346254;16;6;2019;19:15;0;RUA DES PRAXEDES;;;223;;Colisão;;;;Meio de Quadra;;;0;1;0;1;0;1;0;0;0;0;0;0;-3,75764225;-38,552475
346255;16;6;2019;19:16;0;RUA COS ALVARO DE OLIVEIRA;;;687;;Colisão;;;;Meio de Quadra;;;0;1;0;1;0;0;0;0;0;0;0;0;-3,740655256;-38,55520356
346256;16;6;2019;20:29;0;RUA DES GERMINIANO JUREMA;;;88;;Atropelamento;;;;Meio de Quadra;;;0;1;0;1;0;0;0;0;0;0;0;0;;
346257;16;6;2019;20:39;0;AV AGUANAMBI;;;;;Queda;;;;Meio de Quadra;;;0;1;0;0;0;0;0;0;0;1;0;0;;
346258;16;6;2019;21:18;0;RUA COELHO DA FONSECA;;;380;;Queda;;;;Meio de Quadra;;;0;1;0;0;0;0;0;0;0;1;0;0;-3,71298;-38,56133
346259;16;6;2019;21:34;0;AV F CJ ESPERANCA;;;105;;Atropelamento;;;;Meio de Quadra;;;0;1;0;1;0;0;0;0;0;0;0;0;-3,815781676;-38,58686059
346260;16;6;2019;21:43;0;AV PRS COSTA E SILVA;;;;;Colisão;;;;Meio de Quadra;;;0;1;0;1;0;0;0;0;0;1;0;0;;
346261;16;6;2019;21:44;0;RUA PEDRO CABRAL;;;895;;Colisão;;;;Meio de Quadra;;;0;1;0;1;0;0;0;0;0;1;0;0;-3,8232662;-38,5923636
346262;16;6;2019;21:59;14786;RUA STA LIDUINA D42;RUA JOAO AMORA;;;;Colisão;;;;Cruz;Pare;Comercial;0;1;1;1;0;0;0;0;0;1;0;0;-3,799663;-38,585104
345302;16;6;2019;11:50;0;RD BR 020;;;;KM 426;Colisão Transversal;Luz do Dia;Bom;Seca;Meio de Quadra;;;0;1;1;1;0;0;0;0;0;1;0;0;-3,863;-38,524
343164;16;6;2019;19:30;0;RUA 404 CJ CEARA;;;;;Colisão;;;;Meio de Quadra;;;0;0;2;1;0;0;0;0;0;1;0;0;;
343165;16;6;2019;18:30;0;RD CE-060;;;;KM-02;Colisão;Anoitecer;;;Meio de Quadra;;;0;2;1;0;0;0;0;0;0;1;0;0;-3,834064;-38,582111
343101;16;6;2019;10:30;15302;RUA PEREIRA FILGUEIRAS;RUA MON BRUNO;;;;Colisão Lateral;Luz do Dia;Bom;Seca;Cruz;Pare;Residencial;0;1;1;1;0;0;0;0;0;0;0;0;-3,729763;-38,50858
343111;16;6;2019;20:45;7976;AV JOAO PESSOA;RUA MAJ WEYNE;;;;Colisão Transversal;Via Iluminada;Bom;Seca;Cruz;Semáforo;Comercial;0;1;1;0;1;0;0;0;0;1;0;0;-3,747841;-38,545334
344217;16;6;2019;09:01;0;RUA CEL DIONISIO ALENCAR;;;1691;;Colisão Lateral;Luz do Dia;Bom;Molhada;Meio de Quadra;Não Há Controle;Residencial;0;2;1;0;0;0;0;0;0;1;0;0;-3,8497484;-38,50414
344218;16;6;2019;10:28;0;AV BEIRA MAR;;;2982;;Colisão Traseira;Luz do Dia;Bom;Seca;Meio de Quadra;Não Há Controle;Comercial;0;0;2;1;0;0;0;0;0;0;0;0;-3,725914;-38,4937895
344219;16;6;2019;10:30;0;AV GODOFREDO MACIEL;;;3570;;Colisão Lateral;Luz do Dia;Bom;Seca;T;Pare;Comercial;0;0;1;1;0;0;0;0;0;1;0;0;-3,806413;-38,573019
344220;16;6;2019;15:21;0;RUA MARIA JULIA;;;1835;;Colisão Frontal;Luz do Dia;Bom;Molhada;Meio de Quadra;Não Há Controle;Residencial;0;1;1;1;0;0;0;0;0;1;0;0;-3,8016129;-38,60305
344221;16;6;2019;15:20;0;AV DR SILAS MUNGUBA;;;5447;;Colisão Lateral;Luz do Dia;Bom;Seca;Meio de Quadra;Semáforo;Comercial;0;2;2;1;0;0;0;0;0;1;0;0;-3,8003778;-38,530293
344222;16;6;2019;18:59;1705;RUA CAP VASCONCELOS D46;RUA TEN ROMA;;;;Colisão Transversal;Via Iluminada;Bom;Seca;Cruz;Pare;Comercial;0;2;1;0;0;0;0;0;0;1;0;0;-3,768197;-38,516588
344224;17;6;2019;06:50;0;AV AGUANAMBI;;;1827;;Colisão Lateral;Luz do Dia;Bom;Seca;Meio de Quadra;Não Há Controle;Comercial;0;0;2;0;1;0;0;0;0;0;0;0;-3,753216338;-38,52342451
344225;17;6;2019;08:31;0;RUA JULIO ABREU;;;120;;Queda;Luz do Dia;Bom;Seca;Meio de Quadra;Semáforo;Comercial;0;1;0;0;0;0;0;0;0;1;0;0;-3,7358805;-38,488349