COD_ACIDENTE;DIA;MES;ANO;HORA;INTERSECAO;LOG1;LOG2;LOG3;NUMERO;REFERENCIA;NATUREZA;ILUMINACAO;TEMPO;SUPERFICIEPISTA;TIPOCRUZAMENTO;CONTROLETRAFEGO;USOSOLO;MORTOS;FERIDOS;ILESOS;AUTOMOVEL;ONIBUS;BICICLETA;CAMINHAO;MICROONIBUS;CICLOMOTOR;MOTOCICLETA;TRACAOANIMAL;TREM;LATITUDE;LONGITUDE
345584;23;6;2019;13:08;0;AV CESAR CALS;;;290;;Atropelamento;Luz do Dia;;;Meio de Quadra;;;0;1;1;1;0;0;0;0;0;0;0;0;-3,7485969;-38,4509041
345562;23;6;2019;09:41;0;AV RAD JOSE LIMA VERDE;;;736;;Queda;Luz do Dia;;;Meio de Quadra;;;0;1;0;0;0;0;0;0;0;1;0;0;-3,699271154;-38,58773664
345563;23;6;2019;10:00;0;AV CASTELO DE CASTRO;;;791;;Colisão;Luz do Dia;;;Meio de Quadra;;;0;1;1;1;0;0;0;0;0;1;0;0;-3,836737;-38,521682
345566;23;6;2019;10:37;10408;AV GENIBAU;RUA HUMAITA D73;;;;Colisão;Luz do Dia;;;Cruz;Pare;Comercial;0;1;1;1;0;0;0;0;0;1;0;0;-3,760652;-38,600613
345560;23;6;2019;09:35;0;AV JOAO PESSOA;;;;;Colisão;Luz do Dia;;;Meio de Quadra;;;0;1;0;0;0;0;0;0;0;0;0;0;;
345549;23;6;2019;00:24;0;AV PRS CASTELO BRANCO;;;;;Colisão;;;;Meio de Quadra;;;0;1;0;0;0;0;0;0;0;0;0;0;;
345552;23;6;2019;00:58;0;RUA GERMANO FRANCK;;;267;;Colisão;;;;Meio de Quadra;;;0;1;1;1;0;1;0;0;0;0;0;0;-3,7748205;-38,5591435
345554;23;6;2019;01:05;0;AV PRS COSTA E SILVA;;;3021;;Queda;;;;Meio de Quadra;;;0;1;0;0;0;0;0;0;0;1;0;0;-3,82263;-38,55297
345555;23;6;2019;02:17;0;AV CASTELO DE CASTRO;;;1412;;Queda;;;;Meio de Quadra;;;0;1;0;0;0;0;0;0;0;1;0;0;-3,841864765;-38,52168034
345556;23;6;2019;05:58;0;RUA MAJ VERISSIMO;;;695;;Colisão;Amanhecer;;;Meio de Quadra;;;0;1;0;0;0;0;0;0;0;0;0;0;-3,724960839;-38,56180768
345557;23;6;2019;06:41;0;AV WASHINGTON SOARES;;;6180;;Queda;Luz do Dia;;;Meio de Quadra;;;0;1;0;0;0;1;0;0;0;0;0;0;-3,813292;-38,479989
345558;23;6;2019;07:10;0;AV PDE ANTONIO TOMAS;;;;;Colisão;Luz do Dia;;;Meio de Quadra;;;0;1;0;0;0;0;0;0;0;0;0;0;;
345622;24;6;2019;06:36;0;RUA VALDETARIO MOTA;;;8999;;Colisão;Luz do Dia;;;Meio de Quadra;;;0;1;1;1;0;0;0;0;0;1;0;0;;
345625;24;6;2019;07:04;0;RUA PRO EDUARDO BARROS LEAL;;;32;;Colisão;Luz do Dia;;;Meio de Quadra;;;0;1;1;1;0;0;0;0;0;1;0;0;-3,735165623;-38,56342339
345626;24;6;2019;07:06;0;AV JOSE JATAHY;;;114;;Colisão;Luz do Dia;;;Meio de Quadra;;;0;1;1;1;0;0;0;0;0;1;0;0;-3,739492051;-38,54328259
345627;24;6;2019;07:44;0;AV GODOFREDO MACIEL;;;2186;;Colisão;Luz do Dia;;;Meio de Quadra;;;0;1;0;0;0;0;0;0;0;0;0;0;-3,794862761;-38,56941535
345628;24;6;2019;08:15;0;RUA CEL MATOS DOURADO;;;256;;Queda;Luz do Dia;;;Meio de Quadra;;;0;1;0;0;0;0;0;0;0;1;0;0;-3,740923;-38,58521
345629;24;6;2019;11:23;0;RUA ALVARO DE ALENCAR;;;215;;Queda;Luz do Dia;;;Meio de Quadra;;;0;1;0;0;0;1;0;0;0;0;0;0;-3,71313;-38,55753
345630;24;6;2019;11:41;0;AV BORGES DE MELO;;;1540;;Colisão;Luz do Dia;;;Meio de Quadra;;;0;1;1;1;0;0;0;0;0;1;0;0;-3,757676;-38,532691
345631;24;6;2019;11:59;0;AV FRANCISCO SA;;;2743;;Colisão;Luz do Dia;;;Meio de Quadra;;;0;1;0;0;0;0;0;0;0;0;0;0;-3,719854533;-38,5499553
345632;24;6;2019;12:15;0;RUA ARMANDO OLIVEIRA;;;2528;;Colisão;Luz do Dia;;;Meio de Quadra;;;0;1;1;1;0;0;0;0;0;1;0;0;-3,7427065;-38,4799148
345647;24;6;2019;17:43;0;RD BR 116;;;;;Colisão;Anoitecer;;;Meio de Quadra;;;0;1;0;0;0;0;0;0;0;0;0;0;;
345645;24;6;2019;17:24;0;RUA ANSELMO NOGUEIRA;;;683;;Atropelamento;Anoitecer;;;Meio de Quadra;;;0;1;1;1;0;0;0;0;0;0;0;0;-3,7848624;-38,5882377
345642;24;6;2019;16:46;0;AV DA INDEPENDENCIA;;;751;;Colisão;Luz do Dia;;;Meio de Quadra;;;0;1;1;1;0;0;0;0;0;1;0;0;-3,72796;-38,58748
345637;24;6;2019;15:03;0;RUA VALPARAISO;;;520;;Colisão;Luz do Dia;;;Meio de Quadra;;;0;1;1;0;0;0;0;0;0;1;0;0;-3,844685583;-38,52517892
345638;24;6;2019;15:17;3768;AV TRISTAO GONCALVES;AV DOMINGOS OLIMPIO;;;;Colisão;Luz do Dia;;;Cruz;Semáforo;Comercial;0;1;1;0;0;0;0;0;0;1;0;0;-3,735133;-38,535613
345634;24;6;2019;14:37;0;RUA ARMANDO MONTEIRO;;;400;;Colisão;Luz do Dia;;;Meio de Quadra;;;0;1;1;1;0;0;0;0;0;1;0;0;-3,762528053;-38,53937847
345635;24;6;2019;15:02;25160;RUA FRE MANSUETO;RUA JULIO ABREU;;;;Atropelamento;Luz do Dia;;;Cruz;Semáforo;Misto;0;1;1;0;0;0;0;0;0;1;0;0;-3,735861;-38,488626
345664;24;6;2019;18:42;0;AV AGUANAMBI;;;;;Colisão;Anoitecer;;;Meio de Quadra;;;0;1;0;0;0;0;0;0;0;0;0;0;;
345665;24;6;2019;19:01;0;AV D CJ CEARA;;;1527;;Colisão;;;;Meio de Quadra;;;0;1;1;1;0;0;0;0;0;1;0;0;-3,765266761;-38,60174714
345666;24;6;2019;20:56;17446;RUA PRO TEODORICO;RUA EQUADOR;;;;Colisão;;;;Cruz;Pare;Comercial;0;1;1;1;0;0;0;0;0;1;0;0;-3,769655;-38,550989
345650;24;6;2019;18:06;0;RUA VITORIA;;;;;Colisão;Anoitecer;;;Meio de Quadra;;;0;1;1;1;0;0;0;0;0;1;0;0;;
345668;24;6;2019;04:09;0;RUA PERGENTINO MAIA;;;175;;Queda;;;;Meio de Quadra;;;0;1;0;0;0;0;0;0;0;1;0;0;-3,830802;-38,49326843
345349;24;6;2019;16:10;0;RD BR 222;;;;KM-01;Colisão Lateral;Luz do Dia;Bom;Seca;Meio de Quadra;;;0;2;0;0;0;0;0;0;0;1;0;0;-3,737698444;-38,57814693
343175;24;6;2019;00:20;0;RD CE-040;;;;KM-05;Colisão;;;;Meio de Quadra;;;0;1;1;1;0;0;0;0;0;1;0;0;-3,800595823;-38,47953463
343159;24;6;2019;18:00;25962;RUA PRO HERIBALDO COSTA;RUA PRO MIRAMAR DA PONTE;;;;Colisão Transversal;Anoitecer;Bom;Seca;Cruz;Pare;Comercial;0;1;1;0;0;0;0;0;0;1;0;0;-3,754784;-38,582069
343160;24;6;2019;16:45;9297;RUA CESAR CORREIA;AV FRANCISCO SA;;;;Colisão Transversal;Luz do Dia;Bom;Seca;Cruz;Pare;Comercial;0;1;1;1;0;0;0;0;0;1;0;0;-3,711949;-38,573313
343162;24;6;2019;22:10;17446;RUA EQUADOR;RUA PRO TEODORICO;;;;Colisão Transversal;Via Iluminada;Bom;Seca;Cruz;Pare;Comercial;0;2;0;1;0;0;0;0;0;1;0;0;-3,769655;-38,550989
343163;24;6;2019;17:30;0;AV BORGES DE MELO;;;;;Colisão Lateral;Via Iluminada;Bom;Seca;Meio de Quadra;Semáforo;Residencial;0;0;2;1;0;0;1;0;0;0;0;0;;
343182;24;6;2019;06:50;0;RD CE-040;;;;KM-03;Colisão;Luz do Dia;;;Meio de Quadra;;;0;1;0;0;0;0;0;0;0;1;0;0;-3,782614325;-38,4810839
343183;24;6;2019;09:00;0;RD CE-040;;;;KM-03;Engavetamento;Luz do Dia;;;Meio de Quadra;;;0;0;3;1;0;0;0;0;0;0;0;0;-3,782614325;-38,4810839
343184;24;6;2019;16:20;0;RD CE-040;;;;KM-08;Colisão;Luz do Dia;;;Meio de Quadra;;;0;0;2;1;0;0;0;0;0;1;0;0;-3,825515822;-38,48153832
343185;24;6;2019;19:45;0;RD CE-040;;;;KM-04;Atropelamento;;;;Meio de Quadra;;;0;1;1;1;0;0;0;0;0;0;0;0;-3,791613156;-38,48033084
343178;24;6;2019;04:10;0;AV SEN CARLOS JEREISSATI (AEROPORTO);;;;KM 01;Colisão;;;;Meio de Quadra;;;0;0;2;1;0;0;0;0;0;0;0;0;-3,783753;-38,52685
344272;24;6;2019;05:40;0;AV WASHINGTON LUIS;;;55;;Choque c/ Obstáculo Fixo;Amanhecer;Bom;Seca;Meio de Quadra;Não Há Controle;Residencial;0;1;0;1;0;0;0;0;0;0;0;0;-3,717477667;-38,58933574
344270;24;6;2019;01:24;0;AV PRS CASTELO BRANCO;;;0;;Choque c/ Obstáculo Fixo;Via Iluminada;Bom;Seca;Meio de Quadra;Semáforo;Residencial;0;0;1;0;0;0;0;0;0;0;0;0;;
344274;24;6;2019;08:30;0;AV ODILON GUIMARAES;;;1954;;Choque c/ Obstáculo Fixo;Luz do Dia;Bom;Molhada;Meio de Quadra;Não Há Controle;Comercial;0;1;0;0;0;0;0;0;0;0;0;0;-3,821443462;-38,47650477
344275;24;6;2019;14:11;0;AV PRS CASTELO BRANCO;;;0;10º REGIÃO MILITAR;Colisão Traseira;Luz do Dia;Bom;Seca;Meio de Quadra;Não Há Controle;Comercial;0;0;2;1;0;0;0;0;0;0;0;0;;
344276;24;6;2019;15:51;0;RUA ALMEIDA PRADO;;;1045;;Não Informado;Luz do Dia;Bom;Seca;Meio de Quadra;Semáforo;Comercial;0;1;1;1;0;0;0;0;0;1;0;0;-3,745876244;-38,47584491
344277;24;6;2019;19:30;7399;RUA CEL MATOS DOURADO;RUA SILVA BAIMA;;;;Colisão Lateral;Via Iluminada;Bom;Seca;Cruz;Não Há Controle;Residencial;0;1;1;0;1;0;0;0;0;1;0;0;-3,755234;-38,583293
344278;24;6;2019;17:40;0;RUA OSCAR ARARIPE;;;2879;;Colisão Lateral;Luz do Dia;Bom;Seca;Meio de Quadra;Não Há Controle;Residencial;0;1;1;1;0;0;0;0;0;1;0;0;-3,785710415;-38,61647278
344285;24;6;2019;19:10;7781;AV ANTONIO SALES;AV DES MOREIRA;;;;Colisão Traseira;Via Iluminada;Bom;Seca;Cruz;Semáforo;Comercial;0;0;2;1;0;0;0;0;0;0;0;0;-3,745744;-38,50141
344286;25;6;2019;17:27;0;RUA MARIO MAMEDE;;;1056;;Colisão Transversal;Luz do Dia;Bom;Seca;Meio de Quadra;Não Há Controle;Residencial;0;0;2;1;0;0;0;0;0;0;0;0;-3,7508929;-38,529507
344287;25;6;2019;17:30;10944;RUA ZACARIAS GONDIM;RUA LIVINO DE CARVALHO;;0;;Colisão Transversal;Anoitecer;Bom;Seca;Cruz;Pare;Residencial;0;2;0;1;0;0;0;0;0;1;0;0;-3,770836;-38,559435
344288;25;6;2019;20:05;0;RUA 8 DE SETEMBRO;;;1331;;Colisão Lateral;Via Iluminada;Bom;Material Derrapante;Meio de Quadra;Não Há Controle;Escola;0;0;1;1;0;0;0;0;0;0;0;0;-3,736635;-38,48707
344289;25;6;2019;18:10;11285;RUA FRANCISCO GLICERIO;RUA CARLOS STUDART;;;;Colisão Transversal;Via Iluminada;Bom;Seca;Cruz;Pare;Comercial;0;1;1;1;0;0;0;0;0;1;0;0;-3,796234;-38,5689
344290;25;6;2019;19:03;0;AV PRS COSTA E SILVA;;;5350;;Colisão Transversal;Via Iluminada;Bom;Seca;Meio de Quadra;Não Há Controle;Comercial;0;1;1;1;0;0;0;0;0;1;0;0;-3,828008703;-38,53272391
344291;25;6;2019;21:11;0;RUA COSTA BARROS;;;1735;;Colisão Lateral;Via Iluminada;Bom;Seca;Meio de Quadra;Não Há Controle;Lazer;0;0;1;1;1;0;0;0;0;0;0;0;-3,731526;-38,507984
344292;25;6;2019;22:02;1462;RUA NUNES VALENTE;RUA JOAO CARVALHO;;;;Colisão;Mal Iluminada;Bom;Seca;Cruz;Pare;Comercial;0;1;1;1;0;0;0;0;0;1;0;0;-3,738599;-38,504491
344293;25;6;2019;17:40;0;AV CEL CARVALHO;;;2652;;Colisão;Via Iluminada;Bom;Seca;Meio de Quadra;Semáforo;Comercial;0;3;2;1;0;0;0;0;0;1;0;0;-3,725879;-38,585686
344294;25;6;2019;19:55;0;RUA MARIA AMALIA;;;343;;Colisão Lateral;Via Iluminada;Bom;Seca;Meio de Quadra;Não Há Controle;Residencial;0;0;2;0;1;0;0;0;0;0;0;0;-3,8125725;-38,521034
344295;25;6;2019;21:40;25050;AV ALBERTO CRAVEIRO;RUA GAL ROMEL;;0;;Colisão Traseira;Via Iluminada;Bom;Seca;T;Pare;Residencial;0;0;2;1;0;0;0;0;0;0;0;0;-3,798762;-38,518798
344296;25;6;2019;22:00;5135;AV TRISTAO GONCALVES;RUA SAO PAULO;;;;Colisão Transversal;Via Iluminada;Bom;Seca;Cruz;Semáforo;Comercial;0;1;1;1;0;0;0;0;0;1;0;0;-3,724419;-38,532395
344279;25;6;2019;01:02;0;AV I CJ CEARA;;;2750;;Colisão Lateral;Via Iluminada;Bom;Seca;Meio de Quadra;Não Há Controle;Residencial;0;0;2;1;0;0;0;0;0;0;0;0;-3,775008;-38,604156
344280;25;6;2019;00:45;0;RUA MAJ WEYNE;;;775;;Capotamento;Via Iluminada;Bom;Seca;Meio de Quadra;Não Há Controle;Residencial;0;0;1;1;0;0;0;0;0;0;0;0;-3,74936;-38,543662
344281;25;6;2019;07:42;3990;AV PRO GOMES DE MATOS;RUA PRO COSTA MENDES;;;;Colisão Traseira;Luz do Dia;Bom;Seca;Cruz;Semáforo;Comercial;0;1;1;1;0;0;0;0;0;1;0;0;-3,758035;-38,542936
344282;25;6;2019;07:25;0;AV DOM MANUEL;;;277;;Colisão Traseira;Luz do Dia;Bom;Seca;Meio de Quadra;Semáforo;Residencial;0;1;1;0;1;0;0;0;0;1;0;0;-3,726620914;-38,5205525
344283;25;6;2019;11:24;1716;AV GOV RAUL BARBOSA;AV GAL MURILO BORGES;;;;Colisão Transversal;Luz do Dia;Bom;Seca;Rotatória;Dê Preferência;Residencial;0;1;2;0;0;0;0;0;0;1;0;0;-3,763977;-38,508802
344284;25;6;2019;12:18;25342;AV ROGACIANO LEITE;RUA GONTRAN GIFFONI;;;;Colisão Frontal;Luz do Dia;Bom;Seca;T;Pare;Residencial;0;1;1;1;0;0;0;0;0;1;0;0;-3,765753;-38,496061
343186;25;6;2019;12:29;0;RD CE-040;;;;KM-07;Colisão;Luz do Dia;;;Meio de Quadra;;;0;0;2;1;1;0;0;0;0;0;0;0;-3,817159445;-38,48303286
343187;25;6;2019;11:50;0;RD CE-040;;;;KM-04;Colisão;Luz do Dia;;;Meio de Quadra;;;0;0;2;1;0;0;0;0;0;0;0;0;-3,791613156;-38,48033084
343188;25;6;2019;15:05;0;RD CE-040;;;;KM-01;Colisão;Luz do Dia;;;Meio de Quadra;;;0;0;2;1;0;0;1;0;0;0;0;0;-3,764650449;-38,48258304
343189;25;6;2019;20:30;0;AV SEN CARLOS JEREISSATI (AEROPORTO);;;;KM 02;Engavetamento;;;;Meio de Quadra;;;0;0;2;1;0;0;0;0;0;0;0;0;-3,782194;-38,535424
345669;25;6;2019;04:35;15370;AV SEN VIRGILIO TAVORA;AV DOM LUIS;;;;Queda;;;;Cruz;Gesto;Comercial;0;1;0;0;0;0;0;0;0;1;0;0;-3,734829;-38,492507
345670;25;6;2019;05:16;0;AV HERACLITO GRACA;;;;;Queda;Amanhecer;;;Meio de Quadra;;;0;1;0;0;0;0;0;0;0;1;0;0;;
345671;25;6;2019;05:35;22176;AV JOSE BASTOS;AV ENG HUMBERTO MONTE;;;;Queda;Amanhecer;;;Meio de Quadra;Semáforo;Comercial;0;1;0;0;0;0;0;0;0;1;0;0;-3,754966;-38,555455
345673;25;6;2019;08:14;25708;RUA ATILANO MOURA;RUA PRO JACINTO BOTELHO;;;;Colisão;Luz do Dia;;;Cruz;Pare;Residencial;0;1;1;1;0;0;0;0;0;1;0;0;-3,761244;-38,490491
345674;25;6;2019;08:15;26255;AV HIS RAIMUNDO GIRAO;RUA HIS GUARINO ALVES;;;;Colisão;Luz do Dia;;;Cruz;Pare;Residencial;0;1;1;0;0;0;0;0;0;1;0;0;-3,7203951;-38,5146138
345675;25;6;2019;08:49;0;AV CARAPINIMA;;;2004;;Queda;Luz do Dia;;;Meio de Quadra;;;0;1;0;0;0;1;0;0;0;0;0;0;-3,738446;-38,538483
345676;25;6;2019;10:06;0;AV JOSE BASTOS;;;;;Colisão;Luz do Dia;;;Meio de Quadra;;;0;1;1;1;0;0;0;0;0;1;0;0;;
345677;25;6;2019;10:18;0;AV CASTELO DE CASTRO;;;377;;Colisão;Luz do Dia;;;Meio de Quadra;;;0;1;1;1;0;0;0;0;0;1;0;0;-3,832336;-38,52153625
345679;25;6;2019;12:25;0;RUA CON DE CASTRO;;;;;Colisão;Luz do Dia;;;Meio de Quadra;;;0;1;0;0;0;0;0;0;0;0;0;0;;
345680;25;6;2019;12:38;0;RUA SAO TOMAZ DE AQUINO;;;170;;Colisão;Luz do Dia;;;Meio de Quadra;;;0;1;1;1;0;0;0;0;0;1;0;0;-3,81682;-38,52288
345681;25;6;2019;12:43;0;AV PASTEUR;;;715;;Colisão;Luz do Dia;;;Meio de Quadra;;;0;1;1;1;0;0;0;0;0;1;0;0;-3,712079;-38,55913991
345682;25;6;2019;13:16;0;RUA FRANCISCA MARIA DA CONCEICAO;;;1251;;Colisão;Luz do Dia;;;Meio de Quadra;;;0;1;1;1;0;0;0;0;0;1;0;0;-3,837223571;-38,57191857
345683;25;6;2019;13:57;19544;RUA NEREU RAMOS;RUA COSTA FREIRE;;;;Colisão;Luz do Dia;;;Cruz;Pare;Comercial;0;1;1;1;0;0;0;0;0;1;0;0;-3,782632;-38,576238
345917;25;6;2019;18:50;0;RD BR 116;;;2000;KM-02;Engavetamento;;Bom;Seca;Meio de Quadra;;;0;2;2;1;0;0;0;0;0;1;0;0;-3,771391;-38,51678
345806;25;6;2019;18:18;23342;RUA EDUARDO BEZERRA;RUA TIBURCIO CAVALCANTE;;;;Colisão;Anoitecer;;;Cruz;Pare;Residencial;0;1;1;1;0;0;0;0;0;1;0;0;-3,753329;-38,508145
345812;25;6;2019;18:38;0;RD BR 116;;;63000;KM-03;Colisão;;;;Meio de Quadra;;;0;1;1;1;0;0;0;0;0;1;0;0;-3,779838;-38,514372
345834;25;6;2019;21:39;5352;AV DOM MANUEL;RUA PINTO MADEIRA;;;;Atropelamento;;;;Cruz;Semáforo;Comercial;0;1;1;0;0;0;0;0;0;1;0;0;-3,730964;-38,521957
345828;25;6;2019;19:14;0;AV BEZERRA DE MENEZES;;;;;Atropelamento;;;;Meio de Quadra;;;0;1;1;1;0;0;0;0;0;0;0;0;;
345829;25;6;2019;19:56;0;RUA CEL ALEXANDRINO;;;486;;Colisão;;;;Meio de Quadra;;;0;1;0;0;0;0;0;0;0;0;0;0;-3,764492354;-38,55358765
345830;25;6;2019;21:04;5466;RUA METON DE ALENCAR;AV VIS RIO BRANCO;;;;Colisão;;;;;;;0;1;1;1;0;0;0;0;0;1;0;0;-3,73577;-38,524153
345804;25;6;2019;18:12;0;AV GAL OSORIO DE PAIVA;;;1449;;Colisão;Anoitecer;;;Meio de Quadra;;;0;1;1;1;0;0;0;0;0;1;0;0;-3,780589818;-38,57436973
345790;25;6;2019;17:49;0;RUA HONORATO SILVA;;;1066;;Colisão;Anoitecer;;;Meio de Quadra;;;0;1;1;1;0;0;0;0;0;1;0;0;-3,8585833;-38,4997804
345791;25;6;2019;17:55;0;RUA CEL MOZART GONDIM;;;1380;;Colisão;Anoitecer;;;Meio de Quadra;;;0;1;1;1;0;0;0;0;0;1;0;0;-3,731483;-38,559772
345793;25;6;2019;17:56;0;AV GAL OSORIO DE PAIVA;;;7460;;Queda;Anoitecer;;;Meio de Quadra;;;0;1;0;0;0;0;0;0;0;1;0;0;-3,816864011;-38,61384806
345788;25;6;2019;15:40;19442;RUA GERMANO FRANCK;AV GODOFREDO MACIEL;;;;Queda;Luz do Dia;;;;;;0;1;0;0;0;0;0;0;0;1;0;0;-3,779532;-38,564715
345786;25;6;2019;15:31;1271;RUA JOAQUIM NABUCO;RUA MARCOS MACEDO;;;;Colisão;Luz do Dia;;;Cruz;Pare;Residencial;0;1;1;1;0;0;0;0;0;1;0;0;-3,733277;-38,500645
345843;26;6;2019;08:01;0;AV OLIVEIRA PAIVA;;;;;Colisão;Luz do Dia;;;Meio de Quadra;;;0;1;1;1;0;0;0;0;0;1;0;0;;
345841;26;6;2019;06:56;0;AV GAL OSORIO DE PAIVA;;;4653;;Colisão;Luz do Dia;;;Meio de Quadra;;;0;1;0;0;0;0;0;0;0;0;0;0;-3,799804;-38,597291
345838;26;6;2019;02:21;18108;AV SANTOS DUMONT;AV DIOGUINHO;;;;Colisão;;;;Outros;Semáforo;Lazer;0;1;0;0;0;0;0;0;0;0;0;0;-3,747029;-38,450425
345839;26;6;2019;06:29;0;RUA ALM RUBIM;;;1400;;Colisão;Luz do Dia;;;Meio de Quadra;;;0;1;1;1;0;1;0;0;0;0;0;0;-3,7697143;-38,5562226
345836;26;6;2019;01:29;0;RUA MANUEL CASTELO BRANCO;;;400;;Colisão;;;;Meio de Quadra;;;0;1;0;0;0;0;0;0;0;0;0;0;-3,83195;-38,49176
345883;26;6;2019;19:24;0;RUA STA ELISA D21;;;851;;Atropelamento;;;;Meio de Quadra;;;0;1;1;0;0;0;0;0;0;1;0;0;-3,706036;-38,56077307
345881;26;6;2019;18:14;2412;AV FRANCISCO SA;RUA IRAPUA;;;;Colisão;Anoitecer;;;Cruz;Pare;Residencial;0;1;1;1;0;0;0;0;0;1;0;0;-3,706356;-38,586099
345887;26;6;2019;20:17;3822;AV CARAPINIMA;RUA PEQUENA;;;;Atropelamento;;;;Não Informado;Não Há Controle;Comercial;0;1;1;0;0;0;0;0;0;1;0;0;-3,738446;-38,538483
345885;26;6;2019;19:46;0;RUA URUCUTUBA;;;1551;;Atropelamento;;;;Meio de Quadra;;;0;1;1;0;0;0;0;0;0;1;0;0;-3,797793;-38,609672
345889;26;6;2019;22:04;0;AV GAL OSORIO DE PAIVA;;;7000;;Colisão;;;;Meio de Quadra;;;0;1;0;0;0;0;0;0;0;0;0;0;-3,814262238;-38,611327
345845;26;6;2019;08:13;0;AV DEP PAULINO ROCHA;;;;;Queda;Luz do Dia;;;Meio de Quadra;;;0;1;0;0;0;0;0;0;0;1;0;0;;
345847;26;6;2019;10:27;0;RUA JULIO BRAGA;;;1171;;Atropelamento;Luz do Dia;;;Meio de Quadra;;;0;1;1;0;0;0;0;0;0;1;0;0;-3,7752246;-38,5819518
345849;26;6;2019;11:56;0;AV I CJ JOSE WALTER;;;1225;;Atropelamento;Luz do Dia;;;Meio de Quadra;;;0;1;1;0;0;0;0;0;0;0;0;0;-3,835841;-38,553967
345850;26;6;2019;12:42;0;RUA FRANCISCO BENTO;;;675;;Colisão;Luz do Dia;;;Meio de Quadra;;;0;1;1;0;0;0;0;0;0;1;0;0;-3,8130527;-38,5719397
345851;26;6;2019;12:52;0;RUA VALPARAISO;;;1032;;Colisão;Luz do Dia;;;Meio de Quadra;;;0;1;0;0;0;0;0;0;0;0;0;0;-3,842195837;-38,52825466
345870;26;6;2019;16:00;0;AV ENG HUMBERTO MONTE;;;;;Colisão;Luz do Dia;;;Meio de Quadra;;;0;1;0;0;0;0;0;0;0;0;0;0;;
345871;26;6;2019;17:11;0;AV MACIEL BEZERRA;;;1968;;Atropelamento;Anoitecer;;;Meio de Quadra;;;0;1;1;0;0;0;0;0;0;1;0;0;-3,807;-38,62988
345874;26;6;2019;17:30;0;RUA CABO VERDE;;;353;;Queda;Anoitecer;;;Meio de Quadra;;;0;1;0;0;0;1;0;0;0;0;0;0;-3,849394184;-38,52161041
345875;26;6;2019;17:54;0;AV WASHINGTON SOARES;;;11140;;Colisão;Anoitecer;;;Meio de Quadra;;;0;1;1;1;0;0;0;0;0;1;0;0;-3,845516;-38,479545
345863;26;6;2019;13:08;0;AV GAL OSORIO DE PAIVA;;;2046;;Queda;Luz do Dia;;;Meio de Quadra;;;0;1;0;0;0;1;0;0;0;0;0;0;-3,78448;-38,580471
345363;26;6;2019;10:40;0;RD BR 020;;;;KM 426;Colisão Lateral;Luz do Dia;Bom;Seca;Meio de Quadra;;;0;1;1;1;0;0;1;0;0;0;0;0;-3,863;-38,524
343190;26;6;2019;10:20;0;RD CE-040;;;;KM-03;Colisão;Luz do Dia;;;Meio de Quadra;;;0;0;2;1;0;0;0;0;0;0;0;0;-3,782614325;-38,4810839
344297;26;6;2019;09:11;0;AV CENTRAL;;;105;;Colisão Lateral;Luz do Dia;Bom;Seca;Meio de Quadra;Não Há Controle;Comercial;0;0;2;0;1;0;0;0;0;0;0;0;-3,749768;-38,47132
344298;26;6;2019;10:36;12925;AV AGUANAMBI;AV DOMINGOS OLIMPIO;;;;Colisão Traseira;Luz do Dia;Bom;Seca;Cruz;Semáforo;Comercial;0;0;2;1;0;0;0;0;0;0;0;0;-3,738683;-38,524628
344300;26;6;2019;15:00;3176;RUA SOBREIRA FILHO;RUA THOMPSON GONCALVES;;0;;Não Informado;Luz do Dia;Bom;Seca;Cruz;Pare;Residencial;0;2;1;1;0;0;0;0;0;1;0;0;-3,779487;-38,581922
344301;26;6;2019;18:58;15743;RUA HERBENE;RUA MANUEL ARRUDA;;;;Colisão;Via Iluminada;Bom;Seca;Cruz;Pare;Comercial;0;1;1;0;0;0;1;0;0;1;0;0;-3,828948;-38,504019
344302;26;6;2019;21:10;0;AV ANTONIO SALES;RUA JOSE VILAR;;0;;Colisão Traseira;Via Iluminada;Bom;Seca;Cruz;Semáforo;Comercial;0;0;2;1;0;0;0;0;0;0;0;0;-3,7439379;-38,5073167
348523;26;6;2019;07:45;5333;RUA PRC ISABEL;RUA GAL CLARINDO DE QUEIROZ;;;;Colisão Transversal;Luz do Dia;Bom;Seca;Cruz;Pare;Comercial;0;1;1;1;0;0;0;0;0;1;0;0;-3,730592;-38,536711
347020;26;6;2019;14:00;0;RUA 303 CJ CEARA;;;85;;Colisão;Luz do Dia;;;Meio de Quadra;;;0;0;2;1;0;0;0;0;0;0;0;0;-3,774921111;-38,61331619
347021;26;6;2019;18:20;10766;AV SEN FERNANDES TAVORA;RUA NOEL ROSA;;;;Colisão;Anoitecer;;;T;Não Há Controle;Comercial;0;0;2;0;1;0;0;0;0;0;0;0;-3,761784;-38,582924