COD_ACIDENTE;DIA;MES;ANO;HORA;INTERSECAO;LOG1;LOG2;LOG3;NUMERO;REFERENCIA;NATUREZA;ILUMINACAO;TEMPO;SUPERFICIEPISTA;TIPOCRUZAMENTO;CONTROLETRAFEGO;USOSOLO;MORTOS;FERIDOS;ILESOS;AUTOMOVEL;ONIBUS;BICICLETA;CAMINHAO;MICROONIBUS;CICLOMOTOR;MOTOCICLETA;TRACAOANIMAL;TREM;LATITUDE;LONGITUDE
347033;27;6;2019;12:11;0;AV DR SILAS MUNGUBA;;;4956;;Colisão;Luz do Dia;;;Meio de Quadra;;;0;0;2;1;0;0;0;0;0;0;0;0;;
347034;27;6;2019;14:55;356;RUA FRANCISCA CLOTILDE;RUA GUSTAVO BRAGA;;;;Colisão;Luz do Dia;;;Cruz;Pare;Residencial;0;0;2;0;0;0;0;0;0;0;0;0;-3,747141;-38,556863
344303;27;6;2019;03:59;12622;RUA COS LAFAYETE;RUA SEMPREVIVA;;;;Choque c/ Obstáculo Fixo;Via Iluminada;Bom;Seca;T;Pare;Comercial;0;1;0;1;0;0;0;0;0;0;0;0;-3,718123;-38,581341
344304;27;6;2019;10:10;26182;RUA CARNAUBAS;RUA MANDACARUS D68;;;;Colisão Transversal;Luz do Dia;Bom;Seca;Cruz;Pare;Residencial;0;1;1;0;1;0;0;0;0;1;0;0;-3,8088093;-38,5355685
344305;27;6;2019;18:40;0;AV BENJAMIM BRASIL;;;1300;;Colisão Lateral;Via Iluminada;Bom;Seca;Meio de Quadra;Pare;Residencial;0;0;2;1;0;0;0;0;0;1;0;0;-3,805956;-38,563675
344306;27;6;2019;20:28;7634;AV CARNEIRO DE MENDONCA;RUA MINAS GERAIS;;;;Atropelamento;Via Iluminada;Bom;Seca;Cruz;Pare;Comercial;0;2;0;0;0;0;0;0;0;1;0;0;-3,762798;-38,5692
343191;27;6;2019;16:40;0;RD CE-040;;;;KM-03;Colisão;Luz do Dia;;;Meio de Quadra;;;0;0;2;1;0;0;0;0;0;0;0;0;-3,782614325;-38,4810839
343127;27;6;2019;06:30;14453;RUA DEMOCRITO ROCHA;RUA CONRADO CABRAL;;;;Colisão Lateral;Luz do Dia;Bom;Seca;Cruz;Pare;Residencial;0;1;1;0;0;0;0;0;0;1;0;0;-3,726347;-38,549061
343128;27;6;2019;13:45;17287;AV PRO GOMES DE MATOS;RUA VASCO DA GAMA;;;;Colisão Transversal;Luz do Dia;Bom;Seca;Cruz;Pare;Comercial;0;0;2;1;0;0;0;0;0;0;0;0;-3,763166;-38,547335
343129;27;6;2019;10:40;0;RUA BAR RIO BRANCO;;;2185;;Colisão Traseira;Luz do Dia;Bom;Seca;Meio de Quadra;Outros;Comercial;0;1;1;1;0;0;0;0;0;1;0;0;-3,737258368;-38,53169589
343130;27;6;2019;17:28;15820;AV JOR THOMAZ COELHO;RUA GRANJA CASTELO;;;;Colisão Transversal;Anoitecer;Bom;Seca;T;Não Há Controle;Comercial;0;1;1;1;1;0;0;0;0;0;0;0;-3,832383;-38,500218
345189;27;6;2019;17:07;0;AV CENTRAL ALA LESTE;;;219;;Queda;Anoitecer;;;Meio de Quadra;;;0;1;0;0;0;1;0;0;0;0;0;0;-3,750545923;-38,47146692
345890;27;6;2019;00:52;0;RUA CARLOS CAMARA;;;1978;;Queda;;;;Meio de Quadra;;;0;1;0;0;0;0;0;0;0;1;0;0;-3,752142033;-38,54771313
345928;27;6;2019;07:02;0;AV GAL OSORIO DE PAIVA;;;8110;;Colisão;Luz do Dia;;;Meio de Quadra;;;0;1;1;1;0;0;0;0;0;1;0;0;-3,821695727;-38,61852889
345929;27;6;2019;07:32;0;RD BR 116;;;12000;KM-12;Colisão;Luz do Dia;;;Meio de Quadra;;;0;1;1;1;0;0;0;0;0;1;0;0;-3,85574;-38,496066
345931;27;6;2019;09:42;0;AV DIOGUINHO;;;;;Colisão;Luz do Dia;;;Meio de Quadra;;;0;1;1;1;0;0;0;0;0;1;0;0;;
345934;27;6;2019;10:36;10909;RUA PORTO VELHO;RUA BRI TORRES;;;;Colisão;Luz do Dia;;;Cruz;Não Há Controle;Rural;0;1;1;1;0;0;0;0;0;1;0;0;-3,768875;-38,581592
345943;27;6;2019;07:40;0;RD BR 116;;;12000;KM-12;Colisão Lateral;Luz do Dia;Bom;Seca;Meio de Quadra;;;0;3;0;0;0;0;0;0;0;1;0;0;-3,85574;-38,496066
345999;27;6;2019;22:59;0;RUA FAUSTO AGUIAR;;;980;;Queda;Anoitecer;;;Meio de Quadra;;;0;1;0;0;0;1;0;0;0;0;0;0;-3,81443;-38,49209
346000;27;6;2019;17:53;0;RUA CARLOS MAGNO;;;116;;Queda;Anoitecer;;;Meio de Quadra;;;0;1;0;0;0;1;0;0;0;0;0;0;-3,815029143;-38,58625207
346001;27;6;2019;18:10;2356;RUA SEN ROBERT KENNEDY;RUA ESTEVAO DE CAMPOS;;;;Colisão;Anoitecer;;;Cruz;Pare;Residencial;0;1;1;1;0;0;0;0;0;1;0;0;-3,705131;-38,579516
345993;27;6;2019;16:57;0;AV BENJAMIM BRASIL;;;1330;;Atropelamento;Luz do Dia;;;Meio de Quadra;;;0;1;1;0;0;0;0;0;0;1;0;0;-3,806037;-38,5634362
345994;27;6;2019;17:07;0;AV ENG LEAL LIMA VERDE (SAPIRANGA/COITE);;;2505;;Colisão;Anoitecer;;;Meio de Quadra;;;0;1;0;0;0;0;0;0;0;0;0;0;-3,811237596;-38,47436335
345995;27;6;2019;17:24;9240;RUA DEP OSWALDO STUDART;RUA MARIO MAMEDE;;;;Colisão;Anoitecer;;;Duplo T;Semáforo;Escola;0;1;1;1;0;0;0;0;0;1;0;0;-3,752752;-38,527367
345986;27;6;2019;15:57;15604;RUA CEL JOAO OLIVEIRA;RUA DOM SILVERIO D60;;;;Colisão;Luz do Dia;;;;;;0;1;0;0;0;0;0;0;0;0;0;0;-3,82357;-38,482154
345987;27;6;2019;16:21;0;RUA CAP GUSTAVO;;;3465;;Colisão;Luz do Dia;;;Meio de Quadra;;;0;1;1;1;0;0;0;0;0;1;0;0;-3,751655167;-38,51741894
345988;27;6;2019;17:07;8949;AV BEZERRA DE MENEZES;RUA JUSTINIANO DE SERPA;;;;Atropelamento;Anoitecer;;;Cruz;Semáforo;Comercial;0;1;1;1;0;0;0;0;0;0;0;0;-3,731156;-38,542857
345989;27;6;2019;16:52;5466;RUA ROCHA LIMA;AV VIS RIO BRANCO;;;;Colisão;Luz do Dia;;;;;;0;1;1;1;0;0;0;0;0;1;0;0;-3,73577;-38,524153
345983;27;6;2019;15:12;5399;AV VIS RIO BRANCO;RUA PEDRO I;;;;Colisão;Luz do Dia;;;Cruz;Semáforo;Comercial;0;1;1;1;0;0;0;0;0;0;0;0;-3,732458;-38,524814
345962;27;6;2019;11:11;0;AV WENEFRIDO MELO;;;;;Colisão;Luz do Dia;;;Meio de Quadra;;;0;1;0;0;0;0;0;0;0;0;0;0;;
345976;27;6;2019;13:30;2412;AV FRANCISCO SA;RUA IRAPUA;;;;Colisão;Luz do Dia;;;Cruz;Pare;Residencial;0;1;1;1;0;0;0;0;0;1;0;0;-3,706356;-38,586099
345979;27;6;2019;13:52;0;RUA VALDETARIO MOTA;;;481;;Colisão;Luz do Dia;;;Meio de Quadra;;;0;1;1;1;0;0;0;0;0;1;0;0;-3,7341015;-38,4789058
345980;27;6;2019;14:16;9019;RUA BAR ARATANHA;RUA SALDANHA MARINHO;;;;Colisão;Luz do Dia;;;Cruz;Semáforo;Comercial;0;1;1;1;0;0;0;0;0;1;0;0;-3,74282;-38,529697
346005;27;6;2019;21:53;0;AV PRS CASTELO BRANCO;;;592;;Queda;;;;Meio de Quadra;;;0;1;0;0;0;1;0;0;0;0;0;0;-3,6999914;-38,5875706
346006;27;6;2019;22:08;0;AV PRS COSTA E SILVA;;;;;Colisão;;;;Meio de Quadra;;;0;1;1;0;0;0;0;0;0;1;0;0;;
346007;28;6;2019;00:17;0;AV ROGACIANO LEITE;;;1815;;Atropelamento;;;;Meio de Quadra;;;0;1;0;0;0;0;0;0;0;0;0;0;-3,770557;-38,498065
346008;28;6;2019;05:35;0;AV FRANCISCO SA;;;5036;;Colisão;Amanhecer;;;Meio de Quadra;;;0;1;1;1;0;0;0;0;0;1;0;0;-3,7131925;-38,569705
346009;28;6;2019;07:57;0;RUA CEL VIRGILIO NOGUEIRA (BOM JARDIM);;;2000;;Colisão;Luz do Dia;;;Meio de Quadra;;;0;1;0;0;0;0;0;0;0;0;0;0;-3,7996297;-38,6117114
346010;28;6;2019;09:34;0;AV ZEZE DIOGO;;;4400;;Colisão;Luz do Dia;;;Meio de Quadra;;;0;1;1;1;0;0;0;0;0;1;0;0;-3,7440795;-38,4507635
346011;28;6;2019;09:35;0;AV DIOGUINHO;;;;;Colisão;Luz do Dia;;;Meio de Quadra;;;0;1;1;1;0;0;0;0;0;1;0;0;;
346012;28;6;2019;09:47;0;RUA G CJ VILA VELHA;;;9;;Queda;Luz do Dia;;;Meio de Quadra;;;0;1;0;0;0;1;0;0;0;0;0;0;-3,7164966;-38,6015946
346013;28;6;2019;10:26;0;RUA JOAQUIM FELICIO;;;325;;Atropelamento;Luz do Dia;;;Meio de Quadra;;;0;1;1;0;0;0;0;0;0;1;0;0;-3,830017;-38,492095
346014;28;6;2019;10:49;5356;AV DUQ CAXIAS;RUA GAL SAMPAIO;;;;Colisão;Luz do Dia;;;Cruz;Semáforo;Comercial;0;1;1;1;0;0;0;0;0;1;0;0;-3,731096;-38,532029
346016;28;6;2019;10:50;6564;AV H CJ CEARA;AV G CJ CEARA;;;;Queda;Luz do Dia;;;T;Pare;Misto;0;1;0;0;0;0;0;0;0;1;0;0;;
346017;28;6;2019;11:41;1289;RUA SILVA PAULET;AV SANTOS DUMONT;;;;Colisão;Luz do Dia;;;Cruz;Pare;Comercial;0;1;1;1;0;1;0;0;0;0;0;0;-3,733985;-38,505258
346018;28;6;2019;12:12;0;RUA JOSE SOMBRA;;;243;;Colisão;Luz do Dia;;;Meio de Quadra;;;0;1;1;1;0;0;0;0;0;1;0;0;-3,734252385;-38,54706123
346019;28;6;2019;13:05;0;TR SAO RAIMUNDO D21;;;548;;Queda;Luz do Dia;;;Meio de Quadra;;;0;1;0;0;0;0;0;0;0;1;0;0;-3,8055;-38,58907
346020;28;6;2019;14:25;0;RUA DIOGO CORREIA;;;532;;Queda;Luz do Dia;;;Meio de Quadra;;;0;1;0;0;0;1;0;0;0;0;0;0;-3,7704382;-38,5903859
346029;28;6;2019;14:55;25131;AV AUGUSTO DOS ANJOS;RUA PLANALTINA (BONSUCESSO);;;;Colisão;Luz do Dia;;;T;Pare;Comercial;0;1;1;1;0;0;0;0;0;1;0;0;-3,786544;-38,584454
346030;28;6;2019;15:06;0;AV GOV RAUL BARBOSA;;;;;Colisão;Luz do Dia;;;Meio de Quadra;;;0;1;1;0;0;0;0;0;0;1;0;0;;
346027;28;6;2019;14:51;1716;AV GAL MURILO BORGES;AV GOV RAUL BARBOSA;;;;Colisão;Luz do Dia;;;Rotatória;Dê Preferência;Residencial;0;1;1;0;0;0;0;0;0;1;0;0;-3,763977;-38,508802
345944;28;6;2019;18:45;0;RD BR 222;;;;KM-01;Atropelamento;;Bom;Seca;Meio de Quadra;;;0;2;0;0;0;0;0;0;0;1;0;0;-3,737698444;-38,57814693
345955;28;6;2019;07:20;0;RD BR 116;;;2000;KM-02;Colisão Traseira;Luz do Dia;Bom;Seca;Meio de Quadra;;;0;1;1;1;0;0;0;0;0;1;0;0;-3,771391;-38,51678
346138;28;6;2019;15:39;0;RUA DR PEDRO ROCHA;;;999;;Colisão;Luz do Dia;;;Meio de Quadra;;;0;1;1;0;0;0;1;0;0;1;0;0;;
346139;28;6;2019;17:00;1472;RUA TIBURCIO CAVALCANTE;AV PDE ANTONIO TOMAS;;;;Colisão;Anoitecer;;;Cruz;Semáforo;Comercial;0;1;1;1;0;0;0;0;0;1;0;0;-3,73895;-38,503547
346140;28;6;2019;17:02;0;RUA PRO VIRGILIO DE MORAIS;;;314;;Colisão;Anoitecer;;;Meio de Quadra;;;0;1;1;0;0;0;0;0;0;1;0;0;-3,751220222;-38,59665093
346141;28;6;2019;17:34;0;AV ALBERTO CRAVEIRO;;;516;;Colisão;Anoitecer;;;Meio de Quadra;;;0;1;1;1;0;0;0;0;0;1;0;0;-3,78306572;-38,51666262
346142;28;6;2019;17:43;0;RUA COS LAFAYETE;;;1058;;Colisão;Anoitecer;;;Meio de Quadra;;;0;1;1;1;0;0;0;0;0;1;0;0;-3,717528258;-38,5877499
346143;28;6;2019;17:54;17378;RUA ROMEU MARTINS;RUA ALBERTO MAGNO;;;;Colisão;Anoitecer;;;Cruz;Pare;Comercial;0;1;1;0;0;0;0;0;0;1;0;0;-3,766914;-38,551758
346144;28;6;2019;18:50;0;RUA RIO PARAGUAI;;;660;;Queda;;;;Meio de Quadra;;;0;1;0;0;0;1;0;0;0;0;0;0;-3,72413;-38,58414
346145;28;6;2019;19:39;0;RUA VITORIA;;;927;;Colisão;;;;Meio de Quadra;;;0;1;1;1;0;0;0;0;0;1;0;0;-3,7673157;-38,5896692
346146;28;6;2019;20:05;22710;RUA EUCLIDES O DE SOUSA;RUA ANTONIO GENTIL;;;;Queda;;;;Cruz;;Residencial;0;1;0;0;0;0;0;0;0;1;0;0;-3,797228;-38,467913
346147;28;6;2019;21:23;0;AV GODOFREDO MACIEL;;;6340;;Atropelamento;;;;Meio de Quadra;;;0;1;1;0;0;0;0;0;0;1;0;0;-3,831207;-38,581028
346148;28;6;2019;23:25;0;RUA AMOR PERFEITO;;;37;;Queda;;;;Meio de Quadra;;;0;1;0;0;0;1;0;0;0;0;0;0;-3,71446;-38,5823
343148;28;6;2019;14:37;245;RUA DOM LINO;RUA GAL BERNARDO FIGUEIREDO;;;;Colisão Lateral;Luz do Dia;Bom;Seca;Cruz;Pare;Residencial;0;1;1;1;0;0;0;0;0;1;0;0;-3,740582;-38,556267
343149;28;6;2019;21:30;11644;RUA PRO HERIBALDO COSTA;RUA CHUI;;;;Colisão Lateral;Via Iluminada;Bom;Seca;Cruz;Não Há Controle;Residencial;0;1;1;1;0;0;0;0;0;1;0;0;-3,768978;-38,588544
343150;28;6;2019;17:44;0;AV JOR THOMAZ COELHO;;;1326;;Colisão Traseira;Via Iluminada;Bom;Seca;Meio de Quadra;Semáforo;Comercial;0;0;2;0;0;0;0;0;0;0;0;0;-3,830289;-38,50762
343192;28;6;2019;18:00;0;RD CE-040;;;;KM-03;Colisão;Anoitecer;;;Meio de Quadra;;;0;1;1;1;0;0;0;0;0;1;0;0;-3,782614325;-38,4810839
344307;28;6;2019;01:13;15200;RUA CARLOS VASCONCELOS;RUA DEP MOREIRA DA ROCHA;;;;Colisão Transversal;Via Iluminada;Nublado;Molhada;Cruz;Semáforo;Comercial;0;1;1;1;0;0;0;0;0;1;0;0;-3,72656;-38,508724
344308;28;6;2019;08:18;0;AV FRANCISCO SA;;;4474;;Colisão Transversal;Luz do Dia;Bom;Seca;Meio de Quadra;Semáforo;Comercial;0;0;2;1;1;0;0;0;0;0;0;0;-3,714925723;-38,5647077
344309;28;6;2019;08:30;1312;RUA LEONARDO MOTA;AV DOM LUIS;;;;Colisão Lateral;Luz do Dia;Bom;Seca;Cruz;Semáforo;Comercial;0;2;1;1;0;0;0;0;0;1;0;0;-3,733872;-38,495445
344310;28;6;2019;12:04;0;AV BAR STUDART;;;2360;;Não Informado;Luz do Dia;Bom;Seca;Meio de Quadra;Não Há Controle;Comercial;0;1;1;0;1;0;0;0;0;1;0;0;-3,744367658;-38,5097185
344311;28;6;2019;14:02;1473;RUA SILVA PAULET;RUA CATAO MAMEDE;;;;Colisão Lateral;Luz do Dia;Bom;Seca;Cruz;Pare;Escola;0;0;2;1;0;0;0;0;0;0;0;0;-3,738908;-38,506862
344312;28;6;2019;20:00;18498;AV GOV PARSIFAL BARROSO;RUA MARIA MIRIAN F  DE SOUZA;;0;;Colisão Lateral;Via Iluminada;Bom;Seca;T;Semáforo;Residencial;0;0;2;1;0;0;0;0;0;1;0;0;-3,733515;-38,568958
344332;28;6;2019;13:15;26286;RUA PEDRO LAZAR;AV ENG AGRONOMO JOSE GUIMARAES DUQUE;;0;;Colisão Transversal;Luz do Dia;Bom;Seca;Cruz;Pare;Residencial;0;1;1;1;0;0;0;0;0;1;0;0;-3,8048829;-38,4883906
344313;29;6;2019;04:01;0;AV VICENTE DE CASTRO;;;4999;;Choque c/ Obstáculo Fixo;Via Iluminada;Bom;Seca;Meio de Quadra;Não Há Controle;Comercial;0;1;0;0;0;0;0;0;0;1;0;0;-3,71889;-38,47505
344314;29;6;2019;04:30;0;AV DEP PAULINO ROCHA;;;77;;Choque c/ Obstáculo Fixo;Via Iluminada;Bom;Seca;Meio de Quadra;Não Há Controle;Comercial;0;1;0;0;0;0;0;0;0;0;0;0;-3,802389;-38,507614
344315;29;6;2019;10:00;0;AV JOSE BASTOS;;;0;;Colisão Traseira;Luz do Dia;Bom;Seca;Meio de Quadra;Não Há Controle;Comercial;0;1;1;1;0;0;0;0;0;0;0;0;;
344316;29;6;2019;11:06;22651;RUA SANDRA GENTIL;AV COS GOMES DE FREITAS (SAPIRANGA/COITE);;;;Colisão Lateral;Luz do Dia;Bom;Seca;Cruz;Pare;Residencial;0;1;2;1;0;0;0;0;0;1;0;0;-3,794777;-38,468962
344317;29;6;2019;11:17;5372;RUA PINTO MADEIRA;RUA DNA LEOPOLDINA;;;;Colisão Transversal;Luz do Dia;Bom;Seca;Cruz;Semáforo;Comercial;0;1;1;1;0;0;0;0;0;1;0;0;-3,73165;-38,519664
344318;29;6;2019;14:00;0;AV GAL OSORIO DE PAIVA;;;5750;;Atropelamento;Luz do Dia;Bom;Seca;Meio de Quadra;Não Há Controle;Comercial;0;2;0;0;0;0;0;0;0;1;0;0;-3,8068395;-38,60413525
344319;29;6;2019;16:21;0;AV DOM MANUEL;;;655;;Atropelamento;Luz do Dia;Bom;Seca;Meio de Quadra;Semáforo;Comercial;0;2;1;1;0;0;0;0;0;1;0;0;-3,730031;-38,521658
344321;29;6;2019;17:56;0;AV EDUARDO GIRAO;RUA JORGE DUMAR;;0;;Colisão Traseira;Luz do Dia;Bom;Seca;Cruz;Semáforo;Comercial;0;0;2;1;0;0;0;0;0;0;0;0;-3,749691;-38,538695
343193;29;6;2019;08:20;0;AV SEN CARLOS JEREISSATI (AEROPORTO);;;;KM 04;Colisão;Luz do Dia;;;Meio de Quadra;;;0;1;1;1;0;0;0;0;0;1;0;0;-3,77402;-38,550907
343194;29;6;2019;10:30;0;RD CE-040;;;;KM-10;Colisão Frontal;Luz do Dia;;;Meio de Quadra;;;0;0;2;1;0;0;1;0;0;0;0;0;-3,84257666;-38,48088284
343151;29;6;2019;00:40;15289;AV DES MOREIRA;RUA ANA BILHAR;;;;Colisão Lateral;Via Iluminada;Bom;Seca;Cruz;Semáforo;Residencial;0;0;2;1;0;0;0;0;0;0;0;0;-3,729331;-38,496113
343152;29;6;2019;12:30;13563;AV SORIANO ALBUQUERQUE;RUA DR JOSE LOURENCO;;;;Colisão Lateral;Luz do Dia;Bom;Seca;Cruz;Pare;Residencial;0;1;2;1;0;0;0;0;0;0;0;0;-3,74983;-38,512631
347039;29;6;2019;08:00;0;AV FILOMENO GOMES;;;;;Colisão;Luz do Dia;;;Meio de Quadra;;;0;0;2;0;0;0;0;0;0;0;0;0;;
346151;29;6;2019;03:52;0;RUA JOSE TORRES;;;924;;Colisão;;;;Meio de Quadra;;;0;1;1;0;0;0;0;0;0;1;0;0;-3,779069867;-38,60702004
346164;29;6;2019;09:40;1716;AV GAL MURILO BORGES;AV GOV RAUL BARBOSA;;;;Colisão;Luz do Dia;;;Rotatória;Dê Preferência;Residencial;0;1;1;0;0;0;0;0;0;1;0;0;-3,763977;-38,508802
346160;29;6;2019;09:24;0;AV ALBERTO CRAVEIRO;;;2441;;Colisão;Luz do Dia;;;Meio de Quadra;;;0;1;1;1;0;0;0;0;0;1;0;0;-3,8013914;-38,5202365
346234;29;6;2019;18:05;0;RUA PERNAMBUCO;;;2121;;Colisão;Anoitecer;;;Meio de Quadra;;;0;1;1;1;0;0;0;0;0;1;0;0;-3,7544839;-38,5752367
346235;29;6;2019;18:15;0;AV PRS CASTELO BRANCO;;;;;Atropelamento;Anoitecer;;;Meio de Quadra;;;0;1;1;0;0;0;0;0;0;1;0;0;;
346240;29;6;2019;18:41;0;RUA JOSE TORRES;;;1166;;Colisão;;;;Meio de Quadra;;;0;1;1;1;0;0;0;0;0;1;0;0;-3,781319;-38,607648
346241;29;6;2019;18:54;0;AV SGT HERMINIO SAMPAIO;;;2525;;Atropelamento;;;;Meio de Quadra;;;0;1;1;0;0;0;0;0;0;1;0;0;-3,7268907;-38,5634596
346242;29;6;2019;18:55;0;RUA CEL VIRGILIO NOGUEIRA (BOM JARDIM);;;281;;Colisão;;;;Meio de Quadra;;;0;1;0;0;0;0;0;0;0;0;0;0;-3,78563;-38,60773
346243;29;6;2019;19:01;11570;RUA BEIJA FLOR;RUA FRE CANECA;;;;Colisão;;;;;;;0;1;1;1;0;1;0;0;0;0;0;0;-3,786141;-38,507194
346244;29;6;2019;19:10;0;RUA NELSON COELHO;;;70;;Colisão;;;;Meio de Quadra;;;0;1;0;0;0;0;0;0;0;0;0;0;-3,826139;-38,464629
346245;29;6;2019;19:13;0;AV GODOFREDO MACIEL;;;2545;;Queda;;;;Meio de Quadra;;;0;1;0;0;0;1;0;0;0;0;0;0;-3,797817;-38,570334
346246;29;6;2019;19:59;0;RUA INACIO PARENTE;;;400;;Colisão;;;;Meio de Quadra;;;0;1;1;0;0;0;0;0;0;1;0;0;-3,781302596;-38,54597136
346247;29;6;2019;20:15;0;RUA RAIMUNDO NERY;;;363;;Colisão;;;;Meio de Quadra;;;0;1;1;1;0;0;0;0;0;1;0;0;-3,794803286;-38,58615157
346248;29;6;2019;20:21;0;AV JOSE BASTOS;;;5569;;Atropelamento;;;;Meio de Quadra;;;0;1;1;0;0;0;0;0;0;1;0;0;-3,760480529;-38,56442332
346249;29;6;2019;20:44;0;AV AMERICO BARREIRA;;;5614;;Atropelamento;;;;Meio de Quadra;;;0;1;1;1;0;0;0;0;0;0;0;0;-3,76085;-38,56475
346174;29;6;2019;12:50;0;AV CARAPINIMA;;;2415;;Colisão;Luz do Dia;;;Meio de Quadra;;;0;1;1;1;0;0;0;0;0;1;0;0;-3,740639235;-38,54087518
346176;29;6;2019;13:36;0;AV FRANCISCO SA;;;3787;;Atropelamento;Luz do Dia;;;Meio de Quadra;;;0;1;1;0;0;0;0;0;0;1;0;0;-3,716941646;-38,55873102
346177;29;6;2019;14:01;0;RUA CAP HUGO BEZERRA;;;926;;Atropelamento;Luz do Dia;;;Meio de Quadra;;;0;1;1;0;0;0;0;0;0;1;0;0;-3,82056;-38,51139
346178;29;6;2019;14:44;0;AV PRS CASTELO BRANCO;;;77;;Queda;Luz do Dia;;;Meio de Quadra;;;0;1;0;0;0;0;0;0;0;1;0;0;-3,6998574;-38,5879152
346179;29;6;2019;15:16;0;AV ROGACIANO LEITE;;;2908;;Colisão;Luz do Dia;;;Meio de Quadra;;;0;1;1;0;0;0;0;0;0;1;0;0;-3,784399;-38,502681
346180;29;6;2019;16:38;1716;AV GOV RAUL BARBOSA;AV GAL MURILO BORGES;;;;Colisão;Luz do Dia;;;Rotatória;Dê Preferência;Residencial;0;1;1;1;0;0;0;0;0;1;0;0;-3,763977;-38,508802
346181;29;6;2019;17:47;9131;RUA BAR ARATANHA;AV 13 DE MAIO;;;;Colisão;Anoitecer;;;;;;0;1;1;1;0;0;0;0;0;1;0;0;-3,747615;-38,531331
346182;29;6;2019;17:48;0;AV DR SILAS MUNGUBA;;;;;Queda;Anoitecer;;;Meio de Quadra;;;0;1;0;0;0;0;0;0;0;1;0;0;;
346168;29;6;2019;10:42;0;RUA 12 CJ PEQ MONDUBIM;;;328;;Queda;Luz do Dia;;;Meio de Quadra;;;0;1;0;0;0;0;0;0;0;1;0;0;-3,8403593;-38,5936
346169;29;6;2019;11:16;18498;AV GOV PARSIFAL BARROSO;RUA MARIA MIRIAN F  DE SOUZA;;;;Colisão;Luz do Dia;;;T;Semáforo;Residencial;0;1;1;1;0;0;0;0;0;1;0;0;-3,733515;-38,568958
346171;29;6;2019;12:20;0;RUA DEP MATOSO FILHO;;;198;;Colisão;Luz do Dia;;;Meio de Quadra;;;0;1;1;1;0;0;0;0;0;1;0;0;-3,730729;-38,586603
346172;29;6;2019;12:37;0;RUA PEDRO MARTINS;;;4800;;Colisão;Luz do Dia;;;Meio de Quadra;;;0;1;1;1;0;0;0;0;0;1;0;0;;
346153;29;6;2019;04:26;0;AV RAD JOSE LIMA VERDE;;;1017;;Colisão;;;;Meio de Quadra;;;0;1;0;0;0;0;0;0;0;0;0;0;-3,701159848;-38,58927455
346154;29;6;2019;08:01;0;AV CASTELO DE CASTRO;;;2100;;Colisão;Luz do Dia;;;Meio de Quadra;;;0;1;1;1;0;0;0;0;0;1;0;0;-3,84477;-38,52153
345940;29;6;2019;18:45;0;RD BR 116;;;6000;KM-06;Atropelamento;;Bom;Seca;Meio de Quadra;;;0;2;0;0;0;0;0;0;0;1;0;0;-3,804691;-38,503053
345941;29;6;2019;20:50;0;RD BR 116;;;5000;KM-05;Atropelamento;;Bom;Seca;Meio de Quadra;;;1;0;1;1;0;0;0;0;0;0;0;0;-3,796502;-38,506787
345922;29;6;2019;08:50;0;RD BR 116;;;13000;KM-13;Tombamento;Luz do Dia;Bom;Seca;Meio de Quadra;;;0;2;0;0;0;0;0;0;0;1;0;0;-3,86467;-38,497727
352880;29;6;2019;21:30;0;RUA RUI MONTE;;;;;Colisão;;;;Meio de Quadra;;;1;1;0;0;0;0;0;0;0;1;0;0;-3,743141;-38,587299
345942;30;6;2019;05:45;0;RD BR 116;;;12000;KM-12;Colisão;Amanhecer;Bom;Seca;Meio de Quadra;;;0;2;1;1;0;0;0;0;0;1;0;0;-3,85574;-38,496066
347041;30;6;2019;05:00;3895;RUA PDE CICERO;AV EDUARDO GIRAO;;;;Colisão;Amanhecer;;;;;;0;0;2;1;0;0;0;0;0;0;0;0;-3,74728;-38,541834
347042;30;6;2019;20:30;0;RUA VITORIA (AV. PERIMETRAL);;;1521;;Colisão;;;;Meio de Quadra;;;0;0;2;0;0;0;0;0;0;0;0;0;-3,765580635;-38,58875003
347043;30;6;2019;22:45;0;AV CEL CARVALHO;;;210;TERMINAL ANTONIO BEZERRA;Colisão;;;;Meio de Quadra;;;0;0;2;1;0;0;0;0;0;0;0;0;-3,70473858;-38,59122269
343153;30;6;2019;07:40;5381;RUA METON DE ALENCAR;AV IMPERADOR;;;;Atropelamento;Luz do Dia;Bom;Seca;Cruz;Semáforo Intermitente;Comercial;0;1;1;1;0;0;0;0;0;0;0;0;-3,731966;-38,535869
343154;30;6;2019;09:30;16714;RUA JOAQUIM CORREIA;RUA SAO FRANCISCO DE ASSIS;;;;Choque c/ Obstáculo Fixo;Luz do Dia;Bom;Material Derrapante;Cruz;Não Há Controle;Comercial;1;0;0;0;0;0;0;0;0;1;0;0;-3,834502;-38,571589
343195;30;6;2019;04:30;0;ROD CE 010;;;;;Choque c/ Obstáculo Fixo;;;;Meio de Quadra;;;0;0;1;1;0;0;0;0;0;0;0;0;;