COD_ACIDENTE;DIA;MES;ANO;HORA;INTERSECAO;LOG1;LOG2;LOG3;NUMERO;REFERENCIA;NATUREZA;ILUMINACAO;TEMPO;SUPERFICIEPISTA;TIPOCRUZAMENTO;CONTROLETRAFEGO;USOSOLO;MORTOS;FERIDOS;ILESOS;AUTOMOVEL;ONIBUS;BICICLETA;CAMINHAO;MICROONIBUS;CICLOMOTOR;MOTOCICLETA;TRACAOANIMAL;TREM;LATITUDE;LONGITUDE
343196;30;6;2019;20:30;0;AV MIN JOSE AMERICO;;;;;Choque c/ Obstáculo Fixo;;;;Meio de Quadra;;;0;0;1;1;0;0;0;0;0;0;0;0;;
343197;30;6;2019;19:00;0;ROD CE 010;;;4600;;Atropelamento;;;;Meio de Quadra;;;1;0;1;1;0;0;0;0;0;0;0;0;-3,7797375;-38,4337753
344322;30;6;2019;02:22;17535;RUA MANUEL JESUINO;RUA ALVARO CORREIA;;;;Colisão Transversal;Via Iluminada;Bom;Seca;Cruz;Pare;Residencial;0;1;1;1;0;0;0;0;0;1;0;0;-3,728674;-38,485118
344323;30;6;2019;03:46;0;RUA DES PRAXEDES;;;1801;;Choque c/ Obstáculo Fixo;Via Iluminada;Bom;Seca;Meio de Quadra;Não Há Controle;Residencial;0;1;0;1;0;0;0;0;0;0;0;0;-3,764131727;-38,53934455
344324;30;6;2019;04:45;0;AV 13 DE MAIO;;;1776;;Capotamento;Via Iluminada;Bom;Seca;Meio de Quadra;Não Há Controle;Comercial;0;0;2;1;0;0;0;0;0;0;0;0;-3,745694673;-38,53357762
344325;30;6;2019;12:45;0;RUA MON CARNEIRO DA CUNHA;;;170;;Colisão Lateral;Luz do Dia;Bom;Seca;Meio de Quadra;Não Há Controle;Residencial;0;1;1;1;0;0;0;0;0;1;0;0;-3,7748295;-38,494168
344326;30;6;2019;15:34;501;AV SEN FERNANDES TAVORA;RUA RAIMUNDO RIBEIRO;;;;Colisão Transversal;Via Iluminada;Bom;Seca;Cruz;Pare;Comercial;0;2;1;1;0;0;0;0;0;1;0;0;-3,755683;-38,595294
344327;30;6;2019;16:09;9154;AV 13 DE MAIO;RUA MARTINHO RODRIGUES;;;;Outros;Luz do Dia;Bom;Seca;Cruz;Semáforo;Comercial;0;1;1;1;0;0;0;0;0;1;0;0;-3,752832;-38,525221
344329;30;6;2019;20:38;0;RUA DEP MOREIRA DA ROCHA;;;1421;;Colisão Traseira;Via Iluminada;Bom;Seca;Meio de Quadra;Não Há Controle;Residencial;0;0;1;1;0;0;0;0;0;0;0;0;-3,728028286;-38,50060619
344330;30;6;2019;20:07;25047;RUA CIDADE PALHANO;RUA ANTONIO ARRUDA;;;;Colisão Transversal;Via Iluminada;Bom;Seca;Cruz;Pare;Comercial;0;1;1;0;0;0;0;0;0;1;0;0;-3,717903;-38,593359
344331;30;6;2019;13:23;25716;AV PDE ANTONIO TOMAS;RUA ARQ REGINALDO RANGEL;;;;Colisão Transversal;Luz do Dia;Bom;Seca;T;Pare;Residencial;0;1;1;1;0;1;0;0;0;0;0;0;-3,745383;-38,483578
343155;1;7;2019;09:30;25311;RUA JOAO REGINO;RUA ANTENOR ROCHA ALEXANDRE;;;;Colisão Transversal;Luz do Dia;Bom;Seca;Cruz;Pare;Residencial;0;2;1;1;0;0;0;0;0;0;0;0;-3,792178;-38,48281
347066;1;7;2019;18:44;12614;RUA COS LAFAYETE;AV CEL CARVALHO;;;;Colisão;;;;Cruz;Semáforo;Comercial;0;0;2;1;0;0;0;0;0;0;0;0;-3,717512;-38,587938
347068;1;7;2019;21:30;6798;RUA VILEBALDO AGUIAR;RUA JULIO AZEVEDO;;;;Colisão;;;;Cruz;Pare;Comercial;0;1;1;0;0;0;0;0;0;1;0;0;-3,74244;-38,481957
347057;1;7;2019;13:05;0;RUA CATOLE;;;;;Colisão;Luz do Dia;;;Meio de Quadra;;;0;0;2;0;0;0;0;0;0;0;0;0;;
347058;1;7;2019;12:00;0;RD BR 116;;;8000;KM-08;Colisão;Luz do Dia;;;Meio de Quadra;;;0;1;1;0;0;0;0;0;0;1;0;0;-3,822018;-38,503269
347197;1;7;2019;01:16;0;RUA PDE PERDIGAO SAMPAIO;;;280;;Colisão Transversal;Via Iluminada;Chuva;Molhada;Cruz;Pare;Comercial;0;0;1;1;0;0;0;0;0;0;0;0;-3,739421;-38,594731
347198;1;7;2019;08:49;17338;RUA BAR SOBRAL;RUA ZACARIAS GONDIM;;;;Colisão Transversal;Luz do Dia;Bom;Seca;Cruz;Pare;Residencial;0;1;1;1;0;0;0;0;0;1;0;0;-3,76528;-38,557307
347199;1;7;2019;10:30;0;AV JOSE BASTOS;;;3030;;Colisão Traseira;Luz do Dia;Bom;Seca;Meio de Quadra;Não Há Controle;Comercial;0;1;0;1;0;0;0;0;0;1;0;0;-3,746855;-38,5472955
347200;1;7;2019;13:00;0;AV SEN VIRGILIO TAVORA;;;2211;;Queda;Luz do Dia;Bom;Seca;Meio de Quadra;Semáforo;Comercial;0;0;2;1;0;0;0;0;0;0;0;0;-3,745836538;-38,49604485
347201;1;7;2019;14:10;13473;RUA PINHO PESSOA;RUA ANTONIO AUGUSTO;;;;Colisão Lateral;Luz do Dia;Bom;Seca;Cruz;Pare;Residencial;0;1;1;1;0;0;0;0;0;0;0;0;-3,744442;-38,518112
347202;1;7;2019;12:32;0;RUA MENOR JERONIMO;;;2990;;Colisão;Luz do Dia;Bom;Seca;Meio de Quadra;Não Há Controle;Comercial;0;1;1;1;0;0;0;0;0;1;0;0;-3,8135881;-38,535847
347203;1;7;2019;16:31;5318;RUA PDE IBIAPINA;RUA GAL CLARINDO DE QUEIROZ;;;;Colisão Lateral;Luz do Dia;Bom;Seca;Cruz;Pare;Comercial;0;2;1;0;1;0;0;0;0;1;0;0;-3,729518;-38,540084
347204;1;7;2019;19:00;0;RUA BRAZ DE FRANCESCO;;;499;;Colisão Lateral;Anoitecer;Bom;Seca;Meio de Quadra;Não Há Controle;Comercial;0;0;2;1;0;0;0;0;0;1;0;0;-3,735486;-38,567348
346802;1;7;2019;09:00;0;RD BR 222;;;;KM-02;Colisão Lateral;Luz do Dia;Bom;Seca;Meio de Quadra;;;0;0;2;0;0;0;1;0;0;0;0;0;-3,7403624;-38,5969961
346812;1;7;2019;08:00;0;AV SEN CARLOS JEREISSATI (AEROPORTO);;;;KM 01;Colisão;Via Iluminada;;Seca;Meio de Quadra;;;0;0;2;1;0;0;1;0;0;0;0;0;-3,783753;-38,52685
346809;1;7;2019;23:40;0;AV SEN CARLOS JEREISSATI (AEROPORTO);;;;KM 03;Colisão;Mal Iluminada;;Molhada;Meio de Quadra;;;0;1;1;1;0;1;0;0;0;0;0;0;-3,779641;-38,544038
346800;1;7;2019;07:55;0;RD BR 222;;;5286;KM-02;Colisão Lateral;Luz do Dia;Nublado;Seca;Meio de Quadra;;;0;1;1;1;0;0;0;0;0;1;0;0;-3,7403624;-38,5969961
346814;1;7;2019;16:00;0;RD CE-040;;;;KM-03;Colisão;Luz do Dia;;Seca;Meio de Quadra;;;0;0;2;0;0;0;0;0;0;0;0;0;-3,782614325;-38,4810839
346816;1;7;2019;16:16;0;RD CE-040;;;;KM-09;Colisão;Luz do Dia;;Seca;Meio de Quadra;;;0;0;2;1;0;0;1;0;0;0;0;0;-3,834450897;-38,48246582
346818;1;7;2019;17:15;0;RD CE-040;;;;KM-13;Colisão;Luz do Dia;;Seca;Meio de Quadra;;;0;0;2;1;0;0;0;0;0;0;0;0;-3,866093254;-38,46893682
347650;1;7;2019;07:36;0;AV ALM HENRIQUE SABOIA;;;;;Colisão;Luz do Dia;;;Meio de Quadra;;;0;1;0;1;0;1;0;0;0;0;0;0;;
347651;1;7;2019;07:53;0;AV C CJ CEARA;;;367;;Colisão;Luz do Dia;;;Meio de Quadra;;;0;1;0;1;0;0;0;0;0;1;0;0;-3,76177;-38,609193
347675;1;7;2019;07:54;0;AV SEN FERNANDES TAVORA;;;1060;;Colisão;Luz do Dia;;;Meio de Quadra;;;0;1;0;1;0;0;0;0;0;1;0;0;-3,762007134;-38,58249901
347676;1;7;2019;08:41;0;AV MR HULL;;;5314;;Colisão;Luz do Dia;;;Meio de Quadra;;;0;0;1;1;0;0;0;0;0;1;0;0;-3,739705;-38,591831
347677;1;7;2019;11:57;0;RUA PDE PERDIGAO SAMPAIO;;;221;;Colisão;Luz do Dia;;;Meio de Quadra;;;0;1;0;1;0;0;0;0;0;1;0;0;-3,736417;-38,595163
347679;1;7;2019;12:33;0;RD BR 116;;;;;Colisão;Luz do Dia;;;Meio de Quadra;;;0;1;0;0;0;0;0;0;0;1;0;0;;
347680;1;7;2019;13:02;5458;RUA BARBARA DE ALENCAR;RUA RODRIGUES JUNIOR;;;;Colisão;Luz do Dia;;;Cruz;Pare;Comercial;0;2;0;1;0;0;0;0;0;1;0;0;-3,735343;-38,522156
347681;1;7;2019;13:57;1219;RUA COSTA BARROS;RUA JOAO CORDEIRO;;;;Colisão;Luz do Dia;;;Cruz;Semáforo;Residencial;0;1;0;0;0;0;0;0;0;1;0;0;-3,729449;-38,514331
347683;1;7;2019;14:57;0;AV DR THEBERGE;;;2416;;Colisão;Luz do Dia;;;Meio de Quadra;;;0;1;0;1;0;0;0;0;0;1;0;0;-3,723268;-38,567775
347686;1;7;2019;17:46;0;AV CASTELO DE CASTRO;;;100;;Queda;Anoitecer;;;Meio de Quadra;;;0;1;0;0;0;0;0;0;0;1;0;0;-3,829482;-38,5214485
347687;1;7;2019;18:12;0;AV ABOLICAO;;;4140;;Atropelamento;Anoitecer;;;Meio de Quadra;;;0;1;0;0;0;0;0;0;0;1;0;0;-3,72419;-38,48201
347688;1;7;2019;19:02;0;AV ABOLICAO;;;;;Atropelamento;;;;Meio de Quadra;;;0;1;0;0;0;0;0;0;0;1;0;0;;
347693;1;7;2019;19:20;0;RUA JARDIM PARUARA;;;1169;;Atropelamento;;;;Meio de Quadra;;;0;1;0;0;0;0;0;0;0;1;0;0;-3,8017013;-38,6043569
347694;1;7;2019;22:28;0;RD BR 116;;;;;Queda;;;;Meio de Quadra;;;0;1;0;0;0;0;0;0;0;1;0;0;;
347700;2;7;2019;02:45;1657;RUA CEL JUCA;RUA BENI DE CARVALHO;;;;Queda;;;;Cruz;Semáforo;Residencial;0;1;0;0;0;0;0;0;0;1;0;0;-3,746301;-38,49407
347701;2;7;2019;05:02;0;RUA ELIEZER F GUIMARAES;;;98;;Queda;Amanhecer;;;Meio de Quadra;;;0;1;0;0;0;1;0;0;0;0;0;0;-3,8239834;-38,4674318
347702;2;7;2019;05:42;0;AV FRANCISCO SA;;;;;Colisão;Amanhecer;;;Meio de Quadra;;;0;2;0;0;0;0;0;0;0;0;0;0;;
347703;2;7;2019;05:52;0;RUA URUCUTUBA;;;2169;;Colisão;Amanhecer;;;Meio de Quadra;;;0;1;0;0;0;0;0;0;0;0;0;0;-3,79872;-38,616308
347709;2;7;2019;07:30;0;AV PRS COSTA E SILVA;;;;;Colisão;Luz do Dia;;;Meio de Quadra;;;0;1;0;1;0;0;0;0;0;1;0;0;;
347725;2;7;2019;10:14;3316;RUA CHILE;RUA VIRIATO RIBEIRO;;;;Colisão;Luz do Dia;;;Cruz;Pare;Residencial;0;1;0;1;0;0;0;0;0;1;0;0;-3,746178;-38,565276
347726;2;7;2019;12:10;0;RUA CAP VASCONCELOS D46;;;221;;Colisão;Luz do Dia;;;Meio de Quadra;;;0;1;0;1;0;0;0;0;0;1;0;0;-3,76387;-38,51737
347727;2;7;2019;12:18;731;RUA PEDRO AMERICO;RUA IRINEU DE SOUZA;;;;Colisão;Luz do Dia;;;Cruz;Pare;Residencial;0;1;0;0;0;0;0;0;0;1;0;0;-3,711438;-38,566244
347728;2;7;2019;13:17;0;AV DUQ CAXIAS;;;519;;Colisão;Luz do Dia;;;Meio de Quadra;;;0;0;1;1;0;0;0;0;0;1;0;0;-3,731981;-38,529285
347729;2;7;2019;14:39;0;RUA DNA MENDINHA;;;1371;;Colisão;Luz do Dia;;;Meio de Quadra;;;0;1;0;1;0;0;0;0;0;1;0;0;-3,716086761;-38,57257351
347730;2;7;2019;14:48;0;RD BR 116;;;7555;KM-04;Colisão;Luz do Dia;;;Meio de Quadra;;;0;1;0;1;0;0;0;0;0;1;0;0;-3,802354;-38,503869
347731;2;7;2019;15:35;0;AV C CJ CEARA;;;645;;Atropelamento;Luz do Dia;;;Meio de Quadra;;;0;1;0;0;0;0;0;0;0;1;0;0;-3,764415333;-38,61023833
347721;2;7;2019;07:32;0;RUA ANSELMO NOGUEIRA;;;178;;Colisão;Luz do Dia;;;Meio de Quadra;;;0;2;0;1;0;0;0;0;0;1;0;0;-3,78294;-38,58769
347722;2;7;2019;07:54;0;AV CONTORNO SUL;;;;;Colisão;Luz do Dia;;;Meio de Quadra;;;0;1;0;0;0;0;0;0;0;1;0;0;;
347723;2;7;2019;09:39;0;AV GOV RAUL BARBOSA;;;;;Colisão;Luz do Dia;;;Meio de Quadra;;;0;1;0;1;0;0;0;0;0;1;0;0;;
347737;2;7;2019;17:53;0;RUA FRANCISCANO;;;150;;Queda;Anoitecer;;;Meio de Quadra;;;0;1;0;0;0;1;0;0;0;0;0;0;-3,80179;-38,60103
347738;2;7;2019;19:00;0;RUA PERGENTINO MAIA;;;1558;;Colisão;;;;Meio de Quadra;;;0;1;0;1;0;0;0;0;0;1;0;0;-3,832607;-38,4804745
347739;2;7;2019;20:03;0;RUA STA ISABEL;;;271;;Queda;;;;Meio de Quadra;;;0;1;0;0;0;0;0;0;0;1;0;0;-3,83751;-38,57961
347741;2;7;2019;20:27;0;RUA SGT JOAO PINHEIRO;;;;;Atropelamento;;;;Meio de Quadra;;;0;1;0;1;0;0;0;0;0;0;0;0;;
347745;2;7;2019;21:12;0;RUA JOAQUIM ALBANO;;;;;Queda;;;;Meio de Quadra;;;0;1;0;0;0;0;0;0;0;1;0;0;;
347746;2;7;2019;21:17;0;AV DOS EXPEDICIONARIOS;;;5504;;Colisão;;;;Meio de Quadra;;;0;1;0;1;0;0;0;0;0;1;0;0;-3,767922;-38,542084
347747;2;7;2019;21:21;0;RUA DEMETRIO MENEZES;;;;;Queda;;;;Meio de Quadra;;;0;1;0;0;0;0;0;0;0;1;0;0;;
347759;2;7;2019;23:46;0;RUA JULIO SILVA;;;;;Queda;;;;Meio de Quadra;;;0;1;0;0;0;0;0;0;0;1;0;0;;
347205;2;7;2019;07:10;0;AV G CJ JOSE WALTER;;;680;;Colisão Traseira;Luz do Dia;Bom;Seca;Meio de Quadra;Não Há Controle;Residencial;0;0;2;1;0;0;1;0;0;0;0;0;-3,837286;-38,5605
347209;2;7;2019;13:22;3778;AV DA UNIVERSIDADE;RUA ANTONIO POMPEU;;0;;Colisão Lateral;Luz do Dia;Bom;Seca;Cruz;Semáforo;Residencial;0;0;2;1;1;0;0;0;0;0;0;0;-3,734083;-38,532908
347069;2;7;2019;11:04;581;AV FRANCISCO SA;AV PASTEUR;;;;Colisão;Luz do Dia;;;Cruz;Semáforo;Comercial;0;0;2;1;0;0;0;0;0;0;0;0;-3,716325;-38,560567
347070;2;7;2019;21:00;0;RUA MON DANTAS;;;;;Colisão;;;;Meio de Quadra;;;0;0;2;1;0;0;0;0;0;0;0;0;;
343156;2;7;2019;16:00;13500;RUA CARLOS VASCONCELOS;RUA CEL ALVES TEIXEIRA;;;;Colisão Transversal;Luz do Dia;Bom;Seca;Cruz;Pare;Residencial;0;1;1;1;0;0;0;0;0;0;0;0;-3,745851;-38,515005
343157;2;7;2019;14:50;0;AV ALM HENRIQUE SABOIA;;;;;Colisão Traseira;Luz do Dia;Bom;Seca;Meio de Quadra;Pare;Comercial;0;0;2;1;0;0;0;0;0;0;0;0;;
343158;2;7;2019;18:30;0;RUA OSCAR ARARIPE;;;1876;;Colisão Lateral;Anoitecer;Bom;Seca;Meio de Quadra;Outros;Comercial;0;0;2;1;0;0;0;0;0;1;0;0;-3,7883911;-38,6080176
343161;2;7;2019;18:20;0;AV DES MOREIRA;;;908;;Colisão Lateral;Via Iluminada;Bom;Seca;Meio de Quadra;Não Há Controle;Comercial;0;1;1;1;0;0;0;0;0;1;0;0;-3,7337415;-38,497547
347210;3;7;2019;14:56;0;AV FRE CIRILO;;;4541;;Colisão Lateral;Luz do Dia;Bom;Seca;Meio de Quadra;Semáforo;Residencial;0;1;1;1;0;0;0;0;0;1;0;0;-3,823224221;-38,49484512
347211;3;7;2019;20:30;0;RUA FRE MANSUETO;;;896;;Colisão Traseira;Via Iluminada;Bom;Seca;Meio de Quadra;Gesto;Comercial;0;0;2;1;0;0;0;0;0;0;0;0;-3,732053231;-38,48881469
347212;3;7;2019;20:49;0;RUA ALMEIDA PRADO;;;420;;Não Informado;Via Iluminada;Bom;Seca;T;Pare;Lazer;0;1;1;1;0;0;0;0;0;1;0;0;-3,7401495;-38,474033
347213;3;7;2019;17:06;0;RUA VICENTE DE CASTRO FILHO;;;233;;Colisão Transversal;Luz do Dia;Bom;Seca;Meio de Quadra;Não Há Controle;Comercial;0;2;1;1;0;0;0;0;0;1;0;0;-3,7786104;-38,48375
347214;3;7;2019;07:40;5742;AV OLIVEIRA PAIVA;RUA MANUEL MONTEIRO;;;;Atropelamento;Luz do Dia;Nublado;Molhada;Cruz;Semáforo;Comercial;0;1;0;0;0;0;0;0;0;1;0;0;-3,795496;-38,49414
347206;3;7;2019;09:25;0;AV ALM HENRIQUE SABOIA;;;1231;;Choque c/ Obstáculo Fixo;Amanhecer;Nublado;Molhada;Meio de Quadra;Não Há Controle;Residencial;0;1;0;1;0;0;0;0;0;0;0;0;-3,7572725;-38,505016
347207;3;7;2019;09:51;0;AV LAURO VIEIRA CHAVES;;;1500;;Colisão Lateral;Luz do Dia;Bom;Molhada;Meio de Quadra;Não Há Controle;Comercial;0;0;2;1;0;0;0;0;0;0;0;0;-3,771818857;-38,54091557
347208;3;7;2019;08:19;21382;RUA PRO ANACLETO;AV JOVITA FEITOSA;;;;Colisão;Luz do Dia;Chuva;Molhada;Meio de Quadra;Não Há Controle;Comercial;0;1;2;1;0;0;0;0;0;1;0;0;-3,738978;-38,552078
347082;3;7;2019;11:00;0;AV DR SILAS MUNGUBA;;;;;Atropelamento;Luz do Dia;;;Meio de Quadra;;;0;1;1;0;0;0;0;0;0;0;0;0;;
346819;3;7;2019;08:00;0;RD CE-040;;;;KM-09;Outros;Luz do Dia;;Molhada;Meio de Quadra;;;0;0;1;1;0;0;0;0;0;0;0;0;-3,834450897;-38,48246582
346820;3;7;2019;14:50;0;AV MIN JOSE AMERICO;;;2000;;Colisão;Luz do Dia;;Seca;Meio de Quadra;;;0;0;2;1;0;0;0;0;0;0;0;0;-3,8103935;-38,4836225
346807;3;7;2019;06:46;0;RD BR 116;;;9000;KM-09;Colisão Transversal;Luz do Dia;Chuva;Molhada;Meio de Quadra;;;0;1;1;1;0;0;0;0;0;1;0;0;-3,830837;-38,504865
346805;3;7;2019;07:10;0;RD BR 116;;;3000;KM-03;Queda;Luz do Dia;Chuva;Molhada;Meio de Quadra;;;0;1;1;0;0;0;0;0;0;1;0;0;-3,779838;-38,514372
347760;3;7;2019;05:12;0;RD BR 116;;;;KM-15;Atropelamento;Amanhecer;;;Meio de Quadra;;;0;1;0;1;0;0;0;0;0;0;0;0;-3,882329;-38,501113
347761;3;7;2019;06:14;0;RUA RECANTO VERDE;;;1362;;Colisão;Luz do Dia;;;Meio de Quadra;;;0;1;0;1;0;1;0;0;0;0;0;0;-3,837869421;-38,51135968
347762;3;7;2019;06:34;0;RUA RIO GRANDE DO NORTE;;;11;;Queda;Luz do Dia;;;Meio de Quadra;;;0;1;0;0;0;0;0;0;0;1;0;0;-3,757014282;-38,57004515
347763;3;7;2019;06:42;0;AV PRS JUSCELINO KUBITSCHEK (PASSARÉ);;;3561;;Queda;Luz do Dia;;;Meio de Quadra;;;0;1;0;0;0;0;0;0;0;1;0;0;-3,812603837;-38,52896447
347765;3;7;2019;06:49;0;RUA BAR RIO BRANCO;;;;;Queda;Luz do Dia;;;Meio de Quadra;;;0;1;0;0;0;0;0;0;0;1;0;0;;
347767;3;7;2019;07:07;0;AV CEL CARVALHO;;;612;;Queda;Luz do Dia;;;Meio de Quadra;;;0;1;0;0;0;0;0;0;0;1;0;0;-3,708529;-38,590213
347768;3;7;2019;07:22;0;AV ALBERTO CRAVEIRO;;;;;Queda;Luz do Dia;;;Meio de Quadra;;;0;2;0;0;0;0;0;0;0;1;0;0;;
347771;3;7;2019;08:28;0;AV WASHINGTON SOARES;;;;;Colisão;Luz do Dia;;;Meio de Quadra;;;0;1;0;1;0;0;0;0;0;1;0;0;;
347779;3;7;2019;08:32;1236;RUA COSTA BARROS;AV RUI BARBOSA;;;;Colisão;Luz do Dia;;;Cruz;Semáforo;Comercial;0;1;0;0;0;0;0;0;0;1;0;0;-3,731526;-38,507984
347780;3;7;2019;08:39;0;AV ALBERTO NEPOMUCENO;;;;;Colisão;Luz do Dia;;;Meio de Quadra;;;0;1;0;0;0;0;0;0;0;0;0;0;;
347781;3;7;2019;09:28;0;AV AUGUSTO DOS ANJOS;;;180;;Colisão;Luz do Dia;;;Meio de Quadra;;;0;1;0;0;0;0;0;0;0;0;0;0;-3,770583;-38,570652
347782;3;7;2019;10:01;0;RUA PRO EDGAR DE ARRUDA;;;1679;;Colisão;Luz do Dia;;;Meio de Quadra;;;0;1;0;0;0;0;0;0;0;1;0;0;-3,755581;-38,589737
347801;3;7;2019;10:13;0;AV DR SILAS MUNGUBA;;;3060;;Queda;Luz do Dia;;;Meio de Quadra;;;0;1;0;0;0;0;0;0;0;1;0;0;-3,788377111;-38,54604389
347821;3;7;2019;10:56;0;AV I CJ CEARA;;;31;;Atropelamento;Luz do Dia;;;Meio de Quadra;;;0;1;0;1;0;0;0;0;0;0;0;0;-3,823862;-38,5502268
347823;3;7;2019;11:02;22297;RUA PDE ANCHIETA;AV BEZERRA DE MENEZES;;;;Colisão;Luz do Dia;;;Cruz;Semáforo;Comercial;0;1;0;0;0;0;0;0;0;1;0;0;-3,733155;-38,552298
347824;3;7;2019;11:59;0;RUA 856 CJ CEARA;;;;;Atropelamento;Luz do Dia;;;Meio de Quadra;;;0;1;0;1;0;0;0;0;0;0;0;0;;
347838;3;7;2019;14:01;0;AV PERIMETRAL;;;;;Atropelamento;Luz do Dia;;;Meio de Quadra;;;0;1;0;0;0;0;0;0;0;1;0;0;;
347848;3;7;2019;15:37;0;RUA CARLOS VASCONCELOS;;;593;;Colisão;Luz do Dia;;;Meio de Quadra;;;0;1;0;0;0;0;1;0;0;1;0;0;-3,727105618;-38,50889582
347853;3;7;2019;16:01;7899;RUA MON CATAO;AV ANTONIO SALES;;;;Queda;Luz do Dia;;;Cruz;Dê Preferência;Comercial;0;1;0;0;0;1;0;0;0;0;0;0;-3,748174;-38,493642
347854;3;7;2019;16:08;0;RUA CORREIA LIMA D39;;;710;;Queda;Luz do Dia;;;Meio de Quadra;;;0;1;0;0;0;1;0;0;0;0;0;0;-3,7967612;-38,5309155
347859;3;7;2019;16:30;12685;AV CEL CARVALHO;AV DA INDEPENDENCIA;;;;Colisão;Luz do Dia;;;Cruz;Gesto;Comercial;0;1;0;1;0;0;0;0;0;1;0;0;-3,728711;-38,584952
347863;3;7;2019;17:22;0;AV FRE CIRILO;;;;;Colisão;Anoitecer;;;Meio de Quadra;;;0;1;0;0;0;0;0;0;0;0;0;0;;
347864;3;7;2019;17:47;0;AV DUQ CAXIAS;;;2121;;Colisão;Anoitecer;;;Meio de Quadra;;;0;1;0;1;0;0;0;0;0;1;0;0;-3,727637;-38,542701
347865;3;7;2019;17:52;0;AV PRUDENTE BRASIL;;;;;Colisão;Anoitecer;;;Meio de Quadra;;;0;1;0;1;0;1;0;0;0;0;0;0;;
347867;3;7;2019;18:54;0;AV JOAO PESSOA;;;5061;;Colisão;;;;Meio de Quadra;;;0;2;0;1;0;0;0;0;0;1;0;0;-3,75615;-38,552846
347868;3;7;2019;20:31;0;RUA ANDRE REBOUCAS;;;181;;Colisão;;;;Meio de Quadra;;;0;1;0;0;0;0;0;0;0;0;0;0;-3,775020182;-38,58999636
347869;3;7;2019;20:37;0;AV ALBERTO CRAVEIRO;;;;;Colisão;;;;Meio de Quadra;;;0;1;0;1;0;0;0;0;0;1;0;0;;
347870;3;7;2019;21:09;0;AV CONTORNO OESTE D71;;;109;;Queda;;;;Meio de Quadra;;;0;1;0;0;0;0;0;0;0;1;0;0;-3,809809038;-38,59268395
347861;3;7;2019;16:54;0;RUA DO CONTORNO UI 302;;;;;Queda;Luz do Dia;;;Meio de Quadra;;;0;1;0;0;0;1;0;0;0;0;0;0;;
347872;3;7;2019;21:10;1459;RUA EDUARDO GARCIA;RUA BARBOSA DE FREITAS;;;;Atropelamento;;;;Cruz;Semáforo;Comercial;0;1;0;1;0;0;0;0;0;0;0;0;-3,738523;-38,497999
347218;3;7;2019;11:18;0;RUA PDE PEDRO DE ALENCAR;;;1513;;Colisão Lateral;Luz do Dia;Bom;Seca;Meio de Quadra;Não Há Controle;Residencial;0;1;1;1;0;0;0;0;0;1;0;0;-3,841214086;-38,49429209
347219;3;7;2019;09:35;15374;AV DOM LUIS;RUA FREDERICO BORGES;;;;Colisão Traseira;Luz do Dia;Bom;Seca;Cruz;Semáforo;Comercial;0;1;2;1;1;0;0;0;0;0;0;0;-3,73589;-38,489136
346072;3;7;2019;21:10;0;RUA BIAS MENDES;;;571;;Colisão Lateral;Via Iluminada;Bom;Seca;Meio de Quadra;Não Há Controle;Residencial;0;1;1;1;0;0;0;0;0;1;0;0;-3,775272198;-38,58923828
346090;3;7;2019;21:15;13233;AV L CJ JOSE WALTER;AV F CJ JOSE WALTER;;;;Colisão Transversal;Via Iluminada;Bom;Seca;Rotatória;Dê Preferência;Residencial;0;2;1;1;0;0;0;0;0;1;0;0;-3,835328;-38,558805
346082;3;7;2019;21:40;5146;RUA GUILHERME ROCHA;RUA PRC ISABEL;;;;Colisão Transversal;Via Iluminada;Bom;Seca;Cruz;Pare;Comercial;0;0;2;0;1;0;0;0;0;0;0;0;-3,72472;-38,534931
346100;3;7;2019;12:30;20129;AV DEP PAULINO ROCHA;RUA POMPILIO GOMES;;;;Colisão Traseira;Luz do Dia;Chuva;Molhada;Cruz;Semáforo Manual;Comercial;0;0;3;1;0;0;1;0;0;0;0;0;-3,810076;-38,519652
346326;3;7;2019;14:20;24993;AV DOM MANUEL;RUA ROCHA LIMA;;;;Colisão Traseira;Luz do Dia;Bom;Seca;Cruz;Semáforo;Comercial;0;0;3;1;0;0;0;1;0;0;0;0;-3,735959;-38,523587
346105;4;7;2019;16:00;0;AV PRS CASTELO BRANCO;;;;;Colisão Lateral;Luz do Dia;Outros;;Meio de Quadra;;;0;1;1;1;0;0;0;0;0;1;0;0;;
346116;4;7;2019;11:00;9093;AV VIS RIO BRANCO;RUA DR PEDRO TELES;;;;Colisão Transversal;Luz do Dia;Bom;Seca;Cruz;Pare;Misto;0;1;1;0;0;0;0;0;0;1;0;0;-3,74666;-38,521882
346120;4;7;2019;16:20;0;RUA CAP VASCONCELOS D46;;;347;;Atropelamento;Luz do Dia;Bom;Seca;Meio de Quadra;Não Há Controle;Comercial;0;1;1;0;0;0;0;0;0;1;0;0;-3,765258552;-38,51709562
347220;4;7;2019;08:06;17285;RUA IRM BAZET;RUA JOAO FIRMINO;;0;;Não Informado;Luz do Dia;Bom;Seca;Cruz;Pare;Comercial;0;0;2;1;0;0;0;0;0;1;0;0;-3,762808;-38,554308