COD_ACIDENTE;DIA;MES;ANO;HORA;INTERSECAO;LOG1;LOG2;LOG3;NUMERO;REFERENCIA;NATUREZA;ILUMINACAO;TEMPO;SUPERFICIEPISTA;TIPOCRUZAMENTO;CONTROLETRAFEGO;USOSOLO;MORTOS;FERIDOS;ILESOS;AUTOMOVEL;ONIBUS;BICICLETA;CAMINHAO;MICROONIBUS;CICLOMOTOR;MOTOCICLETA;TRACAOANIMAL;TREM;LATITUDE;LONGITUDE
347238;4;7;2019;09:46;0;AV I CJ CEARA;;;2790;;Atropelamento;Luz do Dia;Bom;Seca;Outros;Pare;Residencial;0;2;0;0;0;0;0;0;0;1;0;0;;
347873;4;7;2019;06:59;0;AV BORGES DE MELO;;;;;Atropelamento;Luz do Dia;;;Meio de Quadra;;;0;1;0;0;0;0;1;0;0;0;0;0;;
347875;4;7;2019;07:27;0;AV DIOGUINHO;;;521;;Queda;Luz do Dia;;;Meio de Quadra;;;0;1;0;0;0;0;0;0;0;1;0;0;-3,7779055;-38,4344025
347877;4;7;2019;07:34;0;RUA CEL MATOS DOURADO;;;665;;Colisão;Luz do Dia;;;Meio de Quadra;;;0;1;0;1;0;0;0;0;0;1;0;0;-3,744795;-38,584876
347896;4;7;2019;07:42;0;RD BR 116;;;;;Queda;Luz do Dia;;;Meio de Quadra;;;0;1;0;0;0;0;0;0;0;1;0;0;;
347897;4;7;2019;07:54;0;AV JOSE SABOIA;;;888;;Colisão;Luz do Dia;;;Meio de Quadra;;;0;1;0;0;0;0;1;0;0;1;0;0;-3,718251;-38,4659815
347901;4;7;2019;08:05;0;AV AUGUSTO DOS ANJOS;;;2100;;Colisão;Luz do Dia;;;Meio de Quadra;;;0;1;0;1;0;0;0;0;0;1;0;0;-3,7841915;-38,582654
347902;4;7;2019;08:07;0;AV PRS JUSCELINO KUBITSCHEK (PASSARÉ);;;3653;;Colisão;Luz do Dia;;;Meio de Quadra;;;0;1;0;1;0;0;0;0;0;1;0;0;-3,81415675;-38,53007125
347905;4;7;2019;08:20;0;AV H CJ CEARA;;;2778;;Queda;Luz do Dia;;;Meio de Quadra;;;0;1;0;0;0;0;0;0;0;1;0;0;-3,774989;-38,6045465
347899;4;7;2019;08:01;0;AV ODILON GUIMARAES;;;3704;;Colisão;Luz do Dia;;;Meio de Quadra;;;0;1;0;0;0;0;0;0;0;1;0;0;-3,81539425;-38,46878461
347927;4;7;2019;09:08;0;RUA EMILIO DE MENESES;;;2130;;Colisão;Luz do Dia;;;Meio de Quadra;;;0;1;0;1;0;0;0;0;0;1;0;0;-3,778162;-38,600204
347929;4;7;2019;12:27;9224;RUA MIN JOAQUIM BASTOS D14;RUA GAL SILVA JUNIOR;;;;Colisão;Luz do Dia;;;Cruz;Pare;Residencial;0;1;0;1;0;0;0;0;0;1;0;0;-3,752716;-38,529448
347934;4;7;2019;13:21;0;AV A CJ CEARA;;;761;;Colisão;Luz do Dia;;;Meio de Quadra;;;0;1;0;1;0;0;0;0;0;1;0;0;-3,76969;-38,6044
347942;4;7;2019;13:21;0;AV WASHINGTON SOARES;;;;;Queda;Luz do Dia;;;Meio de Quadra;;;0;1;0;0;0;0;0;0;0;1;0;0;;
347944;4;7;2019;16:09;0;TR CAP VASCONCELOS D46;;;369;;Atropelamento;Luz do Dia;;;Meio de Quadra;;;0;1;0;0;0;0;0;0;0;1;0;0;-3,76535;-38,51708
347946;4;7;2019;16:14;0;RUA VALPARAISO;;;;;Colisão;Luz do Dia;;;Meio de Quadra;;;0;1;0;1;0;0;0;0;0;1;0;0;;
347947;4;7;2019;16:46;1566;RUA SILVA PAULET;RUA PDE VALDEVINO;;;;Atropelamento;Luz do Dia;;;Cruz;Pare;Comercial;0;1;0;0;0;0;0;0;0;1;0;0;-3,741957;-38,507851
347949;4;7;2019;17:33;22353;AV BEZERRA DE MENEZES;AV OLAVO BILAC;;;;Colisão;Anoitecer;;;;;;0;1;0;0;0;0;0;0;0;1;0;0;-3,735601;-38,564151
347951;4;7;2019;17:37;0;RUA ISRAEL BEZERRA;;;;;Colisão;Anoitecer;;;Meio de Quadra;;;0;1;0;0;0;0;0;0;0;0;0;0;;
347953;4;7;2019;18:55;0;AV ROGACIANO LEITE;;;;;Colisão;;;;Meio de Quadra;;;0;1;0;1;0;0;0;0;0;1;0;0;;
347955;4;7;2019;18:57;0;AV LAURO VIEIRA CHAVES;;;1484;;Colisão;;;;Meio de Quadra;;;0;1;0;0;0;0;0;0;0;0;0;0;-3,771922286;-38,54052586
347956;4;7;2019;19:00;7628;RUA ALAGOAS;RUA RIO GRANDE DO SUL;;;;Atropelamento;;;;Cruz;Não Há Controle;Residencial;0;1;0;0;0;0;0;0;0;0;0;0;-3,760762;-38,568934
347957;4;7;2019;19:07;0;AV ANTONIO SALES;;;1833;;Atropelamento;;;;Meio de Quadra;;;0;1;0;1;0;0;0;0;0;0;0;0;-3,743929;-38,507303
347959;4;7;2019;20:38;0;AV ENG SANTANA JUNIOR;;;2977;;Atropelamento;;;;Meio de Quadra;;;0;1;1;0;0;0;0;0;0;0;0;0;-3,745684;-38,489244
347960;4;7;2019;21:32;15374;AV DOM LUIS;RUA FREDERICO BORGES;;;;Atropelamento;;;;Cruz;Semáforo;Comercial;0;1;0;0;0;0;0;0;0;1;0;0;-3,73589;-38,489136
347961;4;7;2019;21:56;0;RUA PERNAMBUCO;;;2981;;Atropelamento;;;;Meio de Quadra;;;0;1;0;0;0;0;1;0;0;0;0;0;-3,749723;-38,57972
346822;4;7;2019;13:50;0;RD CE-040;;;;KM-05;Atropelamento;Luz do Dia;;Molhada;Meio de Quadra;;;0;2;2;1;0;0;0;0;0;1;0;0;-3,800595823;-38,47953463
346824;4;7;2019;14:39;0;RD CE-040;;;;KM-05;Colisão;Luz do Dia;;Molhada;;;;0;1;1;1;0;0;0;0;0;1;0;0;-3,800595823;-38,47953463
347083;4;7;2019;11:00;0;AV I CJ CEARA;;;2794;;Atropelamento;Luz do Dia;;;Meio de Quadra;;;0;1;1;0;0;0;0;0;0;0;0;0;;
347084;4;7;2019;20:18;0;RUA GUILHERME ROCHA;;;1557;;Choque c/ Obstáculo Fixo;;;;Meio de Quadra;;;0;0;1;0;0;0;0;0;0;0;0;0;-3,723136108;-38,53983522
347085;4;7;2019;21:10;0;RUA SD-3 (CJ ROSALINA);;;;;Colisão;;;;Meio de Quadra;;;0;0;2;0;0;0;0;0;0;0;0;0;;
347215;4;7;2019;10:40;19611;AV GODOFREDO MACIEL;RUA NEREU RAMOS;;;;Colisão Transversal;Luz do Dia;Bom;Seca;Duplo T;Semáforo;Comercial;0;0;3;1;0;0;0;0;0;0;0;0;-3,78725;-38,566802
347216;4;7;2019;17:08;0;AV SANTOS DUMONT;;;2829;;Colisão Traseira;Luz do Dia;Bom;Seca;Meio de Quadra;Semáforo;Comercial;0;0;2;1;0;0;0;0;0;0;0;0;-3,736027875;-38,49899375
347217;4;7;2019;19:57;0;RUA GUILHERME ROCHA;;;1567;;Colisão Lateral;Luz do Dia;Bom;Seca;Meio de Quadra;;;0;0;2;0;1;0;0;0;0;1;0;0;-3,723097054;-38,53995711
347224;4;7;2019;17:30;15181;AV RUI BARBOSA;RUA TOMAS POMPEU;;;;Colisão Lateral;Via Iluminada;Bom;Seca;Cruz;Pare;Residencial;0;0;2;1;0;0;0;0;0;1;0;0;-3,725871;-38,50616
347243;4;7;2019;09:55;0;RUA JULIO ABREU;AV DOM LUIS;;0;;Colisão Frontal;Luz do Dia;Bom;Seca;Cruz;Pare;Comercial;0;0;1;1;0;0;0;0;0;0;0;0;-3,735861;-38,488626
347225;5;7;2019;08:50;19805;AV ENG HUMBERTO MONTE;RUA JOSE PONTES;;;;Colisão Transversal;Luz do Dia;Chuva;Molhada;Cruz;Semáforo;Comercial;0;1;1;1;0;0;0;0;0;1;0;0;-3,739413;-38,568553
347226;5;7;2019;20:37;5180;RUA TEN BENEVOLO;RUA DOM JOAQUIM;;0;;Não Informado;Via Iluminada;Bom;Seca;Cruz;Gesto;Comercial;0;0;2;1;0;0;0;0;0;0;0;0;-3,725524;-38,51667
347090;5;7;2019;13:25;0;AV SEN FERNANDES TAVORA;;;866;;Colisão;Luz do Dia;;;Meio de Quadra;;;0;1;1;0;0;0;0;0;0;1;0;0;-3,763053556;-38,58055
347091;5;7;2019;16:05;0;RUA VERBENA;;;343;;Colisão;Luz do Dia;;;Meio de Quadra;;;0;0;2;1;0;0;0;0;0;0;0;0;-3,7766263;-38,58793
347099;5;7;2019;18:20;0;AV COS GOMES DE FREITAS (SAPIRANGA/COITE);;;3839;;Colisão;Anoitecer;;;Meio de Quadra;;;0;0;2;0;0;0;0;0;0;0;0;0;-3,795123;-38,473205
347095;5;7;2019;17:00;0;AV GAL OSORIO DE PAIVA;;;5561;;Choque c/ Obstáculo Fixo;Anoitecer;;;Meio de Quadra;;;0;1;0;0;0;0;1;0;0;0;0;0;-3,805482;-38,602834
346825;5;7;2019;16:20;0;AV SEN CARLOS JEREISSATI (AEROPORTO);;;4000;KM 04;Colisão;Luz do Dia;;Seca;Meio de Quadra;;;0;0;2;1;0;0;0;0;0;0;0;0;-3,77402;-38,550907
346823;5;7;2019;19:30;0;RD BR 116;;;14000;KM-14;Tombamento;;Bom;Seca;Meio de Quadra;;;0;2;0;0;0;0;0;0;0;1;0;0;-3,873523;-38,499242
346827;5;7;2019;16:20;0;AV SEN CARLOS JEREISSATI (AEROPORTO);;;4000;KM 04;Colisão;Luz do Dia;;;Meio de Quadra;;;0;0;2;1;0;0;0;0;0;1;0;0;-3,77402;-38,550907
346821;5;7;2019;17:10;0;RD BR 116;;;;;Colisão Lateral;Anoitecer;Bom;Seca;Meio de Quadra;;;0;0;2;1;0;0;1;0;0;0;0;0;;
346817;5;7;2019;10:00;0;RD BR 222;;;5005;KM-02;Colisão Traseira;Luz do Dia;Bom;Seca;Meio de Quadra;;;0;2;1;0;0;0;0;0;0;1;0;0;-3,7403624;-38,5969961
346763;5;7;2019;05:40;0;RD BR 116;;;;VIADUTO AEROLANDIA;Colisão;Amanhecer;;;Meio de Quadra;;;1;1;2;0;0;0;1;0;0;1;0;0;-3,770905;-38,51689
346613;5;7;2019;19:30;15601;RUA TEN JOSE NEWTON;RUA VASCO DE ATAIDE;;;;Colisão Transversal;Anoitecer;Bom;Seca;Cruz;Pare;Residencial;0;1;1;1;0;0;0;0;0;1;0;0;-3,823449;-38,491506
346614;5;7;2019;02:00;25980;AV SANTOS DUMONT;RUA JOAQUIM GENU;;;;Choque c/ Obstáculo Fixo;Via Iluminada;Bom;Seca;T;Pare;Residencial;0;0;1;1;0;0;0;0;0;0;0;0;-3,740773;-38,484292
347962;5;7;2019;00:34;0;RUA PDE GUERRA;;;2334;;Atropelamento;;;;Meio de Quadra;;;0;1;0;1;0;0;0;0;0;0;0;0;-3,74045;-38,56518
347963;5;7;2019;01:45;0;AV SANTOS DUMONT;;;5500;;Colisão;;;;Meio de Quadra;;;0;1;0;0;0;0;0;0;0;0;0;0;-3,741093;-38,483309
347221;5;7;2019;09:55;11724;RUA JULIO BRAGA;RUA 12 DE JULHO;;0;;Colisão Traseira;Luz do Dia;Bom;Seca;Meio de Quadra;Semáforo;Comercial;0;0;2;1;0;0;0;0;0;0;0;0;-3,773246;-38,584407
347222;5;7;2019;08:55;0;RUA JOSE HIPOLITO;;;0;;Colisão Transversal;Luz do Dia;Bom;Molhada;Cruz;Semáforo;Comercial;0;0;2;1;0;0;0;0;0;0;0;0;;
347223;5;7;2019;11:10;0;RUA PRO TEODORICO;;;891;;Colisão Transversal;Luz do Dia;Bom;Seca;Meio de Quadra;;;0;2;1;0;0;0;0;0;0;1;0;0;-3,769303;-38,551898
348004;5;7;2019;07:03;0;RUA SALVADOR CORREIA SA;;;1010;;Colisão;Luz do Dia;;;Meio de Quadra;;;0;1;0;1;0;0;0;0;0;1;0;0;-3,79759;-38,47466
348008;5;7;2019;07:45;0;AV ALM HENRIQUE SABOIA;;;3000;;Queda;Luz do Dia;;;Meio de Quadra;;;0;1;0;0;0;0;0;0;0;1;0;0;-3,7529149;-38,5015562
348018;5;7;2019;10:24;0;AV JOSE JATAHY;;;519;;Colisão;Luz do Dia;;;Meio de Quadra;;;0;1;0;1;0;0;0;0;0;1;0;0;-3,72583;-38,5457
348012;5;7;2019;07:47;5394;RUA METON DE ALENCAR;AV TRISTAO GONCALVES;;;;Colisão;Luz do Dia;;;Cruz;Semáforo;Comercial;0;2;0;0;0;0;0;0;0;0;0;0;-3,732327;-38,534777
348013;5;7;2019;08:23;0;AV ROGACIANO LEITE;;;3090;;Queda;Luz do Dia;;;Meio de Quadra;;;0;1;0;0;0;1;0;0;0;0;0;0;-3,786504;-38,5032575
348027;5;7;2019;10:35;0;AV DR ALDY MENTOR;;;;;Queda;Luz do Dia;;;Meio de Quadra;;;0;1;0;0;0;0;0;0;0;1;0;0;;
348058;5;7;2019;11:16;12826;AV DOS EXPEDICIONARIOS;RUA ANDRE CHAVES;;;;Colisão;Luz do Dia;;;Cruz;Semáforo;Comercial;0;1;0;1;0;0;0;0;0;1;0;0;-3,757345;-38,538903
348059;5;7;2019;11:19;0;AV IMPERADOR;;;914;;Queda;Luz do Dia;;;Meio de Quadra;;;0;1;0;0;0;0;0;0;0;1;0;0;-3,729161;-38,535035
348060;5;7;2019;14:13;3168;RUA VERBENA;RUA CARLOS CHAGAS;;;;Colisão;Luz do Dia;;;Cruz;Pare;Comercial;0;1;0;1;0;0;0;0;0;1;0;0;-3,779273;-38,58826
348061;5;7;2019;14:31;21756;RUA CARLOS ARAUJO;RUA JOAO TINOCO;;;;Colisão;Luz do Dia;;;Cruz;Pare;Misto;0;1;0;1;0;0;0;0;0;1;0;0;-3,728784;-38,58982
348062;5;7;2019;14:53;0;AV GOV RAUL BARBOSA;;;7163;;Colisão;Luz do Dia;;;Meio de Quadra;;;0;2;0;0;0;0;0;0;0;0;0;0;-3,7752912;-38,5129992
348064;5;7;2019;15:24;0;AV COS GOMES DE FREITAS (SAPIRANGA/COITE);;;3843;;Colisão;Luz do Dia;;;Meio de Quadra;;;0;1;0;1;0;0;0;0;0;1;0;0;-3,795113267;-38,47309207
348065;5;7;2019;15:40;0;AV ODILON GUIMARAES;;;2436;;Colisão;Luz do Dia;;;Meio de Quadra;;;0;2;0;1;0;0;0;0;0;1;0;0;-3,81778;-38,47354
348066;5;7;2019;16:26;0;AV JOAO DE ARAUJO LIMA;;;;;Colisão;Luz do Dia;;;Meio de Quadra;;;0;1;0;1;0;0;0;0;0;1;0;0;;
348067;5;7;2019;16:27;0;AV BORGES DE MELO;;;;;Colisão;Luz do Dia;;;Meio de Quadra;;;0;1;0;0;0;0;0;0;0;0;0;0;;
348068;5;7;2019;16:43;0;AV LUCIANO CARNEIRO;;;721;;Colisão;Luz do Dia;;;Meio de Quadra;;;0;1;0;1;0;0;0;0;0;1;0;0;-3,75443;-38,53346
348069;5;7;2019;17:49;0;AV PERIMETRAL;;;;;Colisão;Anoitecer;;;Meio de Quadra;;;0;1;0;0;0;0;0;0;0;0;0;0;;
348020;5;7;2019;10:28;0;AV JOR THOMAZ COELHO;;;;;Colisão;Luz do Dia;;;Meio de Quadra;;;0;1;0;1;0;0;0;0;0;1;0;0;;
348091;5;7;2019;18:46;0;RD BR 116;;;15000;KM-15;Colisão;;;;Meio de Quadra;;;0;1;0;0;0;0;0;0;0;0;0;0;-3,882329;-38,501113
348093;5;7;2019;18:57;0;RUA VITAL BRASIL;;;183;;Colisão;;;;Meio de Quadra;;;0;2;0;0;0;0;0;0;0;1;0;0;-3,782346;-38,582692
348094;5;7;2019;19:13;0;RUA CASTRO E SILVA;;;4210;;Colisão;;;;Meio de Quadra;;;0;1;0;1;0;0;0;0;0;1;0;0;;
348095;5;7;2019;20:31;0;AV PONTES VIEIRA;;;200;;Atropelamento;;;;Meio de Quadra;;;0;1;0;1;0;0;0;0;0;0;0;0;-3,753282;-38,518209
348096;5;7;2019;23:35;0;AV JOVITA FEITOSA;;;2214;;Colisão;;;;Meio de Quadra;;;0;1;0;1;0;0;0;0;0;0;0;0;-3,740029585;-38,55737951
346126;5;7;2019;21:40;26216;AV DEP PAULINO ROCHA;AV CONTORNO (CASTELÃO);;;;Colisão Lateral;Via Iluminada;Bom;Seca;T;Não Há Controle;Comercial;0;1;2;1;0;0;0;0;0;1;0;0;-3,8096619;-38,5209563
346132;5;7;2019;11:15;21544;RUA TULIPA NEGRA;RUA LUIS GUEDES;;;;Colisão Lateral;Luz do Dia;Bom;Seca;Cruz;;Residencial;0;1;1;0;0;0;0;0;0;1;0;0;-3,818603;-38,59884
346336;5;7;2019;15:04;0;AV SANTOS DUMONT;;;5100;;Colisão Lateral;Via Iluminada;Bom;Seca;Meio de Quadra;Pare;Comercial;0;1;1;1;0;0;0;0;0;1;0;0;-3,740262625;-38,48588425
346339;5;7;2019;18:20;0;AV PRS CASTELO BRANCO;;;2410;;Colisão Lateral;Anoitecer;Bom;;Meio de Quadra;;;0;0;2;1;0;0;0;0;0;1;0;0;-3,713463198;-38,54942522
346513;5;7;2019;20:50;21756;RUA JOAO TINOCO;RUA CARLOS ARAUJO;;;;Colisão Traseira;Luz do Dia;Bom;Seca;Cruz;Pare;Misto;0;1;3;1;0;0;0;0;0;0;0;0;-3,728784;-38,58982
346391;6;7;2019;03:45;0;RUA PESSOA ANTA;;;109;;Colisão Traseira;Via Iluminada;Bom;Seca;Meio de Quadra;Outros;Comercial;0;1;1;0;0;0;0;0;0;1;0;0;-3,721108107;-38,52198129
346394;6;7;2019;11:30;5402;RUA METON DE ALENCAR;RUA VINTE E QUATRO DE MAIO;;;;Colisão Traseira;Luz do Dia;Bom;Seca;Cruz;Pare;Comercial;0;1;1;1;0;0;0;0;0;1;0;0;-3,732626;-38,533848
346338;6;7;2019;11:00;5092;AV IMPERADOR;RUA SEN ALENCAR;;;;Colisão;Luz do Dia;Bom;Seca;Cruz;Semáforo;Residencial;0;1;1;1;0;0;0;0;0;1;0;0;-3,723171;-38,533258
346321;6;7;2019;10:15;0;AV PRS JUSCELINO KUBITSCHEK (PASSARÉ);;;3737;;Colisão Traseira;Luz do Dia;Bom;Seca;Meio de Quadra;Não Há Controle;Residencial;0;1;1;1;0;0;0;0;0;1;0;0;-3,815730368;-38,53121558
348106;6;7;2019;06:53;26075;AV JOSE JATAHY;AV SGT HERMINIO SAMPAIO;;;;Colisão;Luz do Dia;;;Cruz;Pare;Comercial;0;1;0;0;0;0;0;0;0;1;0;0;-3,7247097;-38,5459049
348100;6;7;2019;00:42;0;AV PRS JUSCELINO KUBITSCHEK (PASSARÉ);;;3737;;Colisão;;;;Meio de Quadra;;;0;1;0;1;0;0;0;0;0;1;0;0;-3,815730368;-38,53121558
348101;6;7;2019;03:00;0;RUA PESSOA ANTA;;;109;CAIXA ECONOMICA;Queda;;;;Meio de Quadra;;;0;1;0;0;0;0;0;0;0;1;0;0;-3,721108107;-38,52198129
348102;6;7;2019;03:57;0;RUA AMERICO ROCHA LIMA;;;352;;Colisão;;;;Meio de Quadra;;;0;1;0;0;0;0;0;0;0;1;0;0;-3,7991222;-38,5778784
348103;6;7;2019;05:27;0;AV DOM MANUEL;;;1071;;Colisão;Amanhecer;;;Meio de Quadra;;;0;1;0;0;0;0;0;0;0;0;0;0;-3,73355781;-38,52280219
348114;6;7;2019;07:01;0;RUA EMILIO DE MENESES;;;2910;;Colisão;Luz do Dia;;;Meio de Quadra;;;0;1;0;1;0;0;0;0;0;1;0;0;-3,776288;-38,606775
348115;6;7;2019;07:03;0;AV CEL CARVALHO;;;51;;Queda;Luz do Dia;;;Meio de Quadra;;;0;1;0;0;0;1;0;0;0;0;0;0;-3,70497;-38,59066
348202;6;7;2019;17:21;0;RUA RODRIGUES ANDRADE;;;115;;Colisão;Anoitecer;;;Meio de Quadra;;;0;1;0;1;0;1;0;0;0;0;0;0;-3,762075904;-38,56307254
348203;6;7;2019;18:37;0;RUA BERNARDO MANUEL;;;;;Colisão;;;;Meio de Quadra;;;0;1;0;0;0;0;0;0;0;0;0;0;;
348204;6;7;2019;18:37;13432;AV RUI BARBOSA;AV ANTONIO SALES;;;;Colisão;;;;Cruz;Semáforo;Comercial;0;1;0;1;0;1;0;0;0;0;0;0;-3,742611;-38,511569
348205;6;7;2019;18:44;0;AV LEITE BARBOSA;;;195;;Colisão;;;;Meio de Quadra;;;0;1;0;0;0;0;0;0;0;0;0;0;-3,7155751;-38,4727893
348187;6;7;2019;15:24;0;RUA DR FERNANDO AUGUSTO;;;215;;Queda;Luz do Dia;;;Meio de Quadra;;;0;2;0;0;0;0;0;0;0;1;0;0;-3,795517932;-38,59561912
348189;6;7;2019;17:05;0;AV PRS JUSCELINO KUBITSCHEK (PASSARÉ);;;3300;;Colisão;Anoitecer;;;Meio de Quadra;;;0;1;0;0;0;0;0;0;0;0;0;0;-3,80836;-38,5259
348167;6;7;2019;12:37;0;AV SEN CARLOS JEREISSATI (AEROPORTO);;;3000;;Colisão;Luz do Dia;;;Meio de Quadra;;;0;1;0;1;0;0;0;0;0;1;0;0;-3,779641;-38,544038
348168;6;7;2019;13:09;0;RUA EMILIO DE MENESES;;;1801;;Colisão;Luz do Dia;;;Meio de Quadra;;;0;1;0;1;0;0;0;0;0;1;0;0;-3,778959667;-38,5973118
348184;6;7;2019;15:11;11339;AV GODOFREDO MACIEL;AV BENJAMIM BRASIL;;;;Colisão;Luz do Dia;;;Cruz;Semáforo;Residencial;0;2;0;1;0;0;0;0;0;1;0;0;-3,803264;-38,57204
348150;6;7;2019;07:38;0;RUA BERNARDO MANUEL;;;1099;;Queda;Luz do Dia;;;Meio de Quadra;;;0;1;0;0;0;0;0;0;0;1;0;0;-3,7426258;-38,5659692
348152;6;7;2019;08:04;0;RUA PLACIDO DE CASTRO;;;100;;Colisão;Luz do Dia;;;Meio de Quadra;;;0;1;0;1;0;0;0;0;0;1;0;0;-3,793342083;-38,58231608
348153;6;7;2019;08:33;0;RD BR 116;;;;;Queda;Luz do Dia;;;Meio de Quadra;;;0;1;0;0;0;0;0;0;0;1;0;0;;
348154;6;7;2019;09:17;0;RUA JULIO SILVA;;;440;;Queda;Luz do Dia;;;Meio de Quadra;;;0;1;0;0;0;0;0;0;0;1;0;0;-3,74537;-38,45462
348155;6;7;2019;10:49;0;AV PRS CASTELO BRANCO;;;19;;Colisão;Luz do Dia;;;Meio de Quadra;;;0;1;0;1;0;0;0;0;0;1;0;0;-3,6998423;-38,587954
348209;6;7;2019;21:25;0;AV FRANCISCO SA;;;5510;;Colisão;;;;Meio de Quadra;;;0;1;0;1;0;0;0;0;0;1;0;0;-3,71189;-38,573493
348210;6;7;2019;22:03;0;RUA ALVES BEZERRA;;;558;;Colisão;;;;Meio de Quadra;;;0;1;0;0;0;0;0;0;0;0;0;0;-3,806424;-38,610193
348211;6;7;2019;22:53;0;AV WASHINGTON SOARES;;;300;;Atropelamento;;;;Meio de Quadra;;;0;1;0;1;0;0;0;0;0;0;0;0;-3,757606;-38,488829
348207;6;7;2019;21:00;0;TR SAO JOAO BATISTA;;;725;;Atropelamento;;;;Meio de Quadra;;;0;1;0;1;0;0;0;0;0;0;0;0;-3,7708577;-38,5967464
346829;6;7;2019;12:59;0;AV SEN CARLOS JEREISSATI (AEROPORTO);;;;KM 02;Colisão;Luz do Dia;;Seca;Meio de Quadra;;;0;0;2;1;0;0;0;0;0;1;0;0;-3,782194;-38,535424
346834;6;7;2019;10:50;0;AV WASHINGTON SOARES;;;4150;BEC;Atropelamento;Luz do Dia;;Seca;Meio de Quadra;;;0;1;1;1;0;0;0;0;0;0;0;0;-3,793686;-38,480096
347227;6;7;2019;06:51;0;AV ALBERTO CRAVEIRO;RUA JOANA MOREIRA;;0;;Não Informado;Luz do Dia;Bom;Seca;T;Não Há Controle;Comercial;0;0;2;1;0;0;0;0;0;0;0;0;-3,791665;-38,517298
347228;6;7;2019;06:54;1433;RUA DES LEITE ALBUQUERQUE;RUA LEONARDO MOTA;;;;Colisão;Amanhecer;Bom;Seca;Cruz;Semáforo;Comercial;0;1;1;1;0;0;0;0;0;1;0;0;-3,737862;-38,496708
347229;6;7;2019;09:19;1316;AV SANTOS DUMONT;RUA TIBURCIO CAVALCANTE;;0;;Colisão Transversal;Luz do Dia;Bom;Seca;Cruz;Semáforo;Comercial;0;0;2;1;0;0;0;0;0;0;0;0;-3,734979;-38,502259
347230;6;7;2019;14:20;0;RUA DEP MATOSO FILHO;;;59;;Colisão Transversal;Luz do Dia;Bom;Seca;Meio de Quadra;Pare;Residencial;0;1;1;1;0;0;0;0;0;1;0;0;-3,73014;-38,585256
347231;6;7;2019;14:42;0;AV GOV RAUL BARBOSA;;;745;;Não Informado;Luz do Dia;Bom;Seca;Meio de Quadra;Não Há Controle;Residencial;0;1;1;1;0;0;0;0;0;1;0;0;-3,7593879;-38,504638
347232;6;7;2019;13:45;1510;RUA JOSE VILAR;AV JULIO VENTURA;;;;Colisão Traseira;Luz do Dia;Bom;Seca;Cruz;Semáforo;Comercial;0;0;2;1;0;0;0;0;0;1;0;0;-3,739985;-38,506014
347233;6;7;2019;17:38;0;AV JUSCELINO KUBITSCHEK (CANINDEZINHO);;;0;;Não Informado;Luz do Dia;Bom;Seca;T;Pare;Residencial;0;0;1;0;0;1;0;0;0;1;0;0;;
347234;6;7;2019;13:10;5185;RUA LIBERATO BARROSO;RUA TEREZA CRISTINA;;;;Colisão Transversal;Luz do Dia;Bom;Seca;Cruz;Pare;Comercial;0;0;2;1;0;0;0;0;0;1;0;0;-3,725833;-38,536404
347235;6;7;2019;23:42;0;RUA ANTENOR ROCHA ALEXANDRE;;;1950;;Engavetamento;Via Iluminada;Bom;Seca;Cruz;Não Há Controle;Comercial;0;0;7;1;0;0;0;0;0;0;0;0;;
347046;6;7;2019;11:40;0;RD CE-040;;;7000;KM-07;Colisão;Luz do Dia;;;Meio de Quadra;;;0;0;2;1;0;0;1;0;0;0;0;0;-3,817159445;-38,48303286
347236;7;7;2019;01:08;0;RUA BENTO ALBUQUERQUE;;;1360;;Colisão Lateral;Via Iluminada;Bom;Seca;Meio de Quadra;Não Há Controle;Residencial;0;0;1;1;0;0;0;0;0;0;0;0;-3,745776;-38,476888
347237;7;7;2019;04:48;0;RUA EDUARDO PORTO;;;0;;Não Informado;Via Iluminada;Nublado;Molhada;Meio de Quadra;Não Há Controle;Comercial;0;1;0;0;0;0;0;0;0;1;0;0;;
347113;7;7;2019;05:25;0;RUA 24 DE OUTUBRO;;;134;;Colisão;Amanhecer;;;Meio de Quadra;;;0;1;0;1;0;0;0;0;0;1;0;0;-3,750193059;-38,60236959
347114;7;7;2019;00:53;0;AV WASHINGTON SOARES;;;300;;Atropelamento;;;;Meio de Quadra;;;0;1;1;0;0;0;0;0;0;0;0;0;-3,757606;-38,488829
347117;7;7;2019;18:27;0;RUA WILSON CARVALHO CIRINO;;;;;Colisão;Anoitecer;;;Meio de Quadra;;;0;0;2;0;0;0;0;0;0;0;0;0;;
347119;7;7;2019;21:40;0;RUA ERETIDES ALENCAR;;;1311;;Colisão;;;;Meio de Quadra;;;0;0;2;0;0;0;0;0;0;0;0;0;-3,72739;-38,583
347123;7;7;2019;10:04;0;RUA MIRTES CORDEIRO;;;;;Colisão;Luz do Dia;;;Meio de Quadra;;;0;0;2;0;0;0;0;0;0;0;0;0;;
346835;7;7;2019;20:00;0;RD BR 116;;;5000;KM-05;Colisão Traseira;;Bom;Seca;Meio de Quadra;;;0;0;2;1;0;0;0;0;0;0;0;0;-3,796502;-38,506787