COD_ACIDENTE;DIA;MES;ANO;HORA;INTERSECAO;LOG1;LOG2;LOG3;NUMERO;REFERENCIA;NATUREZA;ILUMINACAO;TEMPO;SUPERFICIEPISTA;TIPOCRUZAMENTO;CONTROLETRAFEGO;USOSOLO;MORTOS;FERIDOS;ILESOS;AUTOMOVEL;ONIBUS;BICICLETA;CAMINHAO;MICROONIBUS;CICLOMOTOR;MOTOCICLETA;TRACAOANIMAL;TREM;LATITUDE;LONGITUDE
346836;7;7;2019;13:00;0;RD CE-040;;;;KM-04;Colisão;Luz do Dia;;Seca;Meio de Quadra;;;0;0;2;1;0;0;0;0;0;0;0;0;-3,791613156;-38,48033084
346832;7;7;2019;01:00;0;RD CE-040;;;7250;KM-08;Colisão;;;Seca;Meio de Quadra;;;0;1;1;0;0;0;1;0;0;0;0;0;-3,825515822;-38,48153832
346833;7;7;2019;03:50;0;RD BR 116;;;3000;KM-03;Choque c/ Obstáculo Fixo;;Chuva;Molhada;Meio de Quadra;;;0;1;0;1;0;0;0;0;0;0;0;0;-3,779838;-38,514372
347239;7;7;2019;08:00;10080;RUA MIRTES CORDEIRO;RUA CEL VIRGILIO NOGUEIRA (BOM JARDIM);;;;Colisão;Luz do Dia;Bom;Seca;Cruz;Pare;Residencial;0;0;2;1;0;0;0;0;0;1;0;0;-3,7861701;-38,607833
347240;7;7;2019;14:30;0;RUA FRE ORLANDO;;;535;;Choque c/ Obstáculo Fixo;Luz do Dia;Bom;Seca;Meio de Quadra;Não Há Controle;Residencial;0;1;1;1;0;0;0;0;0;0;0;0;-3,758092355;-38,54864561
348227;7;7;2019;04:21;0;AV DEP PAULINO ROCHA;;;1650;;Colisão;;;;Meio de Quadra;;;0;1;0;0;0;0;0;0;0;1;0;0;-3,811713981;-38,51131703
348237;7;7;2019;12:31;0;RUA MOCA BONITA;;;453;;Queda;Luz do Dia;;;Meio de Quadra;;;0;1;0;0;0;1;0;0;0;0;0;0;-3,812262544;-38,58601546
348229;7;7;2019;04:33;0;RUA CANDIDO MAIA;;;;FROTINHA ANT. BEZERRA;Queda;;;;Meio de Quadra;;;0;1;0;0;0;0;0;0;0;1;0;0;;
348230;7;7;2019;04:37;0;AV ALBERTO CRAVEIRO;;;;;Colisão;;;;Meio de Quadra;;;0;1;0;0;0;0;0;0;0;0;0;0;;
348231;7;7;2019;05:59;0;AV LINEU MACHADO;;;;;Colisão;Amanhecer;;;Meio de Quadra;;;0;1;0;1;0;0;0;0;0;0;0;0;;
348232;7;7;2019;10:11;0;RUA VALPARAISO;;;1328;;Colisão;Luz do Dia;;;Meio de Quadra;;;0;1;0;0;0;0;0;0;0;1;0;0;-3,84054357;-38,53024913
348233;7;7;2019;10:22;0;RUA ASSIS BEZERRA;;;400;;Atropelamento;Luz do Dia;;;Meio de Quadra;;;0;1;0;0;0;0;0;0;0;1;0;0;-3,7190273;-38,563724
348234;7;7;2019;10:49;0;RUA DR ALMEIDA FILHO;;;471;;Queda;Luz do Dia;;;Meio de Quadra;;;0;1;0;0;0;0;0;0;0;1;0;0;-3,723194385;-38,55909908
348235;7;7;2019;12:08;0;RUA 434 CJ CEARA;;;441;;Queda;Luz do Dia;;;Meio de Quadra;;;0;1;0;0;0;0;0;0;0;1;0;0;-3,7619994;-38,6042857
348212;7;7;2019;00:04;0;RUA BENTO ALBUQUERQUE;;;1120;;Tombamento;;;;Meio de Quadra;;;0;1;0;0;0;0;0;0;0;0;0;0;-3,7423544;-38,487562
348213;7;7;2019;00:38;0;RUA LORENA;;;113;;Colisão;;;;Meio de Quadra;;;0;1;0;0;0;0;0;0;0;0;0;0;-3,759768091;-38,55834476
348214;7;7;2019;01:27;0;AV GODOFREDO MACIEL;;;5618;;Queda;;;;Meio de Quadra;;;0;1;0;0;0;1;0;0;0;0;0;0;-3,8239255;-38,57865
348215;7;7;2019;03:54;0;RD BR 116;;;;;Colisão;;;;Meio de Quadra;;;0;1;0;0;0;0;0;0;0;0;0;0;;
348216;7;7;2019;04:05;0;RUA ANTONIO GADELHA;;;145;;Queda;;;;Meio de Quadra;;;0;1;0;0;0;0;0;0;0;1;0;0;-3,832889753;-38,50430904
348243;7;7;2019;14:21;0;RUA MARTINS CARVALHO;;;1766;;Queda;Luz do Dia;;;Meio de Quadra;;;0;1;0;0;0;1;0;0;0;0;0;0;-3,79398366;-38,60961933
348244;7;7;2019;14:24;0;RUA DOM QUINTINO;;;1474;;Colisão;Luz do Dia;;;Meio de Quadra;;;0;1;0;0;0;0;0;0;0;1;0;0;-3,70935;-38,56158
348245;7;7;2019;14:53;0;RUA JOSE ARAGAO;;;10;;Queda;Luz do Dia;;;Meio de Quadra;;;0;1;0;0;0;0;0;0;0;1;0;0;-3,74851;-38,58813
348241;7;7;2019;12:50;0;RUA 753 CJ CEARA;;;;;Colisão;Luz do Dia;;;Meio de Quadra;;;0;1;0;1;0;0;0;0;0;1;0;0;;
348247;7;7;2019;14:53;0;AV GAL OSORIO DE PAIVA;;;7562;;Colisão;Luz do Dia;;;Meio de Quadra;;;0;1;0;1;0;0;0;0;0;1;0;0;-3,818297826;-38,615219
348251;7;7;2019;16:28;0;RUA JOSE TORRES;;;925;;Colisão;Luz do Dia;;;Meio de Quadra;;;0;1;0;1;0;0;0;0;0;1;0;0;-3,779065816;-38,60701892
348252;7;7;2019;16:45;0;AV C CJ CEARA;;;1625;;Colisão;Luz do Dia;;;Meio de Quadra;;;0;1;0;1;0;0;0;0;0;1;0;0;-3,772475;-38,615228
348253;7;7;2019;16:56;0;AV PERIMETRAL;;;631;;Queda;Luz do Dia;;;Meio de Quadra;;;0;1;0;0;0;0;0;0;0;1;0;0;;
348249;7;7;2019;14:54;0;RUA ANTERO QUENTAL;;;10;;Colisão;Luz do Dia;;;Meio de Quadra;;;0;1;0;1;0;0;0;0;0;1;0;0;-3,8511281;-38,4925958
348256;7;7;2019;17:33;5662;AV JOSE LEON;RUA VICENTE LOPES;;;;Colisão;Anoitecer;;;Cruz;Pare;Escola;0;1;0;1;0;0;0;0;0;1;0;0;-3,789544;-38,494897
348258;7;7;2019;18:55;0;RUA EUCLIDES PAULINO BARROSO;;;2234;;Atropelamento;;;;Meio de Quadra;;;0;1;0;0;0;0;0;0;0;1;0;0;-3,8210418;-38,6077329
348259;7;7;2019;19:17;0;AV TEN LISBOA;;;1601;;Colisão;;;;Meio de Quadra;;;0;1;0;0;0;0;0;0;0;1;0;0;-3,71797;-38,55
348263;7;7;2019;19:36;0;RUA JULIO ABREU;;;160;;Queda;;;;Meio de Quadra;;;0;1;0;0;0;0;0;0;0;1;0;0;-3,7359;-38,488072
348266;7;7;2019;19:37;0;AV DOM LUIS;;;;;Colisão;;;;Meio de Quadra;;;0;1;0;0;0;0;0;0;0;0;0;0;;
348267;7;7;2019;19:56;0;AV BULEVAR III;;;274;;Atropelamento;;;;Meio de Quadra;;;0;1;0;1;0;0;0;0;0;0;0;0;-3,83464;-38,51818
348269;7;7;2019;19:58;18744;RUA CODO;RUA DALVA DE OLIVEIRA;;;;Colisão;;;;;;;0;2;0;0;0;0;0;0;0;1;0;0;-3,848308;-38,521891
348277;7;7;2019;21:29;24215;RUA FAUSTO CABRAL;AV ENG SANTANA JUNIOR;;;;Colisão;;;;Cruz;Pare;Residencial;0;1;0;1;0;0;0;0;0;1;0;0;-3,732588;-38,48015
348278;7;7;2019;23:09;0;RUA BERNARDO MANUEL;;;12868;;Colisão;;;;Meio de Quadra;;;0;2;0;0;0;0;0;0;0;1;0;0;-3,830461;-38,560806
346395;7;7;2019;20:40;0;AV PAROARAS;;;1170;;Colisão Lateral;Mal Iluminada;Bom;Seca;Meio de Quadra;Outros;Residencial;0;1;1;1;0;0;0;0;0;1;0;0;-3,8086;-38,54439
346418;7;7;2019;16:00;0;AV MOZART PINHEIRO DE LUCENA;;;850;;Colisão Lateral;Luz do Dia;Bom;Seca;;;;0;1;1;1;0;0;0;0;0;1;0;0;-3,710313;-38,593382
346421;7;7;2019;01:20;17412;RUA BAR SOBRAL;RUA ALBERTO MAGNO;;;;Colisão Transversal;;Bom;Seca;Cruz;Semáforo;Comercial;0;0;2;1;0;0;0;0;0;0;0;0;-3,767991;-38,552417
346431;8;7;2019;07:30;20403;RUA PDE PEDRO DE ALENCAR;RUA LUCIOLA;;;;Colisão Transversal;Luz do Dia;Nublado;Molhada;T;Pare;Residencial;0;1;1;1;0;0;0;0;0;1;0;0;-3,842251;-38,494322
348279;8;7;2019;02:58;0;AV GODOFREDO MACIEL;;;4610;;Queda;;;;Meio de Quadra;;;0;1;0;0;0;0;0;0;0;1;0;0;-3,8111367;-38,5746095
348281;8;7;2019;06:21;0;AV ENG SANTANA JUNIOR;;;;;Queda;Luz do Dia;;;Meio de Quadra;;;0;1;0;0;0;0;0;0;0;1;0;0;;
348282;8;7;2019;06:32;1272;AV DOM LUIS;RUA JOAQUIM NABUCO;;;;Colisão;Luz do Dia;;;Cruz;Pare;Comercial;0;1;0;0;0;0;0;0;0;1;0;0;-3,732301;-38,500333
348283;8;7;2019;06:48;0;RUA NOSSA SRA DAS GRACAS;;;286;;Colisão;Luz do Dia;;;Meio de Quadra;;;0;1;0;0;0;0;0;0;0;1;0;0;-3,710981;-38,5509882
348284;8;7;2019;07:40;0;RUA JOAO FIRMINO;;;360;;Atropelamento;Luz do Dia;;;Meio de Quadra;;;0;1;0;0;0;0;0;0;0;1;0;0;-3,762451;-38,5539755
348285;8;7;2019;07:56;0;AV PERIMETRAL;;;635;;Colisão;Luz do Dia;;;Meio de Quadra;;;0;1;0;0;0;0;0;0;0;0;0;0;;
348288;8;7;2019;10:14;0;AV CEL CARVALHO;;;907;;Colisão;Luz do Dia;;;Meio de Quadra;;;0;1;0;0;0;0;0;0;0;1;0;0;-3,71045425;-38,58969888
348289;8;7;2019;11:02;0;RUA CON DE CASTRO;;;4720;;Atropelamento;Luz do Dia;;;Meio de Quadra;;;0;1;0;0;0;0;0;0;0;1;0;0;-3,806768;-38,593551
348295;8;7;2019;13:40;0;RUA DR GILBERTO STUDART;;;920;;Colisão;Luz do Dia;;;Meio de Quadra;;;0;2;0;1;0;0;0;0;0;1;0;0;-3,743734;-38,480581
348296;8;7;2019;15:25;0;AV BORGES DE MELO;;;1540;;Colisão;Luz do Dia;;;Meio de Quadra;;;0;1;0;1;0;0;0;0;0;1;0;0;-3,757676;-38,532691
348297;8;7;2019;15:27;0;AV GAL OSORIO DE PAIVA;;;7828;;Colisão;Luz do Dia;;;Meio de Quadra;;;0;1;0;0;0;0;0;0;0;0;0;0;-3,820566135;-38,61742349
348298;8;7;2019;16:43;0;AV GODOFREDO MACIEL;;;4848;;Queda;Luz do Dia;;;Meio de Quadra;;;0;1;0;0;0;0;0;0;0;1;0;0;-3,818399;-38,575727
348299;8;7;2019;17:31;5211;AV IMPERADOR;RUA LIBERATO BARROSO;;;;Colisão;Anoitecer;;;Cruz;Semáforo;Comercial;0;1;0;0;0;0;0;0;0;0;0;0;-3,726511;-38,534257
348302;8;7;2019;18:03;0;AV CAP WALDEMAR PAULA LIMA;;;1585;;Colisão;Anoitecer;;;Meio de Quadra;;;0;1;0;1;0;0;0;0;0;1;0;0;;
348303;8;7;2019;18:09;0;RUA JOR ANTONIO P TAVARES;;;1585;;Colisão;Anoitecer;;;Meio de Quadra;;;0;1;0;0;0;0;0;0;0;0;0;0;-3,815488;-38,506033
348304;8;7;2019;18:12;0;AV HEROIS DO ACRE;;;492;;Colisão;Anoitecer;;;Meio de Quadra;;;0;2;0;1;0;0;0;0;0;1;0;0;-3,80318;-38,533651
348305;8;7;2019;18:29;0;RUA BAR AQUIRAZ;;;980;;Colisão;Anoitecer;;;Meio de Quadra;;;0;1;0;1;0;0;0;0;0;1;0;0;-3,837152;-38,488195
348306;8;7;2019;19:26;0;RUA RUI MONTE;;;1070;;Colisão;;;;Meio de Quadra;;;0;2;0;1;0;0;0;0;0;1;0;0;-3,74801;-38,5853
348307;8;7;2019;20:19;0;RUA JACINTO MATOS;;;;;Colisão;;;;Meio de Quadra;;;0;1;0;1;0;0;0;0;0;1;0;0;;
348309;8;7;2019;20:38;0;AV FRANCISCO SA;;;;;Colisão;;;;Meio de Quadra;;;0;1;0;1;0;0;0;0;0;1;0;0;;
348310;8;7;2019;21:29;0;RUA MIGUEL ARAGAO;;;1160;;Colisão;;;;Meio de Quadra;;;0;1;0;1;0;0;0;0;0;1;0;0;-3,8312744;-38,5898719
348311;8;7;2019;23:23;0;RUA DES PRAXEDES;;;1238;;Queda;;;;Meio de Quadra;;;0;1;0;0;0;0;0;0;0;1;0;0;-3,762866;-38,543546
348292;8;7;2019;11:32;0;RUA CON DE CASTRO;;;2134;;Colisão;Luz do Dia;;;Meio de Quadra;;;0;3;0;0;0;0;0;0;0;0;0;0;-3,7885895;-38,576742
348293;8;7;2019;12:15;1345;RUA MARIA TOMASIA;RUA LEONARDO MOTA;;;;Colisão;Luz do Dia;;;Cruz;Pare;Comercial;0;1;0;1;0;0;0;0;0;1;0;0;-3,735853;-38,49607
347241;8;7;2019;06:49;5322;AV IMPERADOR;AV DUQ CAXIAS;;;;Não Informado;Luz do Dia;Chuva;Molhada;Cruz;Semáforo;Comercial;0;1;1;0;0;0;0;0;0;1;0;0;-3,730048;-38,535297
347242;8;7;2019;06:23;5302;AV TRISTAO GONCALVES;RUA PEDRO I;;0;;Colisão Lateral;Luz do Dia;Chuva;Molhada;Cruz;Semáforo;Comercial;0;0;1;0;0;0;0;0;0;1;0;0;-3,729523;-38,533927
346837;8;7;2019;06:45;0;AV SEN CARLOS JEREISSATI (AEROPORTO);;;;KM 01;Colisão;Luz do Dia;;Seca;Meio de Quadra;;;0;0;2;1;0;0;1;0;0;0;0;0;-3,783753;-38,52685
347127;8;7;2019;16:40;0;AV GAL OSORIO DE PAIVA;;;7819;;Colisão;Luz do Dia;;;Meio de Quadra;;;0;0;2;0;0;0;0;0;0;0;0;0;-3,820533347;-38,61739076
347129;8;7;2019;17:00;23741;RUA CON DE CASTRO;RUA GABRIEL FIUZA;;;;Choque c/ Obstáculo Fixo;Anoitecer;;;T;;Residencial;0;0;1;0;0;0;0;0;0;0;0;0;-3,78939;-38,577474
347130;8;7;2019;21:35;0;RUA LUIS VIEIRA;;;968;;Capotamento;;;;Meio de Quadra;;;0;1;0;0;0;0;0;0;0;0;0;0;-3,790081824;-38,58894441
347132;8;7;2019;16:05;0;AV BEZERRA DE MENEZES;;;1051;;Colisão;Luz do Dia;;;Meio de Quadra;;;0;0;2;1;0;0;0;0;0;0;0;0;-3,733569;-38,554319
347137;8;7;2019;22:35;0;AV FRANCISCO SA;;;;;Colisão;;;;Meio de Quadra;;;0;0;2;0;0;0;0;0;0;0;0;0;;
347148;8;7;2019;14:30;0;AV SEN CARLOS JEREISSATI (AEROPORTO);;;;;Colisão;Luz do Dia;;;Meio de Quadra;;;0;0;2;0;0;0;0;0;0;0;0;0;;
347244;8;7;2019;08:00;0;RUA JACINTO MATOS;;;944;;Colisão Lateral;Luz do Dia;Bom;Seca;Meio de Quadra;Pare;Residencial;0;1;1;1;0;0;0;0;0;1;0;0;-3,71929;-38,54676
347245;8;7;2019;09:40;0;AV JOSE BASTOS;;;4700;INCRA;Colisão Lateral;Luz do Dia;Bom;Seca;Meio de Quadra;Não Há Controle;Residencial;0;2;1;1;0;0;0;0;0;1;0;0;-3,75683;-38,557447
347246;8;7;2019;09:40;0;AV SGT HERMINIO SAMPAIO;;;0;;Colisão Traseira;Luz do Dia;Bom;Seca;Meio de Quadra;Semáforo;Escola;0;1;1;1;0;0;0;0;0;1;0;0;;
347247;8;7;2019;10:42;1422;RUA DES LEITE ALBUQUERQUE;RUA BARBOSA DE FREITAS;;;;Colisão Transversal;Luz do Dia;Bom;Seca;Cruz;Semáforo;Comercial;0;1;2;1;0;0;0;0;0;1;0;0;-3,737545;-38,497689
347248;8;7;2019;14:14;0;RUA CON DE CASTRO;;;2285;;Não Informado;Luz do Dia;Bom;Seca;T;Pare;Comercial;0;1;0;0;1;0;0;0;0;0;0;0;-3,7998209;-38,5872111
347249;8;7;2019;14:39;0;AV ALBERTO CRAVEIRO;;;1443;;Colisão Traseira;Luz do Dia;Bom;Seca;T;Não Há Controle;Comercial;0;1;1;0;0;0;0;0;0;1;0;0;-3,793068;-38,517596
347250;8;7;2019;17:04;17251;RUA EUGENIO GADELHA;RUA BAR CANINDE;;0;;Colisão Transversal;Luz do Dia;Bom;Seca;Cruz;Não Há Controle;Residencial;0;0;2;1;0;0;0;0;0;1;0;0;-3,76098;-38,551248
347251;8;7;2019;17:30;0;AV AUGUSTO DOS ANJOS;;;1947;;Colisão Transversal;Anoitecer;Bom;Seca;Meio de Quadra;Não Há Controle;Comercial;0;1;1;1;0;0;0;0;0;1;0;0;-3,782734;-38,581387
347252;8;7;2019;20:57;25653;RUA PRO JOSE DE BARCELOS;RUA GAL BERNARDO FIGUEIREDO;;;;Colisão Transversal;Via Iluminada;Bom;Seca;Cruz;Pare;Residencial;0;0;2;1;0;0;0;0;0;1;0;0;-3,739248;-38,549779
347253;9;7;2019;08:05;0;AV PONTES VIEIRA;;;1599;;Colisão;Luz do Dia;Bom;Seca;;;;0;0;2;0;1;0;0;0;0;1;0;0;-3,751917;-38,506628
347254;9;7;2019;08:41;4167;AV FRANCISCO SA;RUA PLACIDO CARVALHO;;;;Colisão Transversal;Luz do Dia;Bom;Seca;T;Não Há Controle;Comercial;0;1;1;0;0;0;0;0;0;1;0;0;-3,718081;-38,555342
347255;9;7;2019;10:27;0;RUA ROMULO BEZERRA;;;223;;Não Informado;Luz do Dia;Bom;Seca;T;Pare;Residencial;0;0;1;1;0;0;0;0;0;1;0;0;-3,8054189;-38,4575218
347256;9;7;2019;13:30;9028;RUA SOLON PINHEIRO;RUA DEP JOAO PONTES;;;;Colisão Transversal;Luz do Dia;Bom;Seca;Cruz;Pare;Residencial;0;1;1;1;0;0;0;0;0;1;0;0;-3,745689;-38,531463
347257;9;7;2019;15:52;0;AV N CJ JOSE WALTER;AV F CJ JOSE WALTER;;0;;Não Informado;Luz do Dia;Bom;Seca;T;Pare;Comercial;0;1;0;0;0;0;0;0;0;1;0;0;;
347258;9;7;2019;15:00;0;AV PRO GOMES DE MATOS;;;1213;;Colisão Transversal;Luz do Dia;Bom;Seca;;;;0;1;1;0;0;0;0;0;0;1;0;0;-3,763166;-38,547335
347149;9;7;2019;10:40;0;AV LINEU MACHADO;;;1625;;Atropelamento;Luz do Dia;;;Meio de Quadra;;;0;2;0;0;0;0;0;0;0;1;0;0;-3,773669032;-38,58092623
347151;9;7;2019;16:20;0;AV DR SILAS MUNGUBA;;;2620;;Colisão;Luz do Dia;;;Meio de Quadra;;;0;0;2;0;0;0;0;0;0;0;0;0;-3,7864715;-38,5500195
347152;9;7;2019;19:30;0;AV SEN CARLOS JEREISSATI (AEROPORTO);;;;AEROPORTO;Atropelamento;;;;Meio de Quadra;;;0;1;1;0;0;0;1;0;0;0;0;0;-3,780382;-38,541414
346839;9;7;2019;10:20;0;RD CE-040;;;;KM-05;Colisão;Luz do Dia;;Seca;Meio de Quadra;;;0;0;2;1;0;0;0;0;0;0;0;0;-3,800595823;-38,47953463
346841;9;7;2019;15:25;0;RD CE-040;;;;KM-02;Colisão;Luz do Dia;;Seca;Meio de Quadra;;;0;1;1;1;0;0;0;0;0;1;0;0;-3,773616148;-38,4817994
346842;9;7;2019;15:25;0;RD CE-040;;;;KM-11;Colisão;Luz do Dia;;Seca;Meio de Quadra;;;0;0;2;1;0;0;0;0;0;1;0;0;-3,84962623;-38,47606989
347752;9;7;2019;20:31;0;AV PRO JOSE ARTHUR CARVALHO;;;1331;;Queda;;;;Meio de Quadra;;;0;1;0;0;0;0;0;0;0;1;0;0;-3,827069768;-38,46737273
347753;9;7;2019;23:28;22162;AV JOSE BASTOS;RUA PORFIRIO SAMPAIO;;;;Colisão;;;;T;Semáforo;Comercial;0;1;0;0;0;0;0;0;0;0;0;0;-3,745851;-38,546271
347748;9;7;2019;19:33;25063;AV DOS EXPEDICIONARIOS;RUA ARMANDO MONTEIRO;;;;Colisão;;;;Cruz;Pare;Comercial;0;1;0;1;0;0;0;0;0;1;0;0;-3,76223;-38,540372
347749;9;7;2019;20:00;25334;AV D CJ CEARA;AV B CJ CEARA;;;;Colisão;;;;T;Não Há Controle;Residencial;0;1;0;1;0;0;0;0;0;1;0;0;-3,763611;-38,602328
347742;9;7;2019;19:02;3808;AV CARAPINIMA;RUA LUIS DE MIRANDA;;;;Colisão;;;;;;;0;1;0;1;0;0;0;0;0;1;0;0;-3,7381072;-38,5382058
347743;9;7;2019;19:07;0;RUA CARLOS AMORA;;;;;Atropelamento;;;;Meio de Quadra;;;0;1;0;0;0;0;0;0;0;1;0;0;;
347744;9;7;2019;19:12;0;RUA VITORIA REGIA;;;1030;;Queda;;;;Meio de Quadra;;;0;1;0;0;0;0;0;0;0;1;0;0;-3,7673967;-38,5897129
347740;9;7;2019;18:49;0;AV GAL OSORIO DE PAIVA;;;12;;Colisão;;;;Meio de Quadra;;;0;1;0;1;0;0;0;0;0;1;0;0;-3,771715;-38,562208
347724;9;7;2019;17:39;0;RD BR 116;;;3000;KM-03;Colisão;Anoitecer;;;Meio de Quadra;;;0;1;0;1;0;0;0;0;0;1;0;0;-3,779838;-38,514372
347710;9;7;2019;08:15;0;RUA LIDIA BRIGIDO;;;2800;;Colisão;Luz do Dia;;;Meio de Quadra;;;0;1;0;1;0;0;0;0;0;1;0;0;;
347711;9;7;2019;08:41;0;RUA BUENO;;;223;;Colisão;Luz do Dia;;;Meio de Quadra;;;0;1;0;1;0;0;0;0;0;1;0;0;-3,772759154;-38,59375587
347712;9;7;2019;10:29;0;AV EDUARDO GIRAO;;;546;;Colisão;Luz do Dia;;;Meio de Quadra;;;0;1;0;1;0;0;0;0;0;1;0;0;-3,756244236;-38,52875145
347713;9;7;2019;12:01;0;RUA TORRES CAMARA;;;655;;Colisão;Luz do Dia;;;Meio de Quadra;;;0;1;0;1;0;0;0;0;0;1;0;0;-3,736125317;-38,50538549
347714;9;7;2019;12:22;0;AV BAR STUDART;;;100;;Colisão;Luz do Dia;;;Meio de Quadra;;;0;1;0;1;0;1;0;0;0;0;0;0;-3,724274;-38,5032293
347715;9;7;2019;13:22;19366;RUA GERMANO FRANCK;AV DR SILAS MUNGUBA;;;;Colisão;Luz do Dia;;;Cruz;Semáforo;Comercial;0;1;0;0;0;0;0;0;0;1;0;0;-3,777251;-38,562004
347716;9;7;2019;14:14;0;AV SGT HERMINIO SAMPAIO;;;1338;;Colisão;Luz do Dia;;;Meio de Quadra;;;0;1;0;0;0;0;0;0;0;0;0;0;-3,724934333;-38,55266167
347717;9;7;2019;14:55;0;AV JOAO DE ARAUJO LIMA;;;1483;;Colisão;Luz do Dia;;;Meio de Quadra;;;0;1;0;0;0;0;0;0;0;1;0;0;-3,834664247;-38,56095742
347718;9;7;2019;16:44;0;RUA EDUARDO PERDIGAO;;;300;;Colisão;Luz do Dia;;;Meio de Quadra;;;0;1;0;0;0;0;0;0;0;0;0;0;-3,7772;-38,5632
347719;9;7;2019;17:26;0;AV PRS CASTELO BRANCO;;;1223;;Colisão;Anoitecer;;;Meio de Quadra;;;0;1;0;1;0;0;0;0;0;1;0;0;-3,718179;-38,535277
347720;9;7;2019;17:37;15734;RUA DR JOAQUIM BENTO;RUA CAPANEMA;;;;Colisão;Anoitecer;;;;;;0;1;0;1;0;0;0;0;0;1;0;0;-3,82854;-38,488135
347704;9;7;2019;00:31;0;AV CONTORNO OESTE D71;;;;;Queda;;;;Meio de Quadra;;;0;1;0;0;0;0;0;0;0;1;0;0;;
347705;9;7;2019;06:32;24990;AV PRS COSTA E SILVA;AV PRS JUSCELINO KUBITSCHEK (PASSARÉ);;;;Queda;Luz do Dia;;;T;Semáforo;Residencial;0;1;0;0;0;0;0;0;0;1;0;0;-3,825648;-38,539516
347706;9;7;2019;06:48;16057;AV PRS COSTA E SILVA;AV GODOFREDO MACIEL;;;;Queda;Luz do Dia;;;;;;0;1;0;0;0;0;0;0;0;1;0;0;-3,811743;-38,574739
347707;9;7;2019;07:27;0;AV HERACLITO GRACA;;;406;;Atropelamento;Luz do Dia;;;Meio de Quadra;;;0;1;0;0;1;0;0;0;0;0;0;0;-3,734708;-38,520779
347708;9;7;2019;07:50;0;AV JOSE BASTOS;;;5592;;Colisão;Luz do Dia;;;;;;0;1;0;1;0;0;0;0;0;1;0;0;-3,760562;-38,564477
347754;10;7;2019;00:18;0;RUA MON HIPOLITO BRASIL;;;540;;Colisão;;;;Meio de Quadra;;;0;1;0;1;0;1;0;0;0;0;0;0;-3,758957;-38,578731
347755;10;7;2019;05:15;0;RUA BAR SOBRAL;;;342;;Atropelamento;Amanhecer;;;Meio de Quadra;;;0;1;0;1;0;0;0;0;0;0;0;0;-3,7681625;-38,552105
347757;10;7;2019;07:19;19300;RUA GUILHERME PERDIGAO;RUA IGUAPE;;;;Colisão;Luz do Dia;;;T;Pare;Residencial;0;1;0;0;0;0;0;0;0;1;0;0;-3,774678;-38,572212
347758;10;7;2019;07:23;4080;AV JOSE BASTOS;RUA CEARA;;;;Colisão;Luz do Dia;;;Cruz;Semáforo;Comercial;0;1;0;1;0;0;0;0;0;1;0;0;-3,760008;-38,564112
347766;10;7;2019;07:24;0;RUA PDE FRANCISCO PITA;;;720;;Queda;Luz do Dia;;;Meio de Quadra;;;0;1;0;0;0;0;0;0;0;1;0;0;-3,7800358;-38,5049177
347774;10;7;2019;07:27;0;RD BR 116;;;;;Colisão;Luz do Dia;;;Meio de Quadra;;;0;1;0;1;0;0;0;0;0;1;0;0;;
347592;10;7;2019;20:10;0;AV PRS CASTELO BRANCO;;;2031;;Colisão;;;;Meio de Quadra;;;0;0;2;0;0;0;0;0;0;0;0;0;-3,714758714;-38,54595693
347841;10;7;2019;20:05;0;RUA TRES CORACOES;;;591;;Colisão;;;;Meio de Quadra;;;0;1;0;0;0;0;0;0;0;1;0;0;-3,78688;-38,60979
347842;10;7;2019;21:22;0;RUA DOM QUINTINO;;;958;;Colisão;;;;Meio de Quadra;;;0;2;0;0;0;0;0;0;0;1;0;0;-3,71045011;-38,55762859
347836;10;7;2019;19:14;0;AV ENG HUMBERTO MONTE;;;641;;Colisão;;;;Meio de Quadra;;;0;1;0;0;0;0;0;0;0;1;0;0;-3,752633836;-38,55762254
347837;10;7;2019;19:15;0;RUA ALBERTO DE OLIVEIRA;;;;;Colisão;;;;Meio de Quadra;;;0;1;0;1;0;0;0;0;0;1;0;0;;
347844;10;7;2019;21:30;0;RUA ANDRE REBOUCAS;;;125;;Queda;;;;Meio de Quadra;;;0;1;0;0;0;1;0;0;0;0;0;0;-3,774667212;-38,58951442
347811;10;7;2019;14:40;0;RUA ANDRE DALL OLIO;;;540;;Colisão;Luz do Dia;;;Meio de Quadra;;;0;1;0;1;0;0;0;0;0;1;0;0;-3,7368;-38,4793
347812;10;7;2019;14:49;0;AV CONTORNO SUL;;;;;Colisão;Luz do Dia;;;Meio de Quadra;;;0;1;0;1;0;1;0;0;0;0;0;0;;
347819;10;7;2019;16:29;0;AV PERIMETRAL;;;3300;;Colisão;Luz do Dia;;;Meio de Quadra;;;0;1;0;0;0;0;1;0;0;1;0;0;;
347829;10;7;2019;17:19;0;AV GENIBAU;;;127;;Colisão;Anoitecer;;;Meio de Quadra;;;0;1;0;0;0;0;0;0;0;0;0;0;-3,761657091;-38,5959038
347826;10;7;2019;17:13;0;RUA ANGELICA GURGEL;;;226;;Colisão;Anoitecer;;;Meio de Quadra;;;0;1;0;1;0;0;0;0;0;1;0;0;-3,834408951;-38,49905683
347834;10;7;2019;18:53;2803;RUA DR FERNANDO AUGUSTO;RUA VALDEMAR PAES;;;;Colisão;;;;;;;0;2;0;0;0;0;0;0;0;1;0;0;-3,793483;-38,601834