COD_ACIDENTE;DIA;MES;ANO;HORA;INTERSECAO;LOG1;LOG2;LOG3;NUMERO;REFERENCIA;NATUREZA;ILUMINACAO;TEMPO;SUPERFICIEPISTA;TIPOCRUZAMENTO;CONTROLETRAFEGO;USOSOLO;MORTOS;FERIDOS;ILESOS;AUTOMOVEL;ONIBUS;BICICLETA;CAMINHAO;MICROONIBUS;CICLOMOTOR;MOTOCICLETA;TRACAOANIMAL;TREM;LATITUDE;LONGITUDE
347788;10;7;2019;07:30;0;AV BEZERRA DE MENEZES;;;;;Colisão;Luz do Dia;;;Meio de Quadra;;;0;1;0;0;1;1;0;0;0;0;0;0;;
347798;10;7;2019;12:42;0;AV JOVITA FEITOSA;;;2400;;Colisão;Luz do Dia;;;Meio de Quadra;;;0;1;0;1;0;0;0;0;0;1;0;0;-3,740276;-38,558594
347814;10;7;2019;15:15;0;RUA GAL BERNARDO FIGUEIREDO;;;183;;Colisão;Luz do Dia;;;Meio de Quadra;;;0;1;0;1;0;0;0;0;0;1;0;0;-3,7234728;-38,4650509
347790;10;7;2019;09:30;0;AV ALBERTO NEPOMUCENO;;;;;Colisão;Luz do Dia;;;Meio de Quadra;;;0;1;0;1;0;0;0;0;0;1;0;0;;
347791;10;7;2019;09:42;0;RUA ESTADO DO RIO;;;;;Colisão;Luz do Dia;;;Meio de Quadra;;;0;1;0;1;0;0;0;0;0;0;0;0;;
347794;10;7;2019;09:56;0;RUA PDE PEDRO DE ALENCAR;;;1408;;Colisão;Luz do Dia;;;Meio de Quadra;;;0;1;0;1;0;0;0;0;0;1;0;0;-3,840408467;-38,49426884
347795;10;7;2019;11:37;0;AV ANTONIO SALES;;;;;Colisão;Luz do Dia;;;Meio de Quadra;;;0;1;0;1;0;0;0;0;0;1;0;0;;
347796;10;7;2019;12:10;0;RUA PORTO VELHO;;;401;;Colisão;Luz do Dia;;;Meio de Quadra;;;0;1;0;1;0;0;0;0;0;1;0;0;-3,8327473;-38,4945562
346843;10;7;2019;16:00;0;RD BR 222;;;;KM-01;Colisão Lateral;Luz do Dia;Bom;Seca;Meio de Quadra;;;0;0;2;1;0;0;1;0;0;0;0;0;-3,737698444;-38,57814693
346846;10;7;2019;18:15;0;RD CE-040;;;1150;KM-10;Atropelamento;Anoitecer;;Seca;Meio de Quadra;;;0;1;1;0;0;0;0;0;0;1;0;0;-3,84257666;-38,48088284
347259;10;7;2019;06:43;5209;RUA JOAO CORDEIRO;RUA TEN BENEVOLO;;;;Colisão Frontal;Luz do Dia;Bom;Seca;Cruz;Semáforo;Comercial;0;1;1;1;0;1;0;0;0;0;0;0;-3,726514;-38,513424
347260;10;7;2019;08:38;0;AV BEZERRA DE MENEZES;RUA JOSE NOGUEIRA FREIRE;;0;;Colisão;Luz do Dia;Bom;Seca;Meio de Quadra;Semáforo;Comercial;0;0;2;0;0;0;0;1;0;0;0;0;;
347261;10;7;2019;09:45;0;RUA PDE GUERRA;;;1350;;Colisão Lateral;Luz do Dia;Bom;Seca;Meio de Quadra;Não Há Controle;Residencial;0;1;1;0;0;0;0;0;0;1;0;0;-3,7386185;-38,5561435
347262;10;7;2019;12:07;0;AV JOAO PESSOA;;;5455;;Colisão;Luz do Dia;Bom;Seca;Meio de Quadra;Não Há Controle;Comercial;0;1;1;0;1;0;0;0;0;1;0;0;-3,759317;-38,555648
347263;10;7;2019;13:47;9196;RUA SOLON PINHEIRO;RUA COSTA ARAUJO;;;;Colisão;Luz do Dia;Bom;Seca;Cruz;Pare;Comercial;0;1;1;1;0;0;0;0;0;1;0;0;-3,746711;-38,531806
347264;10;7;2019;18:30;1345;RUA LEONARDO MOTA;RUA MARIA TOMASIA;;0;;Não Informado;Via Iluminada;Bom;Seca;Cruz;Pare;Comercial;0;0;2;1;0;0;0;0;0;1;0;0;-3,735853;-38,49607
346438;10;7;2019;17:00;0;RUA WALDIR DIOGO;;;695;;Colisão Traseira;Via Iluminada;Bom;Seca;Meio de Quadra;Não Há Controle;Comercial;0;1;1;1;0;0;0;0;0;1;0;0;-3,805086167;-38,58426025
346440;10;7;2019;08:30;11254;AV GODOFREDO MACIEL;RUA MARIA J. PESSOA;;;;Engavetamento;Luz do Dia;Bom;Seca;T;Pare;Comercial;0;1;3;1;0;0;1;0;0;1;0;0;-3,800885;-38,571303
346515;10;7;2019;19:40;0;AV ABOLICAO;;;4521;;Colisão Traseira;;Bom;Seca;Meio de Quadra;;Residencial;0;0;2;1;1;0;0;0;0;0;0;0;-3,7235213;-38,481022
346524;10;7;2019;23:00;0;RUA PDE PEDRO DE ALENCAR;;;1791;;Colisão;;;;;;;0;1;1;1;0;0;0;0;0;1;0;0;-3,843805;-38,494382
346517;10;7;2019;19:00;3875;RUA SEN POMPEU;RUA PDE MIGUELINHO;;;;Atropelamento;;;;Cruz;Pare;Comercial;0;1;1;1;0;0;0;0;0;0;0;0;-3,742469;-38,534332
346518;10;7;2019;17:00;15732;RUA DR JOAQUIM BENTO;RUA PEDRO II;;;;Colisão Lateral;Anoitecer;;;T;Pare;Comercial;0;1;2;1;0;0;0;0;0;1;0;0;-3,828386;-38,487615
346537;11;7;2019;13:20;1242;RUA COSTA BARROS;RUA DR JOSE LOURENCO;;;;Colisão Lateral;Luz do Dia;Bom;Seca;Cruz;Pare;Comercial;0;0;2;1;0;0;0;0;0;1;0;0;-3,73187;-38,506927
347265;11;7;2019;10:49;0;RUA LAURO NOGUEIRA;;;445;;Atropelamento;Luz do Dia;Bom;Seca;Meio de Quadra;;;0;1;1;1;0;0;0;0;0;0;0;0;-3,7386111;-38,4816666
347266;11;7;2019;14:40;10300;AV SEN FERNANDES TAVORA;RUA JOSE MENDONCA;;;;Colisão Lateral;Luz do Dia;Bom;Seca;Cruz;Semáforo;Comercial;0;1;1;0;1;0;0;0;0;1;0;0;-3,754492;-38,601696
346848;11;7;2019;08:00;0;AV SEN CARLOS JEREISSATI (AEROPORTO);;;;KM 04;Colisão;Luz do Dia;;Molhada;Meio de Quadra;;;0;0;3;1;0;0;0;0;0;0;0;0;-3,77402;-38,550907
346849;11;7;2019;18:50;0;AV ROGACIANO LEITE;;;;;Engavetamento;;;Seca;Meio de Quadra;;;0;0;3;1;0;0;0;0;0;0;0;0;;
346844;11;7;2019;06:10;0;RD BR 116;;;13000;KM-13;Queda;Luz do Dia;Chuva;Molhada;Meio de Quadra;;;0;1;0;0;0;0;0;0;0;1;0;0;-3,86467;-38,497727
346845;11;7;2019;07:40;0;RD BR 116;;;2000;KM-02;Colisão Traseira;Luz do Dia;Chuva;Molhada;Meio de Quadra;;;0;2;1;1;0;0;0;0;0;1;0;0;-3,771391;-38,51678
346851;11;7;2019;14:00;0;RD BR 116;;;4000;KM-04;Colisão Transversal;Luz do Dia;Bom;Seca;Meio de Quadra;;;0;0;2;1;0;0;1;0;0;0;0;0;-3,802354;-38,503869
347845;11;7;2019;05:22;0;AV CARAPINIMA;;;;;Queda;Amanhecer;;;Meio de Quadra;;;0;1;0;0;0;0;0;0;0;1;0;0;;
347846;11;7;2019;07:42;0;RUA BAR ARATANHA;;;1475;;Colisão;Luz do Dia;;;Meio de Quadra;;;0;1;0;1;0;0;0;0;0;1;0;0;-3,745923;-38,530746
347855;11;7;2019;14:59;0;AV DIOGUINHO;;;1060;;Atropelamento;Luz do Dia;;;Meio de Quadra;;;0;1;0;0;0;0;0;0;0;0;0;0;-3,74065;-38,45388
347856;11;7;2019;15:22;0;AV PRS CASTELO BRANCO;;;3865;;Colisão;Luz do Dia;;;Meio de Quadra;;;0;1;0;1;0;0;0;0;0;1;0;0;-3,70890559;-38,56696544
347857;11;7;2019;15:46;0;AV PLACIDO CASTELO;;;124;;Atropelamento;Luz do Dia;;;Meio de Quadra;;;0;1;0;0;0;0;0;0;0;1;0;0;-3,784741;-38,510309
347858;11;7;2019;16:21;0;RUA ZENILO ALMADA;;;702;;Queda;Luz do Dia;;;Meio de Quadra;;;0;1;0;0;0;0;0;0;0;1;0;0;-3,760464;-38,5634134
347849;11;7;2019;08:23;0;RUA TEOFILO GURGEL;;;700;;Colisão;Luz do Dia;;;Meio de Quadra;;;0;1;0;0;0;0;0;0;0;1;0;0;-3,731556662;-38,54616597
347850;11;7;2019;08:53;0;RUA CARLOS CAMARA;;;1547;;Queda;Luz do Dia;;;Meio de Quadra;;;0;1;0;0;0;0;0;0;0;1;0;0;-3,749406;-38,545224
347851;11;7;2019;09:53;0;RUA CON LIMA SUCUPIRA;;;1917;;Colisão;Luz do Dia;;;Meio de Quadra;;;0;1;0;0;0;0;0;0;0;1;0;0;-3,77777;-38,552
347860;11;7;2019;17:40;0;RUA DES HERMES PARAHYBA;;;931;;Colisão;Anoitecer;;;Meio de Quadra;;;0;1;0;0;0;0;0;0;0;0;0;0;-3,712999;-38,591926
347866;11;7;2019;19:49;25420;AV ALM HENRIQUE SABOIA;RUA PRO SILAS RIBEIRO;;;;Atropelamento;;;;Cruz;Semáforo;Comercial;0;1;0;1;0;0;0;0;0;0;0;0;-3,7362582;-38,4849083
347862;11;7;2019;18:43;0;RUA CANDIDO MAIA;;;294;;Colisão;;;;Meio de Quadra;;;0;1;0;0;0;0;1;0;0;1;0;0;-3,737428;-38,5904072
347871;11;7;2019;21:02;0;RUA CARLOS CHAGAS;;;416;;Colisão;;;;Meio de Quadra;;;0;1;0;0;0;0;0;0;0;1;0;0;-3,780519;-38,5838955
347880;11;7;2019;21:17;0;AV I CJ CEARA;;;;;Colisão;;;;Meio de Quadra;;;0;1;0;0;0;0;0;0;0;1;0;0;;
347881;11;7;2019;22:20;0;RUA ANDRE REBOUCAS;;;142;;Colisão;;;;Meio de Quadra;;;0;1;0;1;0;0;0;0;0;1;0;0;-3,77494;-38,5899
347884;11;7;2019;23:21;0;AV ZEZE DIOGO;;;1818;;Queda;;;;Meio de Quadra;;;0;1;0;0;0;0;0;0;0;1;0;0;-3,72309;-38,46219
347593;11;7;2019;10:40;0;AV JOVITA FEITOSA;;;1074;;Colisão;Luz do Dia;;;Meio de Quadra;;;0;0;2;0;0;0;0;0;0;0;0;0;-3,739301462;-38,55366415
347594;11;7;2019;22:17;0;AV AUGUSTO DOS ANJOS;;;2390;;Choque c/ Obstáculo Fixo;;;;Meio de Quadra;;;0;0;1;0;0;0;0;0;0;0;0;0;-3,7869465;-38,5846965
347595;12;7;2019;17:40;0;AV AMERICO BARREIRA;;;6480;;Colisão;Anoitecer;;;Meio de Quadra;;;0;1;0;1;0;0;0;0;0;1;0;0;-3,76708;-38,56933
347596;12;7;2019;17:45;21589;RUA LUIS VIEIRA;RUA DR ESTENIO GOMES;;;;Colisão;Anoitecer;;;Cruz;Outros;Misto;0;1;0;0;0;0;0;0;0;1;0;0;-3,795791;-38,58669
347597;12;7;2019;19:30;0;AV ENG HUMBERTO MONTE;;;1960;;Atropelamento;;;;Meio de Quadra;;;0;1;0;1;0;0;0;0;0;0;0;0;-3,7397207;-38,5681839
347889;12;7;2019;00:04;0;RUA FRANCISCO ALMEIDA;;;;;Colisão;;;;Meio de Quadra;;;0;1;0;1;0;0;0;0;0;1;0;0;;
347892;12;7;2019;00:16;15287;AV ANTONIO JUSTA;RUA PRO DIAS DA ROCHA;;;;Colisão;;;;T;Não Há Controle;Residencial;0;1;0;1;0;0;0;0;0;1;0;0;-3,729209;-38,489665
347930;12;7;2019;10:33;10695;RUA MON HIPOLITO BRASIL;RUA PRO HERIBALDO COSTA;;;;Colisão;Luz do Dia;;;Cruz;Semáforo;Residencial;0;1;0;0;0;0;0;0;0;1;0;0;-3,757069;-38,582275
347931;12;7;2019;10:44;0;RUA MARIA CONSUELO FREIRE;;;585;;Atropelamento;Luz do Dia;;;Meio de Quadra;;;0;1;0;1;0;0;0;0;0;0;0;0;-3,73471;-38,58073
347932;12;7;2019;11:29;5270;AV SANTOS DUMONT;RUA VINTE E CINCO DE MARCO;;;;Colisão;Luz do Dia;;;Cruz;Semáforo;Comercial;0;1;0;1;0;0;0;0;0;1;0;0;-3,72844;-38,522229
347933;12;7;2019;11:36;0;AV CEL CARVALHO;;;1094;;Colisão;Luz do Dia;;;Meio de Quadra;;;0;1;0;1;0;0;0;0;0;1;0;0;-3,711569;-38,589412
347928;12;7;2019;10:26;0;AV PAROARAS;;;8;;Queda;Luz do Dia;;;Meio de Quadra;;;0;1;0;0;0;0;0;0;0;1;0;0;-3,80852;-38,5454636
347918;12;7;2019;05:03;0;AV ALM BARROSO;;;911;;Atropelamento;Amanhecer;;;Meio de Quadra;;;0;1;0;0;0;0;0;0;0;1;0;0;-3,720145038;-38,51476617
347919;12;7;2019;06:57;0;AV B CJ ESPERANCA;;;104;;Colisão;Luz do Dia;;;Meio de Quadra;;;0;1;0;1;0;0;0;0;0;1;0;0;-3,816847785;-38,58913334
347920;12;7;2019;07:01;0;RUA 16 CJ JOSE WALTER;;;308;;Atropelamento;Luz do Dia;;;Meio de Quadra;;;0;1;0;1;0;0;0;0;0;0;0;0;-3,8236114;-38,5563455
347921;12;7;2019;07:04;0;RUA ESTADO DO RIO;;;807;;Colisão;Luz do Dia;;;Meio de Quadra;;;0;1;0;1;0;0;0;0;0;1;0;0;-3,758083667;-38,57060788
347922;12;7;2019;07:47;0;AV GAL OSORIO DE PAIVA;;;5704;;Atropelamento;Luz do Dia;;;Meio de Quadra;;;0;1;0;0;0;0;0;0;0;1;0;0;-3,8064232;-38,6037362
347923;12;7;2019;07:55;19611;AV GODOFREDO MACIEL;RUA NEREU RAMOS;;;;Colisão;Luz do Dia;;;T;Semáforo;Comercial;0;1;0;0;0;0;0;0;0;1;0;0;-3,78725;-38,566802
347924;12;7;2019;08:02;0;RUA CON DE CASTRO;;;5173;;Colisão;Luz do Dia;;;Meio de Quadra;;;0;1;0;1;0;0;0;0;0;1;0;0;-3,808406;-38,59496947
347925;12;7;2019;08:40;0;AV GAL OSORIO DE PAIVA;;;;;Colisão;Luz do Dia;;;Meio de Quadra;;;0;1;0;0;0;0;0;0;0;1;0;0;;
347926;12;7;2019;10:12;7800;AV BAR STUDART;RUA JULIO SIQUEIRA;;;;Colisão;Luz do Dia;;;Cruz;Semáforo;Comercial;0;1;0;1;0;0;0;0;0;1;0;0;-3,748825;-38,511144
347894;12;7;2019;04:04;0;TERM TERMINAL DO ANTONIO BEZERRA;;;;;Atropelamento;;;;Meio de Quadra;;;0;1;0;1;0;0;0;0;0;0;0;0;;
347895;12;7;2019;04:54;0;RUA JULIO GASPAR;;;169;;Queda;;;;Meio de Quadra;;;0;1;0;0;0;0;0;0;0;1;0;0;;
347288;12;7;2019;13:00;12455;AV SEN FERNANDES TAVORA;RUA RIO GRANDE DO SUL;;;;Colisão Transversal;Luz do Dia;Bom;Seca;T;Semáforo;Comercial;0;2;0;0;0;0;0;0;0;1;0;0;-3,768083;-38,572159
347954;12;7;2019;18:10;0;AV PAROARAS;;;1200;;Atropelamento;Anoitecer;;;Meio de Quadra;;;0;1;0;0;0;0;0;0;0;1;0;0;-3,808562;-38,545505
347950;12;7;2019;14:52;0;RUA ANITA GARIBALDI;;;732;;Colisão;Luz do Dia;;;Meio de Quadra;;;0;1;0;1;0;0;0;0;0;1;0;0;-3,787475976;-38,54133434
347948;12;7;2019;14:24;0;RUA DOM JOSE LOURENCO  D27;;;1091;;Colisão;Luz do Dia;;;Meio de Quadra;;;0;1;0;1;0;0;0;0;0;1;0;0;-3,7433762;-38,557956
347943;12;7;2019;13:55;16868;RUA DOS ANCIOES;RUA APOCALIPSE (MONDUBIM);;;;Queda;Luz do Dia;;;;;;0;1;0;0;0;0;0;0;0;1;0;0;-3,832142;-38,574194
347935;12;7;2019;11:45;0;AV CEL CARVALHO;;;1638;;Colisão;Luz do Dia;;;Meio de Quadra;;;0;1;0;1;0;0;0;0;0;1;0;0;-3,717098825;-38,58804405
347936;12;7;2019;12:16;0;AV CARNEIRO DE MENDONCA;;;;;Atropelamento;Luz do Dia;;;Meio de Quadra;;;0;1;0;0;0;0;0;0;0;1;0;0;;
347937;12;7;2019;12:22;0;AV JOSE BASTOS;;;;;Colisão;Luz do Dia;;;Meio de Quadra;;;0;1;0;0;0;0;0;0;0;0;0;0;;
347938;12;7;2019;12:26;0;RUA RAIMUNDO PINHEIRO BASTOS;;;;;Colisão;Luz do Dia;;;Meio de Quadra;;;0;1;0;0;0;0;0;0;0;1;0;0;;
347939;12;7;2019;12:49;0;AV ENG ALBERTO SA;;;1220;;Colisão;Luz do Dia;;;Meio de Quadra;;;0;1;0;1;0;0;0;0;0;1;0;0;-3,735583072;-38,47223521
347940;12;7;2019;13:26;0;RUA JULIO CESAR D12;;;883;;Colisão;Luz do Dia;;;Meio de Quadra;;;0;1;0;1;0;0;0;0;0;1;0;0;-3,750879;-38,543596
347968;12;7;2019;18:38;5709;AV OLIVEIRA PAIVA;AV DES GONZAGA;;;;Atropelamento;;;;Cruz;Semáforo;Escola;0;1;0;0;0;0;0;0;0;1;0;0;-3,797165;-38,499953
347969;12;7;2019;19:43;0;AV ODILON GUIMARAES;;;1423;;Colisão;;;;Meio de Quadra;;;0;1;0;1;0;0;0;0;0;1;0;0;-3,825306;-38,47925282
347970;12;7;2019;20:02;0;RUA PESSOA ANTA;;;142;;Colisão;;;;Meio de Quadra;;;0;2;0;0;0;0;0;0;0;1;0;0;-3,721066295;-38,52167609
347971;12;7;2019;20:03;0;AV ALM BARROSO;;;142;;Colisão;;;;Meio de Quadra;;;0;1;0;0;0;0;0;0;0;1;0;0;;
347972;12;7;2019;20:22;0;RUA OSVALDO ARANHA;;;290;;Queda;;;;Meio de Quadra;;;0;1;0;0;0;0;0;0;0;1;0;0;-3,781501548;-38,57415303
347973;12;7;2019;20:27;0;RUA STA INES D20;;;387;;Colisão;;;;Meio de Quadra;;;0;1;0;1;0;0;1;0;0;0;0;0;-3,711864667;-38,54777747
347986;12;7;2019;20:59;0;AV PERIMETRAL;;;;;Atropelamento;;;;Meio de Quadra;;;0;1;0;0;0;0;0;0;0;1;0;0;;
347990;12;7;2019;21:42;0;AV GODOFREDO MACIEL;;;4505;;Colisão;;;;Meio de Quadra;;;0;1;0;1;0;0;0;0;0;1;0;0;-3,8126678;-38,5749759
346852;12;7;2019;09:30;0;RD CE-040;;;;KM-12;Colisão;Luz do Dia;;Molhada;Meio de Quadra;;;0;0;2;1;0;0;0;0;0;0;0;0;-3,857690949;-38,47204254
347267;12;7;2019;10:37;0;RUA STA ELISA D21;;;1457;;Colisão Frontal;Luz do Dia;Bom;Seca;Meio de Quadra;Não Há Controle;Residencial;0;0;1;1;0;0;0;0;0;1;0;0;-3,703568;-38,566788
347268;12;7;2019;16:15;9992;RUA TEODORO DE CASTRO;RUA AIRES DA CUNHA;;;;Colisão Transversal;Luz do Dia;Bom;Seca;Cruz;Pare;Residencial;0;0;1;1;0;0;0;0;0;1;0;0;-3,779761;-38,605012
347269;12;7;2019;16:35;0;AV LUIZ VIEIRA;RUA EINSTEIN;;0;;Colisão Transversal;Luz do Dia;Bom;Seca;Cruz;Pare;Comercial;0;0;2;1;0;0;0;0;0;1;0;0;-3,7958539;-38,5867362
347270;12;7;2019;01:03;0;AV LINEU MACHADO;;;232;;Colisão Transversal;Via Iluminada;Bom;Seca;Meio de Quadra;Pare;Residencial;0;1;1;1;0;0;0;0;0;1;0;0;-3,7627065;-38,5752185
346557;12;7;2019;14:15;15255;RUA TEN BENEVOLO;RUA MON BRUNO;;;;Colisão Transversal;Luz do Dia;Bom;Seca;Cruz;Pare;Residencial;0;1;1;1;0;0;0;0;0;1;0;0;-3,728332;-38,508124
347998;12;7;2019;22:21;0;RUA TULIPA;;;566;;Colisão;;;;Meio de Quadra;;;0;1;0;1;0;0;0;0;0;1;0;0;-3,715295895;-38,57984974
347999;12;7;2019;22:45;0;RUA DES OTACILIO PEIXOTO;;;200;;Colisão;;;;Meio de Quadra;;;0;1;0;1;0;0;0;0;0;1;0;0;-3,8003;-38,53273
347996;12;7;2019;22:08;0;AV GAL OSORIO DE PAIVA;;;8110;;Atropelamento;;;;Meio de Quadra;;;0;2;0;0;0;0;0;0;0;1;0;0;-3,821695727;-38,61852889
346542;12;7;2019;16:00;0;RUA COS TRISTAO;;;787;;Colisão;Luz do Dia;Bom;Seca;Meio de Quadra;Outros;Residencial;0;1;2;1;0;0;0;0;0;0;0;0;-3,741253;-38,527443
348000;13;7;2019;00:09;0;RUA PEDRO MARTINS;;;530;;Colisão;;;;Meio de Quadra;;;0;1;0;1;0;0;0;0;0;1;0;0;-3,798827;-38,60287969
348001;13;7;2019;05:01;0;RUA JOSE AVELINO;;;515;;Atropelamento;Amanhecer;;;Meio de Quadra;;;0;1;0;1;0;0;0;0;0;0;0;0;-3,72242875;-38,51874558
348002;13;7;2019;05:58;0;AV WASHINGTON SOARES;;;;;Queda;Amanhecer;;;Meio de Quadra;;;0;1;0;0;0;0;0;0;0;1;0;0;;
348003;13;7;2019;06:45;0;AV DOMINGOS OLIMPIO;;;;;Queda;Luz do Dia;;;Meio de Quadra;;;0;1;0;0;0;0;0;0;0;1;0;0;;
348009;13;7;2019;07:19;0;AV DOM MANUEL;;;1387;;Queda;Luz do Dia;;;Meio de Quadra;;;0;1;0;0;0;0;0;0;0;1;0;0;-3,736008855;-38,52360773
348010;13;7;2019;08:04;0;AV PRS JUSCELINO KUBITSCHEK (PASSARÉ);;;4547;;Colisão;Luz do Dia;;;Meio de Quadra;;;0;0;1;1;0;0;0;0;0;1;0;0;-3,819063963;-38,53363052
348014;13;7;2019;08:33;9132;AV 13 DE MAIO;RUA JAIME BENEVOLO;;;;Queda;Luz do Dia;;;Cruz;Semáforo;Comercial;0;1;0;0;0;0;0;0;0;1;0;0;-3,748122;-38,530741
348019;13;7;2019;09:13;0;RUA SEN POMPEU;;;311;;Colisão;Luz do Dia;;;Meio de Quadra;;;0;1;0;1;0;0;0;0;0;1;0;0;-3,7226021;-38,5283073
348007;13;7;2019;07:12;0;AV GODOFREDO MACIEL;;;5923;;Colisão;Luz do Dia;;;Meio de Quadra;;;0;1;0;1;0;0;0;0;0;1;0;0;-3,826527857;-38,57951771
348022;13;7;2019;09:43;0;RUA MIN ABNER VASCONCELOS;;;972;;Colisão;Luz do Dia;;;Meio de Quadra;;;0;1;0;1;0;0;0;0;0;1;0;0;-3,79675;-38,47903
348023;13;7;2019;10:04;0;AV COSTA OESTE;;;331;;Atropelamento;Luz do Dia;;;Meio de Quadra;;;0;1;0;0;0;0;0;0;0;1;0;0;-3,6964363;-38,5791466
348024;13;7;2019;10:16;0;RUA ESTADO DO RIO;;;299;;Queda;Luz do Dia;;;Meio de Quadra;;;0;1;0;0;0;0;0;0;0;1;0;0;-3,753382043;-38,56760448
348025;13;7;2019;10:40;0;AV ALBERTO NEPOMUCENO;;;;;Atropelamento;Luz do Dia;;;Meio de Quadra;;;0;1;0;1;0;0;0;0;0;0;0;0;;
348040;13;7;2019;11:41;0;AV PRS CASTELO BRANCO;;;;;Atropelamento;Luz do Dia;;;Meio de Quadra;;;0;1;0;0;0;0;0;0;0;1;0;0;;
348041;13;7;2019;11:49;0;AV PRO JOSE ARTHUR CARVALHO;;;1450;;Colisão;Luz do Dia;;;Meio de Quadra;;;0;1;0;1;0;0;0;0;0;1;0;0;-3,826726918;-38,46636208
348042;13;7;2019;13:39;0;AV PRS CASTELO BRANCO;;;3020;;Colisão;Luz do Dia;;;Meio de Quadra;;;0;1;0;1;0;0;0;0;0;0;0;0;-3,711787606;-38,55613496
348043;13;7;2019;15:18;0;RUA OLIVEIRA FILHO;;;1401;;Colisão;Luz do Dia;;;Meio de Quadra;;;0;1;0;1;0;0;0;0;0;1;0;0;-3,73013;-38,46242
348044;13;7;2019;15:43;0;AV PRS COSTA E SILVA;;;531;;Colisão;Luz do Dia;;;Meio de Quadra;;;0;2;0;1;0;0;0;0;0;1;0;0;-3,8120618;-38,5735286
348045;13;7;2019;15:56;0;RUA CEL RIBEIRO DA SILVA;;;7782;;Queda;Luz do Dia;;;Meio de Quadra;;;0;1;0;0;0;1;0;0;0;0;0;0;;
348046;13;7;2019;16:07;0;RUA MIN ALBUQUERQUE LIMA;;;418;;Queda;Luz do Dia;;;Meio de Quadra;;;0;1;0;0;0;1;0;0;0;0;0;0;-3,768335;-38,5757522
348047;13;7;2019;16:45;0;RUA SILVEIRA DA MOTA;;;252;;Colisão;Luz do Dia;;;Meio de Quadra;;;0;1;0;1;0;0;0;0;0;1;0;0;-3,815001508;-38,4957834
348048;13;7;2019;18:13;0;AV PERIMETRAL;;;1133;;Atropelamento;Anoitecer;;;Meio de Quadra;;;0;1;0;0;0;0;0;0;0;1;0;0;-3,785971189;-38,59012319
348049;13;7;2019;18:23;0;RUA CEL MATOS DOURADO;;;;;Colisão;Anoitecer;;;Meio de Quadra;;;0;1;0;0;0;0;0;0;0;1;0;0;;
348050;13;7;2019;19:41;21483;AV MIN JOSE AMERICO;RUA ARAUJO TORREAO;;;;Colisão;;;;Cruz;Não Há Controle;Residencial;0;1;0;1;0;0;0;0;0;1;0;0;-3,811926;-38,497336
348051;13;7;2019;19:58;0;RUA CON DE CASTRO;;;7150;;Queda;;;;Meio de Quadra;;;0;1;0;0;0;1;0;0;0;0;0;0;-3,817302435;-38,60078237
348052;13;7;2019;20:27;0;AV JOSE BASTOS;;;;;Colisão;;;;Meio de Quadra;;;0;1;0;1;0;0;0;0;0;1;0;0;;
348053;13;7;2019;20:29;0;RUA 2 PQ SANTANA;;;;;Colisão;;;;Meio de Quadra;;;0;1;0;0;0;0;0;0;0;0;0;0;;
348054;13;7;2019;22:09;0;VL JOAO XXIII;;;507;;Colisão;;;;Meio de Quadra;;;0;1;0;0;0;0;0;0;0;1;0;0;-3,78934;-38,59553
348055;13;7;2019;22:54;12646;RUA GUILHERME MENDES;RUA ERETIDES ALENCAR;;;;Colisão;;;;Cruz;Pare;Residencial;0;2;0;1;0;0;0;0;0;1;0;0;-3,721082;-38,582412
347271;13;7;2019;01:20;3188;RUA EMILIO DE MENESES;RUA LUZIA MOREIRA;;0;;Colisão Transversal;Mal Iluminada;Bom;Seca;Cruz;Pare;Residencial;0;0;2;1;0;0;0;0;0;0;0;0;-3,780117;-38,593217
347272;13;7;2019;08:23;0;AV JUSCELINO KUBITSCHEK (CANINDEZINHO);;;4547;;Colisão Lateral;Anoitecer;Chuva;Molhada;Meio de Quadra;Não Há Controle;Comercial;0;1;1;1;0;0;0;0;0;1;0;0;-3,8215619;-38,5353112
347273;13;7;2019;10:55;0;AV ALBERTO NEPOMUCENO;;;0;;Não Informado;Luz do Dia;Chuva;Molhada;Outros;Não Há Controle;Comercial;0;0;4;1;0;0;0;0;0;0;0;0;;
347274;13;7;2019;14:06;0;AV ENG SANTANA JUNIOR;;;2698;;Colisão Traseira;Luz do Dia;Bom;Seca;Outros;Pare;Comercial;0;1;2;1;1;0;0;0;0;1;0;0;-3,744874457;-38,48890654
347275;13;7;2019;13:10;5402;RUA VINTE E QUATRO DE MAIO;RUA METON DE ALENCAR;;0;;Colisão Traseira;Luz do Dia;Bom;Seca;Cruz;Pare;Comercial;0;1;2;1;0;0;0;0;0;1;0;0;-3,732626;-38,533848
347276;13;7;2019;01:00;19328;RUA EDUARDO PERDIGAO;RUA CON DE CASTRO;;;;Colisão Transversal;Via Iluminada;Bom;Seca;Cruz;Pare;Comercial;0;0;3;0;1;0;0;0;0;1;0;0;-3,775579;-38,564769
346853;13;7;2019;09:45;0;RD BR 116;;;8000;KM-08;Colisão;Luz do Dia;Chuva;Molhada;Meio de Quadra;;;0;1;1;0;0;1;1;0;0;0;0;0;-3,822018;-38,503269