COD_ACIDENTE;DIA;MES;ANO;HORA;INTERSECAO;LOG1;LOG2;LOG3;NUMERO;REFERENCIA;NATUREZA;ILUMINACAO;TEMPO;SUPERFICIEPISTA;TIPOCRUZAMENTO;CONTROLETRAFEGO;USOSOLO;MORTOS;FERIDOS;ILESOS;AUTOMOVEL;ONIBUS;BICICLETA;CAMINHAO;MICROONIBUS;CICLOMOTOR;MOTOCICLETA;TRACAOANIMAL;TREM;LATITUDE;LONGITUDE
346854;13;7;2019;17:00;0;RD CE-040;;;;KM-08;Colisão;Anoitecer;;Seca;Meio de Quadra;;;0;0;2;1;0;0;0;0;0;0;0;0;-3,825515822;-38,48153832
346855;13;7;2019;17:40;0;RD CE-040;;;;KM-08;Colisão;Anoitecer;;Seca;Meio de Quadra;;;0;0;2;1;0;0;0;0;0;0;0;0;-3,825515822;-38,48153832
346866;13;7;2019;19:20;0;RD BR 116;;;3000;KM-03;Colisão Traseira;;Bom;Seca;Meio de Quadra;;;0;0;3;1;0;0;0;0;0;0;0;0;-3,779838;-38,514372
346600;13;7;2019;02:00;0;AV BENJAMIM BRASIL;;;554;;Choque c/ Obstáculo Fixo;Via Iluminada;Chuva;Molhada;Meio de Quadra;Não Há Controle;Residencial;0;1;0;0;0;0;0;0;0;0;0;0;-3,804430273;-38,56824014
346601;13;7;2019;11:30;0;AV DEP PAULINO ROCHA;;;40;;Colisão Traseira;Luz do Dia;;Molhada;Meio de Quadra;;Residencial;0;1;1;0;0;0;0;0;0;1;0;0;-3,801032;-38,507311
346602;13;7;2019;11:00;0;RUA CEL JUCA;;;1097;;Colisão Traseira;Luz do Dia;Bom;Seca;Meio de Quadra;;Residencial;0;1;1;1;0;0;0;0;0;1;0;0;-3,74193;-38,49265
346591;13;7;2019;14:00;7892;RUA PRO DIAS DA ROCHA;RUA PRO FRANCISCO GONCALVES;;;;Colisão Lateral;Luz do Dia;Bom;Seca;Cruz;Pare;Residencial;0;1;1;1;0;0;0;0;0;1;0;0;-3,748582;-38,495852
346632;13;7;2019;14:20;0;AV JOSE JATAHY;;;1183;;Colisão Lateral;Luz do Dia;Bom;Seca;Outros;Não Há Controle;Residencial;0;2;1;1;0;0;0;0;0;1;0;0;-3,7321756;-38,5446301
347284;13;7;2019;17:32;0;AV CARNEIRO DE MENDONCA;;;750;;Atropelamento;Via Iluminada;Bom;Seca;;;;0;1;0;0;0;0;0;0;0;0;0;0;-3,764109;-38,566759
347600;13;7;2019;14:55;0;RUA JOSE ADAIL DOS SANTOS;;;44;;Colisão;Luz do Dia;;;Meio de Quadra;;;0;0;2;0;0;0;0;0;0;0;0;0;-3,7358333;-38,5680555
347601;14;7;2019;16:51;0;RUA OSCAR ARARIPE;;;3153;;Colisão;Luz do Dia;;;Meio de Quadra;;;0;1;0;0;0;0;0;0;0;1;0;0;-3,785079;-38,618664
346635;14;7;2019;19:45;24913;AV DA INDEPENDENCIA;AV MOZART PINHEIRO DE LUCENA;;;;Colisão Lateral;Mal Iluminada;Bom;Seca;Cruz;Semáforo;Comercial;0;1;1;1;0;0;0;0;1;0;0;0;-3,724957;-38,597615
346871;14;7;2019;00:10;0;RD BR 116;;;4000;KM-04;Queda;;Nublado;Seca;Meio de Quadra;;;0;2;1;1;0;0;0;0;0;1;0;0;-3,802354;-38,503869
346872;14;7;2019;18:30;0;RD BR 116;;;9000;KM-09;Colisão Traseira;Anoitecer;Bom;Seca;Meio de Quadra;;;0;1;1;1;0;0;0;0;0;1;0;0;-3,830837;-38,504865
346856;14;7;2019;03:30;0;RD CE-060;;;;KM-03;Choque c/ Obstáculo Fixo;;;Seca;Meio de Quadra;;;0;3;2;1;0;0;0;0;0;0;0;0;-3,843038;-38,585133
346858;14;7;2019;13:00;0;ROD CE 010;;;;;Colisão;Luz do Dia;;Seca;Meio de Quadra;;;0;0;1;0;0;0;0;0;0;0;0;0;;
347277;14;7;2019;02:58;0;RUA GUSTAVO SAMPAIO;;;1992;;Colisão Frontal;Via Iluminada;Bom;Seca;Meio de Quadra;Não Há Controle;Residencial;0;0;2;1;0;0;0;0;0;0;0;0;-3,73643175;-38,56212875
347278;14;7;2019;15:22;0;AV PONTES VIEIRA;;;2080;;Colisão Traseira;Luz do Dia;Bom;Seca;Meio de Quadra;Semáforo;Comercial;0;0;2;0;0;0;0;0;0;1;0;0;-3,7514535;-38,502674
347279;14;7;2019;20:21;0;AV JOSE SABOIA;;;521;;Colisão;Via Iluminada;Bom;Seca;Meio de Quadra;Não Há Controle;Industrial;0;0;1;1;0;0;0;0;0;0;0;0;-3,717147658;-38,46740949
348063;14;7;2019;01:44;0;AV DEP PAULINO ROCHA;;;;;Queda;;;;Meio de Quadra;;;0;1;0;0;0;0;0;0;0;1;0;0;;
348070;14;7;2019;06:59;0;AV ALM HENRIQUE SABOIA;;;268;;Queda;Luz do Dia;;;Meio de Quadra;;;0;2;0;0;0;0;0;0;0;1;0;0;-3,724543;-38,4804985
348071;14;7;2019;07:32;0;RUA BAIXA DO MILAGRE;;;3724;;Colisão;Luz do Dia;;;Meio de Quadra;;;0;1;0;0;0;0;0;0;0;0;0;0;-3,734024659;-38,60056454
348072;14;7;2019;09:04;0;RUA VIS CAIRU;;;80;;Atropelamento;Luz do Dia;;;Meio de Quadra;;;0;1;0;1;0;0;0;0;0;0;0;0;-3,72533;-38,46163
348097;14;7;2019;15:52;24452;AV LAURO VIEIRA CHAVES;AV LUCIANO CARNEIRO;;;;Colisão;Luz do Dia;;;Com Via Férrea;Pare;Comercial;0;1;0;1;0;0;0;0;0;1;0;0;-3,772172;-38,538894
348098;14;7;2019;16:25;0;RUA CANDIDO MAIA;;;294;;Atropelamento;Luz do Dia;;;Meio de Quadra;;;0;1;0;0;0;0;0;0;0;1;0;0;-3,737428;-38,5904072
348099;14;7;2019;16:35;0;RUA BRI TORRES;;;1364;;Atropelamento;Luz do Dia;;;Meio de Quadra;;;0;1;0;0;0;0;0;0;0;1;0;0;-3,769685268;-38,58201805
348079;14;7;2019;09:35;0;RUA PEDRO DANTAS;;;202;;Colisão;Luz do Dia;;;Meio de Quadra;;;0;1;0;1;0;0;0;0;0;1;0;0;-3,786430769;-38,51898335
348080;14;7;2019;11:58;0;AV JOSE BASTOS;;;3112;;Choque c/ Obstáculo Fixo;Luz do Dia;;;Meio de Quadra;;;0;1;0;0;0;0;0;0;0;1;0;0;-3,7444711;-38,5450488
348081;14;7;2019;12:26;0;AV B CJ CEARA;;;92;;Queda;Luz do Dia;;;Meio de Quadra;;;0;1;0;0;0;0;0;0;0;1;0;0;-3,763536333;-38,60330067
348082;14;7;2019;14:45;0;AV BENJAMIM BRASIL;;;;;Colisão;Luz do Dia;;;Meio de Quadra;;;0;1;0;1;0;1;0;0;0;0;0;0;;
348084;14;7;2019;14:50;0;AV RAD JOSE LIMA VERDE;;;1260;;Queda;Luz do Dia;;;Meio de Quadra;;;0;1;0;0;0;0;0;0;0;1;0;0;-3,7030335;-38,5914185
348085;14;7;2019;15:03;0;RUA NOVA CONQUISTA (GRANJA LISBOA);;;407;;Atropelamento;Luz do Dia;;;Meio de Quadra;;;0;1;0;1;0;0;0;0;0;0;0;0;-3,7915117;-38,6125449
348086;14;7;2019;15:13;2750;RUA VALDEMAR PAES;RUA OSCAR FRANCA;;;;Colisão;Luz do Dia;;;Cruz;Pare;Residencial;0;2;0;1;0;0;0;0;0;1;0;0;-3,791393;-38,60117
348123;14;7;2019;19:11;6897;RUA SETEMBRINA;RUA MAGNA;;;;Queda;;;;;;;0;1;0;0;0;0;0;0;0;1;0;0;-3,8116;-38,596719
348118;14;7;2019;19:11;0;AV BAR STUDART;;;729;;Colisão;;;;Meio de Quadra;;;0;1;0;1;0;0;0;0;0;1;0;0;-3,730467538;-38,50525162
348126;14;7;2019;19:29;0;AV CEL CARVALHO;;;597;;Queda;;;;Meio de Quadra;;;0;1;0;0;0;0;0;0;0;1;0;0;-3,7066708;-38,5906898
348140;14;7;2019;20:33;0;RUA ALTANEIRA;;;670;;Atropelamento;;;;Meio de Quadra;;;0;1;0;1;0;0;0;0;0;0;0;0;-3,7269967;-38,5845475
348141;14;7;2019;20:40;0;RUA MARCELINO LOPES;;;2217;;Colisão;;;;Meio de Quadra;;;0;1;0;0;0;0;0;0;0;0;0;0;-3,7922853;-38,4688066
348142;14;7;2019;20:43;0;RUA 44 CJ HAB ST S JOAO;;;200;;Queda;;;;Meio de Quadra;;;0;2;0;0;0;0;0;0;0;1;0;0;-3,853309907;-38,51208816
348143;14;7;2019;21:14;0;AV CEL CARVALHO;;;1000;;Atropelamento;;;;Meio de Quadra;;;0;1;0;1;0;0;0;0;0;0;0;0;-3,711144;-38,589524
348144;14;7;2019;21:20;0;AV JOSE BASTOS;;;;;Colisão;;;;Meio de Quadra;;;0;1;0;1;0;0;0;0;0;0;0;0;;
348145;14;7;2019;21:53;0;AV PRS JUSCELINO KUBITSCHEK (PASSARÉ);;;1099;;Queda;;;;Meio de Quadra;;;0;1;0;0;0;0;0;0;0;1;0;0;-3,8186051;-38,5334149
348146;14;7;2019;23:30;0;RUA G CJ VILA VELHA;;;;;Queda;;;;Meio de Quadra;;;0;1;0;0;0;0;0;0;0;1;0;0;;
348147;14;7;2019;23:31;0;RUA COSTA BARROS;;;2070;;Atropelamento;;;;Meio de Quadra;;;0;1;0;0;0;0;0;0;0;1;0;0;-3,732398;-38,505318
348148;14;7;2019;23:37;0;AV GODOFREDO MACIEL;;;1021;;Colisão;;;;Meio de Quadra;;;0;2;0;1;0;0;0;0;0;1;0;0;-3,785124;-38,566394
348149;14;7;2019;23:44;0;RUA JOSE AUGUSTO;;;55;;Atropelamento;;;;Meio de Quadra;;;0;1;0;1;0;0;0;0;0;0;0;0;-3,799547819;-38,5184569
348105;14;7;2019;17:22;0;AV WASHINGTON SOARES;;;;;Colisão;Anoitecer;;;Meio de Quadra;;;0;2;0;0;0;0;0;0;0;1;0;0;;
348186;15;7;2019;19:05;0;AV BEIRA MAR;;;3000;;Atropelamento;;;;Meio de Quadra;;;0;2;0;0;0;0;0;0;0;0;0;0;-3,725914;-38,4937895
348188;15;7;2019;19:59;0;RUA SABINO MONTE;;;444;;Queda;;;;Meio de Quadra;;;0;1;0;0;0;1;0;0;0;0;0;0;-3,7225671;-38,5559003
348190;15;7;2019;20:02;0;AV MAE LISBOA;;;;;Colisão;;;;Meio de Quadra;;;0;1;0;0;0;0;0;0;0;1;0;0;;
348191;15;7;2019;22:29;0;AV JOR JOAO RAMOS;;;2801;;Colisão;;;;Meio de Quadra;;;0;1;0;0;1;0;0;0;0;1;0;0;;
348193;15;7;2019;23:13;0;RUA JOSE BAIMA;;;45;;Queda;;;;Meio de Quadra;;;0;1;0;0;0;0;0;0;0;1;0;0;-3,8285754;-38,4812201
348175;15;7;2019;16:28;0;AV DR THEBERGE;;;2354;;Colisão;Luz do Dia;;;Meio de Quadra;;;0;1;0;0;0;0;0;0;0;0;0;0;-3,7223016;-38,5674764
348177;15;7;2019;16:37;0;AV GAL OSORIO DE PAIVA;;;;;Colisão;Luz do Dia;;;Meio de Quadra;;;0;1;0;0;0;0;0;0;0;1;0;0;;
348178;15;7;2019;16:43;0;AV GENIBAU;;;102;;Atropelamento;Luz do Dia;;;Meio de Quadra;;;0;2;0;0;0;0;0;0;0;0;0;0;-3,761816016;-38,59525657
348179;15;7;2019;18:00;0;AV CEL CARVALHO;;;163;;Colisão;Anoitecer;;;Meio de Quadra;;;0;1;0;0;0;1;0;0;0;1;0;0;-3,704411241;-38,59130701
348180;15;7;2019;18:31;0;RUA VER PEDRO PAULO MOREIRA;;;1021;;Colisão;;;;Meio de Quadra;;;0;1;0;1;0;0;0;0;0;1;0;0;-3,78731;-38,48623
348171;15;7;2019;11:51;24017;AV AREIA BRANCA;RUA CRISTO SALVADOR;;;;Colisão;Luz do Dia;;;;;;0;1;0;0;0;0;0;0;0;0;0;0;-3,727646;-38,475675
348172;15;7;2019;13:02;0;AV JOVITA FEITOSA;;;1195;;Colisão;Luz do Dia;;;Meio de Quadra;;;0;1;0;1;0;0;0;0;0;1;0;0;-3,739649;-38,555411
348173;15;7;2019;14:45;0;RUA EMILIO DE MENESES;;;1356;;Colisão;Luz do Dia;;;Meio de Quadra;;;0;1;0;1;0;0;0;0;0;1;0;0;-3,7799961;-38,5936747
348159;15;7;2019;03:15;0;AV PERIMETRAL;;;;;Queda;;;;Meio de Quadra;;;0;1;0;0;0;0;0;0;0;1;0;0;;
348161;15;7;2019;08:27;0;RUA 23 DE JUNHO;;;2343;;Colisão;Luz do Dia;;;Meio de Quadra;;;0;1;0;0;0;0;0;0;0;1;0;0;-3,780703835;-38,61248517
348162;15;7;2019;09:33;0;RUA JOSE MENDONCA;;;923;;Colisão;Luz do Dia;;;Meio de Quadra;;;0;1;0;0;0;0;0;0;0;0;0;0;-3,755376764;-38,60186333
348163;15;7;2019;10:34;0;RUA JAIME BENEVOLO;;;1588;;Colisão;Luz do Dia;;;Meio de Quadra;;;0;1;0;1;0;0;0;0;0;1;0;0;-3,74611375;-38,530067
348164;15;7;2019;10:45;3831;AV 13 DE MAIO;RUA MAL DEODORO;;;;Colisão;Luz do Dia;;;Cruz;Semáforo;Comercial;0;1;0;0;0;0;0;0;0;1;0;0;-3,743122;-38,536588
347280;15;7;2019;06:08;0;AV BERNARDO MANUEL;AV BENJAMIM BRASIL;;;;Colisão Traseira;Luz do Dia;Bom;Seca;Meio de Quadra;Semáforo;Comercial;0;1;1;0;0;0;1;0;0;1;0;0;;
347281;15;7;2019;14:45;5332;RUA PEDRO I;RUA SEN POMPEU;;;;Colisão;Luz do Dia;Bom;Seca;Cruz;Semáforo;Comercial;0;1;1;0;1;0;0;0;0;1;0;0;-3,730553;-38,530728
347282;15;7;2019;13:02;0;AV TRISTAO GONCALVES;;;570;HOSPITAL CESAR CALS;Colisão Lateral;Luz do Dia;Bom;Seca;Meio de Quadra;;;0;2;1;0;0;0;0;0;0;1;0;0;-3,726392;-38,5329865
347283;15;7;2019;14:10;0;AV IMPERADOR;;;620;;Colisão Lateral;Luz do Dia;Bom;Seca;Meio de Quadra;Não Há Controle;Comercial;0;2;0;1;0;0;0;0;0;1;0;0;-3,726667913;-38,53430291
346860;15;7;2019;20:00;0;ROD CE 010;;;;;Colisão;;;Seca;Meio de Quadra;;;0;0;3;0;0;0;0;0;0;1;0;0;;
346873;15;7;2019;18:30;0;RD BR 116;;;12000;KM-12;Atropelamento;Anoitecer;Bom;Seca;Meio de Quadra;;;0;1;1;0;0;0;0;0;0;0;0;0;-3,85574;-38,496066
346636;15;7;2019;21:00;1519;RUA PDE VALDEVINO;RUA CARLOS VASCONCELOS;;;;Colisão Transversal;Via Iluminada;Bom;Seca;Cruz;Semáforo;Comercial;0;1;1;1;0;0;0;0;0;1;0;0;-3,740277;-38,51319
346640;15;7;2019;23:47;3875;RUA SEN POMPEU;RUA PDE MIGUELINHO;;;;Colisão Transversal;Via Iluminada;Bom;Seca;Cruz;Pare;Comercial;0;1;1;0;0;0;0;0;0;1;0;0;-3,742469;-38,534332
347285;15;7;2019;19:20;0;AV GAL OSORIO DE PAIVA;;;4235;;Colisão Lateral;Via Iluminada;Bom;Seca;;;;0;1;1;0;0;0;0;0;0;1;0;0;-3,795776923;-38,5934
347286;16;7;2019;06:00;22158;AV JOSE BASTOS;RUA GUSTAVO BRAGA;;0;;Colisão Traseira;Luz do Dia;Nublado;Molhada;T;Semáforo;Comercial;0;0;1;1;0;0;0;0;0;1;0;0;-3,751535;-38,551989
347287;16;7;2019;08:00;17428;RUA CESAR ROSSAS;RUA ALBERTO MAGNO;;0;;Colisão Traseira;Luz do Dia;Bom;Seca;Cruz;Semáforo;Comercial;0;1;1;1;0;0;0;0;0;1;0;0;-3,768561;-38,552686
347289;16;7;2019;10:00;7765;RUA DOM EXPEDITO LOPES;RUA TIBURCIO CAVALCANTE;;;;Colisão Transversal;Luz do Dia;Bom;Seca;Cruz;Semáforo;Residencial;0;1;1;1;0;0;0;0;0;1;0;0;-3,743802;-38,505097
347290;16;7;2019;13:04;0;AV CASTELO DE CASTRO;RUA L (CJ JOAO PAULO II);;0;;Colisão Lateral;Luz do Dia;Bom;Seca;T;Pare;Residencial;0;0;2;0;0;0;0;0;0;1;0;0;-3,8272102;-38,52119
347291;16;7;2019;14:10;0;RUA PERDIGAO DE OLIVEIRA;;;320;;Colisão;Luz do Dia;Bom;Seca;Meio de Quadra;Não Há Controle;Residencial;0;1;1;0;0;0;0;0;0;1;0;0;-3,776360509;-38,57269691
347292;16;7;2019;16:51;25018;RUA TEODOMIRO DE CASTRO;RUA FRANCISCO CALACA;;;;Colisão Transversal;Luz do Dia;Bom;Seca;T;Pare;Industrial;0;1;2;1;0;0;0;0;0;1;0;0;-3,717748;-38,57438
347293;16;7;2019;20:18;10703;RUA PRO HERIBALDO COSTA;RUA PRO PAULO LOPES;;0;;Não Informado;Via Iluminada;Bom;Seca;T;Pare;Residencial;0;1;1;1;0;0;0;0;0;1;0;0;-3,75802;-38,5828
346641;16;7;2019;09:00;1243;RUA DR JOSE LOURENCO;RUA PEREIRA FILGUEIRAS;;;;Colisão Lateral;Luz do Dia;Bom;Seca;Cruz;Pare;Comercial;0;1;1;0;0;0;0;0;0;1;0;0;-3,730449;-38,50647
346644;16;7;2019;21:15;0;AV DR THEBERGE;;;;;Colisão Lateral Sentido Oposto;Via Iluminada;Bom;Seca;Meio de Quadra;Outros;Residencial;0;0;1;1;0;0;0;0;0;0;0;0;;
346874;16;7;2019;13:40;0;RD BR 116;;;1000;KM-01;Choque c/ Obstáculo Fixo;Luz do Dia;Bom;Seca;Meio de Quadra;;;0;0;1;1;0;0;0;0;0;0;0;0;-3,762554;-38,518702
348206;16;7;2019;07:18;0;AV VICENTE DE CASTRO;;;4917;;Colisão;Luz do Dia;;;Meio de Quadra;;;0;1;0;0;0;0;0;0;0;0;0;0;-3,7198;-38,47594
348271;16;7;2019;18:39;0;RUA SAO JOSE D22;;;467;;Queda;;;;Meio de Quadra;;;0;1;0;0;0;0;0;0;0;1;0;0;-3,7024;-38,56949
348272;16;7;2019;20:16;0;RUA PRIMEIRO DE JANEIRO;;;422;;Colisão;;;;Meio de Quadra;;;0;2;0;0;0;0;0;0;0;1;0;0;-3,78522;-38,56471
348200;16;7;2019;06:05;0;AV JOSE BASTOS;;;7378;;Colisão;Luz do Dia;;;Meio de Quadra;;;0;1;0;1;0;0;0;0;0;1;0;0;;
348262;16;7;2019;18:23;0;AV PRO JOSE ARTHUR CARVALHO;;;1815;;Colisão;Anoitecer;;;Meio de Quadra;;;0;1;0;1;0;0;0;0;0;1;0;0;-3,82127;-38,45223
348260;16;7;2019;18:19;12682;AV CEL CARVALHO;RUA DEP MATOSO FILHO;;;;Colisão;Anoitecer;;;T;Não Há Controle;Comercial;0;1;0;1;0;0;0;0;0;1;0;0;-3,729932;-38,58478
348217;16;7;2019;09:33;0;RUA CEARA;;;404;;Colisão;Luz do Dia;;;Meio de Quadra;;;0;2;0;1;0;0;0;0;0;1;0;0;-3,761835;-38,561361
348218;16;7;2019;09:43;0;RUA OFIR;;;207;;Colisão;Luz do Dia;;;Meio de Quadra;;;0;1;0;1;0;0;0;0;0;1;0;0;-3,78881;-38,5481734
348219;16;7;2019;11:41;5490;AV AGUANAMBI;RUA PDE VALDEVINO;;;;Atropelamento;Luz do Dia;;;;;;0;1;0;1;0;0;0;0;0;0;0;0;-3,736873;-38,523967
348220;16;7;2019;12:02;0;RUA GOMES PASSOS;;;678;;Colisão;Luz do Dia;;;Meio de Quadra;;;0;1;0;0;0;0;0;0;0;1;0;0;-3,71077;-38,56252
348221;16;7;2019;13:02;0;RUA CESAR ROSSAS;;;1366;;Colisão;Luz do Dia;;;Meio de Quadra;;;0;1;0;0;0;0;0;0;0;1;0;0;-3,75451;-38,54677
348222;16;7;2019;13:52;0;RUA BERNARDO MANUEL;;;10141;;Colisão;Luz do Dia;;;Meio de Quadra;;;0;1;0;0;0;0;0;0;0;0;0;0;-3,807176054;-38,553976
348223;16;7;2019;15:21;0;AV DIOGUINHO;;;;;Queda;Luz do Dia;;;Meio de Quadra;;;0;0;1;0;0;0;0;0;0;1;0;0;;
348224;16;7;2019;15:23;0;RUA JULIO SILVA;;;440;;Colisão;Luz do Dia;;;Meio de Quadra;;;0;1;0;0;0;0;0;0;0;1;0;0;-3,74537;-38,45462
348225;16;7;2019;15:29;0;ROD CE 010;;;;;Queda;Luz do Dia;;;Meio de Quadra;;;0;1;0;0;0;0;0;0;0;1;0;0;;
348226;16;7;2019;16:59;7781;AV DES MOREIRA;AV ANTONIO SALES;;;;Queda;Luz do Dia;;;Cruz;Semáforo;Comercial;0;1;0;0;0;1;0;0;0;0;0;0;-3,745744;-38,50141
348228;16;7;2019;17:19;0;AV JANGADEIROS (MUCURIPE);;;152;;Colisão;Anoitecer;;;Meio de Quadra;;;0;1;0;1;0;0;0;0;0;1;0;0;-3,7222978;-38,476202
348208;16;7;2019;09:16;0;RUA HOLANDA;;;1985;;Colisão;Luz do Dia;;;Meio de Quadra;;;0;1;0;1;0;0;0;0;0;1;0;0;-3,7479691;-38,5068521
348294;16;7;2019;20:42;0;RUA CEL FABRICIANO;;;211;;Queda;;;;Meio de Quadra;;;0;2;0;0;0;0;0;0;0;1;0;0;-3,787824424;-38,59198339
348300;16;7;2019;21:34;0;AV VIS RIO BRANCO;;;1998;;Queda;;;;Meio de Quadra;;;0;1;0;0;0;0;0;0;0;1;0;0;-3,738574;-38,523589
346875;17;7;2019;19:30;0;RD BR 116;;;7000;KM-07;Colisão Lateral;;Bom;Seca;Meio de Quadra;;;0;1;1;0;0;0;0;0;0;1;0;0;-3,786276359;-38,5115614
346646;17;7;2019;14:35;0;AV 13 DE MAIO;;;441;;Colisão Traseira;Luz do Dia;Bom;Seca;;;;0;1;1;1;0;0;0;0;1;0;0;0;-3,752733;-38,52533659
346647;17;7;2019;09:15;15835;RUA MANUEL CASTELO BRANCO;RUA CEL DIONISIO ALENCAR;;;;Colisão Traseira;Luz do Dia;Bom;Seca;Cruz;Pare;Residencial;0;2;1;1;0;0;0;0;0;1;0;0;-3,832973;-38,488281
346676;17;7;2019;18:46;0;AV GAL OSORIO DE PAIVA;;;830;;Colisão Frontal;Via Iluminada;Bom;Seca;Meio de Quadra;Outros;Residencial;0;1;1;1;0;0;0;0;0;1;0;0;-3,777584341;-38,56960349
346678;17;7;2019;18:16;6721;AV ENG SANTANA JUNIOR;RUA BENTO ALBUQUERQUE;;;;Atropelamento;Anoitecer;Bom;Seca;Meio de Quadra;Semáforo;Comercial;0;1;1;1;0;0;0;0;0;0;0;0;-3,742678;-38,486538
346679;17;7;2019;17:53;19533;AV GAL OSORIO DE PAIVA;RUA NEREU RAMOS;;;;Colisão Frontal;Anoitecer;Bom;Seca;Cruz;Semáforo;Comercial;0;1;1;1;0;0;0;0;0;1;0;0;-3,782196;-38,576828
346690;17;7;2019;18:45;6742;RUA CESAR FONSECA;RUA VILEBALDO AGUIAR;;;;Colisão Transversal;Anoitecer;Bom;Seca;Cruz;Pare;Residencial;0;0;2;1;0;0;0;0;0;0;0;0;-3,745131;-38,473588
346714;17;7;2019;06:40;0;AV DR SILAS MUNGUBA;;;1167;;Colisão Traseira;Luz do Dia;Nublado;Molhada;Meio de Quadra;Semáforo;Comercial;0;1;1;0;1;0;0;0;0;1;0;0;-3,78228303;-38,55560518
347294;17;7;2019;06:47;0;AV GOV RAUL BARBOSA;;;3555;;Colisão Traseira;Luz do Dia;Nublado;Molhada;Meio de Quadra;Não Há Controle;Residencial;0;4;0;0;0;0;0;0;0;1;0;0;-3,7615223;-38,5072291
347295;17;7;2019;08:55;0;RUA PRO SILAS RIBEIRO;AV JANGADEIROS (MUCURIPE);;0;;Colisão Lateral;Luz do Dia;Nublado;Molhada;Outros;Não Há Controle;Comercial;0;2;1;0;1;0;0;0;0;1;0;0;-3,7362582;-38,4849083
347296;17;7;2019;09:28;5077;AV ALBERTO NEPOMUCENO;AV PRS CASTELO BRANCO;;0;;Não Informado;Luz do Dia;Nublado;Molhada;T;Não Há Controle;Comercial;0;0;2;1;0;0;0;0;0;0;0;0;-3,722425;-38,523857
347297;17;7;2019;10:06;0;AV BEZERRA DE MENEZES;;;1802;;Colisão Traseira;Luz do Dia;Bom;Seca;Meio de Quadra;Semáforo;Residencial;0;1;1;0;0;0;0;0;0;1;0;0;-3,734912;-38,560822
347298;17;7;2019;10:56;0;AV EDILSON B SOARES;;;2549;;Atropelamento;Luz do Dia;Bom;Seca;Meio de Quadra;Não Há Controle;Residencial;0;1;1;0;0;0;0;0;0;0;0;0;-3,787949411;-38,46310372
347299;17;7;2019;14:00;0;AV JOAO PESSOA;;;6936;;Colisão Lateral;Luz do Dia;Bom;Seca;Meio de Quadra;Não Há Controle;Residencial;0;1;1;0;0;0;0;0;0;1;0;0;-3,771044;-38,561379
347607;17;7;2019;09:22;0;RUA URUCUTUBA;;;2190;;Colisão;Luz do Dia;;;Meio de Quadra;;;0;1;0;0;0;0;0;0;0;1;0;0;-3,798892;-38,617317
347608;17;7;2019;12:05;11163;RUA INGLATERRA;RUA FAGUNDES VARELA;;;;Colisão;Luz do Dia;;;Cruz;Pare;Residencial;0;0;2;0;0;0;0;0;0;0;0;0;-3,782099;-38,561532
347609;17;7;2019;18:00;0;AV LAURO VIEIRA CHAVES;;;2059;;Choque c/ Obstáculo Fixo;Anoitecer;;;Meio de Quadra;;;0;1;0;0;0;0;0;0;0;0;0;0;;
347610;17;7;2019;20:30;0;AV GAL OSORIO DE PAIVA;;;3637;;Colisão;;;;Meio de Quadra;;;0;0;2;0;0;0;0;0;0;0;0;0;-3,7896426;-38,5873395
347611;17;7;2019;23:50;0;AV CARNEIRO DE MENDONCA;;;2066;;Colisão;;;;Meio de Quadra;;;0;1;1;0;0;0;0;0;0;1;0;0;-3,759126366;-38,57663851
347775;17;7;2019;16:31;0;RUA CLEIA;;;150;;Colisão;Luz do Dia;;;Meio de Quadra;;;0;1;1;1;0;0;0;0;0;1;0;0;-3,826734736;-38,50508619
347776;17;7;2019;16:33;15900;RUA PDE SEVERIANO;RUA ALEUDA;;;;Colisão;Luz do Dia;;;Outros;Não Há Controle;Residencial;0;1;1;0;0;0;0;0;0;0;0;0;-3,835733;-38,489324
347777;17;7;2019;16:35;12699;AV CEL CARVALHO;AV MAJ ASSIS;;;;Colisão;Luz do Dia;;;Cruz;Semáforo;Comercial;0;1;1;1;0;0;0;0;0;1;0;0;-3,723796;-38,586255
347778;17;7;2019;17:46;0;RD BR 116;;;;;Colisão;Anoitecer;;;Meio de Quadra;;;0;1;1;1;0;0;0;0;0;1;0;0;;
347772;17;7;2019;14:31;0;RUA CON DE CASTRO;;;4702;;Atropelamento;Luz do Dia;;;Meio de Quadra;;;0;1;1;0;1;0;0;0;0;0;0;0;-3,806768;-38,593551
347773;17;7;2019;14:37;0;AV VICENTE DE CASTRO;;;4999;;Choque c/ Obstáculo Fixo;Luz do Dia;;;Meio de Quadra;;;0;1;0;0;0;0;0;0;0;1;0;0;-3,7186408;-38,4751502
347770;17;7;2019;13:00;0;RUA GUILHERME ROCHA;;;1451;;Colisão;Luz do Dia;;;Meio de Quadra;;;0;1;1;1;0;0;0;0;0;0;0;0;-3,723409809;-38,53897536