COD_ACIDENTE;DIA;MES;ANO;HORA;INTERSECAO;LOG1;LOG2;LOG3;NUMERO;REFERENCIA;NATUREZA;ILUMINACAO;TEMPO;SUPERFICIEPISTA;TIPOCRUZAMENTO;CONTROLETRAFEGO;USOSOLO;MORTOS;FERIDOS;ILESOS;AUTOMOVEL;ONIBUS;BICICLETA;CAMINHAO;MICROONIBUS;CICLOMOTOR;MOTOCICLETA;TRACAOANIMAL;TREM;LATITUDE;LONGITUDE
347750;17;7;2019;09:40;0;RUA FRANCISCO LEANDRO;;;272;;Colisão;Luz do Dia;;;Meio de Quadra;;;0;1;1;1;0;0;0;0;0;1;0;0;-3,822545188;-38,48143581
347751;17;7;2019;10:43;0;AV DR SILAS MUNGUBA;;;1335;;Queda;Luz do Dia;;;Meio de Quadra;;;0;1;0;0;0;0;0;0;0;1;0;0;-3,783036;-38,554545
347732;17;7;2019;07:05;0;AV DIOGUINHO;;;6565;;Colisão;Luz do Dia;;;Meio de Quadra;;;0;1;1;0;0;0;0;0;0;0;0;0;-3,766322;-38,440926
347733;17;7;2019;07:08;0;AV ALM HENRIQUE SABOIA;;;1102;VIADUTO;Colisão;Luz do Dia;;;Meio de Quadra;;;0;1;1;0;0;0;0;0;0;0;0;0;-3,7465559;-38,491626
347734;17;7;2019;07:13;0;RUA CON DE CASTRO;;;700;;Colisão;Luz do Dia;;;Meio de Quadra;;;0;2;0;0;0;0;0;0;0;1;0;0;-3,779615444;-38,56849881
347735;17;7;2019;07:38;1574;RUA PDE VALDEVINO;RUA JOSE VILAR;;;;Colisão;Luz do Dia;;;Cruz;Semáforo;Comercial;0;1;1;1;0;0;0;0;0;1;0;0;-3,7423;-38,506779
347736;17;7;2019;08:30;0;AV SEN CARLOS JEREISSATI (AEROPORTO);;;;;Colisão;Luz do Dia;;;Meio de Quadra;;;0;1;1;1;0;0;0;0;0;1;0;0;;
347797;17;7;2019;23:57;0;AV ENG SANTANA JUNIOR;;;3000;;Colisão;;;;Meio de Quadra;;;0;1;1;1;0;0;0;0;0;1;0;0;-3,7471625;-38,489573
347792;17;7;2019;21:28;0;AV PRS JUSCELINO KUBITSCHEK (PASSARÉ);;;1035;;Colisão;;;;Meio de Quadra;;;0;1;1;0;0;0;0;0;0;0;0;0;-3,8085814;-38,6277729
347793;17;7;2019;21:37;0;RUA MAL BITENCOURT;;;1037;;Queda;;;;Meio de Quadra;;;0;1;0;0;0;0;0;0;0;1;0;0;-3,82668;-38,5160263
347783;17;7;2019;18:30;19165;RUA PEREIRA DE MIRANDA;RUA BATISTA DE OLIVEIRA;;;;Colisão;Anoitecer;;;Cruz;Pare;Comercial;0;1;1;1;0;0;0;0;0;1;0;0;-3,740801;-38,47876
347784;17;7;2019;19:31;0;RUA MARIA CLARA;;;111;;Atropelamento;;;;Meio de Quadra;;;1;0;1;1;0;0;0;0;0;0;0;0;-3,7259777;-38,5794805
347785;17;7;2019;19:35;9075;AV AGUANAMBI;RUA CEL JOSE EUCLIDES;;;;Colisão;;;;T;Pare;Comercial;0;1;1;1;0;1;0;0;0;0;0;0;-3,752233;-38,523383
347786;17;7;2019;19:40;0;RUA BUENO;;;111;;Queda;;;;Meio de Quadra;;;0;1;0;0;0;1;0;0;0;0;0;0;-3,773754452;-38,59453803
347787;17;7;2019;19:40;0;AV HEROIS DO ACRE;;;716;;Colisão;;;;Meio de Quadra;;;0;1;1;1;0;0;0;0;0;1;0;0;-3,803173;-38,535023
347789;17;7;2019;20:17;0;AV PERIMETRAL;;;5725;;Colisão;;;;Meio de Quadra;;;0;1;1;1;0;0;0;0;0;1;0;0;;
347799;18;7;2019;05:46;0;RUA CEL DIONISIO ALENCAR;;;;;Colisão;Amanhecer;;;Meio de Quadra;;;0;1;1;1;0;0;0;0;0;1;0;0;;
347800;18;7;2019;06:04;0;RUA CEL JOAQUIM FRANKLIN;;;1083;;Colisão;Luz do Dia;;;Meio de Quadra;;;0;1;1;1;0;0;0;0;0;1;0;0;-3,743783118;-38,59685247
347815;18;7;2019;16:21;10426;RUA PERILIO TEIXEIRA;RUA 30 DE MAIO D73;;;;Colisão;Luz do Dia;;;;;;0;1;1;1;0;0;0;0;0;1;0;0;-3,76267;-38,602457
347816;18;7;2019;17:01;0;AV PRO JOSE ARTHUR CARVALHO;;;560;;Colisão;Anoitecer;;;Meio de Quadra;;;0;1;1;1;0;0;0;0;0;1;0;0;-3,826479;-38,473498
347817;18;7;2019;17:01;25636;RUA PORTO VELHO;RUA SAO LUIS D30;;;;Colisão;Anoitecer;;;Cruz;Outros;Residencial;0;1;1;0;0;0;0;0;0;0;0;0;;
347818;18;7;2019;17:36;0;AV OLIVEIRA PAIVA;;;2863;;Atropelamento;Anoitecer;;;Meio de Quadra;;;0;1;1;0;0;0;0;0;0;1;0;0;-3,795909816;-38,48211432
347802;18;7;2019;06:46;0;RUA CASIMIRO DE ABREU;;;457;;Colisão;Luz do Dia;;;Meio de Quadra;;;0;1;1;1;0;1;0;0;0;0;0;0;-3,7823283;-38,5630186
347803;18;7;2019;07:25;0;RUA 1038 CJ CEARA;;;136;;Queda;Luz do Dia;;;Meio de Quadra;;;0;1;0;0;0;0;0;0;0;1;0;0;-3,766639986;-38,61441056
347804;18;7;2019;08:03;0;RUA CON DE CASTRO;;;601;;Colisão;Luz do Dia;;;Meio de Quadra;;;0;1;1;1;0;0;0;0;0;1;0;0;-3,778922507;-38,56787396
347805;18;7;2019;08:27;0;RUA EUSEBIO DE SOUZA;;;832;;Colisão;Luz do Dia;;;Meio de Quadra;;;0;1;1;1;0;0;0;0;0;1;0;0;;
347806;18;7;2019;08:42;0;RUA PRO EDGAR DE ARRUDA;;;1675;;Atropelamento;Luz do Dia;;;Meio de Quadra;;;0;1;1;0;0;0;0;0;0;1;0;0;-3,755614524;-38,5896771
347807;18;7;2019;08:58;0;RUA NOEL ROSA;;;1919;;Colisão;Luz do Dia;;;Meio de Quadra;;;0;1;1;1;0;1;0;0;0;0;0;0;-3,770601772;-38,58756821
347808;18;7;2019;11:36;0;RUA ANDRE CHAVES;;;634;;Atropelamento;Luz do Dia;;;Meio de Quadra;;;0;1;1;1;0;0;0;0;0;0;0;0;-3,7543085;-38,545528
347809;18;7;2019;11:59;0;RUA CESAR ROSSAS;;;416;;Colisão;Luz do Dia;;;Meio de Quadra;;;0;1;1;1;0;1;0;0;0;0;0;0;-3,7479201;-38,5408983
347810;18;7;2019;13:48;0;AV GAL OSORIO DE PAIVA;;;7421;;Colisão;Luz do Dia;;;Meio de Quadra;;;0;1;1;0;0;0;0;0;0;0;0;0;-3,816864011;-38,61384806
347827;18;7;2019;19:54;0;RUA JULIO BRIGIDO;;;138;;Choque c/ Obstáculo Fixo;;;;Meio de Quadra;;;0;1;0;1;0;0;0;0;0;0;0;0;-3,7462645;-38,5827264
347828;18;7;2019;22:04;0;RUA PERNAMBUCO;;;2211;;Colisão;;;;Meio de Quadra;;;0;1;1;0;0;0;0;0;0;0;0;0;-3,754153;-38,575552
347830;18;7;2019;22:31;0;AV FRE CIRILO;;;4454;;Queda;;;;Meio de Quadra;;;0;1;0;0;0;1;0;0;0;0;0;0;-3,822257;-38,495262
347831;18;7;2019;23:14;0;RUA HAROLDO TORRES;;;2837;;Queda;;;;Meio de Quadra;;;0;1;0;0;0;0;0;0;0;1;0;0;-3,73035;-38,57161
347832;18;7;2019;23:48;0;AV GODOFREDO MACIEL;;;;;Queda;;;;Meio de Quadra;;;0;1;0;0;0;0;0;0;0;1;0;0;;
347820;18;7;2019;17:56;0;RUA BERNARDO MANUEL;;;9954;;Atropelamento;Anoitecer;;;Meio de Quadra;;;0;1;1;0;0;0;0;0;0;1;0;0;-3,80434384;-38,55310088
347813;18;7;2019;15:55;2822;AV GAL OSORIO DE PAIVA;RUA OSCAR ARARIPE;;;;Colisão;Luz do Dia;;;T;Semáforo;Residencial;0;1;1;1;0;0;0;0;0;1;0;0;-3,794165;-38,591823
347825;18;7;2019;18:39;0;RUA GUILHERME ROCHA;;;983;;Colisão;;;;Meio de Quadra;;;0;1;1;1;0;0;0;0;0;1;0;0;-3,72473;-38,53488
347822;18;7;2019;18:22;0;AV MR HULL;;;5651;;Atropelamento;Anoitecer;;;Meio de Quadra;;;0;1;1;0;0;0;0;0;0;1;0;0;-3,740213;-38,59534
347300;18;7;2019;02:27;12365;RUA BRI TORRES;AV CARNEIRO DE MENDONCA;;;;Não Informado;Via Iluminada;Bom;Seca;Cruz;Não Há Controle;Residencial;0;1;0;0;0;0;0;0;0;1;0;0;-3,759202;-38,576498
347301;18;7;2019;07:25;0;RUA JOSE HIPOLITO;;;221;;Colisão Lateral;Luz do Dia;Bom;Seca;Meio de Quadra;Não Há Controle;Comercial;0;0;1;0;0;0;1;0;0;1;0;0;-3,832867;-38,493075
347302;18;7;2019;07:18;75;RUA ANARIO BRAGA;TR MANUEL NUNES;;;;Colisão;Luz do Dia;Bom;Seca;Y;Pare;Comercial;0;1;1;0;1;0;0;0;0;1;0;0;-3,737371;-38,591676
347303;18;7;2019;10:45;3334;RUA MARIO DE ANDRADE;RUA OSCAR LOPES;;0;;Colisão Transversal;Luz do Dia;Bom;Seca;Cruz;Pare;Residencial;0;1;1;1;0;0;0;0;0;1;0;0;-3,74965;-38,562867
347304;18;7;2019;14:12;3883;AV DOS EXPEDICIONARIOS;RUA COSTA SOUZA;;;;Colisão Transversal;Luz do Dia;Bom;Seca;Cruz;Pare;Residencial;0;1;1;1;0;0;0;0;0;1;0;0;-3,747745;-38,535932
347305;18;7;2019;14:45;0;RUA CONDE D´EU;;;462;;Colisão;Luz do Dia;Bom;Seca;Meio de Quadra;Pare;Comercial;0;1;1;1;0;0;0;0;0;1;0;0;-3,72498;-38,52518
347306;18;7;2019;18:57;0;RUA MANUEL F DE SAMPAIO;;;301;;Colisão Lateral;Anoitecer;Bom;Seca;Meio de Quadra;Pare;Residencial;0;0;2;1;0;0;0;0;0;0;0;0;-3,7606943;-38,484444
347307;18;7;2019;18:32;12479;AV AUGUSTO DOS ANJOS;RUA PERDIGAO DE OLIVEIRA;;;;Colisão;Via Iluminada;Bom;Seca;Cruz;Semáforo;Comercial;0;1;1;0;1;0;0;0;0;1;0;0;-3,775131;-38,574712
347308;18;7;2019;19:33;0;RUA ISAC AMARAL;;;590;;Colisão Transversal;Via Iluminada;Bom;Seca;Meio de Quadra;Não Há Controle;Residencial;0;2;0;1;0;0;0;0;0;1;0;0;-3,7528156;-38,5046485
346715;18;7;2019;17:30;1658;RUA MON CATAO;RUA BENI DE CARVALHO;;;;Colisão Transversal;Anoitecer;Bom;Seca;Cruz;Pare;Escola;0;1;1;0;0;0;0;0;0;1;0;0;-3,746618;-38,493113
346887;18;7;2019;05:45;0;RD BR 116;;;11000;KM-11;Choque c/ Obstáculo Fixo;Amanhecer;Bom;Seca;Meio de Quadra;;;0;0;1;0;0;0;0;0;0;0;0;0;-3,84716;-38,497176
346888;18;7;2019;15:16;0;RD BR 116;;;2000;KM-02;Queda;Luz do Dia;Bom;Seca;Meio de Quadra;;;0;1;0;0;0;0;0;0;0;1;0;0;-3,771391;-38,51678
346889;18;7;2019;18:10;0;RD BR 116;;;14000;KM-14;Colisão Traseira;Anoitecer;Bom;Seca;Meio de Quadra;;;0;1;3;1;0;0;0;1;0;0;0;0;-3,873523;-38,499242
346890;19;7;2019;19:10;0;RD BR 116;;;12500;KM-13;Colisão Lateral;;Nublado;Seca;Meio de Quadra;;;0;1;1;1;0;0;0;0;0;1;0;0;-3,86467;-38,497727
346892;19;7;2019;20:30;0;RD BR 116;;;3000;KM-03;Choque c/ Obstáculo Fixo;;Bom;Seca;Meio de Quadra;;;0;0;2;0;0;0;0;0;0;0;0;0;-3,779838;-38,514372
346893;19;7;2019;23:50;0;RD BR 116;;;3000;KM-03;Tombamento;;Chuva;Molhada;Meio de Quadra;;;0;1;1;1;0;0;0;0;0;1;0;0;-3,779838;-38,514372
346861;19;7;2019;07:40;0;AV SEN CARLOS JEREISSATI (AEROPORTO);;;;KM 01;Colisão;Luz do Dia;;Seca;Meio de Quadra;;;0;0;2;1;0;0;0;0;0;1;0;0;-3,783753;-38,52685
346716;19;7;2019;18:15;0;AV HIS RAIMUNDO GIRAO;;;;;Colisão Traseira;Anoitecer;Bom;Seca;Meio de Quadra;Semáforo;Comercial;0;0;2;1;1;0;0;0;0;0;0;0;;
346718;19;7;2019;16:00;0;AV DES MOREIRA;;;790;PRAÇA PORTUGAL;Colisão Transversal;Luz do Dia;Bom;Seca;Meio de Quadra;Não Há Controle;;0;0;2;1;0;0;0;0;0;0;0;0;-3,7341084;-38,4976614
346724;19;7;2019;00:20;0;RUA PDE FRANCISCO PINTO;;;251;;Colisão Traseira;Via Iluminada;Bom;Seca;Meio de Quadra;Não Há Controle;Residencial;0;0;2;1;0;0;0;0;0;0;0;0;-3,744101667;-38,53935187
347309;19;7;2019;08:17;0;AV PDE ANTONIO TOMAS;;;2243;;Colisão Lateral;Luz do Dia;Bom;Seca;Meio de Quadra;Não Há Controle;Comercial;0;0;3;1;0;0;0;0;0;1;0;0;-3,742708;-38,491843
347310;19;7;2019;10:01;0;AV OLIVEIRA PAIVA;;;2355;;Colisão Traseira;Luz do Dia;Bom;Seca;Meio de Quadra;Não Há Controle;Comercial;0;0;2;1;0;0;0;0;0;0;0;0;-3,796161468;-38,48508545
347311;19;7;2019;13:00;0;RUA BAR AQUIRAZ;RUA VICENTE GURGEL;;;;Colisão Transversal;Luz do Dia;Bom;Seca;;;;0;0;2;1;0;0;0;0;0;0;0;0;-3,8411502;-38,484727
347312;19;7;2019;16:00;0;AV ROGACIANO LEITE;;;2611;;Colisão Traseira;Luz do Dia;Bom;Seca;Meio de Quadra;Não Há Controle;Residencial;0;2;0;1;0;0;0;0;0;1;0;0;-3,7794925;-38,5013483
347316;19;7;2019;20:32;6732;RUA ANDRADE FURTADO;RUA JULIO AZEVEDO;;;;Colisão Transversal;Via Iluminada;Nublado;Seca;Cruz;Pare;Residencial;0;2;1;1;0;0;0;0;0;1;0;0;-3,744567;-38,483306
347833;19;7;2019;03:49;0;RUA CARLOS AMORA;;;24;;Queda;;;;Meio de Quadra;;;0;1;0;0;0;0;0;0;0;1;0;0;-3,7743165;-38,564342
347835;19;7;2019;07:57;0;RUA PRO HERACLITO;;;1394;;Colisão;Luz do Dia;;;Meio de Quadra;;;0;1;1;1;0;0;0;0;0;1;0;0;;
347852;19;7;2019;09:26;0;RUA PDE GUERRA;;;2677;;Atropelamento;Luz do Dia;;;Meio de Quadra;;;0;1;1;1;0;0;0;0;0;0;0;0;-3,74101;-38,56812
347847;19;7;2019;08:32;3211;RUA EMILIO DE MENESES;RUA VERBENA;;;;Colisão;Luz do Dia;;;Cruz;Semáforo;Comercial;0;1;1;1;0;1;0;0;0;0;0;0;-3,781344;-38,588838
347839;19;7;2019;08:01;0;AV ODILON GUIMARAES;;;3941;;Colisão;Luz do Dia;;;Meio de Quadra;;;0;1;1;0;0;0;0;0;0;0;0;0;-3,813959143;-38,46581429
347898;19;7;2019;19:06;0;RUA POMPILIO GOMES;;;1186;;Atropelamento;;;;Meio de Quadra;;;0;2;0;0;0;0;0;0;0;1;0;0;-3,824813;-38,521114
347903;19;7;2019;19:12;0;AV FRANCISCO SA;;;5590;;Colisão;Anoitecer;;;Meio de Quadra;;;0;1;1;1;0;0;0;0;0;1;0;0;-3,711723;-38,574002
347904;19;7;2019;19:14;0;AV WASHINGTON SOARES;;;11999;;Colisão;;;;Meio de Quadra;;;0;1;1;1;0;0;0;0;0;1;0;0;;
347906;19;7;2019;20:10;0;RUA TEBAS;;;684;;Atropelamento;;;;Meio de Quadra;;;0;1;1;1;0;0;0;0;0;0;0;0;-3,8137444;-38,620584
347907;19;7;2019;20:24;0;RUA FRANCISCA MARIA DA CONCEICAO;;;1580;;Colisão;;;;Meio de Quadra;;;0;1;1;1;0;0;0;0;0;1;0;0;-3,83605;-38,57364
347908;19;7;2019;22:21;0;AV F CJ CEARA;;;423;;Queda;;;;Meio de Quadra;;;0;1;0;0;0;0;0;0;0;1;0;0;-3,76411487;-38,60607026
347900;19;7;2019;19:06;0;AV CASTELO DE CASTRO;;;1181;;Atropelamento;;;;Meio de Quadra;;;0;2;0;0;0;0;0;0;0;1;0;0;-3,84027456;-38,52178264
347893;19;7;2019;17:53;0;RUA BENTO ALBUQUERQUE;;;2360;;Colisão;Anoitecer;;;Meio de Quadra;;;0;1;1;1;0;0;0;0;0;1;0;0;-3,74257;-38,48692
347890;19;7;2019;16:56;0;AV DR SILAS MUNGUBA;;;1001;;Colisão;Luz do Dia;;;Meio de Quadra;;;0;1;1;1;0;0;0;0;0;1;0;0;-3,7816;-38,556866
347891;19;7;2019;17:36;0;RUA EQUADOR;;;1834;;Colisão;Anoitecer;;;Meio de Quadra;;;0;1;1;1;0;0;0;0;0;1;0;0;-3,7834262;-38,5562728
347885;19;7;2019;12:07;0;RUA GAL BERNARDO FIGUEIREDO;;;1886;;Colisão;Luz do Dia;;;Meio de Quadra;;;0;1;1;1;0;0;0;0;0;1;0;0;-3,7399736;-38,5532404
347886;19;7;2019;13:07;0;AV FRANCISCO SA;;;7880;;Atropelamento;Luz do Dia;;;Meio de Quadra;;;0;1;1;0;0;0;0;0;0;1;0;0;-3,7045125;-38,58912231
347887;19;7;2019;14:42;3768;AV DOMINGOS OLIMPIO;AV TRISTAO GONCALVES;;;;Colisão;Luz do Dia;;;Cruz;Semáforo;Comercial;0;1;1;1;0;0;0;0;0;1;0;0;-3,735133;-38,535613
347888;19;7;2019;15:59;0;RUA JULIO BRAGA;;;1542;;Atropelamento;Luz do Dia;;;Meio de Quadra;;;0;2;0;0;0;0;0;0;0;1;0;0;-3,773246;-38,584407
347882;19;7;2019;11:36;0;AV DOLOR BARREIRA;;;456;;Colisão;Luz do Dia;;;Meio de Quadra;;;0;1;1;1;0;0;0;0;0;1;0;0;-3,7288655;-38,4728085
347883;19;7;2019;12:05;10953;RUA ALM RUBIM;RUA DOM CARLOTO TAVORA;;;;Colisão;Luz do Dia;;;Cruz;Pare;Comercial;0;1;1;1;0;0;0;0;0;0;0;0;-3,76982;-38,556269
347878;19;7;2019;11:05;0;AV MR HULL;;;;;Atropelamento;Luz do Dia;;;Meio de Quadra;;;0;2;0;0;0;0;0;0;0;1;0;0;;
347879;19;7;2019;11:06;23466;RUA PAULO FIRMEZA;RUA CAP GUSTAVO;;;;Colisão;Luz do Dia;;;Duplo T;Pare;Residencial;0;1;1;1;0;0;0;0;0;1;0;0;-3,7574448;-38,5162751
347876;19;7;2019;09:41;17285;RUA JOAO FIRMINO;RUA IRM BAZET;;;;Colisão;Luz do Dia;;;Cruz;Pare;Comercial;0;1;1;1;0;0;0;0;0;1;0;0;-3,762808;-38,554308
347874;19;7;2019;09:30;0;AV H CJ CEARA;;;2344;;Colisão;Luz do Dia;;;Meio de Quadra;;;0;1;1;0;0;0;0;0;0;1;0;0;-3,776847;-38,619834
347843;19;7;2019;08:03;0;AV JOR THOMAZ COELHO;;;609;;Atropelamento;Luz do Dia;;;Meio de Quadra;;;0;1;1;1;0;0;0;0;0;0;0;0;-3,832182156;-38,5013988
347615;19;7;2019;14:00;0;AV DOM LUIS;;;300;;Colisão;Luz do Dia;;;Meio de Quadra;;;0;0;2;1;0;0;0;0;0;0;0;0;-3,732616;-38,499353
347617;20;7;2019;02:15;2884;RUA MARIA JULIA;RUA MARTINS CARVALHO;;;;Colisão;;;;Cruz;Pare;Comercial;0;0;2;1;0;0;0;0;0;0;0;0;-3,796333;-38,600949
347618;20;7;2019;16:27;0;RUA FRANCISCO VILELA;;;225;;Colisão;Luz do Dia;;;Meio de Quadra;;;1;0;1;1;0;0;0;0;0;1;0;0;-3,7980555;-38,5138888
347619;20;7;2019;23:50;0;RUA CEL ERNESTO MATOS;;;;;Colisão;;;;Meio de Quadra;;;0;0;2;0;0;0;0;0;0;0;0;0;;
347620;20;7;2019;16:50;0;RD BR 020;;;;;Colisão;Luz do Dia;;;Meio de Quadra;;;0;0;2;0;0;0;0;0;0;0;0;0;;
347909;20;7;2019;06:15;0;AV BEZERRA DE MENEZES;;;;;Queda;Luz do Dia;;;Meio de Quadra;;;0;1;0;0;0;0;0;0;0;1;0;0;;
347910;20;7;2019;06:17;0;RUA 111 CJ SAO CRISTOVAO;;;206;;Queda;Luz do Dia;;;Meio de Quadra;;;0;1;0;0;0;0;0;0;0;1;0;0;-3,830036157;-38,52517616
347911;20;7;2019;10:38;0;AV DIOGUINHO;;;4126;;Colisão;Luz do Dia;;;Meio de Quadra;;;0;1;1;1;0;0;0;0;0;1;0;0;-3,75004;-38,448803
347912;20;7;2019;10:56;1423;RUA OSVALDO CRUZ (ALDEOTA);RUA TORRES CAMARA;;;;Queda;Luz do Dia;;;Cruz;Semáforo;Residencial;0;1;0;0;0;1;0;0;0;0;0;0;-3,737574;-38,500953
347913;20;7;2019;11:57;0;RUA J (VILA VELHA);;;1520;;Colisão;Luz do Dia;;;Meio de Quadra;;;0;1;1;1;0;0;0;0;0;1;0;0;;
347914;20;7;2019;12:01;0;AV MOZART PINHEIRO DE LUCENA;;;2669;;Colisão;Luz do Dia;;;Meio de Quadra;;;0;2;0;0;0;0;0;0;0;1;0;0;-3,72772;-38,59838695
347915;20;7;2019;13:06;5065;RUA JOSE AVELINO;AV ALBERTO NEPOMUCENO;;;;Atropelamento;Luz do Dia;;;;;;0;1;1;0;0;1;0;0;0;0;0;0;-3,722081;-38,523662
347916;20;7;2019;14:17;0;AV GAL OSORIO DE PAIVA;;;122;;Colisão;Luz do Dia;;;Meio de Quadra;;;0;1;1;1;0;0;0;0;0;1;0;0;-3,79582;-38,48117
347917;20;7;2019;15:14;0;AV WASHINGTON SOARES;;;;;Colisão;Luz do Dia;;;;;;0;1;1;1;0;0;0;0;0;1;0;0;;
347317;20;7;2019;13:52;0;AV AMERICO BARREIRA;;;6100;;Colisão Traseira;Luz do Dia;Bom;Seca;Meio de Quadra;Semáforo;Comercial;0;0;2;1;0;0;0;0;0;1;0;0;-3,7648818;-38,567253
347318;20;7;2019;20:31;26263;RUA LUIZA MIRANDA COELHO;RUA MARIA ALICE FERRAZ;;;;Colisão;Via Iluminada;Bom;Seca;Cruz;Pare;Residencial;0;1;1;1;0;0;0;0;0;1;0;0;-3,773756;-38,491232
347319;20;7;2019;23:00;0;AV BERNARDO MANUEL;;;11350;;Colisão Traseira;Mal Iluminada;Bom;Seca;Meio de Quadra;Semáforo;Comercial;0;1;1;1;0;0;0;0;0;1;0;0;-3,8180005;-38,5573634
347313;20;7;2019;10:45;15126;AV HIS RAIMUNDO GIRAO;AV RUI BARBOSA;;;;Colisão Lateral;Luz do Dia;Nublado;Seca;Cruz;Semáforo;Lazer;0;1;1;1;0;0;0;0;0;1;0;0;-3,723546;-38,505405
347314;20;7;2019;10:35;26251;AV AMERICO BARREIRA;RUA CEARA;;;;Atropelamento;Luz do Dia;Nublado;Seca;Cruz;Semáforo;Comercial;0;1;1;1;0;0;0;0;0;0;0;0;-3,7599614;-38,5641879
347315;20;7;2019;11:00;0;AV PDE ANTONIO TOMAS;;;2248;;Colisão Traseira;Luz do Dia;Bom;Seca;Cruz;Semáforo;Comercial;0;0;2;1;0;0;0;0;0;0;0;0;-3,742708;-38,491843
347974;20;7;2019;20:00;0;RUA FRANCISCO DE SALES;;;267;;Colisão;;;;Meio de Quadra;;;0;1;1;1;0;0;0;0;0;1;0;0;-3,77624507;-38,58413672
347975;20;7;2019;20:09;0;LOGRADOURO SEM NOME;;;142;;Choque c/ Obstáculo Fixo;;;;Meio de Quadra;;;0;1;0;0;0;0;0;0;0;1;0;0;;
347976;20;7;2019;20:57;0;RD QUARTO ANEL VIARIO;;;;;Colisão;;;;Meio de Quadra;;;0;1;1;1;0;0;0;0;0;1;0;0;;
347977;20;7;2019;21:49;0;RUA DR JOAQUIM BENTO;;;215;;Colisão;;;;Meio de Quadra;;;0;1;1;1;0;0;0;0;0;1;0;0;-3,828993;-38,489518
347978;20;7;2019;22:01;0;RUA CON DE CASTRO;;;5566;;Colisão;;;;Meio de Quadra;;;0;1;1;1;0;0;0;0;0;1;0;0;-3,812008;-38,597478
347979;20;7;2019;22:07;7989;RUA WALDERY UCHOA;RUA MAJ WEYNE;;;;Colisão;;;;Cruz;Não Há Controle;Residencial;0;2;1;1;0;0;0;0;0;1;0;0;-3,74936;-38,543662
347980;20;7;2019;22:36;0;AV DR THEBERGE;;;2454;;Colisão;;;;Meio de Quadra;;;0;1;1;0;0;0;0;0;0;0;0;0;-3,723268;-38,567775
347981;20;7;2019;22:42;0;RUA PRO COSTA MENDES;;;1440;VIADUTO JOSE BASTOS;Queda;;;;Meio de Quadra;;;0;1;0;0;0;1;0;0;0;0;0;0;-3,75041;-38,55159
347941;20;7;2019;15:57;19119;RUA RIACHUELO;RUA BATISTA DE OLIVEIRA;;;;Colisão;Luz do Dia;;;Cruz;Não Há Controle;Residencial;0;1;1;1;0;0;0;0;0;1;0;0;-3,738511;-38,476038
347945;20;7;2019;16:51;26286;RUA PEDRO LAZAR;AV ENG AGRONOMO JOSE GUIMARAES DUQUE;;;;Colisão;Luz do Dia;;;Cruz;Pare;Residencial;0;1;1;1;0;0;0;0;0;1;0;0;-3,8048829;-38,4883906
347952;20;7;2019;17:06;15701;RUA GUILHERME PESSOA;RUA BRAS VIDAL;;;;Colisão;Anoitecer;;;Cruz;Pare;Residencial;0;1;1;1;0;0;0;0;0;1;0;0;-3,827579;-38,484005
347958;20;7;2019;17:15;0;RD BR 116;;;2000;KM-02;Colisão;Anoitecer;;;Meio de Quadra;;;0;1;1;1;0;0;0;0;0;1;0;0;-3,771391;-38,51678
347964;20;7;2019;18:23;0;AV CONTORNO SUL;;;445;;Queda;Anoitecer;;;Meio de Quadra;;;0;1;0;0;0;1;0;0;0;0;0;0;-3,81713;-38,59067
347966;20;7;2019;19:04;0;AV BENJAMIM BRASIL;;;1350;;Colisão;;;;Meio de Quadra;;;0;1;1;1;0;0;0;0;0;1;0;0;-3,806091;-38,563277
347967;20;7;2019;19:31;0;LOGRADOURO SEM NOME;;;;;Atropelamento;;;;Meio de Quadra;;;0;1;1;0;0;0;0;0;0;1;0;0;;
346731;20;7;2019;18:10;12404;AV SEN FERNANDES TAVORA;AV LINEU MACHADO;;;;Colisão Traseira;Anoitecer;Bom;Seca;Cruz;Semáforo;Comercial;0;1;1;1;0;0;0;0;0;1;0;0;-3,765199;-38,57654
346728;20;7;2019;15:00;0;RUA JOSE HIPOLITO;;;550;;Colisão Traseira;Luz do Dia;Bom;Seca;Meio de Quadra;Semáforo;Comercial;0;0;2;1;1;0;0;0;0;0;0;0;-3,833476639;-38,49053792
346729;20;7;2019;01:20;0;RUA MARIA JULIA ROCHA;;;;;Colisão Transversal;Via Iluminada;Bom;Seca;Meio de Quadra;Pare;Residencial;0;0;2;1;0;0;0;0;0;0;0;0;;
346747;20;7;2019;08:50;0;AV PRS COSTA E SILVA;;;4305;;Colisão Traseira;Luz do Dia;Bom;Seca;Meio de Quadra;Semáforo;Comercial;0;1;1;0;0;0;0;0;0;1;0;0;-3,825148575;-38,54163692
346751;20;7;2019;18:20;0;AV GAL OSORIO DE PAIVA;;;3109;;Atropelamento;Anoitecer;;;Meio de Quadra;;;1;0;1;1;0;0;0;0;0;0;0;0;-3,789662281;-38,58742925
346733;20;7;2019;17:10;0;RUA LUIS CARLOS L RIBEIRO;;;;;Colisão Frontal;Anoitecer;Bom;Seca;Meio de Quadra;Outros;Lazer;0;0;2;1;0;0;0;0;0;0;0;0;;