COD_ACIDENTE;DIA;MES;ANO;HORA;INTERSECAO;LOG1;LOG2;LOG3;NUMERO;REFERENCIA;NATUREZA;ILUMINACAO;TEMPO;SUPERFICIEPISTA;TIPOCRUZAMENTO;CONTROLETRAFEGO;USOSOLO;MORTOS;FERIDOS;ILESOS;AUTOMOVEL;ONIBUS;BICICLETA;CAMINHAO;MICROONIBUS;CICLOMOTOR;MOTOCICLETA;TRACAOANIMAL;TREM;LATITUDE;LONGITUDE
346737;20;7;2019;18:30;26086;AV JOSE JATAHY;RUA AZEVEDO BOLAO;;;;Colisão Traseira;Anoitecer;Bom;Seca;Cruz;Semáforo;Residencial;0;1;1;1;0;0;0;0;0;1;0;0;-3,733663;-38,544494
347112;20;7;2019;20:00;0;AV GAL OSORIO DE PAIVA;;;5500;;Atropelamento;;;;Meio de Quadra;;;1;0;1;0;0;0;0;0;0;1;0;0;-3,803612;-38,6011055
346895;20;7;2019;09:20;0;RD BR 116;;;15000;KM-15;Queda;Luz do Dia;Nublado;Seca;Meio de Quadra;;;0;1;0;0;0;0;0;0;0;1;0;0;-3,882329;-38,501113
346896;21;7;2019;11:10;0;RD BR 116;;;10000;KM-10;Colisão Lateral;Luz do Dia;Bom;Seca;Meio de Quadra;;;0;0;2;1;0;0;1;0;0;0;0;0;-3,834435;-38,503373
346898;21;7;2019;11:10;0;RD BR 116;;;10000;KM-10;Choque c/ Obstáculo Fixo;Luz do Dia;Bom;Seca;Meio de Quadra;;;0;0;1;0;0;0;0;0;0;0;0;0;-3,834435;-38,503373
346759;21;7;2019;21:25;0;AV GAL OSORIO DE PAIVA;;;1736;;Atropelamento;;;;Meio de Quadra;;;1;0;1;1;0;0;0;0;0;0;0;0;-3,782551;-38,577376
346863;21;7;2019;17:00;0;RD CE-040;;;;KM-10;Colisão;Anoitecer;;Seca;Meio de Quadra;;;0;0;2;1;0;0;0;0;0;0;0;0;-3,84257666;-38,48088284
346864;21;7;2019;14:15;0;RD CE-040;;;;KM-10;Colisão;Luz do Dia;;Seca;Meio de Quadra;;;0;0;2;0;0;0;0;0;0;0;0;0;-3,84257666;-38,48088284
346608;21;7;2019;12:42;15778;RUA STA CLARA DE ASSIS;RUA TAQUATIARA;;;;Colisão Lateral;Luz do Dia;Bom;Seca;Cruz;Pare;Comercial;0;1;1;0;1;0;0;0;0;1;0;0;-3,830267;-38,502459
346617;21;7;2019;01:30;0;RUA RUI MONTE;;;95;;Colisão Lateral;Via Iluminada;Bom;Seca;Meio de Quadra;Outros;Residencial;0;1;1;1;0;0;0;0;0;1;0;0;-3,740128;-38,587494
346615;21;7;2019;11:50;0;AV MAJ ASSIS;;;1480;;Colisão Lateral;Luz do Dia;Bom;Seca;Outros;Outros;Residencial;0;1;1;1;0;0;0;0;0;1;0;0;-3,722614364;-38,59257885
346604;21;7;2019;22:45;0;RUA TEN BENEVOLO;;;1930;;Colisão Traseira;Via Iluminada;Bom;Seca;Meio de Quadra;Não Há Controle;Residencial;0;1;1;1;0;0;0;0;0;1;0;0;-3,729557;-38,504398
347982;21;7;2019;03:01;0;RUA ADOLFO SALES D24;;;578;;Choque c/ Obstáculo Fixo;;;;Meio de Quadra;;;0;1;0;1;0;0;0;0;0;0;0;0;;
347983;21;7;2019;03:03;0;RUA JULIO BRAGA;;;1281;;Queda;;;;Meio de Quadra;;;0;1;0;0;0;0;0;0;0;1;0;0;-3,77503;-38,58233
347984;21;7;2019;04:03;0;AV FRE CIRILO;;;;;Capotamento;;;;Meio de Quadra;;;0;1;0;1;0;0;0;0;0;0;0;0;;
347985;21;7;2019;05:35;0;AV DR SILAS MUNGUBA;;;5011;;Queda;Amanhecer;;;Meio de Quadra;;;0;1;0;0;0;0;0;0;0;1;0;0;-3,797120078;-38,53162736
347991;21;7;2019;07:49;15301;RUA SILVA PAULET;RUA TEN BENEVOLO;;;;Queda;Luz do Dia;;;Cruz;Pare;Residencial;0;1;0;0;0;0;0;0;0;1;0;0;-3,729724;-38,503888
347992;21;7;2019;08:00;3809;AV CARAPINIMA;RUA PDE FRANCISCO PINTO;;;;Queda;Luz do Dia;;;Duplo T;Não Há Controle;Comercial;0;1;0;0;0;0;0;0;0;1;0;0;-3,741723;-38,541958
347993;21;7;2019;09:39;0;RUA OSCAR ARARIPE;;;3127;;Queda;Luz do Dia;;;Meio de Quadra;;;0;1;0;0;0;0;0;0;0;1;0;0;-3,785079;-38,618664
347994;21;7;2019;10:28;0;RUA DOM HENRIQUE;;;405;;Colisão;Luz do Dia;;;Meio de Quadra;;;0;1;1;1;0;0;0;0;0;1;0;0;-3,787583524;-38,581467
347995;21;7;2019;10:50;0;AV MAE LISBOA;;;2061;;Colisão;Luz do Dia;;;Meio de Quadra;;;0;1;1;1;0;0;0;0;0;1;0;0;-3,8061451;-38,4534267
347987;21;7;2019;05:57;0;RD BR 116;;;;;Queda;Amanhecer;;;Meio de Quadra;;;0;1;0;0;0;0;0;0;0;1;0;0;;
347988;21;7;2019;06:40;0;RUA H CJ MONTENEGRO I;;;1480;;Choque c/ Obstáculo Fixo;Luz do Dia;;;Meio de Quadra;;;0;1;0;1;0;0;0;0;0;0;0;0;-3,8183533;-38,5556667
347989;21;7;2019;06:45;0;AV SEN FERNANDES TAVORA;;;;;Queda;Luz do Dia;;;Meio de Quadra;;;0;1;0;0;0;1;0;0;0;0;0;0;;
347320;21;7;2019;00:51;19224;AV SANTOS DUMONT;RUA FRANCISCO MATOS;;;;Colisão Lateral;Via Iluminada;Bom;Seca;Cruz;Semáforo;Residencial;0;2;2;1;0;0;0;0;0;0;0;0;-3,745497;-38,469675
347321;21;7;2019;04:20;0;RUA MINAS GERAIS;;;1734;;Colisão Frontal;Via Iluminada;Bom;Seca;Meio de Quadra;Não Há Controle;Residencial;0;1;1;1;0;0;0;0;0;1;0;0;-3,763723796;-38,56967615
347322;21;7;2019;10:45;19539;AV DR SILAS MUNGUBA;RUA EQUADOR;;;;Colisão;Luz do Dia;Bom;Seca;Cruz;Semáforo;Comercial;0;2;0;0;0;0;0;0;0;1;0;0;-3,782377;-38,555434
347323;21;7;2019;19:44;5180;RUA DOM JOAQUIM;RUA TEN BENEVOLO;;0;;Colisão Transversal;Via Iluminada;Bom;Seca;Cruz;Gesto;Comercial;0;0;2;1;0;0;0;0;0;0;0;0;-3,725524;-38,51667
348021;21;7;2019;18:23;0;RUA DR ELIZEU HOLANDA;;;67;;Queda;Anoitecer;;;Meio de Quadra;;;0;1;0;0;0;0;0;0;0;1;0;0;-3,73512;-38,45633
348026;21;7;2019;18:24;1280;RUA ILDEFONSO ALBANO;RUA PINTO MADEIRA;;;;Colisão;Anoitecer;;;Cruz;Semáforo;Comercial;0;1;1;1;0;0;0;0;0;0;0;0;-3,73361;-38,513317
348015;21;7;2019;16:39;26226;AV AMERICO BARREIRA;AV CARNEIRO DE MENDONCA;;;;Colisão;Luz do Dia;;;Cruz;Semáforo;Comercial;0;1;1;1;0;0;0;0;0;1;0;0;-3,7641444;-38,5667168
348016;21;7;2019;17:33;0;AV ALM HENRIQUE SABOIA;;;4230;;Colisão;Anoitecer;;;Meio de Quadra;;;0;1;1;0;0;0;0;0;0;0;0;0;-3,7534607;-38,5022475
348017;21;7;2019;18:09;0;AV MAE LISBOA;;;2943;;Queda;Anoitecer;;;;;;0;1;0;0;0;0;0;0;0;1;0;0;-3,805925872;-38,45258592
348028;21;7;2019;19:25;0;AV WASHINGTON SOARES;;;2000;;Queda;;;;Meio de Quadra;;;0;1;0;0;0;0;0;0;0;1;0;0;-3,776562;-38,481591
348029;21;7;2019;19:48;0;RUA PRO JOAO BOSCO;;;75;;Colisão;;;;Meio de Quadra;;;0;1;1;0;0;0;0;0;0;0;0;0;-3,738659222;-38,5469833
348030;21;7;2019;19:53;0;RUA ALTO MAR;;;183;;Atropelamento;;;;Meio de Quadra;;;0;1;1;0;0;0;0;0;0;1;0;0;-3,70063;-38,58134
348031;21;7;2019;20:06;25796;AV H CJ CEARA;RUA SGT JOAO PINHEIRO;;;;Colisão;;;;T;Semáforo;Residencial;0;1;1;1;0;0;0;0;0;1;0;0;;
348032;21;7;2019;20:14;0;RUA VITORIA;;;1139;;Atropelamento;;;;Meio de Quadra;;;0;1;1;0;0;0;0;0;0;1;0;0;-3,76312;-38,58744
348033;21;7;2019;20:23;0;RUA MARIA QUINTINO;;;994;;Colisão;;;;Meio de Quadra;;;0;1;1;0;0;0;0;0;0;0;0;0;-3,85728;-38,50114
348034;21;7;2019;20:37;0;RUA LUIZA MIRANDA COELHO;;;603;;Colisão;;;;Meio de Quadra;;;0;1;1;1;0;0;0;0;0;1;0;0;-3,77375;-38,49122
348035;21;7;2019;20:47;577;AV FRANCISCO SA;AV DR THEBERGE;;;;Colisão;;;;Cruz;Semáforo;Comercial;0;1;1;1;0;0;0;0;0;1;0;0;-3,714822;-38,565016
348036;21;7;2019;21:11;0;AV GAL OSORIO DE PAIVA;;;7655;;Colisão;;;;Meio de Quadra;;;0;2;0;0;0;0;0;0;0;1;0;0;-3,819198;-38,616072
348037;21;7;2019;21:52;0;RUA PLACIDO COELHO;;;1149;;Colisão;;;;Meio de Quadra;;;0;1;1;1;0;0;0;0;0;1;0;0;-3,78212;-38,50516
348039;21;7;2019;22:58;0;RUA FRE JOSE MAURICIO;;;921;;Queda;;;;Meio de Quadra;;;0;1;0;0;0;0;0;0;0;1;0;0;-3,8039021;-38,6141557
348011;21;7;2019;16:09;0;AV WASHINGTON SOARES;;;4475;;Colisão;Luz do Dia;;;Meio de Quadra;;;0;1;1;1;0;0;0;0;0;1;0;0;-3,797823;-38,47979
348005;21;7;2019;14:26;0;RUA DAS GAIVOTAS;;;106;;Atropelamento;Luz do Dia;;;Meio de Quadra;;;0;1;1;0;0;0;0;0;0;0;0;0;-3,779797362;-38,49847348
348006;21;7;2019;14:34;0;RUA NOVA CONQUISTA (GRANJA LISBOA);;;2150;;Colisão;Luz do Dia;;;Meio de Quadra;;;0;1;1;1;0;0;0;0;0;1;0;0;-3,79137;-38,61299
347997;21;7;2019;11:12;9243;AV EDUARDO GIRAO;AV DOS EXPEDICIONARIOS;;;;Colisão;Luz do Dia;;;Cruz;Semáforo;Comercial;0;1;1;1;0;1;0;0;0;0;0;0;-3,750712;-38,536849
348073;22;7;2019;07:56;0;RUA MON HIPOLITO BRASIL;;;109;;Colisão;Luz do Dia;;;Meio de Quadra;;;0;1;1;0;0;0;0;0;0;1;0;0;-3,760775;-38,575314
348074;22;7;2019;08:16;0;AV FRANCISCO SA;;;5478;;Atropelamento;Luz do Dia;;;Meio de Quadra;;;0;1;1;0;0;0;0;0;0;0;0;0;-3,711949;-38,573313
348075;22;7;2019;11:22;4080;AV JOSE BASTOS;RUA CEARA;;;;Colisão;Luz do Dia;;;Cruz;Semáforo;Comercial;0;2;0;1;0;0;0;0;0;1;0;0;-3,760008;-38,564112
348076;22;7;2019;12:45;0;AV UM (ARVOREDO);;;187;;Colisão;Luz do Dia;;;Meio de Quadra;;;0;1;1;0;0;0;0;0;0;0;0;0;-3,81934;-38,56571
348078;22;7;2019;13:05;0;RUA GOIAS;;;1029;;Atropelamento;Luz do Dia;;;Meio de Quadra;;;0;1;1;0;0;0;0;0;0;1;0;0;-3,756728526;-38,56465012
348056;22;7;2019;06:36;0;AV WASHINGTON SOARES;;;2434;;Queda;Luz do Dia;;;Meio de Quadra;;;0;1;0;0;0;0;0;0;0;1;0;0;-3,781680175;-38,48113546
348057;22;7;2019;06:55;0;RUA FRE BERNARDINO;;;324;;Queda;Luz do Dia;;;Meio de Quadra;;;0;1;0;0;0;0;0;0;0;1;0;0;-3,7506925;-38,51470014
348092;22;7;2019;17:02;8951;RUA ANTONIO POMPEU;RUA RUBIA SAMPAIO;;;;Colisão;Anoitecer;;;Cruz;Pare;Comercial;0;1;1;0;0;0;0;0;0;1;0;0;-3,731652;-38,540544
348087;22;7;2019;14:31;0;AV CONTORNO NORTE D71;;;1393;;Colisão;Luz do Dia;;;Meio de Quadra;;;0;1;1;1;0;0;0;0;0;1;0;0;-3,811905;-38,58939
348088;22;7;2019;15:28;10995;RUA ALM RUBIM;RUA 15 DE NOVEMBRO;;;;Colisão;Luz do Dia;;;Cruz;Pare;Comercial;0;1;1;1;0;0;0;0;0;1;0;0;-3,768907;-38,555939
348089;22;7;2019;15:31;0;AV GAL OSORIO DE PAIVA;;;;;Colisão;Luz do Dia;;;Meio de Quadra;;;0;1;1;1;0;0;0;0;0;1;0;0;;
348090;22;7;2019;15:53;0;AV PRS COSTA E SILVA;;;121;;Colisão;Luz do Dia;;;Meio de Quadra;;;0;1;1;1;0;0;0;0;0;1;0;0;-3,81323;-38,57038
348083;22;7;2019;13:19;0;RUA COM FCO FRANCESCO ANGELO;;;1200;;Colisão;Luz do Dia;;;Meio de Quadra;;;0;1;1;0;0;0;0;0;0;0;0;0;-3,8120899;-38,4559202
348116;22;7;2019;21:33;3768;AV DOMINGOS OLIMPIO;AV TRISTAO GONCALVES;;;;Queda;;;;Cruz;Semáforo;Comercial;0;1;0;0;0;0;0;0;0;1;0;0;-3,735133;-38,535613
348117;22;7;2019;21:58;0;AV GODOFREDO MACIEL;;;;;Colisão;;;;Meio de Quadra;;;0;1;1;0;0;0;0;0;0;0;0;0;;
348104;22;7;2019;17:16;0;AV DEP PAULINO ROCHA;;;50;;Queda;Anoitecer;;;Meio de Quadra;;;0;1;0;0;0;1;0;0;0;0;0;0;-3,802136;-38,507565
348107;22;7;2019;17:38;0;AV HIS RAIMUNDO GIRAO;;;1368;;Colisão;Anoitecer;;;Meio de Quadra;;;0;1;1;1;0;0;0;0;0;1;0;0;-3,7203903;-38,5144752
348108;22;7;2019;19:07;0;AV A LT VILLAGE COLOSSO;;;;;Colisão;;;;Meio de Quadra;;;0;1;1;1;0;0;0;0;0;1;0;0;;
348109;22;7;2019;19:15;0;AV GOV RAUL BARBOSA;;;7240;;Queda;;;;Meio de Quadra;;;0;1;0;0;0;0;0;0;0;1;0;0;-3,77584;-38,513071
348110;22;7;2019;19:27;0;RUA JOAQUIM ALBANO;;;341;;Queda;;;;Meio de Quadra;;;0;1;0;0;0;0;0;0;0;1;0;0;-3,735108312;-38,57889597
348111;22;7;2019;19:31;0;AV DR SILAS MUNGUBA;;;5252;;Queda;;;;Meio de Quadra;;;0;1;0;0;0;0;0;0;0;1;0;0;-3,799280773;-38,53077305
348112;22;7;2019;19:40;0;AV PASTEUR;;;;;Colisão;;;;Meio de Quadra;Não Há Controle;Residencial;0;1;1;1;0;0;0;0;0;1;0;0;;
348113;22;7;2019;20:09;13124;AV I CJ JOSE WALTER;AV C CJ JOSE WALTER;;;;Colisão;;;;T;Não Há Controle;Residencial;0;1;1;1;0;0;0;0;0;0;0;0;-3,829824;-38,552161
347324;22;7;2019;05:06;5091;RUA CASTRO E SILVA;RUA GAL SAMPAIO;;;;Colisão Lateral;Amanhecer;Bom;Seca;Cruz;Semáforo;Comercial;0;1;1;0;1;1;0;0;0;0;0;0;-3,723098;-38,52967
347325;22;7;2019;08:30;0;RUA HONORIO VIEIRA;;;827;;Colisão Lateral;Luz do Dia;Bom;Seca;Meio de Quadra;Não Há Controle;Escola;0;0;2;1;0;0;0;0;0;0;0;0;-3,794596153;-38,48733613
347326;22;7;2019;10:30;0;RUA ANTONIO NERY;;;767;;Colisão Lateral;Luz do Dia;Bom;Seca;Meio de Quadra;Não Há Controle;Residencial;0;1;2;0;0;1;0;0;0;1;0;0;-3,7797301;-38,6006378
347327;22;7;2019;08:37;0;RUA CEL MATOS DOURADO;;;183;;Colisão;Luz do Dia;Bom;Seca;Meio de Quadra;Dê Preferência;Comercial;0;2;0;0;0;1;0;0;0;1;0;0;-3,740833;-38,585217
347328;22;7;2019;15:40;2614;AV CEL CARVALHO;RUA DES HERMES PARAHYBA;;;;Colisão Lateral;Luz do Dia;Bom;Seca;Cruz;Semáforo;Comercial;0;1;1;0;0;0;0;0;0;1;0;0;-3,713855;-38,58883
347329;22;7;2019;14:26;23342;RUA TIBURCIO CAVALCANTE;RUA EDUARDO BEZERRA;;;;Colisão Transversal;Luz do Dia;Bom;Seca;Cruz;Pare;Residencial;0;1;1;1;0;0;0;0;0;1;0;0;-3,753329;-38,508145
347196;22;7;2019;13:35;0;RUA JOSE MENDONCA;;;690;;Colisão Lateral;Luz do Dia;Bom;Seca;Meio de Quadra;Não Há Controle;Comercial;0;0;2;1;0;0;0;0;0;1;0;0;-3,756772;-38,602124
347624;22;7;2019;21:45;0;AV FRE CIRILO;;;439;;Colisão;;;;Meio de Quadra;;;0;0;2;1;0;0;0;0;0;0;0;0;-3,8122476;-38,4995491
346631;22;7;2019;19:30;1451;RUA ROCHA LIMA;RUA ANTONIO AUGUSTO;;;;Colisão Transversal;Via Iluminada;Bom;Seca;Cruz;Pare;Residencial;0;2;0;1;0;0;0;0;0;0;0;0;-3,738344;-38,516207
346634;22;7;2019;00:22;25246;RUA EMILIO DE MENESES;AV H CJ CEARA;;;;Colisão Transversal;Via Iluminada;Bom;Seca;Outros;Não Há Controle;Comercial;0;2;1;0;1;0;0;0;0;1;0;0;-3,7756778;-38,6088947
346626;22;7;2019;22:20;0;RUA WALDIR DIOGO;;;1100;;Colisão Lateral;Via Iluminada;Nublado;Molhada;Meio de Quadra;Outros;Residencial;0;2;1;1;0;0;0;0;0;1;0;0;-3,802533862;-38,58818703
346627;22;7;2019;17:00;23801;RUA COSTA FREIRE;RUA PLACIDO DE CASTRO;;;;Colisão Transversal;Via Iluminada;Bom;Seca;Cruz;Pare;Comercial;0;1;1;1;0;0;0;0;0;1;0;0;-3,791629;-38,584125
346628;22;7;2019;20:30;5463;RUA DNA LEOPOLDINA;RUA BARBARA DE ALENCAR;;;;Colisão Transversal;Via Iluminada;Chuva;Molhada;Cruz;Outros;Comercial;0;1;1;0;1;0;0;0;0;1;0;0;-3,735695;-38,521102
346629;22;7;2019;12:30;2768;RUA CEL VIRGILIO NOGUEIRA (BOM JARDIM);RUA NOVA CONQUISTA (BONSUCESSO);;;;Colisão Lateral;Luz do Dia;Bom;Seca;Cruz;Pare;Comercial;0;1;1;0;0;0;0;0;0;1;0;0;;
346767;22;7;2019;13:20;0;RUA CARLOS RIBEIRO;;;300;;Atropelamento;Luz do Dia;;;;;;1;0;1;0;0;0;0;0;0;1;0;0;-3,774253;-38,479033
346899;22;7;2019;07:08;0;RD BR 116;;;12000;KM-12;Colisão Transversal;Luz do Dia;Bom;Seca;Meio de Quadra;;;0;1;1;1;1;0;0;0;0;0;0;0;-3,85574;-38,496066
346900;22;7;2019;23:10;0;RD BR 116;;;12000;KM-12;Colisão Traseira;;Chuva;Molhada;Meio de Quadra;;;0;0;2;1;0;0;0;0;0;1;0;0;-3,85574;-38,496066
346637;23;7;2019;15:02;0;AV JOAO PESSOA;;;5300;;Colisão Traseira;Luz do Dia;Bom;Seca;Meio de Quadra;Não Há Controle;Comercial;0;1;2;0;1;0;0;0;0;1;0;0;-3,757778075;-38,5542474
346638;23;7;2019;13:50;10012;RUA DUAS NACOES;RUA EMILIO DE MENESES;;;;Colisão Lateral;Luz do Dia;Bom;Seca;Cruz;Semáforo;Residencial;0;1;1;0;0;0;0;0;0;1;0;0;-3,77758;-38,602223
346643;23;7;2019;05:40;154;RUA ANARIO BRAGA;RUA TOMAS RODRIGUES;;;;Colisão Transversal;Amanhecer;Chuva;Molhada;Cruz;Pare;Residencial;0;0;2;0;1;0;0;0;0;0;0;0;-3,736531;-38,594415
347330;23;7;2019;06:46;1493;AV PDE ANTONIO TOMAS;RUA OSVALDO CRUZ (ALDEOTA);;;;Colisão Transversal;Luz do Dia;Nublado;Molhada;Cruz;Semáforo;Comercial;0;1;1;0;0;0;0;0;0;1;0;0;-3,739538;-38,501588
347331;23;7;2019;06:40;0;AV PRS JUSCELINO KUBITSCHEK (PASSARÉ);;;3300;;Colisão Traseira;Luz do Dia;Bom;Seca;Meio de Quadra;Dê Preferência;Comercial;0;3;0;0;0;0;0;0;0;1;0;0;-3,80836;-38,5259
347332;23;7;2019;09:20;9028;RUA SOLON PINHEIRO;RUA DEP JOAO PONTES;;;;Colisão;Luz do Dia;Nublado;Seca;Cruz;Pare;Residencial;0;1;1;0;0;0;0;0;0;1;0;0;-3,745689;-38,531463
348119;23;7;2019;06:53;0;RUA SAO JOSE D03;;;1;PACO MUNICIPAL;Queda;Luz do Dia;;;Meio de Quadra;;;0;1;0;0;0;0;0;0;0;1;0;0;-3,8106;-38,45143
348120;23;7;2019;07:24;0;RUA MAJ PEDRO SAMPAIO;;;;;Colisão;Luz do Dia;;;Meio de Quadra;;;0;1;1;1;0;0;0;0;0;1;0;0;;
348121;23;7;2019;07:46;0;AV DA INDEPENDENCIA;;;1367;;Colisão;Luz do Dia;;;Meio de Quadra;;;0;1;1;1;0;0;0;0;0;1;0;0;-3,72647;-38,592488
348122;23;7;2019;09:08;0;RUA CAIO CID;;;403;;Colisão;Luz do Dia;;;Meio de Quadra;;;0;1;1;1;0;0;0;0;0;1;0;0;-3,774556;-38,48498
348124;23;7;2019;09:51;25047;RUA CIDADE PALHANO;RUA ANTONIO ARRUDA;;;;Colisão;Luz do Dia;;;Cruz;Pare;Comercial;0;1;1;1;0;0;0;0;0;1;0;0;-3,717903;-38,593359
348125;23;7;2019;10:23;0;RUA PEDRO MARTINS;;;587;;Colisão;Luz do Dia;;;Meio de Quadra;;;0;1;1;0;0;0;0;0;0;0;0;0;-3,798629586;-38,60332878
348127;23;7;2019;13:35;25672;AV AUGUSTO DOS ANJOS;RUA LINS DO REGO;;;;Colisão;Luz do Dia;;;T;Pare;Residencial;0;1;1;1;0;0;0;0;0;1;0;0;-3,780923;-38,579816
348128;23;7;2019;13:40;0;AV PERIMETRAL;;;21;JOSE WALTER;Queda;Luz do Dia;;;Meio de Quadra;;;0;1;0;0;0;0;0;0;0;1;0;0;;
348129;23;7;2019;15:42;0;AV JOSE LEON;;;1123;;Colisão;Luz do Dia;;;Meio de Quadra;;;0;1;1;1;0;0;0;0;0;1;0;0;-3,787837;-38,50172908
348130;23;7;2019;17:55;24914;RUA EMILIA GONCALVES;AV DA INDEPENDENCIA;;;;Colisão;Anoitecer;;;Cruz;Não Há Controle;Misto;0;1;1;1;0;0;0;0;0;1;0;0;-3,725453;-38,5960561
348131;23;7;2019;18:09;0;RUA PRO CABRAL;;;1008;;Queda;Anoitecer;;;Meio de Quadra;;;0;1;0;0;0;1;0;0;0;0;0;0;-3,819604231;-38,59502223
348132;23;7;2019;19:16;0;RUA FREDERICO SEVERO;;;120;;Atropelamento;;;;Meio de Quadra;;;0;1;1;0;0;0;0;0;0;1;0;0;-3,8195083;-38,4960363
348133;23;7;2019;19:37;0;RUA FRANCISCO CALACA;;;887;;Colisão;;;;Meio de Quadra;;;0;1;1;1;0;0;0;0;0;1;0;0;-3,70955;-38,57125
348134;23;7;2019;20:19;0;AV JOSE BASTOS;;;4700;HABBIB'S;Queda;;;;Meio de Quadra;;;0;1;0;0;0;1;0;0;0;0;0;0;-3,75683;-38,557447
348135;23;7;2019;20:33;17389;RUA IRM BAZET;RUA ISAIE BORIS;;;;Colisão;;;;Cruz;Pare;Comercial;0;1;1;0;0;0;0;0;0;1;0;0;-3,767093;-38,548585
348136;24;7;2019;07:16;0;RUA EDUARDO PORTO;;;131;;Colisão;Luz do Dia;;;Meio de Quadra;;;0;1;1;1;0;0;0;0;0;1;0;0;-3,832686319;-38,49465155
348137;24;7;2019;07:25;0;RUA AMADEU FURTADO;;;1216;;Colisão;Luz do Dia;;;Meio de Quadra;;;0;1;1;1;0;0;0;0;0;1;0;0;-3,74593675;-38,5619375
348138;24;7;2019;12:08;0;RUA 21 DE ABRIL D27;;;;;Colisão;Luz do Dia;;;Meio de Quadra;;;0;1;1;1;0;0;0;0;0;1;0;0;;
348139;24;7;2019;12:48;0;RUA DECIO DE CASTRO;;;1185;;Colisão;Luz do Dia;;;Meio de Quadra;;;0;1;1;1;0;0;0;0;0;1;0;0;-3,76935;-38,59625
348151;24;7;2019;13:20;0;AV LINEU MACHADO;;;;;Colisão;Luz do Dia;;;Meio de Quadra;;;0;1;1;1;0;0;0;0;0;1;0;0;;
348165;24;7;2019;17:56;0;RUA OSCAR ARARIPE;;;1665;;Colisão;Anoitecer;;;Meio de Quadra;;;0;1;1;0;0;1;0;0;0;1;0;0;-3,788933514;-38,60638878
348166;24;7;2019;18:10;9723;RUA GERALDO BARBOSA;RUA GUARAREMA;;;;Colisão;Anoitecer;;;;;;0;1;1;0;0;0;0;0;0;1;0;0;-3,786464;-38,619056
348156;24;7;2019;13:31;0;RUA VALMIR PONTES;;;206;;Colisão;Luz do Dia;;;Meio de Quadra;;;0;1;1;1;0;0;0;0;0;1;0;0;-3,834073;-38,5736252
348157;24;7;2019;14:24;0;RUA ANSELMO NOGUEIRA;;;269;;Queda;Luz do Dia;;;Meio de Quadra;;;0;1;0;0;0;0;0;0;0;1;0;0;-3,780569333;-38,58704017
348158;24;7;2019;14:45;0;AV MR HULL;;;5001;;Colisão;Luz do Dia;;;Meio de Quadra;;;0;1;1;1;0;0;0;0;0;1;0;0;-3,739257738;-38,58895244
348169;24;7;2019;19:21;0;AV GODOFREDO MACIEL;;;;;Queda;;;;Meio de Quadra;;;0;1;0;0;0;0;0;0;0;1;0;0;;
348170;24;7;2019;23:33;0;AV DR SILAS MUNGUBA;;;3038;;Atropelamento;;;;Meio de Quadra;;;0;2;0;0;0;0;0;0;0;1;0;0;-3,788218222;-38,54649978
347333;24;7;2019;12:30;0;AV I CJ CEARA;;;501;;Colisão;Luz do Dia;Bom;Seca;Meio de Quadra;Não Há Controle;Comercial;0;1;1;1;0;0;0;0;0;1;0;0;-3,8282498;-38,5516547
347625;24;7;2019;17:42;20030;AV HEROIS DO ACRE;RUA OITICICAS;;;;Colisão;Anoitecer;;;T;Pare;Residencial;0;1;1;1;0;0;0;0;0;1;0;0;-3,803173;-38,535023
346642;24;7;2019;18:00;0;RUA CANAL;;;106;;Atropelamento;Anoitecer;Bom;Seca;Meio de Quadra;Não Há Controle;Residencial;0;1;1;0;0;0;0;0;0;1;0;0;-3,7297222;-38,5586111
346648;24;7;2019;09:00;0;AV PRS CASTELO BRANCO;;;749;PEFOCE;Colisão;Luz do Dia;Bom;Seca;Outros;Semáforo;Outros;0;0;2;1;0;0;0;0;0;0;0;0;-3,7180555;-38,5352777
346867;24;7;2019;16:50;0;AV SEN CARLOS JEREISSATI (AEROPORTO);;;;KM 03;Colisão;Luz do Dia;;Seca;Meio de Quadra;;;0;0;2;0;0;0;0;0;0;1;0;0;-3,779641;-38,544038
346868;24;7;2019;17:45;0;RD CE-040;;;;KM-12;Colisão;Anoitecer;;Seca;Meio de Quadra;;;0;0;2;1;0;0;0;0;0;0;0;0;-3,857690949;-38,47204254
346903;24;7;2019;00:10;0;RD BR 116;;;9000;KM-09;Choque c/ Obstáculo Fixo;;Bom;Seca;Meio de Quadra;;;0;0;2;0;0;0;0;0;0;1;0;0;-3,830837;-38,504865
346909;24;7;2019;18:49;0;RD BR 116;;;3000;KM-03;Colisão;;Bom;Seca;Meio de Quadra;;;0;1;2;0;0;0;0;0;0;1;0;0;-3,779838;-38,514372
346910;25;7;2019;17:10;0;RD BR 116;;;3000;KM-03;Colisão Traseira;Anoitecer;Bom;Seca;Meio de Quadra;;;0;1;1;0;0;0;0;0;0;1;0;0;-3,779838;-38,514372