COD_ACIDENTE;DIA;MES;ANO;HORA;INTERSECAO;LOG1;LOG2;LOG3;NUMERO;REFERENCIA;NATUREZA;ILUMINACAO;TEMPO;SUPERFICIEPISTA;TIPOCRUZAMENTO;CONTROLETRAFEGO;USOSOLO;MORTOS;FERIDOS;ILESOS;AUTOMOVEL;ONIBUS;BICICLETA;CAMINHAO;MICROONIBUS;CICLOMOTOR;MOTOCICLETA;TRACAOANIMAL;TREM;LATITUDE;LONGITUDE
346651;25;7;2019;15:39;5742;AV OLIVEIRA PAIVA;RUA MANUEL MONTEIRO;;;;Colisão Transversal;Luz do Dia;Bom;Seca;Cruz;Semáforo;Comercial;0;2;1;0;0;0;0;0;0;1;0;0;-3,795496;-38,49414
346658;25;7;2019;06:55;0;AV JOSE BASTOS;;;2736;;Colisão Traseira;Luz do Dia;Bom;Seca;Meio de Quadra;Dê Preferência;Comercial;0;1;1;1;0;0;0;0;0;1;0;0;-3,7451565;-38,545579
346659;25;7;2019;20:37;5200;RUA TEN BENEVOLO;RUA GONCALVES LEDO;;;;Colisão Transversal;Via Iluminada;Bom;Seca;Cruz;Pare;Residencial;0;1;1;1;1;0;0;0;0;0;0;0;-3,726183;-38,514537
346660;25;7;2019;17:30;15347;AV DOM LUIS;RUA TIBURCIO CAVALCANTE;;;;Colisão Lateral;Via Iluminada;Bom;Seca;Duplo T;Semáforo;Comercial;0;0;2;0;1;0;0;1;0;0;0;0;-3,732021;-38,501313
347627;25;7;2019;12:30;9081;AV AGUANAMBI;AV 13 DE MAIO;;;;Colisão;Luz do Dia;;;T;Não Há Controle;Comercial;0;0;2;0;0;0;0;0;0;0;0;0;-3,753844;-38,523451
347334;25;7;2019;11:16;0;AV FRE CIRILO;;;4561;;Colisão;Luz do Dia;Bom;Não informada;Meio de Quadra;Não Há Controle;Comercial;1;0;1;0;1;1;0;0;0;0;0;0;-3,823449156;-38,49474818
347335;25;7;2019;12:50;1453;AV HERACLITO GRACA;AV RUI BARBOSA;;0;;Colisão Transversal;Luz do Dia;Bom;Seca;Cruz;Semáforo;Comercial;0;1;1;0;0;0;0;0;0;1;0;0;-3,738357;-38,510199
347336;25;7;2019;14:57;0;AV GODOFREDO MACIEL;;;2640;;Colisão Traseira;Luz do Dia;Bom;Seca;Meio de Quadra;Não Há Controle;Comercial;0;1;1;1;0;0;0;0;0;1;0;0;-3,798614;-38,57057
347337;25;7;2019;20:10;15254;AV ANTONIO JUSTA;RUA VICENTE LEITE;;;;Colisão;Via Iluminada;Bom;Seca;Cruz;Não Há Controle;Residencial;0;1;1;1;0;0;0;0;0;0;0;0;-3,72828;-38,492584
347338;25;7;2019;22:42;0;RUA HIPOLITO PAMPLONA;;;361;;Colisão Traseira;Via Iluminada;Bom;Seca;Meio de Quadra;Não Há Controle;Residencial;0;0;2;0;0;0;0;0;0;1;0;0;-3,745;-38,59613
348174;25;7;2019;00:43;0;RUA URUCUTUBA;;;1268;;Queda;;;;Meio de Quadra;;;0;1;0;0;0;0;0;0;0;1;0;0;-3,797309;-38,606024
348181;25;7;2019;06:12;0;AV I CJ JOSE WALTER;;;10;;Colisão;Luz do Dia;;;Meio de Quadra;;;0;1;1;0;0;0;0;1;0;1;0;0;-3,8241205;-38,550418
348182;25;7;2019;06:59;0;AV PRS CASTELO BRANCO;;;901;;Queda;Luz do Dia;;;Meio de Quadra;;;0;1;0;0;0;0;0;0;0;1;0;0;-3,719760919;-38,53134654
348183;25;7;2019;07:59;0;RUA CEL JOAQUIM FRANKLIN;;;614;;Colisão;Luz do Dia;;;Meio de Quadra;;;0;1;1;0;0;0;0;0;0;1;0;0;-3,743106;-38,592292
348176;25;7;2019;01:46;0;RUA CAP MELO;;;4108;;Queda;;;;Meio de Quadra;;;0;1;0;0;0;1;0;0;0;0;0;0;-3,758448667;-38,51271133
348185;25;7;2019;10:14;0;AV GAL OSORIO DE PAIVA;;;1593;;Colisão;Luz do Dia;;;Meio de Quadra;;;0;1;1;0;0;1;0;0;0;1;0;0;-3,781328;-38,575504
348194;25;7;2019;10:50;0;RUA PDE PEDRO DE ALENCAR;;;54;;Queda;Luz do Dia;;;Meio de Quadra;;;0;1;0;0;0;1;0;0;0;0;0;0;-3,828303625;-38,4935525
348195;25;7;2019;13:29;0;AV IMPERADOR;;;1213;;Colisão;Luz do Dia;;;Meio de Quadra;;;0;1;1;1;0;0;0;0;0;1;0;0;-3,731923277;-38,53585611
348196;25;7;2019;14:45;0;RUA CON DE CASTRO;;;2242;;Colisão;Luz do Dia;;;Meio de Quadra;;;0;2;1;1;0;0;0;0;0;1;0;0;-3,78939;-38,577474
348197;25;7;2019;15:33;0;RUA ELCIAS LOPES;;;319;;Atropelamento;Luz do Dia;;;Meio de Quadra;;;0;1;1;0;0;0;0;0;0;0;0;0;-3,7705815;-38,55710244
348198;25;7;2019;16:27;0;RUA PEDRO AGUIAR;;;140;;Colisão;Luz do Dia;;;Meio de Quadra;;;0;1;1;1;0;0;0;0;0;1;0;0;-3,796191562;-38,54562925
348199;25;7;2019;16:40;0;AV BEIRA MAR;;;2860;;Colisão;Luz do Dia;;;Meio de Quadra;;;0;1;1;1;0;1;0;0;0;0;0;0;-3,7239601;-38,4896151
348192;25;7;2019;10:45;0;AV SGT HERMINIO SAMPAIO;;;645;;Queda;Luz do Dia;;;Meio de Quadra;;;0;1;0;0;0;0;0;0;0;1;0;0;-3,724646333;-38,54636126
348238;25;7;2019;17:30;0;AV GOV RAUL BARBOSA;;;;;Colisão;Anoitecer;;;Meio de Quadra;;;0;1;1;1;0;0;0;0;0;1;0;0;;
348239;25;7;2019;17:47;0;RUA URUCUTUBA;;;;;Queda;Anoitecer;;;Meio de Quadra;;;0;1;0;0;0;0;0;0;0;1;0;0;;
348240;25;7;2019;18:31;0;RUA PROF GLAUCO LOBO;;;;;Colisão;;;;Meio de Quadra;;;0;1;1;1;0;0;0;0;0;1;0;0;;
348236;25;7;2019;17:09;0;RUA MARIA GOMES DE SA;;;1184;;Colisão;Anoitecer;;;Meio de Quadra;;;0;1;1;1;0;0;0;0;0;1;0;0;-3,826067;-38,581403
348250;25;7;2019;22:22;0;AV 1 CANINDEZINHO;;;260;;Colisão;;;;Meio de Quadra;;;0;1;1;1;0;0;0;0;0;1;0;0;-3,80689;-38,60055
348248;25;7;2019;21:12;0;AV PRO JOSE ARTHUR CARVALHO;;;;;Colisão;;;;Meio de Quadra;;;0;1;1;1;0;0;0;0;0;1;0;0;;
348242;25;7;2019;19:44;22298;AV BEZERRA DE MENEZES;RUA JOSE CANDIDO D08;;;;Colisão;;;;T;Não Há Controle;Comercial;0;3;0;0;0;0;0;0;0;1;0;0;-3,732988;-38,551501
348246;25;7;2019;20:39;0;RUA MIRTES CORDEIRO;;;1084;;Atropelamento;;;;Meio de Quadra;;;0;1;1;0;0;0;0;0;0;1;0;0;-3,78843;-38,60089
348257;26;7;2019;06:35;0;AV JOSE BASTOS;;;5057;;Colisão;Luz do Dia;;;Meio de Quadra;;;0;1;1;0;0;0;1;0;0;1;0;0;-3,757491358;-38,5615646
348254;26;7;2019;05:00;0;RUA BERNARDO MANUEL;;;8929;;Colisão;Amanhecer;;;Meio de Quadra;;;0;1;1;0;0;0;0;0;0;0;0;0;-3,797729776;-38,55112243
348255;26;7;2019;06:35;0;RUA ALM RUBIM;;;;;Colisão;Luz do Dia;;;Meio de Quadra;;;0;1;1;1;0;0;0;0;0;1;0;0;;
348261;26;7;2019;07:52;0;RUA ESV AZEVEDO;;;;;Colisão;Luz do Dia;;;Meio de Quadra;;;0;1;1;1;0;0;0;0;0;1;0;0;;
348264;26;7;2019;08:44;0;AV 13 DE MAIO;;;1553;;Colisão;Luz do Dia;;;Meio de Quadra;;;0;1;1;1;0;0;0;0;0;1;0;0;-3,74678752;-38,53229544
348273;26;7;2019;12:51;0;RUA L CJ VILA VELHA;;;201;;Atropelamento;Luz do Dia;;;Meio de Quadra;;;0;1;1;1;0;0;0;0;0;0;0;0;-3,7072792;-38,5943841
348274;26;7;2019;13:45;0;RUA G CJ VILA VELHA;;;;;Atropelamento;Luz do Dia;;;Meio de Quadra;;;0;1;1;1;0;0;0;0;0;0;0;0;;
348275;26;7;2019;14:07;0;RUA ILDEFONSO ALBANO;;;2600;;Colisão;Luz do Dia;;;Meio de Quadra;;;0;1;1;1;0;0;0;0;0;1;0;0;-3,743726;-38,516714
348276;26;7;2019;14:48;0;AV PERIMETRAL;;;3601;;Colisão;Luz do Dia;;;Meio de Quadra;;;0;1;1;1;0;0;0;0;0;1;0;0;;
348270;26;7;2019;10:54;25307;AV JOSE LEON;AV DES GONZAGA;;;;Colisão;Luz do Dia;;;T;Pare;Comercial;0;1;1;1;0;0;0;0;0;1;0;0;-3,78708;-38,504513
348268;26;7;2019;09:58;0;RUA DO ROSARIO;;;;;Queda;Luz do Dia;;;Meio de Quadra;;;0;1;0;0;0;1;0;0;0;0;0;0;;
348290;26;7;2019;17:12;10749;AV SEN FERNANDES TAVORA;RUA PRO HERIBALDO COSTA;;;;Colisão;Anoitecer;;;Cruz;Semáforo;Comercial;0;1;1;1;0;0;0;0;0;0;0;0;-3,761006;-38,584384
348291;26;7;2019;17:16;23606;RUA BAR CRATO;RUA MAJ VERISSIMO;;;;Colisão;Anoitecer;;;Cruz;Pare;Residencial;0;1;1;0;0;0;0;0;0;0;0;0;-3,722084;-38,562705
348287;26;7;2019;16:48;0;RUA CACILDA BECKER;;;270;;Colisão;Luz do Dia;;;Meio de Quadra;;;0;1;1;1;0;0;0;0;0;1;0;0;-3,77306;-38,58826
348314;26;7;2019;17:39;4111;RUA LUCAS PINTO;RUA ENG JOAO NOGUEIRA;;;;Colisão;Anoitecer;;;Cruz;Pare;Residencial;0;1;1;1;0;1;0;0;0;0;0;0;-3,713279;-38,558392
348318;26;7;2019;18:51;0;RUA PRO HERIBALDO COSTA;;;450;;Colisão;;;;Meio de Quadra;;;0;1;1;1;0;1;0;0;0;0;0;0;-3,7594841;-38,5835182
348321;26;7;2019;20:26;0;AV OLAVO BILAC;;;905;;Colisão;;;;Meio de Quadra;;;0;1;1;1;0;0;0;0;0;1;0;0;-3,72877836;-38,56488704
348322;26;7;2019;20:47;0;AV JOR THOMAZ COELHO;;;517;;Queda;;;;Meio de Quadra;;;0;1;0;0;0;0;0;0;0;1;0;0;-3,832374;-38,50055
348323;26;7;2019;21:04;0;RUA CIDADE ECOLOGICA;;;420;;Queda;;;;Meio de Quadra;;;0;1;0;0;0;0;0;0;0;1;0;0;-3,804;-38,60639
348324;26;7;2019;21:06;0;RUA BERNARDO MANUEL;;;8796;;Atropelamento;;;;Meio de Quadra;;;0;1;1;0;0;0;0;0;0;1;0;0;-3,796660292;-38,55078879
348325;26;7;2019;22:03;0;RUA DAMASCENO GIRAO;;;;;Queda;;;;Meio de Quadra;;;0;1;0;0;0;1;0;0;0;0;0;0;;
348326;26;7;2019;22:48;0;AV ENG HUMBERTO MONTE;;;;;Colisão;;;;Meio de Quadra;;;0;1;1;0;0;0;0;0;0;1;0;0;;
348327;26;7;2019;23:50;0;AV DUQ CAXIAS;;;2026;;Colisão;;;;Meio de Quadra;;;0;1;1;1;0;0;0;0;0;1;0;0;-3,727791;-38,542245
347339;26;7;2019;00:50;21624;RUA CON DE CASTRO;RUA PIRAJUI;;;;Colisão Transversal;Via Iluminada;Bom;Seca;T;Pare;Comercial;0;1;1;0;0;0;0;0;0;1;0;0;-3,802339;-38,589623
347340;26;7;2019;07:50;12457;RUA MONTE CLARO;AV SEN FERNANDES TAVORA;;;;Colisão Transversal;Luz do Dia;Bom;Seca;Y;Semáforo;Comercial;0;1;2;0;0;0;0;0;0;1;0;0;-3,770153;-38,570427
347341;26;7;2019;06:53;17294;RUA JOAO FIRMINO;RUA CEL ALEXANDRINO;;;;Não Informado;Luz do Dia;Bom;Seca;Cruz;Pare;Residencial;0;0;2;1;0;0;0;0;0;0;0;0;-3,763514;-38,554922
347342;26;7;2019;09:03;0;RUA VILEBALDO AGUIAR;;;2245;;Colisão Traseira;Luz do Dia;Bom;Seca;Meio de Quadra;;;0;1;1;1;0;0;0;0;0;0;0;0;-3,74747;-38,4664
347343;26;7;2019;10:30;6766;AV PDE ANTONIO TOMAS;RUA PRO OTAVIO LOBO;;;;Colisão Lateral;Luz do Dia;Bom;Seca;Cruz;Semáforo;Comercial;0;1;1;1;0;0;0;0;0;1;0;0;-3,746548;-38,47994
347344;26;7;2019;12:45;0;AV DA UNIVERSIDADE;;;2155;;Colisão Traseira;Luz do Dia;Bom;Seca;Meio de Quadra;Não Há Controle;Comercial;0;1;2;1;0;0;0;0;0;1;0;0;-3,736668333;-38,535203
347350;26;7;2019;19:05;6810;RUA BENTO ALBUQUERQUE;RUA JOSE BORBA VASCONCELOS;;;;Colisão Frontal;Via Iluminada;Bom;Seca;Cruz;Pare;Residencial;0;2;2;1;0;0;0;0;0;0;0;0;-3,747266;-38,472258
347628;26;7;2019;18:30;0;AV LAURO VIEIRA CHAVES;;;842;;Choque c/ Obstáculo Fixo;Anoitecer;;;Meio de Quadra;;;0;0;1;0;0;0;0;0;0;0;0;0;-3,7724614;-38,5325997
346630;26;7;2019;13:53;0;AV PRO JOSE ARTHUR CARVALHO;;;296;;Colisão Transversal;Luz do Dia;Bom;Seca;Meio de Quadra;Não Há Controle;Residencial;0;1;1;1;0;0;0;0;0;1;0;0;-3,825958426;-38,47635911
346633;26;7;2019;16:58;1250;AV BAR STUDART;RUA COSTA BARROS;;;;Colisão Transversal;Luz do Dia;Bom;Seca;Cruz;Semáforo;Comercial;0;1;1;1;0;0;0;0;0;1;0;0;-3,732231;-38,505837
346609;26;7;2019;16:00;0;AV CARAPINIMA;;;1765;;Colisão Transversal;Via Iluminada;Bom;Seca;Outros;Outros;Residencial;0;1;1;1;0;0;0;0;0;1;0;0;-3,73712044;-38,53726733
346625;26;7;2019;22:00;3211;RUA VERBENA;RUA EMILIO DE MENESES;;;;Colisão Transversal;Via Iluminada;Bom;Seca;Cruz;Semáforo;Comercial;0;1;1;1;0;0;0;0;0;1;0;0;-3,781344;-38,588838
346605;26;7;2019;11:40;10793;RUA PRO HERIBALDO COSTA;RUA PORTO ALEGRE;;;;Colisão Lateral;Luz do Dia;Bom;Seca;Cruz;Não Há Controle;Comercial;0;1;1;1;0;0;0;0;0;1;0;0;-3,762997;-38,585433
346603;26;7;2019;18:30;22353;AV BEZERRA DE MENEZES;RUA AMADEU FURTADO;;;;Atropelamento;Anoitecer;Bom;Seca;Cruz;Semáforo;Comercial;0;1;1;0;1;0;0;0;0;0;0;0;-3,735591;-38,564079
346912;26;7;2019;20:10;0;RD BR 116;;;12000;KM-12;Colisão Lateral;;Bom;Seca;Meio de Quadra;;;0;1;1;1;0;1;0;0;0;0;0;0;-3,85574;-38,496066
346914;27;7;2019;13:10;0;RD BR 116;;;7000;KM-07;Tombamento;Luz do Dia;Bom;Seca;Meio de Quadra;;;0;1;1;0;0;0;0;1;0;1;0;0;-3,786276359;-38,5115614
346919;27;7;2019;17:35;0;RD BR 116;;;3000;KM-03;Atropelamento;Anoitecer;Bom;Seca;Meio de Quadra;;;0;2;0;0;0;0;0;0;0;1;0;0;-3,779838;-38,514372
346922;27;7;2019;23:00;0;RD BR 222;;;;KM-04;Tombamento;;Chuva;Molhada;Meio de Quadra;;;0;1;1;1;0;0;0;0;0;1;0;0;;
346645;27;7;2019;22:24;1574;RUA JOSE VILAR;RUA PDE VALDEVINO;;;;Colisão Lateral;Via Iluminada;Bom;Seca;Cruz;Semáforo;Comercial;0;1;3;1;0;0;0;0;0;0;0;0;-3,7423;-38,506779
346639;27;7;2019;02:30;0;AV MOZART PINHEIRO DE LUCENA;;;1783;;Colisão Lateral;Via Iluminada;Bom;Seca;Meio de Quadra;Não Há Controle;Comercial;0;0;2;1;0;0;0;0;0;0;0;0;-3,7184288;-38,5956911
346869;27;7;2019;19:00;0;RUA ATILANO MOURA;;;;;Choque c/ Obstáculo Fixo;;;Seca;Meio de Quadra;;;0;0;1;0;0;0;0;0;0;0;0;0;;
346745;27;7;2019;20:50;0;RD BR 222;;;4560;KM-02;Atropelamento;;;;Meio de Quadra;;;1;0;3;1;0;0;0;0;0;0;0;0;-3,7403624;-38,5969961
347345;27;7;2019;07:01;12508;AV LINEU MACHADO;RUA ALUISIO AZEVEDO;;;;Choque c/ Obstáculo Fixo;Luz do Dia;Bom;Seca;Cruz;Semáforo;Comercial;0;1;0;1;0;0;0;0;0;0;0;0;-3,770212;-38,579184
347346;27;7;2019;05:00;0;AV BERNARDO MANUEL;AV II LOT EXPEDICIONARIOS II;;;;Choque c/ Obstáculo Fixo;Amanhecer;Bom;Seca;Meio de Quadra;Não Há Controle;Comercial;0;1;0;0;0;0;0;0;0;0;0;0;;
347347;27;7;2019;09:01;3177;RUA ANSELMO NOGUEIRA;RUA CARLOS CHAGAS;;;;Colisão;Luz do Dia;Bom;Seca;Cruz;Pare;Residencial;0;1;1;0;0;0;0;0;0;1;0;0;-3,779698;-38,586797
347348;27;7;2019;22:08;0;AV SANTOS DUMONT;RUA FRANCISCO CRUZ;;0;;Colisão Lateral;Via Iluminada;Bom;Seca;T;Pare;Residencial;0;0;2;1;0;0;0;0;0;0;0;0;-3,748974;-38,458836
348328;27;7;2019;00:21;0;RUA OSCAR ARARIPE;;;3290;;Queda;;;;Meio de Quadra;;;0;1;0;0;0;0;0;0;0;1;0;0;-3,78472;-38,62001
348329;27;7;2019;03:12;0;AV GAL OSORIO DE PAIVA;;;2063;;Atropelamento;;;;Meio de Quadra;;;0;1;1;0;0;0;0;0;0;1;0;0;-3,78459075;-38,58064675
348350;27;7;2019;06:49;0;RUA DOM SEBASTIAO LEME;;;555;;Colisão;Luz do Dia;;;Meio de Quadra;;;0;1;1;1;0;0;0;0;0;1;0;0;-3,7465;-38,526198
348351;27;7;2019;08:25;0;RUA STA ESMERALDA D56;;;110;;Colisão;Luz do Dia;;;Meio de Quadra;;;0;1;1;1;0;0;0;0;0;1;0;0;-3,752824483;-38,49867552
348362;27;7;2019;09:12;0;RUA 1 CAMPO DOS INGLESES;;;246;;Colisão;Luz do Dia;;;Meio de Quadra;;;0;1;1;1;0;0;0;0;0;1;0;0;-3,802446496;-38,5648184
348363;27;7;2019;10:28;5211;RUA LIBERATO BARROSO;AV IMPERADOR;;;;Queda;Luz do Dia;;;Cruz;Semáforo;Comercial;0;1;0;0;0;0;0;0;0;1;0;0;-3,726511;-38,534257
348364;27;7;2019;10:31;0;RUA EMILIO DE MENESES;;;1368;;Colisão;Luz do Dia;;;Meio de Quadra;;;0;1;1;0;0;0;0;0;0;1;0;0;-3,7799742;-38,5937518
348365;27;7;2019;11:10;0;RUA JOSE HIPOLITO;;;8019;;Colisão;Luz do Dia;;;Meio de Quadra;;;0;1;1;1;0;0;0;0;0;1;0;0;;
348366;27;7;2019;11:23;0;RD BR 116;;;1000;KM-01;Colisão;Luz do Dia;;;Meio de Quadra;;;0;1;1;1;0;0;0;0;0;1;0;0;-3,762554;-38,518702
348367;27;7;2019;11:23;5442;AV VIS RIO BRANCO;RUA GAL CLARINDO DE QUEIROZ;;;;Colisão;Luz do Dia;;;;;;0;1;1;1;0;0;0;0;0;1;0;0;-3,734584;-38,524385
348368;27;7;2019;12:04;0;RUA MIGUEL ARAGAO;;;1255;;Colisão;Luz do Dia;;;Meio de Quadra;;;0;1;1;1;0;0;0;0;0;1;0;0;-3,831012;-38,590442
348369;27;7;2019;13:45;0;RUA GUSTAVO SAMPAIO;;;1691;;Colisão;Luz do Dia;;;Meio de Quadra;;;0;3;0;1;0;0;0;0;0;1;0;0;-3,73588;-38,559501
348370;27;7;2019;14:12;0;AV DOMINGOS OLIMPIO;;;2094;;Queda;Luz do Dia;;;Meio de Quadra;;;0;1;0;0;0;0;0;0;0;1;0;0;-3,733149091;-38,54191945
348371;27;7;2019;14:27;0;RUA NAT FEIJO;;;986;;Colisão;Luz do Dia;;;Meio de Quadra;;;0;1;1;1;0;0;0;0;0;1;0;0;-3,72122;-38,55756
348372;27;7;2019;14:48;0;RUA CEL GUILHERME ALENCAR;;;665;;Queda;Luz do Dia;;;Meio de Quadra;;;0;1;0;0;0;1;0;0;0;0;0;0;-3,8347326;-38,49248653
348373;27;7;2019;16:15;99;RUA MARTINS NETO;RUA TOMAS RODRIGUES;;;;Colisão;Luz do Dia;;;Cruz;Pare;Residencial;0;1;1;1;0;0;0;0;0;1;0;0;-3,741063;-38,593771
348374;27;7;2019;16:21;0;AV PERIMETRAL;;;3602;;Colisão;Luz do Dia;;;Meio de Quadra;;;0;1;1;0;0;0;0;0;0;0;0;0;;
348375;27;7;2019;17:01;24943;AV ABOLICAO;AV ALM HENRIQUE SABOIA;;;;Atropelamento de Animal;Anoitecer;;;Y;Semáforo;Comercial;0;1;0;0;0;0;0;0;0;1;0;0;-3,722615;-38,479798
348376;27;7;2019;17:03;0;RUA JOSE CARLOS GURGEL NOGUEIRA;;;125;;Colisão;Anoitecer;;;Meio de Quadra;;;0;1;1;1;0;0;0;0;0;1;0;0;-3,732973;-38,47386
348358;27;7;2019;08:42;0;AV PRO JOSE ARTHUR CARVALHO;;;2659;;Colisão;Luz do Dia;;;Meio de Quadra;;;0;1;1;1;0;0;0;0;0;1;0;0;-3,82382134;-38,45574446
348393;27;7;2019;17:37;19599;RUA NEREU RAMOS;RUA MONACO;;;;Queda;Anoitecer;;;Cruz;Pare;Comercial;0;1;0;0;0;0;0;0;0;1;0;0;-3,786229;-38,569609
348394;27;7;2019;17:45;0;AV JANGADEIROS (MUCURIPE);;;725;;Colisão;Anoitecer;;;Meio de Quadra;;;0;1;1;0;0;0;0;0;0;0;0;0;-3,724988;-38,478066
348400;27;7;2019;19:34;0;RUA ROSINHA SAMPAIO;;;2099;;Colisão;Anoitecer;;;Meio de Quadra;;;0;1;1;1;0;0;0;0;0;1;0;0;-3,724211;-38,597432
348401;27;7;2019;19:37;0;AV ENG HUMBERTO MONTE;;;793;;Colisão;;;;Meio de Quadra;;;0;1;1;0;0;0;0;0;0;1;0;0;-3,751604577;-38,55850377
348402;27;7;2019;19:45;0;AV WASHINGTON SOARES;;;6055;CAMBEBA 1;Colisão;;;;Meio de Quadra;;;0;2;0;0;0;0;0;0;0;1;0;0;-3,812163;-38,479154
348417;27;7;2019;20:14;11836;RUA JACINTO MATOS;RUA MON DANTAS;;;;Colisão;;;;Cruz;Pare;Comercial;0;1;1;1;0;0;0;0;0;1;0;0;-3,719714;-38,5468
348418;27;7;2019;20:49;3790;AV 13 DE MAIO;RUA NOSSA SRA REMEDIOS;;;;Colisão;;;;T;Pare;Comercial;0;2;0;0;0;0;0;0;0;1;0;0;-3,742046;-38,537836
348419;27;7;2019;20:59;0;RUA JOSE ABILIO;;;902;;Colisão;;;;Meio de Quadra;;;0;1;1;1;0;0;0;0;0;1;0;0;-3,78353;-38,59979
348420;27;7;2019;21:50;0;RUA JOSE TORRES;;;828;;Queda;;;;Meio de Quadra;;;0;1;0;0;0;1;0;0;0;0;0;0;-3,77847748;-38,60685532
348424;27;7;2019;23:11;17412;RUA ALBERTO MAGNO;RUA BAR SOBRAL;;;;Colisão;;;;Cruz;Semáforo;Comercial;0;1;1;1;0;0;0;0;0;1;0;0;-3,767991;-38,552417
348427;27;7;2019;23:52;0;AV PRO JOSE ARTHUR CARVALHO;;;2200;;Colisão;;;;Meio de Quadra;;;0;2;1;1;0;0;0;0;0;1;0;0;-3,824616608;-38,45964165
348428;27;7;2019;23:56;0;AV PRS CASTELO BRANCO;;;;;Queda;;;;Meio de Quadra;;;0;1;0;0;0;1;0;0;0;0;0;0;;
348430;28;7;2019;00:17;0;AV IMPERADOR;;;;;Queda;;;;Meio de Quadra;;;0;2;0;0;0;0;0;0;0;1;0;0;;
348432;28;7;2019;00:27;0;RUA JULIO AZEVEDO;;;225;;Queda;;;;Meio de Quadra;;;0;1;0;0;0;0;0;0;0;1;0;0;-3,733306759;-38,47622641
348438;28;7;2019;05:45;0;AV SGT HERMINIO SAMPAIO;;;2320;;Colisão;Amanhecer;;;Meio de Quadra;;;0;1;1;1;0;0;0;0;0;1;0;0;-3,726569118;-38,56161565
348442;28;7;2019;06:12;0;RUA VALPARAISO;;;1362;;Colisão;Luz do Dia;;;Meio de Quadra;;;0;1;1;1;0;0;0;0;0;1;0;0;-3,840347113;-38,53048612
348443;28;7;2019;08:52;0;AV PDE ANTONIO TOMAS;;;;;Queda;Luz do Dia;;;Meio de Quadra;;;0;1;0;0;0;1;0;0;0;0;0;0;;
348444;28;7;2019;11:33;15280;RUA DR JOSE LOURENCO;RUA TEN BENEVOLO;;;;Colisão;Luz do Dia;;;;Pare;Comercial;0;1;1;1;0;0;0;0;0;1;0;0;-3,729029;-38,50601
348445;28;7;2019;12:26;0;AV JOSE BASTOS;;;2792;;Colisão;Luz do Dia;;;Meio de Quadra;;;0;1;1;0;0;0;0;0;0;1;0;0;-3,7451565;-38,545579
348446;28;7;2019;14:45;0;AV MR HULL;;;4856;;Colisão;Luz do Dia;;;Meio de Quadra;;;0;1;1;0;0;0;0;0;0;0;0;0;-3,7390795;-38,5877025
348447;28;7;2019;15:26;0;RUA JORGE DUMAR;;;;;Atropelamento;Luz do Dia;;;Meio de Quadra;;;0;1;1;0;0;0;0;0;0;0;0;0;;
348448;28;7;2019;16:25;0;RUA JABUTICABA;;;1344;;Colisão;Luz do Dia;;;Meio de Quadra;;;0;1;1;1;0;0;0;0;0;1;0;0;-3,8261337;-38,5633769
348449;28;7;2019;16:57;0;RUA GRACA ARANHA;;;1084;;Colisão;Luz do Dia;;;Meio de Quadra;;;0;1;1;0;0;0;0;0;0;1;0;0;-3,714574;-38,57545
348450;28;7;2019;17:14;0;AV CEL CARVALHO;;;115;;Atropelamento;Anoitecer;;;Meio de Quadra;;;0;1;1;1;0;0;0;0;0;0;0;0;-3,703935289;-38,59142961
348451;28;7;2019;17:41;19882;RUA ESPERANTO D14;RUA ARMANDO MONTEIRO;;;;Colisão;Anoitecer;;;Cruz;Pare;Residencial;0;1;1;1;0;0;0;0;0;1;0;0;-3,762655;-38,53896
348452;28;7;2019;18:57;0;RUA OLIMPIO NORONHA;;;403;;Colisão;;;;Meio de Quadra;;;0;1;1;0;0;0;0;0;0;0;0;0;-3,8122403;-38,5611059
348453;28;7;2019;19:04;0;RUA POMPILIO GOMES;;;1672;;Colisão;;;;Meio de Quadra;;;0;2;1;0;0;0;0;0;0;1;0;0;-3,8264174;-38,5211815
348454;28;7;2019;19:14;0;RUA TEODOMIRO DE CASTRO;;;6153;;Colisão;;;;Meio de Quadra;;;0;1;1;0;0;0;0;0;0;0;0;0;-3,71738;-38,57537
348455;28;7;2019;19:49;0;RUA LONDRINA;;;1773;;Colisão;;;;Meio de Quadra;;;0;1;1;1;0;1;0;0;0;0;0;0;-3,779942645;-38,60716314
348456;28;7;2019;21:57;0;AV GOV RAUL BARBOSA;;;7494;;Atropelamento;;;;Meio de Quadra;;;0;1;1;1;0;0;0;0;0;0;0;0;-3,777161;-38,513472
348457;28;7;2019;22:16;0;RUA 860 CJ CEARA;;;;;Atropelamento;;;;Meio de Quadra;;;0;1;1;0;0;1;0;0;0;0;0;0;;
348435;28;7;2019;02:02;0;RUA PDE MIGUELINHO;;;2841;;Colisão;;;;Meio de Quadra;;;0;1;1;1;0;0;0;0;0;1;0;0;;