COD_ACIDENTE;DIA;MES;ANO;HORA;INTERSECAO;LOG1;LOG2;LOG3;NUMERO;REFERENCIA;NATUREZA;ILUMINACAO;TEMPO;SUPERFICIEPISTA;TIPOCRUZAMENTO;CONTROLETRAFEGO;USOSOLO;MORTOS;FERIDOS;ILESOS;AUTOMOVEL;ONIBUS;BICICLETA;CAMINHAO;MICROONIBUS;CICLOMOTOR;MOTOCICLETA;TRACAOANIMAL;TREM;LATITUDE;LONGITUDE
347349;28;7;2019;07:05;17412;RUA ALBERTO MAGNO;RUA BAR SOBRAL;;;;Colisão;Via Iluminada;Bom;Seca;Cruz;Semáforo;Comercial;0;1;2;1;0;0;0;0;0;0;0;0;-3,767991;-38,552417
347375;28;7;2019;19:25;19436;AV AUGUSTO DOS ANJOS;RUA SEIXAS CORREIA;;;;Colisão Transversal;Luz do Dia;Bom;Seca;Cruz;Semáforo;Comercial;0;0;2;1;0;0;0;0;0;0;0;0;-3,779412;-38,578496
347629;28;7;2019;21:01;7426;AV SEN FERNANDES TAVORA;RUA NATAL;;;;Colisão;;;;Cruz;Não Há Controle;Comercial;0;1;1;1;0;0;0;0;0;1;0;0;-3,757915;-38,590172
347630;28;7;2019;20:00;0;AV CEL CARVALHO;;;240;;Atropelamento;;;;Meio de Quadra;;;0;1;1;0;0;0;0;0;0;0;0;0;-3,705043395;-38,59114417
347631;28;7;2019;19:49;1437;RUA SILVA PAULET;RUA JOAO CARVALHO;;;;Colisão;;;;Cruz;Pare;Comercial;0;1;1;1;0;0;0;0;0;1;0;0;-3,737966;-38,506557
347632;28;7;2019;19:42;24236;AV ENG ALBERTO SA;RUA DES WALDETARIO P MOTA;;;;Colisão;;;;Cruz;Semáforo;Comercial;0;2;0;1;0;0;0;0;0;1;0;0;-3,733736;-38,47869
346749;28;7;2019;01:32;0;AV GODOFREDO MACIEL;;;5421;RESTAURANTE DELÍCIAS DO SERTÃO;Atropelamento;;;;Meio de Quadra;;;1;0;1;1;0;0;0;0;0;0;0;0;-3,82125;-38,57777
346876;28;7;2019;18:40;0;RD CE-040;;;;KM-11;Colisão;;;Seca;Meio de Quadra;;;0;0;2;0;0;0;1;0;0;0;0;0;-3,84962623;-38,47606989
346618;28;7;2019;22:30;17399;RUA ISAIE BORIS;RUA CEL ALEXANDRINO;;;;Colisão Transversal;Via Iluminada;Bom;Seca;Cruz;Semáforo;Comercial;0;1;1;1;0;0;0;0;0;1;0;0;-3,767501;-38,549634
346619;28;7;2019;13:00;278;RUA GAL PIRAGIBE;RUA ROTARY;;;;Colisão Transversal;Luz do Dia;Bom;Seca;Cruz;Pare;Residencial;0;1;2;0;0;0;0;0;0;1;0;0;-3,742184;-38,557053
346616;28;7;2019;23:20;8025;AV JOAO PESSOA;RUA PRO COSTA MENDES;;;;Colisão Lateral;Via Iluminada;Bom;Seca;Cruz;Semáforo;Comercial;0;1;1;0;1;0;0;0;0;1;0;0;-3,752393;-38,549441
346677;29;7;2019;08:00;0;AV PRS COSTA E SILVA;;;;CHESF;Colisão Lateral;Luz do Dia;Bom;Seca;Meio de Quadra;Não Há Controle;Residencial;1;0;1;1;0;0;0;0;0;1;0;0;-3,825436;-38,54074
346680;29;7;2019;01:17;7733;AV JOAO PESSOA;RUA BAR SOBRAL;;;;Colisão Lateral;Via Iluminada;Bom;Seca;Cruz;Semáforo;Comercial;0;1;2;1;0;0;0;0;0;0;0;0;-3,7645096;-38,5587057
346878;29;7;2019;08:10;0;AV SEN CARLOS JEREISSATI (AEROPORTO);;;;KM 01;Colisão;Luz do Dia;;Seca;Meio de Quadra;;;0;0;2;1;0;0;0;0;0;0;0;0;-3,783753;-38,52685
346879;29;7;2019;15:40;0;AV MIN JOSE AMERICO;;;;;Colisão;Luz do Dia;;Seca;Meio de Quadra;;;0;0;2;1;0;0;0;0;0;1;0;0;;
346880;29;7;2019;17:45;0;RD CE-040;;;;KM-06;Choque c/ Obstáculo Fixo;Anoitecer;;Seca;Meio de Quadra;;;0;0;2;1;0;0;0;0;0;0;0;0;-3,809596804;-38,47873348
346925;29;7;2019;17:10;0;RD BR 116;;;8000;KM-08;Tombamento;Anoitecer;;;Meio de Quadra;;;0;2;1;0;0;0;0;0;0;1;0;0;-3,822018;-38,503269
347633;29;7;2019;15:15;0;RUA VITORIA;;;179;;Outros;Luz do Dia;;;Meio de Quadra;;;0;0;1;0;0;0;0;0;0;0;0;0;-3,7236529;-38,6031409
347634;29;7;2019;23:05;0;AV AGUANAMBI;;;1637;;Atropelamento;;;;Meio de Quadra;;;0;1;0;0;1;0;0;0;0;0;0;0;-3,751039;-38,523551
347635;29;7;2019;20:55;17426;RUA ELVIRA PINHO;RUA ALBERTO MAGNO;;;;Colisão;;;;Cruz;Semáforo;Comercial;0;0;2;0;0;0;0;0;0;0;0;0;-3,768489;-38,552656
347636;29;7;2019;16:00;0;AV 13 DE MAIO;;;441;;Colisão;Luz do Dia;;;Meio de Quadra;;;0;0;2;0;0;0;0;0;0;0;0;0;-3,752733;-38,52533659
347637;29;7;2019;00:50;21801;RUA DEP MATOSO FILHO;RUA GONCALO BEZERRA;;;;Colisão;;;;Cruz;Pare;Residencial;0;1;0;1;0;0;0;0;0;1;0;0;-3,73014;-38,585256
347351;29;7;2019;07:44;17283;RUA QUEIROZ RIBEIRO;RUA BENJAMIN CARNEIRO GIRAO;;;;Colisão;Luz do Dia;Bom;Seca;Cruz;Pare;Comercial;0;0;2;1;0;0;0;0;0;1;0;0;-3,762749;-38,545656
347352;29;7;2019;10:16;25287;AV AUGUSTO DOS ANJOS;RUA PRIMEIRO DE MAIO D34;;;;Colisão Lateral;Luz do Dia;Bom;Seca;T;Não Há Controle;Comercial;0;1;1;0;0;0;0;0;0;1;0;0;-3,78449;-38,582915
347353;29;7;2019;13:27;0;RUA VITORIA (AV. PERIMETRAL);;;179;;Colisão Lateral;Luz do Dia;Bom;Seca;Y;Pare;Comercial;0;0;2;0;0;0;0;0;0;1;0;0;-3,7236529;-38,6031409
347354;29;7;2019;14:00;0;RUA JOAO CARVALHO;;;366;;Colisão Lateral;Luz do Dia;Bom;Seca;;;;0;0;3;1;0;0;0;0;0;1;0;0;-3,737049;-38,5094126
347355;29;7;2019;19:15;15350;AV DES MOREIRA;RUA PEREIRA VALENTE;;0;;Não Informado;Via Iluminada;Bom;Seca;Cruz;Gesto;Comercial;0;0;1;1;0;0;0;0;0;0;0;0;-3,732253;-38,497076
347356;29;7;2019;20:03;0;AV ANTONIO SALES;;;0;;Colisão Traseira;Via Iluminada;Bom;Seca;Meio de Quadra;Não Há Controle;Escola;0;0;3;1;0;0;0;0;0;0;0;0;;
347357;29;7;2019;20:43;9039;RUA BAR RIO BRANCO;RUA PDE MIGUELINHO;;0;;Colisão Transversal;Mal Iluminada;Bom;Seca;Cruz;Pare;Escola;0;0;2;1;0;0;0;0;0;0;0;0;-3,742749;-38,53346
348386;29;7;2019;20:50;19657;AV BEZERRA DE MENEZES;RUA PRO RAIMUNDO ARRUDA;;;;Atropelamento;;;;Cruz;Semáforo;Comercial;0;1;0;1;0;0;0;0;0;0;0;0;-3,733126;-38,552148
348389;29;7;2019;21:28;0;RUA SAO FRANCISCO XAVIER;;;821;;Colisão;;;;Meio de Quadra;;;0;1;0;1;0;0;0;0;0;1;0;0;-3,79763;-38,60376
348390;29;7;2019;23:04;1510;RUA JOSE VILAR;AV JULIO VENTURA;;;;Queda;;;;Cruz;Semáforo;Comercial;0;1;0;0;0;0;0;0;0;1;0;0;-3,739985;-38,506014
348359;29;7;2019;16:55;0;RUA LUIS GUEDES;;;577;;Atropelamento;Luz do Dia;;;Meio de Quadra;;;0;1;0;0;0;0;0;0;0;1;0;0;-3,819129842;-38,59918374
348360;29;7;2019;17:10;0;RUA ALM RUBIM;;;1779;;Colisão;Anoitecer;;;Meio de Quadra;;;0;1;0;0;0;0;0;0;0;1;0;0;-3,773105;-38,55741661
348361;29;7;2019;17:24;0;AV DES MOREIRA;;;578;;Colisão;Anoitecer;;;Meio de Quadra;;;0;1;0;1;0;0;0;0;0;1;0;0;-3,731260575;-38,49674595
348378;29;7;2019;18:36;23338;RUA EDUARDO BEZERRA;RUA OSVALDO CRUZ (ALDEOTA);;;;Colisão;;;;Cruz;Pare;Residencial;0;1;0;1;0;0;0;0;0;1;0;0;-3,753129;-38,505966
348379;29;7;2019;18:50;9737;RUA OSCAR ARARIPE;RUA PATO BRANCO;;;;Queda;;;;;;;0;1;0;0;0;0;0;0;0;1;0;0;-3,785485;-38,617231
348380;29;7;2019;19:23;0;RUA CESAR ROSSAS;;;;;Colisão;;;;Meio de Quadra;;;0;1;0;1;0;0;0;0;0;1;0;0;;
348352;29;7;2019;13:50;0;AV PRO GOMES DE MATOS;;;1711;;Colisão;Luz do Dia;;;Meio de Quadra;;;0;1;0;0;0;0;0;0;0;0;0;0;-3,7664343;-38,55014603
348353;29;7;2019;14:27;0;AV PRS JUSCELINO KUBITSCHEK (PASSARÉ);;;5800;;Colisão;Luz do Dia;;;Meio de Quadra;;;0;2;0;0;0;0;0;0;0;0;0;0;-3,8243584;-38,5377762
348354;29;7;2019;14:45;0;RUA JULIO SILVA;;;;;Colisão;Luz do Dia;;;Meio de Quadra;;;0;1;0;1;0;0;0;0;0;1;0;0;;
348355;29;7;2019;15:47;0;AV AUGUSTO DOS ANJOS;;;644;;Colisão;Luz do Dia;;;Meio de Quadra;;;0;1;0;1;0;0;0;0;0;1;0;0;-3,773991926;-38,57367915
348356;29;7;2019;16:09;0;AV DA UNIVERSIDADE;;;2189;;Atropelamento;Luz do Dia;;;Meio de Quadra;;;0;1;0;1;0;0;0;0;0;0;0;0;-3,736873667;-38,535396
348357;29;7;2019;16:42;8954;RUA DOM JERONIMO D06;AV DOMINGOS OLIMPIO;;;;Colisão;Luz do Dia;;;Cruz;Pare;Comercial;0;2;0;1;0;0;0;0;0;1;0;0;-3,733201;-38,543457
348333;29;7;2019;08:44;0;AV G CJ JOSE WALTER;;;1100;;Colisão;Luz do Dia;;;Meio de Quadra;;;0;1;0;1;0;0;0;0;0;1;0;0;-3,7755318;-38,6100952
348347;29;7;2019;13:38;0;RUA BAR CRATO;;;1156;;Colisão;Luz do Dia;;;Meio de Quadra;;;0;1;0;1;0;0;0;0;0;1;0;0;-3,721069;-38,558927
348313;29;7;2019;06:18;0;AV CEL CARVALHO;;;;;Atropelamento;Luz do Dia;;;Meio de Quadra;;;0;1;0;0;0;0;0;0;0;1;0;0;;
348349;29;7;2019;13:43;0;AV MR HULL;;;5232;;Colisão;Luz do Dia;;;Meio de Quadra;;;0;1;0;0;0;0;0;0;0;0;0;0;-3,739614;-38,591205
348331;29;7;2019;08:32;0;RUA STA JULIA;;;44;;Colisão;Luz do Dia;;;Meio de Quadra;;;0;2;0;1;0;0;0;0;0;1;0;0;-3,774328467;-38,5679652
348338;29;7;2019;08:53;0;RUA 424 CJ SAO CRISTOVAO;;;52;;Queda;Luz do Dia;;;Meio de Quadra;;;0;1;0;0;0;1;0;0;0;0;0;0;-3,834176293;-38,5156914
348339;29;7;2019;08:57;2328;AV CEL CARVALHO;AV FRANCISCO SA;;;;Colisão;Luz do Dia;;;Cruz;Pare;Comercial;0;1;0;1;0;0;0;0;0;1;0;0;-3,703499;-38,591542
348340;29;7;2019;09:04;0;AV PRS COSTA E SILVA;;;;;Colisão;Luz do Dia;;;Meio de Quadra;;;0;1;0;1;0;0;0;0;0;0;0;0;;
348341;29;7;2019;09:37;0;AV PRS COSTA E SILVA;;;;;Colisão;Luz do Dia;;;Meio de Quadra;;;0;1;0;0;0;0;0;0;0;1;0;0;;
348342;29;7;2019;12:31;2750;RUA VALDEMAR PAES;RUA OSCAR FRANCA;;;;Colisão;Luz do Dia;;;Cruz;Pare;Residencial;0;1;0;1;0;0;0;0;0;1;0;0;-3,791393;-38,60117
348343;29;7;2019;12:41;0;RUA DARCY VARGAS;;;781;;Queda;Luz do Dia;;;Meio de Quadra;;;0;1;0;0;0;0;0;0;0;1;0;0;-3,79317;-38,58871
348344;29;7;2019;13:09;0;AV GODOFREDO MACIEL;;;4713;;Queda;Luz do Dia;;;Meio de Quadra;;;0;1;0;0;0;0;0;0;0;1;0;0;-3,816455652;-38,57455674
348345;29;7;2019;13:15;0;RUA DIAMANTINA;;;343;;Colisão;Luz do Dia;;;Meio de Quadra;;;0;1;0;1;0;0;0;0;0;1;0;0;-3,76354164;-38,57013284
348319;29;7;2019;07:12;0;AV DR SILAS MUNGUBA;;;1403;;Colisão;Luz do Dia;;;Meio de Quadra;;;0;1;0;0;0;1;0;0;0;1;0;0;-3,783875892;-38,55396149
348316;29;7;2019;06:25;0;AV FRE CIRILO;;;3655;;Colisão;Luz do Dia;;;Meio de Quadra;;;0;1;0;1;0;0;0;0;0;0;0;0;-3,8163238;-38,497844
348317;29;7;2019;06:31;0;AV PRS COSTA E SILVA;;;1801;;Colisão;Luz do Dia;;;Meio de Quadra;;;0;1;0;0;0;0;0;0;0;1;0;0;-3,8206199;-38,559154
348308;29;7;2019;06:10;0;RUA VITORIA;;;1286;;Atropelamento de Animal;Luz do Dia;;;;;;0;1;0;0;0;0;0;0;0;1;0;0;-3,76436;-38,58811
348392;30;7;2019;06:26;0;RUA OSCARITO;;;879;;Atropelamento;Luz do Dia;;;Meio de Quadra;;;0;1;0;0;0;0;0;0;0;1;0;0;-3,84566751;-38,52916385
348439;30;7;2019;21:07;0;RD BR 116;;;2000;KM-02;Colisão;;;;Meio de Quadra;;;0;1;0;1;0;0;0;0;0;1;0;0;-3,771391;-38,51678
348440;30;7;2019;21:54;0;RUA CON DE CASTRO;;;;;Colisão;;;;Meio de Quadra;;;0;1;0;0;0;0;0;0;0;0;0;0;;
348433;30;7;2019;17:13;0;RUA STA EFIGENIA;;;299;;Colisão;Anoitecer;;;Meio de Quadra;;;0;1;0;0;0;0;0;0;0;0;0;0;-3,834763;-38,500593
348434;30;7;2019;17:18;0;AV JOR JOAO RAMOS;;;1500;;Queda;Anoitecer;;;Meio de Quadra;;;0;1;0;0;0;0;0;0;0;1;0;0;;
348425;30;7;2019;17:01;13939;RUA VER PEDRO PAULO MOREIRA;RUA HONORIO VIEIRA;;;;Colisão;Anoitecer;;;Cruz;Gesto;Residencial;0;1;0;1;0;1;0;0;0;0;0;0;-3,787289;-38,486544
348421;30;7;2019;15:13;11866;AV FRANCISCO SA;RUA OSCAR PEDREIRA;;;;Queda;Luz do Dia;;;T;Não Há Controle;Residencial;0;1;0;0;0;0;0;0;0;1;0;0;-3,722128;-38,54297
348422;30;7;2019;15:27;0;RUA DEP MATOSO FILHO;;;1331;;Queda;Luz do Dia;;;Meio de Quadra;;;0;1;0;0;0;0;0;0;0;1;0;0;-3,734677;-38,595821
348423;30;7;2019;15:42;0;AV BEIRA MAR;;;;;Queda;Luz do Dia;;;Meio de Quadra;;;0;1;0;0;0;1;0;0;0;0;0;0;;
348403;30;7;2019;06:48;0;RUA CARNAUBAL;;;269;;Colisão;Luz do Dia;;;Meio de Quadra;;;0;1;0;0;0;0;0;0;0;0;0;0;-3,722783;-38,580391
348399;30;7;2019;06:26;0;AV GAL OSORIO DE PAIVA;;;;;Atropelamento;Luz do Dia;;;Meio de Quadra;;;0;1;0;0;0;0;0;0;0;1;0;0;;
348406;30;7;2019;08:53;0;AV CEL CARVALHO;;;2570;;Colisão;Luz do Dia;;;Meio de Quadra;;;0;1;0;1;0;0;0;0;0;1;0;0;-3,725382;-38,585818
348409;30;7;2019;08:58;0;RUA 7 DE SETEMBRO;;;80;;Atropelamento;Luz do Dia;;;Meio de Quadra;;;0;1;0;0;0;0;0;0;0;1;0;0;-3,773608258;-38,56287897
348411;30;7;2019;09:22;0;AV FRE CIRILO;;;;;Colisão;Luz do Dia;;;Meio de Quadra;;;0;1;0;1;0;0;0;0;0;1;0;0;;
348412;30;7;2019;10:35;9040;RUA JAIME BENEVOLO;RUA PDE MIGUELINHO;;;;Colisão;Luz do Dia;;;Cruz;Pare;Residencial;0;1;0;1;0;0;0;0;0;1;0;0;-3,744086;-38,529347
348413;30;7;2019;11:37;0;RUA BOM JESUS (GRANJA LISBOA);;;2550;;Colisão;Luz do Dia;;;Meio de Quadra;;;0;1;0;1;0;0;0;0;0;1;0;0;-3,789741741;-38,61566278
348414;30;7;2019;14:10;0;RUA RANGEL PESTANA;;;1269;;Colisão;Luz do Dia;;;Meio de Quadra;;;0;1;0;1;0;0;0;0;0;1;0;0;-3,789569321;-38,46730614
348415;30;7;2019;14:21;0;AV ABOLICAO;;;2480;;Colisão;Luz do Dia;;;Meio de Quadra;;;0;1;0;1;0;0;0;0;0;1;0;0;-3,727006;-38,496477
348436;30;7;2019;19:24;0;RUA ERETIDES MARTINS;;;1078;;Colisão;;;;Meio de Quadra;;;0;1;0;0;0;0;0;0;0;0;0;0;-3,728904;-38,559532
348437;30;7;2019;21:00;0;RUA JAIME BENEVOLO;;;154;;Atropelamento;;;;Meio de Quadra;;;0;1;0;1;0;0;0;0;0;0;0;0;-3,7335985;-38,5258605
348459;30;7;2019;22:42;15185;AV DES MOREIRA;AV BEIRA MAR;;;;Colisão;;;;T;Pare;Comercial;0;1;0;1;0;1;0;0;0;0;0;0;-3,726073;-38,4951
347358;30;7;2019;13:51;0;RUA 01 UI 601;;;12;;Capotamento;Anoitecer;Chuva;Molhada;Meio de Quadra;Cancela;Escola;0;1;0;1;0;0;0;0;0;0;0;0;-3,74792263;-38,56760956
347359;30;7;2019;16:14;0;AV SGT HERMINIO SAMPAIO;;;4933;;Colisão Traseira;Luz do Dia;Bom;Seca;Meio de Quadra;Não Há Controle;Industrial;0;0;2;1;0;0;0;0;0;0;0;0;-3,73347975;-38,58367925
347360;30;7;2019;09:43;0;RUA PDE PEDRO DE ALENCAR;;;1791;;Colisão Traseira;Luz do Dia;Bom;Seca;Meio de Quadra;Não Há Controle;Comercial;1;2;0;0;0;0;0;0;0;1;0;0;-3,843805;-38,494382
347367;30;7;2019;10:05;5695;RUA MARGARIDA DE QUEIROZ;RUA CHICO LEMOS;;;;Colisão;Luz do Dia;Bom;Seca;Cruz;Pare;Comercial;0;1;1;1;0;0;0;0;0;1;0;0;-3,791881;-38,498869
347638;30;7;2019;09:20;25067;RUA DES PRAXEDES;AV DOS EXPEDICIONARIOS;;;;Colisão;Luz do Dia;;;Cruz;Semáforo;Comercial;0;0;2;0;0;0;0;0;0;0;0;0;-3,763679;-38,540839
347639;30;7;2019;13:15;19824;AV ENG HUMBERTO MONTE;RUA ARMANDO OLIVEIRA;;;;Choque c/ Obstáculo Fixo;Luz do Dia;;;Outros;Não Há Controle;Residencial;0;1;0;1;0;0;0;0;0;0;0;0;-3,740607;-38,567671
346882;30;7;2019;09:40;0;RD CE-040;;;;KM-07;Colisão;Luz do Dia;;Seca;Meio de Quadra;;;0;0;2;1;0;0;0;0;0;1;0;0;-3,817159445;-38,48303286
346884;30;7;2019;13:20;0;AV SEN CARLOS JEREISSATI (AEROPORTO);;;;KM 04;Colisão;Luz do Dia;;Seca;Meio de Quadra;;;0;0;2;1;0;0;0;0;0;1;0;0;-3,77402;-38,550907
346689;30;7;2019;18:00;0;AV GAL MURILO BORGES;;;;;Colisão;Mal Iluminada;Bom;Seca;Meio de Quadra;Outros;Comercial;0;2;0;0;0;1;0;0;0;1;0;0;;
346686;30;7;2019;11:50;0;RUA JOAQUIM NABUCO;;;1783;;Colisão Lateral;Luz do Dia;Bom;Seca;Meio de Quadra;Não Há Controle;Residencial;0;1;1;1;0;0;0;0;0;1;0;0;-3,74095075;-38,50310625
346687;30;7;2019;21:00;1566;RUA PDE VALDEVINO;RUA SILVA PAULET;;;;Colisão Transversal;Luz do Dia;Bom;Seca;Cruz;Pare;Comercial;0;2;0;0;0;0;0;0;0;1;0;0;-3,741957;-38,507851
346691;31;7;2019;15:30;15233;RUA JULIO IBIAPINA;RUA JUAZEIRO DO NORTE;;;;Colisão Lateral;Luz do Dia;Bom;Seca;Cruz;Pare;Comercial;0;0;2;1;0;0;0;0;0;0;0;0;-3,727527;-38,491155
346885;31;7;2019;03:30;0;RD CE-040;;;;KM-03;Choque c/ Obstáculo Fixo;;;Seca;Meio de Quadra;;;0;1;0;1;0;0;0;0;0;0;0;0;-3,782614325;-38,4810839
346756;31;7;2019;18:30;0;RUA VINTE E QUATRO DE MAIO;;;154;;Atropelamento;Anoitecer;;;Meio de Quadra;;;1;0;1;0;0;0;0;0;0;1;0;0;-3,7230452;-38,53075033
346927;31;7;2019;16:30;0;RD BR 116;;;9000;KM-09;Colisão;Luz do Dia;;;Meio de Quadra;;;0;1;1;0;0;1;1;0;0;0;0;0;-3,830837;-38,504865
347386;31;7;2019;11:40;0;RUA MONTE PASCOAL;RUA BEIRA RIO;;;;Colisão Lateral;Luz do Dia;Bom;Seca;Meio de Quadra;;;0;1;0;1;0;0;0;0;0;1;0;0;;
347361;31;7;2019;08:39;7811;RUA LIVIO BARRETO;RUA TIBURCIO CAVALCANTE;;;;Colisão Transversal;Luz do Dia;Bom;Seca;Cruz;Não Há Controle;Residencial;0;1;1;1;0;0;0;0;0;1;0;0;-3,751004;-38,507414
347362;31;7;2019;09:36;0;AV MAJ ASSIS;;;1858;;Não Informado;Luz do Dia;Bom;Seca;Meio de Quadra;Dê Preferência;Residencial;0;0;1;1;0;0;0;0;0;0;0;0;-3,721618511;-38,59607519
347363;31;7;2019;13:30;19820;AV JOVITA FEITOSA;RUA GAL PIRAGIBE;;0;;Colisão Transversal;Luz do Dia;Bom;Seca;Cruz;Semáforo;Comercial;0;0;2;1;0;0;0;0;0;0;0;0;-3,740049;-38,557484
347364;31;7;2019;18:57;1716;AV GOV RAUL BARBOSA;AV GAL MURILO BORGES;;0;;Colisão Lateral;Via Iluminada;Bom;Seca;Rotatória;Gesto;Comercial;0;0;2;1;0;0;0;0;0;0;0;0;-3,763977;-38,508802
347365;31;7;2019;21:51;15213;RUA TEN BENEVOLO;RUA ANTONIO AUGUSTO;;0;;Colisão Transversal;Via Iluminada;Bom;Seca;Cruz;Gesto;Comercial;0;0;2;1;0;0;0;0;0;0;0;0;-3,726933;-38,512383
348460;31;7;2019;02:40;0;RUA STA FILOMENA;;;1075;;Queda;;;;Meio de Quadra;;;0;1;0;0;0;0;0;0;0;1;0;0;-3,763677672;-38,59241316
348463;31;7;2019;06:30;0;AV AGUANAMBI;;;999;;Queda;Luz do Dia;;;Meio de Quadra;;;0;1;0;0;0;0;0;0;0;1;0;0;-3,745224;-38,525445
348464;31;7;2019;07:54;0;RUA MARIA GOMES DE SA;;;1284;;Colisão;Luz do Dia;;;Meio de Quadra;;;0;1;0;1;0;0;0;0;0;1;0;0;-3,8255916;-38,5820495
348465;31;7;2019;08:53;0;AV MIN JOSE AMERICO;;;;;Queda;Luz do Dia;;;Meio de Quadra;;;0;1;0;0;0;0;0;0;0;1;0;0;;
348466;31;7;2019;09:01;0;RUA LUIS VIEIRA;;;216;;Colisão;Luz do Dia;;;Meio de Quadra;;;0;1;0;1;0;0;0;0;0;1;0;0;-3,796632;-38,586346
348467;31;7;2019;09:30;0;AV AGUANAMBI;;;1386;;Colisão;Luz do Dia;;;Meio de Quadra;;;0;1;0;1;0;0;0;0;0;1;0;0;-3,748634;-38,524049
348469;31;7;2019;10:48;25967;RUA DR ABDENAGO;RUA DOM MANUEL DE MEDEIROS;;;;Queda;Luz do Dia;;;;;;0;1;0;0;0;0;0;0;0;1;0;0;-3,7400739;-38,5692417
348470;31;7;2019;12:17;24511;RUA DR QUIXADA FELICIO;AV J CJ POLAR;;;;Colisão;Luz do Dia;;;Cruz;Pare;Residencial;0;1;0;1;0;0;0;0;0;1;0;0;-3,709781;-38,596399
348471;31;7;2019;13:31;0;AV MR HULL;;;1203;;Colisão;Luz do Dia;;;Meio de Quadra;;;0;2;0;1;0;0;0;0;0;1;0;0;-3,72334;-38,59009
348472;31;7;2019;14:08;0;AV FRANCISCO SA;;;4780;;Colisão;Luz do Dia;;;Meio de Quadra;;;0;1;0;1;0;0;0;0;0;1;0;0;-3,713886;-38,567708
348473;31;7;2019;16:09;0;AV FILOMENO GOMES;;;289;;Colisão;Luz do Dia;;;Meio de Quadra;;;0;1;0;1;0;0;0;0;0;1;0;0;-3,71749;-38,54176
348478;31;7;2019;18:41;0;RUA NOVA CONQUISTA (GRANJA LISBOA);;;2228;;Atropelamento;;;;Meio de Quadra;;;0;1;0;0;0;0;0;0;0;1;0;0;-3,79107;-38,61395
348479;31;7;2019;18:51;0;AV COSTA OESTE;;;;;Queda;;;;Meio de Quadra;;;0;1;0;0;0;0;0;0;0;1;0;0;;
348480;31;7;2019;18:53;0;AV FRANCISCO SA;;;2829;;Colisão;;;;Meio de Quadra;;;0;2;0;0;0;0;0;0;0;1;0;0;-3,7196044;-38,5507334
348483;31;7;2019;19:11;137;RUA MARTINS NETO;RUA RUI MONTE;;;;Colisão;;;;;;;0;1;0;0;0;0;0;0;0;1;0;0;-3,740128;-38,587494
348484;31;7;2019;19:12;15676;RUA MEM DE SA;RUA EUDES CARDOSO;;;;Colisão;;;;Cruz;Pare;Misto;0;1;0;1;0;0;0;0;0;1;0;0;-3,826403;-38,485204
348485;31;7;2019;19:48;0;AV DEP PAULINO ROCHA;;;2780;;Colisão;;;;Meio de Quadra;;;0;1;0;1;0;0;0;0;0;1;0;0;-3,80979;-38,52053
348486;31;7;2019;21:53;6766;AV PDE ANTONIO TOMAS;RUA PRO OTAVIO LOBO;;;;Colisão;;;;Cruz;Semáforo;Comercial;0;1;0;1;0;0;0;0;0;1;0;0;-3,746548;-38,47994
348487;31;7;2019;21:57;0;AV PRS ARTUR BERNARDES;;;2762;;Colisão;;;;Meio de Quadra;;;0;2;0;1;0;0;0;0;0;1;0;0;-3,794353;-38,4715205
348488;31;7;2019;21:28;0;RUA RICARDO PONTES;;;420;;Colisão;;;;Meio de Quadra;;;0;1;0;0;0;0;0;0;0;1;0;0;-3,83345;-38,5744
348489;31;7;2019;22:45;0;RUA CRUZEIRO DO SUL;;;465;;Atropelamento;;;;Meio de Quadra;;;0;1;0;1;0;0;0;0;0;0;0;0;-3,713924;-38,561791
348475;31;7;2019;16:22;0;AV SANTOS DUMONT;;;2889;;Queda;Luz do Dia;;;Meio de Quadra;;;0;1;0;0;0;1;0;0;0;0;0;0;-3,736226;-38,498365
348476;31;7;2019;18:16;0;RUA EDUARDO SABOIA;;;481;;Colisão;Anoitecer;;;Meio de Quadra;;;0;1;0;1;0;0;0;0;0;1;0;0;-3,7374;-38,4809
348575;1;8;2019;06:29;0;AV DES MOREIRA;;;629;;Queda;Luz do Dia;;;Meio de Quadra;;;0;1;0;0;0;0;0;0;0;1;0;0;-3,731512765;-38,49682976
348592;1;8;2019;07:42;0;AV GOV RAUL BARBOSA;;;7259;;Colisão;Luz do Dia;;;Meio de Quadra;;;0;1;0;0;0;0;0;0;0;1;0;0;-3,775796778;-38,51306533
348596;1;8;2019;08:39;0;RUA MIRTYL MEYER;;;181;;Colisão;Luz do Dia;;;Meio de Quadra;;;0;1;0;1;0;0;0;0;0;1;0;0;-3,80961;-38,57271
348598;1;8;2019;11:05;0;AV PRS COSTA E SILVA;;;5479;;Colisão;Luz do Dia;;;Meio de Quadra;;;0;1;0;1;0;0;0;0;0;1;0;0;-3,828499035;-38,53131315
348601;1;8;2019;12:10;0;AV FRE CIRILO;;;4810;;Colisão;Luz do Dia;;;Meio de Quadra;;;0;1;0;1;0;0;0;0;0;1;0;0;-3,825721;-38,493769
348604;1;8;2019;13:22;1345;RUA MARIA TOMASIA;RUA LEONARDO MOTA;;;;Colisão;Luz do Dia;;;Cruz;Pare;Comercial;0;1;0;0;0;0;0;0;0;0;0;0;-3,735853;-38,49607