COD_ACIDENTE;DIA;MES;ANO;HORA;INTERSECAO;LOG1;LOG2;LOG3;NUMERO;REFERENCIA;NATUREZA;ILUMINACAO;TEMPO;SUPERFICIEPISTA;TIPOCRUZAMENTO;CONTROLETRAFEGO;USOSOLO;MORTOS;FERIDOS;ILESOS;AUTOMOVEL;ONIBUS;BICICLETA;CAMINHAO;MICROONIBUS;CICLOMOTOR;MOTOCICLETA;TRACAOANIMAL;TREM;LATITUDE;LONGITUDE
348607;1;8;2019;15:41;0;RUA OSCAR ARARIPE;;;1081;;Colisão;Luz do Dia;;;Meio de Quadra;;;0;1;1;1;0;0;0;0;0;1;0;0;-3,790678;-38,600935
348612;1;8;2019;15:57;0;RUA JOAO GENTIL;;;2651;;Colisão;Luz do Dia;;;Meio de Quadra;;;0;1;0;1;0;0;0;0;0;1;0;0;;
348619;1;8;2019;18:36;0;RUA ALBERTO MAGNO;;;790;;Queda;;;;Meio de Quadra;;;0;1;0;0;0;1;0;0;0;0;0;0;-3,762651;-38,548027
348621;1;8;2019;18:42;0;AV CEL CARVALHO;;;360;;Colisão;;;;Meio de Quadra;;;0;1;0;0;0;0;0;0;0;1;0;0;-3,7060995;-38,5908655
348625;1;8;2019;18:59;0;TR RIO DE JANEIRO;;;152;;Colisão;;;;Meio de Quadra;;;0;2;0;1;0;0;0;0;0;1;0;0;-3,769454979;-38,589143
348628;1;8;2019;19:00;0;AV RAD JOSE LIMA VERDE;;;537;;Queda;;;;Meio de Quadra;;;0;1;0;0;0;0;0;0;0;1;0;0;-3,695911883;-38,58643139
348630;1;8;2019;19:08;0;AV SGT HERMINIO SAMPAIO;;;3350;;Colisão;;;;Meio de Quadra;;;0;1;0;1;0;0;0;0;0;1;0;0;-3,728214;-38,570702
348632;1;8;2019;19:46;0;AV PRS CASTELO BRANCO;;;4371;;Colisão;;;;Meio de Quadra;;;0;1;0;0;0;0;0;0;0;1;0;0;-3,707235;-38,571621
348644;1;8;2019;20:17;0;RUA DNA LEOPOLDINA;;;798;;Queda;;;;Meio de Quadra;;;0;1;0;0;0;0;0;0;0;1;0;0;-3,732212294;-38,51983353
348657;1;8;2019;22:20;0;AV AGUANAMBI;;;1953;;Atropelamento;;;;Meio de Quadra;;;0;2;0;0;0;0;0;0;0;1;0;0;-3,753844;-38,523451
347366;1;8;2019;08:32;14470;RUA PDE ANCHIETA;RUA ANTONIO DRUMONT;;;;Colisão Transversal;Luz do Dia;Bom;Seca;Cruz;Pare;Comercial;0;2;1;0;0;0;0;0;0;1;0;0;-3,72823;-38,551673
347368;1;8;2019;08:20;0;AV OLIVEIRA PAIVA;;;2555;;Colisão Traseira;Luz do Dia;Bom;Seca;Meio de Quadra;Não Há Controle;Comercial;0;1;3;1;0;0;0;0;0;0;0;0;-3,796061177;-38,4838461
347369;1;8;2019;10:56;23617;AV SGT HERMINIO SAMPAIO;RUA CHASTINET GUIMARAES;;0;;Colisão Transversal;Luz do Dia;Bom;Seca;T;Pare;Comercial;0;1;0;1;0;0;0;0;0;1;0;0;-3,727089;-38,564546
347370;1;8;2019;10:00;15374;AV DOM LUIS;RUA FREDERICO BORGES;;0;;Colisão Traseira;Luz do Dia;Bom;Seca;Cruz;Semáforo;Comercial;0;0;2;1;1;0;0;0;0;0;0;0;-3,73589;-38,489136
347371;1;8;2019;12:00;0;AV BERNARDO MANUEL;RUA INACIO PARENTE;;7200;;Colisão Transversal;Luz do Dia;Bom;Seca;Cruz;Pare;Comercial;0;0;2;1;0;0;0;0;0;1;0;0;-3,7812561;-38,5461097
347372;1;8;2019;14:08;21915;RUA PDE PERDIGAO SAMPAIO;RUA DEP MATOSO FILHO;;0;;Colisão Transversal;Luz do Dia;Bom;Seca;T;Semáforo;Residencial;0;1;1;1;0;0;0;0;0;0;0;0;-3,734677;-38,595821
347373;1;8;2019;17:25;0;AV ALBERTO CRAVEIRO;;;2674;;Colisão Traseira;Luz do Dia;Bom;Seca;Meio de Quadra;Não Há Controle;Comercial;0;1;1;0;0;0;0;0;0;1;0;0;-3,803298788;-38,52162271
347374;1;8;2019;19:17;26077;AV DUQ CAXIAS;AV JOSE JATAHY;;0;CRASA;Colisão Lateral;Via Iluminada;Bom;Seca;Cruz;Gesto;Comercial;0;0;1;1;0;0;0;0;0;1;0;0;-3,72667;-38,5455663
347376;1;8;2019;20:40;21599;RUA RAIMUNDO NERY;RUA DOM XISTO ALBANO;;0;;Não Informado;Via Iluminada;Bom;Seca;Cruz;Pare;Comercial;0;0;2;1;0;0;0;0;0;0;0;0;-3,796768;-38,585309
347377;1;8;2019;15:52;5051;RUA SEN POMPEU;RUA SEN JAGUARIBE;;;;Colisão Transversal;Luz do Dia;Bom;Seca;Cruz;Pare;Comercial;0;1;1;1;0;0;0;0;0;1;0;0;-3,721667;-38,528055
347378;1;8;2019;21:44;15233;RUA JULIO IBIAPINA;RUA JUAZEIRO DO NORTE;;;;Colisão Transversal;Via Iluminada;Bom;Seca;Cruz;Pare;Comercial;0;1;1;1;0;0;0;0;0;1;0;0;-3,727527;-38,491155
347379;1;8;2019;23:48;0;AV ROGACIANO LEITE;;;2723;;Não Informado;Via Iluminada;Bom;Seca;T;Não Há Controle;Residencial;0;0;2;1;0;0;0;0;0;0;0;0;-3,782349;-38,502104
347100;1;8;2019;13:07;0;RUA JULIO IBIAPINA;;;;;Colisão;Luz do Dia;;;Meio de Quadra;;;0;0;1;0;0;0;0;0;0;1;0;0;;
347101;1;8;2019;17:45;22886;RUA BERNARDO MANUEL;RUA INACIO PARENTE;;;;Colisão;Anoitecer;;;Cruz;Não Há Controle;Comercial;0;2;0;0;0;0;0;0;0;0;0;0;-3,781268;-38,546074
347103;1;8;2019;23:55;0;AV AUGUSTO DOS ANJOS;;;930;;Colisão;;;;Meio de Quadra;;;0;1;1;1;0;1;0;0;0;0;0;0;-3,775906;-38,575407
347104;1;8;2019;15:25;21915;RUA DEP MATOSO FILHO;RUA PDE PERDIGAO SAMPAIO;;;;Colisão;Luz do Dia;;;;;;0;0;1;0;0;0;0;0;1;0;0;0;-3,734677;-38,595821
346654;1;8;2019;16:30;24449;RUA PRO VICENTE SILVEIRA;AV LAURO VIEIRA CHAVES;;;;Colisão Lateral;Luz do Dia;Bom;Seca;T;Pare;Residencial;0;1;1;0;0;0;1;0;0;1;0;0;-3,771974;-38,540331
346649;1;8;2019;11:45;2511;AV FRANCISCO SA;RUA CANARIO;;;;Colisão Lateral;Luz do Dia;Bom;Seca;T;Não Há Controle;Comercial;0;1;1;0;0;0;0;0;0;1;0;0;-3,7099614;-38,5789919
346688;2;8;2019;22:00;0;AV FRE CIRILO;;;;;Colisão Lateral;Anoitecer;Bom;Seca;Meio de Quadra;Não Há Controle;Comercial;0;0;2;1;0;0;0;0;0;0;0;0;;
346684;2;8;2019;18:30;0;AV GOV RAUL BARBOSA;;;5980;;Colisão Traseira;Anoitecer;Bom;Seca;Outros;Não Há Controle;Comercial;0;0;4;1;0;0;0;0;0;0;0;0;-3,7696955;-38,51043
346657;2;8;2019;13:30;15217;RUA TIBURCIO CAVALCANTE;RUA SILVA JATAHY;;;;Colisão Transversal;Luz do Dia;Bom;Seca;Cruz;Pare;Residencial;0;0;2;1;0;0;0;0;0;0;0;0;-3,727071;-38,499732
346674;2;8;2019;01:00;7634;AV CARNEIRO DE MENDONCA;RUA MINAS GERAIS;;;;Colisão Lateral;;Bom;Seca;Cruz;Pare;Comercial;1;0;1;1;0;0;0;0;0;1;0;0;-3,762798;-38,5692
346675;2;8;2019;20:30;5458;RUA RODRIGUES JUNIOR;RUA BARBARA DE ALENCAR;;;;Colisão Lateral;Via Iluminada;Bom;Seca;Cruz;Pare;Comercial;0;0;2;1;1;0;0;0;0;0;0;0;-3,735343;-38,522156
347125;2;8;2019;17:50;3767;AV DOMINGOS OLIMPIO;AV IMPERADOR;;;;Colisão;Anoitecer;;;Cruz;Semáforo Intermitente;Comercial;0;0;1;1;0;0;0;0;0;0;0;0;-3,73479;-38,536697
347121;2;8;2019;11:45;0;RUA IRACY DE SOUZA;;;515;;Colisão;Luz do Dia;;;Meio de Quadra;;;0;0;1;1;0;0;0;0;0;0;0;0;-3,7411;-38,52661
347122;2;8;2019;12:05;0;AV ALBERTO CRAVEIRO;;;2718;;Colisão;Luz do Dia;;;Meio de Quadra;;;0;1;0;0;0;0;0;0;0;1;0;0;-3,803584229;-38,52185427
347109;2;8;2019;09:50;13719;RUA NELSON STUDART;AV PINTO BANDEIRA D56;;;;Colisão;Luz do Dia;;;;;;0;0;1;1;0;0;0;0;0;0;0;0;-3,772984;-38,486693
347106;2;8;2019;04:47;0;AV EDUARDO GIRAO;;;;;Colisão;;;;Meio de Quadra;;;0;0;1;1;0;0;0;0;0;0;0;0;;
347139;2;8;2019;12:00;0;AV SGT HERMINIO SAMPAIO;;;5617;;Colisão;Luz do Dia;;;Meio de Quadra;;;0;0;1;1;0;0;0;0;0;0;0;0;-3,73405;-38,58952753
347141;2;8;2019;10:20;21754;RUA GAL ALIPIO DOS SANTOS;RUA GONCALO BEZERRA;;;;Colisão;Luz do Dia;;;;;;0;0;1;0;0;0;0;0;0;1;0;0;-3,728711;-38,585872
347142;2;8;2019;11:20;0;AV CASTELO DE CASTRO;;;;;Colisão;Luz do Dia;;;Meio de Quadra;;;0;0;1;0;0;0;0;0;0;0;0;0;;
347133;2;8;2019;16:00;0;RUA SEBASTIAO DE ABREU;;;389;;Colisão;Luz do Dia;;;Meio de Quadra;;;0;0;1;1;0;0;0;0;0;0;0;0;-3,7956749;-38,5678136
347076;2;8;2019;15:00;0;RD CE-040;;;;KM-01;Colisão;Luz do Dia;;;Meio de Quadra;;;0;0;2;1;0;0;0;0;0;0;0;0;-3,764650449;-38,48258304
347072;2;8;2019;07:00;0;RD CE-025;;;;KM-01;Colisão;Luz do Dia;;;Meio de Quadra;;;0;0;2;1;0;0;0;0;0;0;0;0;-3,807811443;-38,4700486
347074;2;8;2019;13:30;0;RD CE-040;;;6553;KM-08;Colisão;Luz do Dia;;;Meio de Quadra;;;0;1;1;1;0;0;0;0;1;0;0;0;-3,825515822;-38,48153832
347380;2;8;2019;03:58;0;AV EDUARDO GIRAO;RUA JORGE DUMAR;;;;Colisão Transversal;Via Iluminada;Chuva;Molhada;Meio de Quadra;Semáforo;Comercial;0;2;0;1;0;0;0;0;0;0;0;0;-3,749691;-38,538695
347381;2;8;2019;08:04;0;AV DOMINGOS OLIMPIO;;;187;;Não Informado;Luz do Dia;Nublado;Molhada;Meio de Quadra;Dê Preferência;Comercial;0;0;2;1;0;0;0;0;0;1;0;0;-3,738145421;-38,52614279
347382;2;8;2019;10:04;21754;RUA GAL ALIPIO DOS SANTOS;RUA GONCALO BEZERRA;;;;Colisão Transversal;Luz do Dia;Nublado;Molhada;Cruz;Pare;Comercial;0;1;1;1;0;0;0;0;0;1;0;0;-3,728711;-38,585872
347383;2;8;2019;09:13;10373;RUA PERILIO TEIXEIRA;RUA NOSSA SRA APARECIDA;;;;Colisão Transversal;Luz do Dia;Nublado;Seca;Cruz;Pare;Escola;0;1;1;0;0;0;0;0;0;1;0;0;-3,758048;-38,601606
347384;2;8;2019;09:30;0;AV SGT HERMINIO SAMPAIO;;;5617;;Colisão Transversal;Luz do Dia;Bom;Seca;Meio de Quadra;Não Há Controle;Residencial;0;1;1;1;0;0;0;0;0;1;0;0;-3,73405;-38,58952753
347385;2;8;2019;14:13;0;AV GODOFREDO MACIEL;RUA ARISTOBULO QUEVEDO;;0;;Colisão Transversal;Luz do Dia;Bom;Seca;;;;0;1;1;1;0;0;0;0;0;1;0;0;-3,8031754;-38,5720778
347419;2;8;2019;11:21;22287;RUA JOSE CANDIDO D08;RUA JOSE MARROCOS;;;;Colisão Lateral;Luz do Dia;Bom;Seca;Cruz;Pare;Comercial;0;1;1;0;0;0;0;0;0;1;0;0;-3,731044;-38,551245
347387;2;8;2019;16:40;0;AV AGUANAMBI;;;880;;Colisão Traseira;Luz do Dia;Bom;Seca;Meio de Quadra;Semáforo;Comercial;0;0;2;1;0;0;0;0;0;0;0;0;-3,7467272;-38,5248319
348681;2;8;2019;13:15;22009;RUA TIRADENTES;RUA FRANCISCA CLOTILDE;;;;Colisão;Luz do Dia;;;Cruz;Pare;Residencial;0;1;0;1;0;0;0;0;0;1;0;0;-3,74047;-38,550861
348676;2;8;2019;12:37;0;AV CARNEIRO DE MENDONCA;;;664;;Atropelamento;Luz do Dia;;;Meio de Quadra;;;0;1;0;1;0;0;0;0;0;0;0;0;-3,764863154;-38,5653094
348677;2;8;2019;12:58;2970;AV GAL OSORIO DE PAIVA;RUA SAO FRANCISCO D21;;;;Queda;Luz do Dia;;;T;Não Há Controle;Misto;0;1;0;0;0;0;0;0;0;1;0;0;-3,80032;-38,5978
348661;2;8;2019;06:56;0;AV DES MOREIRA;;;3033;;Colisão;Luz do Dia;;;Meio de Quadra;;;0;1;0;1;0;0;0;0;0;1;0;0;-3,752886843;-38,5036853
348662;2;8;2019;07:05;0;AV PERIMETRAL;;;1247;;Colisão;Luz do Dia;;;Meio de Quadra;;;0;1;0;1;0;0;0;0;0;1;0;0;;
348663;2;8;2019;07:10;12837;AV DOMINGOS OLIMPIO;RUA JAIME BENEVOLO;;;;Queda;Luz do Dia;;;Cruz;Semáforo;Comercial;0;1;0;0;0;0;0;0;0;1;0;0;-3,73778;-38,527245
348664;2;8;2019;07:15;0;AV AUGUSTO DOS ANJOS;;;1480;;Colisão;Luz do Dia;;;Meio de Quadra;;;0;1;0;1;0;0;0;0;0;1;0;0;-3,779598;-38,578658
348684;2;8;2019;15:35;0;AV LINEU MACHADO;;;1590;;Colisão;Luz do Dia;;;Meio de Quadra;;;0;2;0;1;0;0;0;0;0;1;0;0;-3,773406;-38,580786
348685;2;8;2019;16:45;0;RUA LICURGO MONTENEGRO;;;23;;Colisão;Luz do Dia;;;Meio de Quadra;;;0;1;0;1;0;0;0;0;0;0;0;0;-3,7353184;-38,5759109
348686;2;8;2019;16:45;0;AV JOSE LEON;;;1078;;Queda;Luz do Dia;;;Meio de Quadra;;;0;1;0;0;0;0;0;0;0;1;0;0;-3,787712;-38,502231
348688;2;8;2019;16:58;0;RUA PDE PERDIGAO SAMPAIO;;;221;;Colisão;Luz do Dia;;;Meio de Quadra;;;0;1;0;0;0;0;0;0;0;0;0;0;-3,736417;-38,595163
348689;2;8;2019;17:23;0;AV GAL OSORIO DE PAIVA;;;7475;;Colisão;Anoitecer;;;Meio de Quadra;;;0;1;0;0;0;0;0;0;0;0;0;0;-3,817431;-38,614386
348690;2;8;2019;18:11;0;AV DUQ CAXIAS;;;2026;;Colisão;Anoitecer;;;Meio de Quadra;;;0;1;0;1;0;0;0;0;0;1;0;0;-3,727791;-38,542245
348691;2;8;2019;19:29;0;AV DR THEBERGE;;;2640;;Colisão;;;;Meio de Quadra;;;0;1;0;0;0;0;0;0;0;1;0;0;-3,7246885;-38,5682365
348692;2;8;2019;19:43;0;RUA JOSE MENDONCA;;;160;;Atropelamento;;;;Meio de Quadra;;;0;1;0;0;0;0;0;0;0;1;0;0;-3,75851;-38,60244
348695;2;8;2019;19:48;0;AV PERIMETRAL;;;4575;;Queda;;;;Meio de Quadra;;;0;1;0;0;0;0;0;0;0;1;0;0;;
348717;2;8;2019;19:58;13177;AV D CJ JOSE WALTER;AV I CJ JOSE WALTER;;;;Colisão;;;;Cruz;Semáforo;Residencial;0;1;0;1;0;0;0;0;0;1;0;0;-3,83244;-38,552957
348724;2;8;2019;20:06;0;RUA VALDEMAR HOLANDA;;;357;;Atropelamento;;;;Meio de Quadra;;;0;1;0;1;0;0;0;0;0;0;0;0;-3,772102097;-38,59131477
348734;2;8;2019;20:10;0;RD BR 116;;;10000;KM-10;Queda;;;;Meio de Quadra;;;0;1;0;0;0;0;0;0;0;1;0;0;-3,834435;-38,503373
348737;2;8;2019;22:53;12526;RUA CARNAUBAL;RUA PIERRE LUZ;;;;Colisão;;;;Cruz;Pare;Residencial;0;1;0;1;0;0;0;0;0;1;0;0;-3,722062;-38,588217
348740;3;8;2019;01:17;0;RUA MACEIO;;;1346;;Queda;;;;Meio de Quadra;;;0;1;0;0;0;0;0;0;0;1;0;0;-3,765072721;-38,59128433
348743;3;8;2019;05:27;0;AV PAROARAS;;;;;Queda;Amanhecer;;;Meio de Quadra;;;0;1;0;0;0;0;0;0;0;1;0;0;;
348744;3;8;2019;06:38;0;AV DOM MANUEL;;;647;;Colisão;Luz do Dia;;;Meio de Quadra;;;0;1;1;0;1;1;0;0;0;0;0;0;-3,72993044;-38,52162536
348747;3;8;2019;07:26;7791;AV PONTES VIEIRA;RUA VIS MAUA;;;;Colisão;Luz do Dia;;;Cruz;Semáforo;Residencial;0;1;0;1;0;0;0;0;0;1;0;0;-3,751653;-38,504401
348749;3;8;2019;07:46;0;AV MR HULL;;;;;Colisão;Luz do Dia;;;Meio de Quadra;;;0;1;1;0;0;1;0;0;0;0;0;0;;
348751;3;8;2019;07:55;0;RUA DR JOAQUIM BENTO;;;744;;Colisão;Luz do Dia;;;Meio de Quadra;;;0;2;0;1;0;0;0;0;0;1;0;0;-3,8129933;-38,5719148
348773;3;8;2019;08:45;0;AV IMPERADOR;;;801;;Atropelamento;Luz do Dia;;;Meio de Quadra;;;0;1;0;0;0;0;0;0;0;1;0;0;-3,728336759;-38,53479234
348774;3;8;2019;09:27;0;RUA JOSE ONOFRE;;;390;;Colisão;Luz do Dia;;;Meio de Quadra;;;0;1;0;1;0;0;0;0;0;1;0;0;-3,7362599;-38,473762
348776;3;8;2019;09:45;0;AV FRE CIRILO;;;;;Colisão;Luz do Dia;;;Meio de Quadra;;;0;1;0;1;0;0;0;0;0;1;0;0;;
348777;3;8;2019;10:28;0;RUA PRO GOMES BRASIL;;;512;;Colisão;Luz do Dia;;;Meio de Quadra;;;0;2;0;1;0;0;0;0;0;1;0;0;-3,771165;-38,569736
348786;3;8;2019;11:04;0;RUA GERMANO FRANCK;;;767;;Colisão;Luz do Dia;;;Meio de Quadra;;;0;1;0;1;0;0;0;0;0;1;0;0;-3,777920652;-38,56279954
348791;3;8;2019;11:06;0;RUA TEN COSTA;;;75;;Atropelamento;Luz do Dia;;;Meio de Quadra;;;0;1;0;0;0;0;1;0;0;0;0;0;-3,780984325;-38,56612185
348792;3;8;2019;12:54;0;RUA PRO GOMES BRASIL;;;367;;Colisão;Luz do Dia;;;Meio de Quadra;;;0;1;0;1;0;0;0;0;0;1;0;0;-3,772609636;-38,56861709
348793;3;8;2019;13:18;0;RUA ARTUR DE SOUZA;;;880;;Colisão;Luz do Dia;;;Meio de Quadra;;;0;1;0;1;0;0;0;0;0;1;0;0;-3,8271;-38,57331
348794;3;8;2019;13:37;0;AV SGT HERMINIO SAMPAIO;;;;;Colisão;Luz do Dia;;;Meio de Quadra;;;0;1;1;0;0;0;0;0;0;1;0;0;;
348806;3;8;2019;13:45;0;AV MR HULL;;;5498;;Colisão;Luz do Dia;;;Meio de Quadra;;;0;1;0;1;0;0;0;0;0;1;0;0;-3,7399365;-38,5934375
348807;3;8;2019;15:39;0;AV LINEU MACHADO;;;278;;Colisão;Luz do Dia;;;Meio de Quadra;;;0;1;0;1;0;0;0;0;0;1;0;0;-3,7627065;-38,5752185
348808;3;8;2019;16:30;0;RUA AZEVEDO BOLAO;;;93;;Colisão;Luz do Dia;;;Meio de Quadra;;;0;1;0;1;0;0;0;0;0;1;0;0;-3,733854947;-38,54535284
348820;3;8;2019;17:10;17370;RUA BAR SOBRAL;RUA ALM RUBIM;;;;Queda;Anoitecer;;;Cruz;Semáforo;Residencial;0;1;0;0;0;0;0;0;0;1;0;0;-3,766572;-38,554972
348846;3;8;2019;17:31;5256;RUA COSTA BARROS;RUA DNA LEOPOLDINA;;;;Colisão;Anoitecer;;;Cruz;Semáforo;Comercial;0;1;0;0;0;0;0;0;0;1;0;0;-3,728094;-38,5186
348847;3;8;2019;17:43;0;RUA DOM SEBASTIAO LEME;;;750;;Colisão;Anoitecer;;;Meio de Quadra;;;0;1;0;1;0;0;0;0;0;1;0;0;-3,748879;-38,525802
348848;3;8;2019;17:43;0;RUA CEL PERGENTINO FERREIRA;;;440;;Colisão;Anoitecer;;;Meio de Quadra;;;0;1;0;1;0;0;0;0;0;1;0;0;-3,748829;-38,5253525
348849;3;8;2019;18:00;0;RUA DR DEOPLISTO FEITOSA;;;10;;Queda;Anoitecer;;;Meio de Quadra;;;0;1;0;0;0;0;0;0;0;1;0;0;;
348779;3;8;2019;10:40;0;AV GODOFREDO MACIEL;;;3555;;Colisão;Luz do Dia;;;Meio de Quadra;;;0;1;0;1;0;0;0;0;0;1;0;0;-3,806873;-38,57316129
348857;3;8;2019;18:21;0;AV DR SILAS MUNGUBA;;;4820;;Atropelamento;Anoitecer;;;Meio de Quadra;;;0;1;0;1;0;0;0;0;0;0;0;0;-3,795479923;-38,53264624
348858;3;8;2019;18:30;0;RUA DR LUIS COSTA;;;122;;Colisão;Anoitecer;;;Meio de Quadra;;;0;1;0;1;0;0;0;0;0;1;0;0;-3,7301023;-38,6021877
348859;3;8;2019;18:49;0;RUA CEARA;;;604;;Queda;;;;Meio de Quadra;;;0;1;0;0;0;0;0;0;0;1;0;0;-3,76067068;-38,56310736
348855;3;8;2019;18:18;0;RUA OLYNTHO ARRUDA;;;;;Queda;Anoitecer;;;Meio de Quadra;;;0;1;0;0;0;0;0;0;0;1;0;0;;
348862;3;8;2019;19:27;10726;RUA PRO HERIBALDO COSTA;RUA CURITIBA;;;;Colisão;;;;;;;0;1;0;1;0;0;0;0;0;1;0;0;-3,759992;-38,583853
348864;3;8;2019;19:28;0;RUA 35 CJ JOSE WALTER;;;14;;Queda;;;;Meio de Quadra;;;0;1;0;0;0;1;0;0;0;0;0;0;-3,826031043;-38,55780577
348878;3;8;2019;20:14;0;AV BEZERRA DE MENEZES;;;;;Colisão;;;;Meio de Quadra;;;0;1;1;1;0;0;0;0;0;1;0;0;;
348884;3;8;2019;21:32;0;AV ROGACIANO LEITE;;;2850;;Colisão;;;;Meio de Quadra;;;0;1;0;1;0;1;0;0;0;0;0;0;-3,783603;-38,5025
348885;3;8;2019;21:36;0;RUA PORTO VELHO;;;280;;Colisão;;;;Meio de Quadra;;;0;2;0;0;0;0;0;0;0;1;0;0;-3,767953911;-38,58332623
348887;3;8;2019;22:45;0;RUA RICARDO PONTES;;;126;;Colisão;;;;Meio de Quadra;;;0;1;0;1;0;0;0;0;0;1;0;0;-3,7421229;-38,4608965
348888;3;8;2019;23:00;0;RUA ANDRE REBOUCAS;;;20;;Queda;;;;Meio de Quadra;;;0;1;0;0;0;0;0;0;0;1;0;0;-3,774008;-38,588606
348890;3;8;2019;23:22;0;RUA MURITINGA;;;145;;Queda;;;;Meio de Quadra;;;0;1;0;0;0;0;0;0;0;1;0;0;-3,7461876;-38,599704
348893;3;8;2019;23:34;0;RD BR 116;;;;;Queda;;;;Meio de Quadra;;;0;1;0;0;0;1;0;0;0;0;0;0;;
348895;3;8;2019;23:52;0;AV ABOLICAO;;;3790;;Colisão;;;;Meio de Quadra;;;0;1;0;1;0;0;0;0;0;0;0;0;-3,7256525;-38,485564
347388;3;8;2019;06:49;9188;RUA PDE BARBOSA DE JESUS;RUA NAPOLEAO LAUREANO;;;;Choque c/ Obstáculo Fixo;Luz do Dia;Bom;Seca;Cruz;Pare;Comercial;0;1;0;1;0;0;0;0;0;0;0;0;-3,748917;-38,52854
347389;3;8;2019;10:15;0;RUA GUILHERME ROCHA;;;1052;;Colisão Lateral;Luz do Dia;Bom;Seca;Meio de Quadra;Não Há Controle;Comercial;0;0;1;1;0;0;0;1;0;0;0;0;-3,724555182;-38,53542873
347390;3;8;2019;11:09;0;AV PRS COSTA E SILVA;;;3929;UPA (JOSE WALTER);Engavetamento;Luz do Dia;Bom;Seca;Meio de Quadra;Não Há Controle;Residencial;0;0;3;0;0;0;0;0;0;0;0;0;-3,8286563;-38,5313147
347391;3;8;2019;10:32;0;RUA MUCAMBINHO (MESSEJANA);;;400;;Colisão Lateral;Luz do Dia;Bom;Seca;Meio de Quadra;Não Há Controle;Residencial;0;1;1;0;0;0;0;0;0;1;0;0;-3,829768;-38,5070885
347392;3;8;2019;16:46;0;AV GAL OSORIO DE PAIVA;;;1431;;Colisão Traseira;Luz do Dia;Bom;Seca;Meio de Quadra;Semáforo;Residencial;0;0;2;1;1;0;0;0;0;0;0;0;-3,780428636;-38,5741302
347172;3;8;2019;10:55;7151;RUA ALVES LIMA;RUA SELENE;;;;Colisão;Luz do Dia;;;;;;0;0;2;0;0;0;0;0;0;0;0;0;-3,707839;-38,568445
347128;3;8;2019;19:20;0;RD BR 116;;;5000;KM-05;Atropelamento;;;;Meio de Quadra;;;1;2;0;0;0;0;0;0;0;1;0;0;-3,796502;-38,506787
347088;3;8;2019;18:30;0;AV SEN CARLOS JEREISSATI (AEROPORTO);;;;KM 03;Colisão;Anoitecer;;;Meio de Quadra;;;0;0;2;1;0;0;0;0;0;0;0;0;-3,779641;-38,544038
347089;3;8;2019;21:40;0;RD CE-040;;;;KM-06;Colisão;;;;Meio de Quadra;;;0;0;2;1;0;0;0;0;0;0;0;0;-3,809596804;-38,47873348
347185;3;8;2019;01:30;0;AV PRS COSTA E SILVA;;;4281;;Tombamento;;;;Meio de Quadra;;;0;1;0;0;0;0;0;0;0;1;0;0;-3,825088627;-38,54189147
347190;3;8;2019;19:30;21322;RUA AZEVEDO BOLAO;RUA CARVALHO MOTA;;;;Colisão;;;;;;;0;0;1;1;0;0;0;0;0;0;0;0;-3,733818;-38,545194
346707;3;8;2019;22:00;22200;AV SGT HERMINIO SAMPAIO;RUA MAJ VERISSIMO;;;;Colisão Transversal;Mal Iluminada;Bom;Seca;Cruz;Pare;Comercial;0;1;2;1;0;0;0;0;0;0;0;0;-3,726516;-38,561327
346695;3;8;2019;14:45;3771;AV DOMINGOS OLIMPIO;AV DA UNIVERSIDADE;;;;Atropelamento;Luz do Dia;Bom;Seca;Cruz;Semáforo Intermitente;Comercial;0;1;1;1;0;0;0;0;0;0;0;0;-3,735594;-38,534216
346701;3;8;2019;10:00;0;AV ALM HENRIQUE SABOIA;;;2365;;Colisão Lateral;Luz do Dia;Bom;Seca;Outros;Semáforo Intermitente;Comercial;0;0;2;1;0;0;1;0;0;0;0;0;-3,731337514;-38,48217011
346698;3;8;2019;14:00;11723;RUA CACILDA BECKER;RUA JOSE GASPAR;;;;Colisão Lateral;Luz do Dia;Bom;Seca;Cruz;Pare;Comercial;0;0;2;1;0;0;0;1;0;0;0;0;-3,77323;-38,588227
346699;4;8;2019;15:00;1583;RUA VICENTE LINHARES;RUA LEONARDO MOTA;;;;Colisão Transversal;Luz do Dia;Bom;Seca;Cruz;Semáforo;Residencial;0;0;2;0;0;0;0;0;0;1;0;0;-3,742785;-38,498309
346697;4;8;2019;02:47;0;AV FRANCISCO SA;;;7740;;Queda;Via Iluminada;Chuva;Molhada;Meio de Quadra;Não Há Controle;Comercial;0;1;0;0;0;0;0;0;0;1;0;0;-3,705177;-38,5880195
346693;4;8;2019;03:30;15370;AV DOM LUIS;AV SEN VIRGILIO TAVORA;;;;Colisão Traseira;Via Iluminada;Nublado;Molhada;Cruz;Gesto;Comercial;0;0;2;1;0;0;0;0;0;0;0;0;-3,734829;-38,492507
346694;4;8;2019;12:15;26251;AV AMERICO BARREIRA;RUA CEARA;;;;Colisão Lateral;Luz do Dia;Bom;Seca;Cruz;Semáforo;Comercial;0;0;2;1;0;0;0;0;0;0;0;0;-3,7599614;-38,5641879