COD_ACIDENTE;DIA;MES;ANO;HORA;INTERSECAO;LOG1;LOG2;LOG3;NUMERO;REFERENCIA;NATUREZA;ILUMINACAO;TEMPO;SUPERFICIEPISTA;TIPOCRUZAMENTO;CONTROLETRAFEGO;USOSOLO;MORTOS;FERIDOS;ILESOS;AUTOMOVEL;ONIBUS;BICICLETA;CAMINHAO;MICROONIBUS;CICLOMOTOR;MOTOCICLETA;TRACAOANIMAL;TREM;LATITUDE;LONGITUDE
347191;4;8;2019;17:00;0;AV BEZERRA DE MENEZES;;;;;Atropelamento;Anoitecer;;;Meio de Quadra;;;0;1;1;0;1;0;0;0;0;0;0;0;;
347192;4;8;2019;10:20;0;AV L CJ JOSE WALTER;;;1111;;Colisão;Luz do Dia;;;Meio de Quadra;;;0;0;1;0;0;0;0;0;0;1;0;0;-3,8344616;-38,5585049
347092;4;8;2019;05:15;0;AV SEN CARLOS JEREISSATI (AEROPORTO);;;;KM 01;Outros;Amanhecer;;;Meio de Quadra;;;0;0;1;1;0;0;0;0;0;0;0;0;-3,783753;-38,52685
347093;4;8;2019;18:20;0;RD CE-040;;;;KM-01;Colisão;Anoitecer;;;Meio de Quadra;;;0;0;2;1;0;0;0;0;0;0;0;0;-3,764650449;-38,48258304
347393;4;8;2019;03:00;0;AV GODOFREDO MACIEL;;;1183;;Colisão Transversal;Via Iluminada;Bom;Seca;Meio de Quadra;Não Há Controle;Comercial;0;0;2;1;1;0;0;0;0;0;0;0;-3,78725;-38,566802
347394;4;8;2019;13:00;5021;AV FILOMENO GOMES;RUA TIJUBANA;;597;;Colisão Lateral;Luz do Dia;Bom;Seca;T;Não Há Controle;Comercial;0;1;1;1;0;0;0;0;0;1;0;0;-3,720037;-38,541406
347395;4;8;2019;19:03;10494;RUA PRO JOSE HENRIQUE;RUA ANTONIO CANDEIA;;1037;;Colisão Transversal;Via Iluminada;Bom;Seca;Cruz;Gesto;Comercial;0;1;1;1;0;0;0;0;0;1;0;0;-3,830499;-38,48052
347396;4;8;2019;21:25;24969;AV ALM HENRIQUE SABOIA;AV PDE ANTONIO TOMAS;;0;;Colisão Frontal;Via Iluminada;Bom;Seca;T;Gesto;Comercial;0;1;1;1;0;0;0;0;0;1;0;0;-3,743493;-38,489455
347443;4;8;2019;08:20;9154;AV 13 DE MAIO;RUA MARTINHO RODRIGUES;;;;Colisão Transversal;Luz do Dia;Nublado;Seca;Cruz;Semáforo;Comercial;0;1;1;1;0;0;0;0;0;0;0;0;-3,752832;-38,525221
348908;4;8;2019;09:31;2822;AV GAL OSORIO DE PAIVA;RUA OSCAR ARARIPE;;;;Colisão;Luz do Dia;;;T;Semáforo;Residencial;0;1;0;1;0;0;0;0;0;1;0;0;-3,794165;-38,591823
348911;4;8;2019;10:10;23926;RUA LUIS TIBURCIO;RUA TERRA E MAR;;;;Atropelamento;Luz do Dia;;;;;;0;1;1;0;0;0;0;0;0;1;0;0;-3,725747;-38,47706
348912;4;8;2019;12:41;0;RUA QUEIROZ RIBEIRO;;;415;;Colisão;Luz do Dia;;;Meio de Quadra;;;0;1;0;1;0;0;0;0;0;1;0;0;-3,762486548;-38,5454609
348899;4;8;2019;02:57;0;AV RECREIO D64;;;1840;;Choque c/ Obstáculo Fixo;;;;Meio de Quadra;;;0;1;0;1;0;0;0;0;0;0;0;0;;
348900;4;8;2019;03:25;0;RUA ARARAQUARA;;;180;;Colisão;;;;Meio de Quadra;;;0;1;0;1;0;0;0;0;0;1;0;0;-3,7829105;-38,579321
348901;4;8;2019;03:38;0;RUA MARIA TOMASIA;;;1653;;Queda;;;;Meio de Quadra;;;0;2;0;0;0;0;0;0;0;1;0;0;-3,79019;-38,60564
348902;4;8;2019;06:43;0;RUA JOSE FACANHA;;;725;;Queda;Luz do Dia;;;Meio de Quadra;;;0;1;0;0;0;0;0;0;0;1;0;0;-3,7517304;-38,5577187
348903;4;8;2019;08:00;0;AV JOR THOMAZ COELHO;;;1416;;Colisão;Luz do Dia;;;Meio de Quadra;;;0;1;0;0;0;0;0;0;0;1;0;0;-3,830289;-38,50762
348921;4;8;2019;16:43;0;AV BEZERRA DE MENEZES;;;2545;;Atropelamento;Luz do Dia;;;Meio de Quadra;;;0;2;0;0;1;0;0;0;0;0;0;0;-3,736272526;-38,56731405
348922;4;8;2019;18:03;0;RUA FRE MARCELINO;;;1677;;Colisão;Anoitecer;;;Meio de Quadra;;;0;1;0;1;0;0;0;0;0;1;0;0;-3,749313;-38,557474
348914;4;8;2019;14:03;0;RUA AFONSO LOPES;;;117;;Colisão;Luz do Dia;;;Meio de Quadra;;;0;1;0;1;0;0;0;0;0;1;0;0;-3,7892;-38,54702
348915;4;8;2019;15:32;0;AV ALBERTO CRAVEIRO;;;2571;;Queda;Luz do Dia;;;Meio de Quadra;;;0;1;0;0;0;1;0;0;0;0;0;0;-3,802737674;-38,52116752
348925;4;8;2019;20:24;0;RUA CARNAUBAL;;;;;Colisão;;;;Meio de Quadra;;;0;1;0;0;0;0;0;0;0;0;0;0;;
348926;4;8;2019;21:01;0;AV MAE LISBOA;;;1774;;Queda;;;;Meio de Quadra;;;0;1;0;0;0;1;0;0;0;0;0;0;-3,8079365;-38,463808
348928;4;8;2019;21:43;0;RUA COSME JERONIMO;;;1262;;Colisão;;;;Meio de Quadra;;;0;1;0;0;0;0;0;0;0;0;0;0;-3,82341;-38,58722
348931;4;8;2019;23:20;0;RUA LAURO NOGUEIRA;;;609;;Colisão;;;;Meio de Quadra;;;0;1;0;1;0;0;0;0;0;1;0;0;-3,73942;-38,48045
348950;5;8;2019;07:33;0;AV BEZERRA DE MENEZES;;;;;Colisão;Luz do Dia;;;;;;0;1;0;1;0;0;0;0;0;1;0;0;;
348934;5;8;2019;05:46;0;RUA ANTONIO FERREIRA;;;198;;Queda;Amanhecer;;;Meio de Quadra;;;0;1;0;0;0;0;0;0;0;1;0;0;-3,79902;-38,52751
348935;5;8;2019;06:19;0;AV DR SILAS MUNGUBA;;;;;Atropelamento;Luz do Dia;;;Meio de Quadra;;;0;1;0;1;0;0;0;0;0;0;0;0;;
348937;5;8;2019;06:56;0;RUA JOSE DE RIBAMAR;;;;;Queda;Luz do Dia;;;Meio de Quadra;;;0;1;0;0;0;0;0;0;0;1;0;0;;
348939;5;8;2019;06:58;0;AV DUQ CAXIAS;;;101;;Atropelamento;Luz do Dia;;;Meio de Quadra;;;0;1;0;1;0;0;0;0;0;0;0;0;-3,733137;-38,525704
348972;5;8;2019;08:25;0;AV MR HULL;;;;;Colisão;Luz do Dia;;;Meio de Quadra;;;0;1;0;1;0;0;0;0;0;1;0;0;;
348975;5;8;2019;08:54;0;AV ALM MAXIMIANO DA FONSECA;;;1190;;Colisão;Luz do Dia;;;Meio de Quadra;;;0;1;0;1;0;0;0;0;0;1;0;0;-3,771301;-38,4851
348978;5;8;2019;09:16;0;AV MR HULL;;;;;Colisão;Luz do Dia;;;Meio de Quadra;;;0;1;0;1;0;0;0;0;0;1;0;0;;
348981;5;8;2019;09:17;0;AV ALBERTO CRAVEIRO;;;4555;;Colisão;Luz do Dia;;;Meio de Quadra;;;0;1;0;1;0;0;0;0;0;1;0;0;;
348982;5;8;2019;09:20;0;RUA DOM CARLOTO TAVORA;;;;;Colisão;Luz do Dia;;;Meio de Quadra;;;0;2;0;0;0;0;0;0;0;1;0;0;;
348988;5;8;2019;11:05;0;RUA 35 CJ HAB ST S JOAO;;;150;;Colisão;Luz do Dia;;;Meio de Quadra;;;0;1;0;0;0;0;0;0;0;1;0;0;-3,850501813;-38,50941744
348990;5;8;2019;11:53;0;AV HIS RAIMUNDO GIRAO;;;1002;;Colisão;Luz do Dia;;;Meio de Quadra;;;0;1;0;1;0;0;0;0;0;1;0;0;-3,72299;-38,5065955
348997;5;8;2019;12:41;0;AV GAL OSORIO DE PAIVA;;;7655;;Colisão;Luz do Dia;;;Meio de Quadra;;;0;1;0;0;0;0;0;0;0;0;0;0;-3,819198;-38,616072
349001;5;8;2019;13:06;0;RUA LUIS VIEIRA;;;635;;Colisão;Luz do Dia;;;Meio de Quadra;;;0;1;0;1;0;0;0;0;0;1;0;0;-3,792992848;-38,58780209
349002;5;8;2019;13:22;13544;RUA JULIO SIQUEIRA;RUA DR JOSE LOURENCO;;;;Atropelamento;Luz do Dia;;;Cruz;Pare;Residencial;0;1;0;1;0;0;0;0;0;0;0;0;-3,748473;-38,5122
349003;5;8;2019;13:48;0;RD BR 116;;;2000;KM-02;Atropelamento;Luz do Dia;;;Meio de Quadra;;;0;1;0;0;0;0;0;0;0;1;0;0;-3,771391;-38,51678
349005;5;8;2019;15:05;0;RUA TEODOMIRO DE CASTRO;;;4150;;Colisão;Luz do Dia;;;Meio de Quadra;;;0;1;1;1;0;0;0;0;0;1;0;0;-3,719538;-38,570794
349022;5;8;2019;16:01;0;AV ALBERTO CRAVEIRO;;;2420;;Colisão;Luz do Dia;;;Meio de Quadra;;;0;2;0;0;0;0;0;0;0;1;0;0;-3,80118;-38,52007
349023;5;8;2019;16:04;0;RD BR 116;;;14000;KM-14;Colisão;Luz do Dia;;;Meio de Quadra;;;0;1;0;0;0;0;0;0;0;0;0;0;-3,873523;-38,499242
349024;5;8;2019;16:29;0;AV ZUCA ACIOLY;;;633;;Colisão;Luz do Dia;;;Meio de Quadra;;;0;2;0;0;0;0;0;0;0;1;0;0;-3,7295435;-38,5797617
349025;5;8;2019;16:47;25486;AV ALBERTO CRAVEIRO;AV SEN CARLOS JEREISSATI (AEROPORTO);;;;Colisão;Luz do Dia;;;Y;Semáforo Intermitente;Outros;0;1;0;0;0;0;0;0;0;1;0;0;-3,783767;-38,516874
349026;5;8;2019;17:39;0;RD BR 116;;;14000;KM-14;Queda;Anoitecer;;;Meio de Quadra;;;0;1;0;0;0;0;0;0;0;1;0;0;-3,873523;-38,499242
349027;5;8;2019;17:45;0;AV BEZERRA DE MENEZES;;;1070;;Queda;Anoitecer;;;Meio de Quadra;;;0;1;0;0;0;1;0;0;0;0;0;0;-3,733562027;-38,55428538
349029;5;8;2019;18:09;5364;AV TRISTAO GONCALVES;RUA GAL CLARINDO DE QUEIROZ;;;;Colisão;Anoitecer;;;Meio de Quadra;Semáforo;Comercial;0;1;1;1;0;1;0;0;0;0;0;0;-3,731314;-38,534472
349032;5;8;2019;18:40;0;RUA CEL DIONISIO ALENCAR;;;1326;;Atropelamento;;;;Meio de Quadra;;;0;1;0;0;0;0;0;0;0;1;0;0;;
349035;5;8;2019;18:42;0;AV GOV RAUL BARBOSA;;;3048;;Atropelamento;;;;Meio de Quadra;;;0;1;1;1;0;0;0;0;0;0;0;0;-3,754154218;-38,50413042
349040;5;8;2019;22:09;0;AV SEN FERNANDES TAVORA;;;3240;;Colisão;;;;Meio de Quadra;;;0;1;0;0;0;0;0;0;0;0;0;0;-3,754690083;-38,6006665
347421;5;8;2019;20:16;1397;RUA MARCOS MACEDO;RUA FREDERICO BORGES;;;;Colisão Transversal;Via Iluminada;Bom;Seca;Cruz;Pare;Residencial;0;1;1;1;0;0;0;0;0;0;0;0;-3,737053;-38,489078
347397;5;8;2019;08:45;5352;AV DOM MANUEL;RUA PINTO MADEIRA;;;;Atropelamento;Luz do Dia;Bom;Seca;Cruz;Semáforo;Comercial;0;2;0;0;0;0;0;0;0;1;0;0;-3,730964;-38,521957
347398;5;8;2019;10:22;1519;RUA PDE VALDEVINO;RUA CARLOS VASCONCELOS;;0;;Colisão Lateral;Luz do Dia;Bom;Seca;Cruz;Semáforo;Comercial;0;0;2;1;1;0;0;0;0;0;0;0;-3,740277;-38,51319
347399;5;8;2019;10:19;12925;AV AGUANAMBI;AV DOMINGOS OLIMPIO;;;;Colisão Lateral;Luz do Dia;Bom;Seca;Cruz;Semáforo;Comercial;0;1;1;0;0;0;0;0;0;1;0;0;-3,738683;-38,524628
347400;5;8;2019;14:02;0;AV OLAVO BILAC;;;0;CHALEX MOTEL;Colisão Frontal;Luz do Dia;Bom;Seca;Meio de Quadra;Não Há Controle;Comercial;0;1;2;1;0;0;0;0;0;1;0;0;;
347401;5;8;2019;13:30;14870;RUA WALDIR DIOGO;RUA ALFREDO MAMEDE;;0;;Não Informado;Luz do Dia;Bom;Seca;Cruz;Semáforo;Comercial;0;0;2;1;0;0;0;0;0;0;0;0;-3,807367;-38,580084
347402;5;8;2019;14:58;7211;AV PRS CASTELO BRANCO;AV DR THEBERGE;;;;Colisão;Luz do Dia;Bom;Seca;Cruz;Semáforo;Comercial;0;1;0;1;0;0;0;0;0;1;0;0;-3,710079;-38,563456
347403;5;8;2019;16:08;0;RUA DES LEITE ALBUQUERQUE;;;350;;Não Informado;Luz do Dia;Bom;Seca;Meio de Quadra;Não Há Controle;Comercial;0;0;1;1;0;0;0;0;0;1;0;0;-3,73643;-38,501138
347404;5;8;2019;13:25;14967;AV GODOFREDO MACIEL;RUA JULIO ALCIDES;;;;Colisão Transversal;Luz do Dia;Bom;Seca;T;Pare;Residencial;0;1;1;1;0;0;0;0;0;1;0;0;-3,787856;-38,566785
347405;5;8;2019;18:00;0;AV GAL OSORIO DE PAIVA;;;1841;;Não Informado;Luz do Dia;Bom;Seca;Meio de Quadra;Não Há Controle;Comercial;0;0;2;0;0;0;0;0;0;0;0;0;-3,783347;-38,578753
347591;5;8;2019;10:20;6433;AV A CJ CEARA;RUA 107 CJ CEARA;;;;Colisão;Luz do Dia;;;Cruz;Pare;Residencial;0;1;1;1;0;0;0;0;0;1;0;0;-3,772659;-38,605241
347194;5;8;2019;23:00;0;RUA COIMBRA;;;182;;Atropelamento;;;;Meio de Quadra;;;0;2;0;0;0;0;0;0;0;1;0;0;-3,707190222;-38,56015478
347195;5;8;2019;16:55;0;AV CEL CARVALHO;;;;;Colisão;Luz do Dia;;;Meio de Quadra;;;0;0;1;1;0;0;0;0;0;0;0;0;;
346700;5;8;2019;14:50;0;AV VIS RIO BRANCO;;;1183;;Colisão Lateral;Luz do Dia;Bom;Seca;Meio de Quadra;Não Há Controle;Comercial;0;3;0;0;0;0;0;0;0;1;0;0;-3,7309006;-38,5251694
346704;5;8;2019;12:00;13420;RUA JOAQUIM TORRES;RUA BAR ARACATI;;;;Colisão Frontal;Amanhecer;Bom;Seca;Cruz;Pare;Comercial;0;1;1;1;0;0;0;0;0;1;0;0;-3,742151;-38,515085
346717;5;8;2019;19:10;0;RUA BARBOSA DE FREITAS;;;630;;Colisão Transversal;Via Iluminada;Bom;Seca;Meio de Quadra;Outros;Residencial;0;0;2;1;0;0;0;0;0;0;0;0;-3,731601;-38,495765
346706;5;8;2019;18:30;13495;RUA ILDEFONSO ALBANO;RUA CEL ALVES TEIXEIRA;;;;Colisão Transversal;Via Iluminada;Bom;Seca;Cruz;Pare;Residencial;0;1;1;0;0;0;0;0;0;1;0;0;-3,74559;-38,517296
346722;5;8;2019;16:00;129;AV MR HULL;RUA CEL MATOS DOURADO;;;;Colisão Traseira;Luz do Dia;Bom;Seca;Outros;Pare;Comercial;0;0;2;1;0;0;0;0;0;0;0;0;-3,738743;-38,585377
346720;5;8;2019;16:40;18407;AV SGT HERMINIO SAMPAIO;RUA VIRGILIO BRIGIDO;;;;Colisão Lateral;Luz do Dia;Bom;Seca;T;Semáforo;Residencial;0;1;1;1;0;0;0;0;0;1;0;0;-3,728096;-38,57034
346730;5;8;2019;22:00;0;AV CARAPINIMA;;;2600;;Colisão Transversal;Via Iluminada;Bom;Seca;Meio de Quadra;Não Há Controle;Residencial;0;0;2;1;0;0;0;0;0;0;0;0;-3,7422295;-38,542542
346732;5;8;2019;21:00;0;AV BORGES DE MELO;;;60;;Colisão Frontal;Via Iluminada;Bom;Seca;Meio de Quadra;Semáforo;Comercial;0;1;1;0;1;0;0;0;0;1;0;0;-3,76177;-38,51766
346726;5;8;2019;12:00;8938;AV BEZERRA DE MENEZES;RUA CARLOS SEVERO;;;;Colisão Traseira;Luz do Dia;Bom;Seca;T;Semáforo;Comercial;0;0;2;1;0;0;0;0;1;0;0;0;-3,730984;-38,542047
347105;6;8;2019;16:00;0;RD CE-040;;;;KM-05;Colisão;Luz do Dia;;;Meio de Quadra;;;0;0;2;1;0;0;0;0;0;0;0;0;-3,800595823;-38,47953463
347598;6;8;2019;19:30;19689;RUA GUSTAVO SAMPAIO;RUA DOM LINO;;;;Colisão;;;;Cruz;Pare;Residencial;0;1;0;0;0;0;0;0;0;1;0;0;-3,735435;-38,557313
347599;6;8;2019;22:17;5081;RUA VINTE E QUATRO DE MAIO;RUA CASTRO E SILVA;;;;Colisão;;;;Cruz;Semáforo;Comercial;0;0;1;0;0;1;0;0;0;0;0;0;-3,722746;-38,530653
347406;6;8;2019;06:18;0;AV LUCIANO CARNEIRO;;;0;;Queda;Luz do Dia;Chuva;Molhada;Meio de Quadra;Não Há Controle;Comercial;0;1;0;0;0;0;0;0;0;1;0;0;;
347407;6;8;2019;06:31;9155;AV LUCIANO CARNEIRO;AV EDUARDO GIRAO;;;;Colisão Transversal;Luz do Dia;Chuva;Molhada;Cruz;Semáforo;Residencial;0;1;1;1;0;0;0;0;0;1;0;0;-3,752275;-38,532811
347408;6;8;2019;07:40;0;RUA LEDA PORTO FREIRE;;;101;;Colisão Transversal;Luz do Dia;Chuva;Molhada;Meio de Quadra;Não Há Controle;Residencial;0;1;1;1;0;0;0;0;0;1;0;0;-3,8242714;-38,4882609
347409;6;8;2019;08:00;19712;AV BEZERRA DE MENEZES;RUA JOSE PONTES;;;;Colisão Lateral;Luz do Dia;Nublado;Seca;T;Não Há Controle;Comercial;0;1;1;1;0;0;0;0;0;1;0;0;-3,736463;-38,568324
347410;6;8;2019;08:43;0;RUA SAMUEL UCHOA;;;249;;Colisão Transversal;Luz do Dia;Chuva;Molhada;Meio de Quadra;Não Há Controle;Residencial;0;0;1;1;0;0;0;0;0;0;0;0;-3,756592;-38,5429758
347411;6;8;2019;09:15;26191;AV MAJ ASSIS;RUA 43 CJ DOS BANCARIOS;;0;;Não Informado;Luz do Dia;Chuva;Seca;T;Pare;Residencial;0;0;2;1;0;0;0;0;0;1;0;0;-3,720369;-38,601233
347412;6;8;2019;09:24;6750;RUA BATISTA DE OLIVEIRA;RUA VILEBALDO AGUIAR;;0;;Colisão Lateral;Luz do Dia;Nublado;Molhada;Não Informado;Pare;Comercial;0;1;1;1;0;0;0;0;0;0;0;0;-3,743019;-38,480134
347413;6;8;2019;09:47;25254;RUA JOAQUIM DE FIGUEIREDO FILHO;RUA CRISANTO M DA ROCHA;;;;Colisão Transversal;Luz do Dia;Chuva;Molhada;Rotatória;Dê Preferência;Residencial;0;1;1;0;0;0;0;0;0;1;0;0;;
347414;6;8;2019;07:53;0;RUA CON DE CASTRO;;;5621;;Colisão Transversal;Luz do Dia;Chuva;Molhada;Meio de Quadra;Semáforo;Comercial;0;1;1;1;0;0;0;0;0;1;0;0;-3,8127346;-38,597984
347415;6;8;2019;10:28;7790;AV DES MOREIRA;AV PONTES VIEIRA;;0;;Colisão Traseira;Luz do Dia;Nublado;Seca;Cruz;Semáforo;Comercial;0;0;2;1;0;0;0;0;0;0;0;0;-3,751526;-38,503254
347416;6;8;2019;12:00;5744;RUA PEDRO FIRMEZA;RUA MANUEL MONTEIRO;;;;Colisão Transversal;Luz do Dia;Nublado;Seca;Cruz;Pare;Comercial;0;2;0;0;0;0;0;0;0;1;0;0;-3,797578;-38,494425
347417;6;8;2019;13:40;0;AV SEN FERNANDES TAVORA;RUA VITORIA;;0;;Colisão Transversal;Luz do Dia;Nublado;Molhada;;;;0;1;1;0;0;0;0;0;0;1;0;0;-3,7602661;-38,5859451
347418;6;8;2019;17:04;11163;RUA FAGUNDES VARELA;RUA INGLATERRA;;;;Colisão;Luz do Dia;Bom;Seca;Cruz;Pare;Residencial;0;1;1;1;0;0;0;0;0;0;0;0;-3,782099;-38,561532
347420;6;8;2019;10:10;0;RUA JULIO CESAR D04;RUA ANTENOR FROTA WANDERLEY;;0;;Colisão Transversal;Luz do Dia;Bom;Molhada;Cruz;Pare;Residencial;0;0;2;1;0;0;0;0;0;0;0;0;;
347428;6;8;2019;22:08;5423;RUA SOLON PINHEIRO;RUA GAL CLARINDO DE QUEIROZ;;;;Colisão;Via Iluminada;Bom;Seca;Cruz;Semáforo;Comercial;0;1;1;1;0;0;0;0;0;1;0;0;-3,733626;-38,527353
349041;6;8;2019;02:30;0;RUA GONCALVES LEDO;;;60;;Queda;;;;Meio de Quadra;;;0;1;0;0;0;0;0;0;0;1;0;0;-3,7242275;-38,51393093
349093;6;8;2019;06:51;0;RUA SAO PAULO;;;1874;;Queda;Luz do Dia;;;Meio de Quadra;;;0;1;0;0;0;0;0;0;0;1;0;0;-3,72138347;-38,54167539
349096;6;8;2019;07:25;0;AV H CJ CEARA;;;;;Colisão;Luz do Dia;;;Meio de Quadra;;;0;1;0;0;0;0;0;0;0;1;0;0;;
349124;6;8;2019;09:45;0;RUA BAR RIO BRANCO;;;1385;;Colisão;Luz do Dia;;;Meio de Quadra;;;0;1;0;0;0;0;0;0;0;0;0;0;-3,730410333;-38,52952167
349125;6;8;2019;10:57;0;AV FRE CIRILO;;;4340;;Colisão;Luz do Dia;;;Meio de Quadra;;;0;1;0;1;0;0;0;0;0;1;0;0;-3,822257;-38,495262
349126;6;8;2019;11:20;0;AV PRO JOSE ARTHUR CARVALHO;;;1910;;Queda;Luz do Dia;;;Meio de Quadra;;;0;1;0;0;0;1;0;0;0;0;0;0;-3,8258585;-38,4638075
349127;6;8;2019;11:50;0;AV HEROIS DO ACRE;;;;;Colisão;Luz do Dia;;;Meio de Quadra;;;0;1;0;1;0;0;0;0;0;1;0;0;;
349129;6;8;2019;13:01;0;RUA VALPARAISO;;;;;Colisão;Luz do Dia;;;Meio de Quadra;;;0;1;0;1;0;0;0;0;0;1;0;0;;
349130;6;8;2019;13:26;9155;AV EDUARDO GIRAO;AV LUCIANO CARNEIRO;;;;Colisão;Luz do Dia;;;Cruz;Semáforo;Residencial;0;1;0;1;0;0;0;0;0;1;0;0;-3,752275;-38,532811
349131;6;8;2019;13:36;0;AV GAL OSORIO DE PAIVA;;;;;Atropelamento;Luz do Dia;;;Meio de Quadra;;;0;1;0;1;0;0;0;0;0;0;0;0;;
349135;6;8;2019;14:04;0;RUA CON DE CASTRO;;;4591;;Colisão;Luz do Dia;;;Meio de Quadra;;;0;1;0;1;0;0;0;0;0;1;0;0;;
349139;6;8;2019;14:53;0;ROD CE 010;;;;;Queda;Luz do Dia;;;Meio de Quadra;;;0;1;0;0;0;0;0;0;0;1;0;0;;
349140;6;8;2019;15:03;0;AV GAL MURILO BORGES;;;;;Queda;Luz do Dia;;;Meio de Quadra;;;0;1;0;0;0;0;0;0;0;1;0;0;;
349141;6;8;2019;15:26;0;AV MON HELIO CAMPOS D22;;;2938;;Atropelamento;Luz do Dia;;;Meio de Quadra;;;0;1;0;0;0;0;0;0;0;1;0;0;;
349146;6;8;2019;16:28;0;AV JOSE BASTOS;;;;;Atropelamento;Luz do Dia;;;Meio de Quadra;;;0;1;1;0;0;0;0;0;0;0;0;1;;
349147;6;8;2019;16:58;0;RUA DR JOSE ROBERTO SALES;;;959;;Colisão;Luz do Dia;;;Meio de Quadra;;;0;1;0;0;0;0;0;0;0;1;0;0;-3,8297956;-38,5899343
349148;6;8;2019;17:37;7743;RUA SERGIPE;RUA MINAS GERAIS;;;;Colisão;Anoitecer;;;Cruz;Pare;Comercial;0;1;0;1;0;0;0;0;0;1;0;0;-3,761911;-38,568724
349149;6;8;2019;18:32;0;AV GAL OSORIO DE PAIVA;;;;;Colisão;;;;Meio de Quadra;;;0;1;0;1;0;0;0;0;0;1;0;0;;
349150;6;8;2019;19:10;0;AV PRS JUSCELINO KUBITSCHEK (PASSARÉ);;;3290;;Atropelamento;;;;Meio de Quadra;;;0;1;0;0;0;0;0;0;0;1;0;0;-3,809292;-38,526604
349151;6;8;2019;19:20;0;AV AUGUSTO DOS ANJOS;;;846;;Queda;;;;Meio de Quadra;;;0;1;0;0;0;0;0;0;0;1;0;0;-3,775211375;-38,57478413
349143;6;8;2019;15:33;0;AV GAL OSORIO DE PAIVA;;;;;Colisão;Luz do Dia;;;Meio de Quadra;;;0;1;1;1;0;0;0;0;0;1;0;0;;
349144;6;8;2019;15:45;0;AV DOMINGOS OLIMPIO;;;142;;Queda;Luz do Dia;;;Meio de Quadra;;;0;1;0;0;0;0;0;0;0;1;0;0;-3,738402;-38,525362
349154;6;8;2019;22:24;0;AV PRS CASTELO BRANCO;;;2815;;Queda;;;;Meio de Quadra;;;0;1;0;0;0;0;0;0;0;1;0;0;-3,712437348;-38,55291213
349155;6;8;2019;22:43;15423;AV FRE CIRILO;RUA ALBERTO TORRES;;;;Colisão;;;;;;;0;1;0;0;0;0;0;0;0;0;0;0;-3,815944;-38,498012
349157;6;8;2019;23:18;26091;AV JOSE JATAHY;AV JOVITA FEITOSA;;;;Colisão;;;;Cruz;Semáforo;Residencial;0;1;0;1;0;0;0;0;0;1;0;0;-3,737273;-38,543936
349168;7;8;2019;07:39;26086;AV JOSE JATAHY;RUA AZEVEDO BOLAO;;;;Queda;Luz do Dia;;;Cruz;Semáforo;Residencial;0;1;0;0;0;0;0;0;0;1;0;0;-3,733663;-38,544494
349171;7;8;2019;07:42;0;AV ENG HUMBERTO MONTE;;;1692;;Colisão;Luz do Dia;;;Meio de Quadra;;;0;1;0;1;0;1;0;0;0;0;0;0;-3,745968;-38,563123
349179;7;8;2019;07:48;0;AV GAL OSORIO DE PAIVA;;;5435;;Colisão;Luz do Dia;;;Meio de Quadra;;;0;1;0;1;0;0;0;0;0;1;0;0;-3,804708;-38,602059
349187;7;8;2019;07:50;0;RUA CHICO FRANCA;;;340;;Queda;Luz do Dia;;;Meio de Quadra;;;0;2;0;0;0;1;0;0;0;0;0;0;-3,79079;-38,56303
349206;7;8;2019;08:26;0;RUA UM (MONDUBIM);;;1331;;Atropelamento;Luz do Dia;;;Meio de Quadra;;;0;1;1;0;0;0;1;0;0;0;0;0;-3,81529;-38,57951
349209;7;8;2019;08:38;0;AV DES MOREIRA;;;3013;;Atropelamento;Luz do Dia;;;Meio de Quadra;;;0;1;0;0;0;0;0;0;0;1;0;0;-3,7527667;-38,5036483
349212;7;8;2019;09:26;0;RUA PRO HERIBALDO COSTA;;;1277;;Atropelamento;Luz do Dia;;;Meio de Quadra;;;0;1;1;1;0;0;0;0;0;0;0;0;-3,763460176;-38,58567902
349213;7;8;2019;09:33;0;AV BENJAMIM BRASIL;;;289;;Colisão;Luz do Dia;;;Meio de Quadra;;;0;1;0;1;0;0;0;0;0;1;0;0;-3,803725;-38,570528
349222;7;8;2019;12:58;0;RUA MORAUJO;;;200;;Queda;Luz do Dia;;;Meio de Quadra;;;0;1;0;0;0;1;0;0;0;0;0;0;-3,71946;-38,59058
349223;7;8;2019;13:42;0;AV I CJ CEARA;;;228;;Colisão;Luz do Dia;;;Meio de Quadra;;;0;1;1;1;0;0;0;0;0;1;0;0;-3,8261181;-38,5511118
349224;7;8;2019;14:37;0;RUA COM GARCIA;;;2066;;Colisão;Luz do Dia;;;Meio de Quadra;;;0;1;0;1;0;0;0;0;0;1;0;0;-3,800385778;-38,58970077
349225;7;8;2019;15:07;0;AV WASHINGTON SOARES;;;;;Atropelamento;Luz do Dia;;;Meio de Quadra;;;0;1;0;0;0;0;0;0;0;1;0;0;;
349226;7;8;2019;15:57;0;RUA DR JOAO MOREIRA;;;;;Atropelamento;Luz do Dia;;;Meio de Quadra;;;0;1;0;0;0;0;0;0;0;0;0;0;;