COD_ACIDENTE;DIA;MES;ANO;HORA;INTERSECAO;LOG1;LOG2;LOG3;NUMERO;REFERENCIA;NATUREZA;ILUMINACAO;TEMPO;SUPERFICIEPISTA;TIPOCRUZAMENTO;CONTROLETRAFEGO;USOSOLO;MORTOS;FERIDOS;ILESOS;AUTOMOVEL;ONIBUS;BICICLETA;CAMINHAO;MICROONIBUS;CICLOMOTOR;MOTOCICLETA;TRACAOANIMAL;TREM;LATITUDE;LONGITUDE
349227;7;8;2019;16:29;0;AV GAL OSORIO DE PAIVA;;;;;Colisão;Luz do Dia;;;Meio de Quadra;;;0;1;0;1;0;0;0;0;0;1;0;0;;
349228;7;8;2019;17:49;0;RUA LEONARDO MOTA;;;2450;;Colisão;Anoitecer;;;Meio de Quadra;;;0;1;0;1;0;0;0;0;0;1;0;0;-3,74728;-38,49968
349241;7;8;2019;18:02;0;AV VIS RIO BRANCO;;;1183;;Queda;Anoitecer;;;Meio de Quadra;;;0;1;0;0;0;1;0;0;0;0;0;0;-3,7309006;-38,5251694
349243;7;8;2019;18:24;0;RUA SEN ROBERT KENNEDY;;;52;;Queda;Anoitecer;;;Meio de Quadra;;;0;1;0;0;0;1;0;0;0;0;0;0;-3,69933;-38,576801
349244;7;8;2019;19:15;0;AV HERACLITO GRACA;;;720;;Colisão;;;;Meio de Quadra;;;0;1;0;0;0;0;0;0;0;0;0;0;-3,735452905;-38,51847671
349245;7;8;2019;20:40;0;AV MAJ ASSIS;;;2478;;Colisão;;;;Meio de Quadra;;;0;1;0;0;0;0;0;0;0;0;0;0;-3,7197477;-38,6031978
349246;7;8;2019;20:46;525;RUA PRO VIRGILIO DE MORAIS;RUA DANIEL DE CASTRO;;;;Colisão;;;;;;;0;1;0;0;0;0;0;0;0;1;0;0;-3,748382;-38,596097
349247;7;8;2019;21:08;0;RUA EINSTEIN;;;1046;;Queda;;;;Meio de Quadra;;;0;1;0;0;0;0;0;0;0;1;0;0;;
349248;7;8;2019;22:02;0;AV FRANCISCO SA;;;5036;;Atropelamento;;;;Meio de Quadra;;;0;1;1;1;0;0;0;0;0;0;0;0;-3,7131925;-38,569705
349249;7;8;2019;23:39;0;AV PRUDENTE BRASIL;;;633;;Queda;;;;Meio de Quadra;;;0;1;0;0;0;0;0;0;0;1;0;0;-3,808709;-38,534102
349159;7;8;2019;05:42;0;RUA VALPARAISO;;;203;;Colisão;Amanhecer;;;Meio de Quadra;;;0;1;0;0;0;0;0;0;0;1;0;0;-3,84617;-38,5225001
349217;7;8;2019;11:16;0;AV CASTELO DE CASTRO;;;681;;Colisão;Luz do Dia;;;Meio de Quadra;;;0;1;0;1;0;0;0;0;0;1;0;0;-3,835346;-38,5216395
349215;7;8;2019;10:59;0;AV LAURO VIEIRA CHAVES;;;870;;Colisão;Luz do Dia;;;Meio de Quadra;;;0;1;0;1;0;0;0;0;0;1;0;0;-3,7724729;-38,5325493
347429;7;8;2019;13:15;11724;RUA JULIO BRAGA;RUA 12 DE JULHO;;;;Colisão Transversal;Luz do Dia;Bom;Seca;Cruz;Pare;Residencial;0;2;1;0;0;0;0;0;0;1;0;0;-3,773246;-38,584407
347430;7;8;2019;09:30;23592;AV GOV RAUL BARBOSA;RUA DO CANAL (TAUAPE);;;;Colisão Lateral;Luz do Dia;Bom;Seca;T;Não Há Controle;Comercial;0;1;1;1;0;0;0;0;0;1;0;0;-3,76224;-38,508249
347431;7;8;2019;14:00;5254;RUA JOAO CORDEIRO;RUA PEREIRA FILGUEIRAS;;0;;Colisão Transversal;Luz do Dia;Bom;Seca;Cruz;Pare;Comercial;0;0;3;1;0;0;0;0;0;1;0;0;-3,728001;-38,513877
347432;7;8;2019;20:04;0;AV DOM LUIS;;;609;;Colisão Traseira;Via Iluminada;Bom;Seca;Meio de Quadra;Gesto;Comercial;0;0;2;0;0;0;0;0;0;0;0;0;-3,7336949;-38,49599183
347422;7;8;2019;00:59;0;RUA PDE VALDEVINO;;;284;;Choque c/ Obstáculo Fixo;Via Iluminada;Bom;Seca;;;;0;1;0;1;0;0;0;0;0;0;0;0;-3,737612158;-38,52164163
347423;7;8;2019;03:34;0;AV GAL OSORIO DE PAIVA;;;1862;;Queda;Via Iluminada;Bom;Seca;Meio de Quadra;Semáforo;Comercial;0;1;0;0;0;0;0;0;0;1;0;0;-3,783103;-38,578294
347424;7;8;2019;06:15;22937;AV DR SILAS MUNGUBA;RUA GOV JOAO CARLOS;;0;;Não Informado;Luz do Dia;Bom;Seca;T;Semáforo;Comercial;0;0;2;1;0;0;0;0;0;0;0;0;-3,78395;-38,55391
347425;7;8;2019;07:17;12762;RUA JORGE DUMAR;AV BORGES DE MELO;;;;Atropelamento;Luz do Dia;Bom;Seca;Cruz;Semáforo;Comercial;0;1;1;0;1;0;0;0;0;0;0;0;-3,752695;-38,539369
347426;7;8;2019;07:50;18345;AV DR THEBERGE;RUA LUIS GUIMARAES;;;;Colisão Traseira;Mal Iluminada;Bom;Seca;T;Pare;Escola;0;1;2;0;0;0;0;0;0;1;0;0;-3,723788;-38,567944
347427;7;8;2019;13:18;3853;RUA DOS PRACINHAS;AV 13 DE MAIO;;0;;Colisão Lateral;Luz do Dia;Bom;Seca;Cruz;Semáforo;Comercial;0;0;2;1;0;0;0;0;0;0;0;0;-3,73767;-38,542789
347502;7;8;2019;20:24;19085;RUA AMELIA BENEBIEN;RUA SOLON ONOFRE;;0;;Colisão Lateral;Luz do Dia;Bom;Seca;Cruz;Pare;Residencial;0;0;2;1;0;0;0;0;0;1;0;0;-3,737398;-38,474404
347107;7;8;2019;14:50;0;RD CE-040;;;;KM-03;Colisão;Luz do Dia;;;Meio de Quadra;;;0;0;2;1;0;0;1;0;0;0;0;0;-3,782614325;-38,4810839
347108;7;8;2019;20:40;0;AV SEN CARLOS JEREISSATI (AEROPORTO);;;3000;KM 03;Colisão;;;;Meio de Quadra;;;0;0;2;1;0;0;0;0;0;1;0;0;-3,779641;-38,544038
346738;7;8;2019;09:40;24773;AV J CJ POLAR;RUA 22 CJ BEIRA RIO;;;;Colisão Frontal;Luz do Dia;Bom;Seca;Cruz;Pare;Residencial;0;3;0;1;0;0;0;0;0;0;0;0;-3,71739;-38,598595
346739;7;8;2019;19:20;0;AV GODOFREDO MACIEL;;;2947;;Colisão Traseira;Via Iluminada;Bom;Seca;Meio de Quadra;Outros;Comercial;0;0;2;1;0;0;0;0;0;0;0;0;-3,801663;-38,571541
346741;7;8;2019;19:00;24968;AV ALM HENRIQUE SABOIA;RUA VILEBALDO AGUIAR;;;;Colisão Lateral;Via Iluminada;Bom;Seca;Cruz;Pare;Comercial;0;0;2;1;1;0;0;0;0;0;0;0;-3,740626;-38,487544
346773;7;8;2019;18:30;26177;RUA BERNARDO MANUEL;RUA H CJ MONTENEGRO I;;;;Colisão Transversal;Via Iluminada;Bom;Seca;T;Semáforo;Residencial;0;1;1;0;0;0;0;0;0;1;0;0;;
346743;8;8;2019;21:00;0;RUA DOIS;;;150;;Atropelamento;Anoitecer;Bom;Seca;Outros;Não Há Controle;Residencial;0;1;1;1;0;0;0;0;0;0;0;0;-3,8005555;-38,5341666
347144;8;8;2019;07:40;0;RD CE-040;;;1000;KM-01;Colisão;Luz do Dia;;;Meio de Quadra;;;0;0;2;1;0;0;0;0;0;0;0;0;-3,764650449;-38,48258304
347433;8;8;2019;07:27;0;RUA GURGEL DO AMARAL;RUA VICENTE GURGEL;;0;;Choque c/ Obstáculo Fixo;Luz do Dia;Bom;Seca;T;Pare;Comercial;0;0;1;1;0;0;0;0;0;0;0;0;;
347434;8;8;2019;06:55;14367;RUA NAT FEIJO;RUA GERSON FARIAS;;;;Colisão Transversal;Luz do Dia;Bom;Seca;Cruz;Pare;Residencial;0;1;1;1;0;0;0;0;0;1;0;0;-3,722386;-38,552399
347435;8;8;2019;07:50;15667;RUA EUDES CARDOSO;RUA CEL ERNESTO MATOS;;;;Queda;Luz do Dia;Bom;Seca;Cruz;Pare;Residencial;0;1;0;0;0;0;0;0;0;1;0;0;-3,825862;-38,489147
347436;8;8;2019;12:00;18297;RUA SEN ALMINO;AV ALM BARROSO;;0;;Colisão Lateral;Luz do Dia;Bom;Seca;Cruz;Não Há Controle;Comercial;0;1;1;1;0;0;0;0;0;1;0;0;-3,720549;-38,517858
347437;8;8;2019;15:34;0;AV PRS CASTELO BRANCO;;;2675;;Engavetamento;Luz do Dia;Bom;Seca;Meio de Quadra;Não Há Controle;Residencial;0;0;2;1;0;0;0;0;0;0;0;0;-3,712775174;-38,55175257
347438;8;8;2019;18:43;0;RUA PDE PEDRO DE ALENCAR;;;303;;Colisão Lateral;Via Iluminada;Bom;Seca;Meio de Quadra;Gesto;Comercial;0;0;2;1;0;0;0;0;0;0;0;0;-3,830427143;-38,49385043
347439;8;8;2019;13:33;3175;RUA LUZIA MOREIRA;RUA VITAL BRASIL;;483;;Colisão Frontal;Luz do Dia;Bom;Seca;Cruz;Não Há Controle;Residencial;0;0;3;1;0;0;0;0;0;0;0;0;-3,77942;-38,593017
347440;8;8;2019;17:30;0;RUA PEDRO MUNIZ;;;0;;Colisão Frontal;Luz do Dia;Bom;Seca;Meio de Quadra;Não Há Controle;Lazer;0;1;2;1;0;0;0;0;0;0;0;0;;
347441;8;8;2019;21:24;0;AV RUI BARBOSA;;;343;;Colisão Lateral;Via Iluminada;Bom;Seca;Meio de Quadra;Gesto;Residencial;0;0;2;1;0;0;0;0;0;0;0;0;-3,726748;-38,506454
347604;8;8;2019;01:10;0;AV ALM BARROSO;;;935;;Choque c/ Obstáculo Fixo;;;;Meio de Quadra;;;0;0;1;0;0;0;0;0;0;0;0;0;-3,720131;-38,514648
347605;8;8;2019;01:40;0;AV PRUDENTE BRASIL;;;675;;Colisão;;;;Meio de Quadra;;;0;0;1;0;0;0;0;0;0;0;0;0;-3,808709;-38,534102
349277;8;8;2019;08:26;0;RUA CHILE;;;843;;Queda;Luz do Dia;;;Meio de Quadra;;;0;1;0;0;0;0;0;0;0;1;0;0;-3,7494912;-38,5685075
349278;8;8;2019;08:31;0;AV VICENTE DE CASTRO;;;5301;;Colisão;Luz do Dia;;;Meio de Quadra;;;0;1;0;0;0;0;0;0;0;0;0;0;-3,718825523;-38,47517813
349279;8;8;2019;08:35;0;AV JULIO VENTURA;;;;;Queda;Luz do Dia;;;Meio de Quadra;;;0;1;0;0;0;1;0;0;0;0;0;0;;
349280;8;8;2019;08:47;0;AV WASHINGTON SOARES;;;1321;;Queda;Luz do Dia;;;Meio de Quadra;;;0;1;0;0;0;0;0;0;0;1;0;0;-3,766496;-38,482433
349281;8;8;2019;09:30;0;AV CEL CARVALHO;;;;;Queda;Luz do Dia;;;Meio de Quadra;;;0;1;0;0;0;1;0;0;0;0;0;0;;
349282;8;8;2019;09:33;0;RUA MOZART FIRMEZA;;;1043;;Queda;Luz do Dia;;;Meio de Quadra;;;0;1;0;0;0;0;0;0;0;1;0;0;-3,76758525;-38,577802
349289;8;8;2019;11:37;0;RUA JULIO BRIGIDO;;;171;;Queda;Luz do Dia;;;Meio de Quadra;;;0;1;0;0;0;1;0;0;0;0;0;0;-3,7463;-38,58334
349286;8;8;2019;09:58;13213;AV E CJ JOSE WALTER;RUA 45 CJ JOSE WALTER;;;;Atropelamento;Luz do Dia;;;;;;0;1;0;1;0;0;0;0;0;0;0;0;-3,83425;-38,557553
349294;8;8;2019;11:38;0;AV MR HULL;;;;;Colisão;Luz do Dia;;;Meio de Quadra;;;0;1;0;1;0;0;0;0;0;1;0;0;;
349299;8;8;2019;12:59;0;AV DR THEBERGE;;;;;Queda;Luz do Dia;;;Meio de Quadra;;;0;1;0;0;0;0;0;0;0;1;0;0;;
349300;8;8;2019;13:04;0;AV JOSE LEON;;;2701;;Atropelamento;Luz do Dia;;;Meio de Quadra;;;0;1;0;1;0;0;0;0;0;0;0;0;-3,790996;-38,488668
349301;8;8;2019;13:34;0;AV PRS CASTELO BRANCO;;;255;;Colisão;Luz do Dia;;;Meio de Quadra;;;0;1;0;0;0;0;0;0;0;0;0;0;-3,7128;-38,5515
349302;8;8;2019;14:06;0;RUA DES FROTA D71;;;;;Colisão;Luz do Dia;;;Meio de Quadra;;;0;1;0;0;0;0;0;0;0;1;0;0;;
349303;8;8;2019;14:32;0;RUA BERNARDO MANUEL;;;13978;;Colisão;Luz do Dia;;;Meio de Quadra;;;0;1;0;1;0;0;0;0;0;1;0;0;-3,839655;-38,564114
349304;8;8;2019;14:34;239;AV JOVITA FEITOSA;RUA CRUZ SALDANHA;;;;Colisão;Luz do Dia;;;Cruz;Não Há Controle;Residencial;0;1;0;1;0;0;0;0;0;1;0;0;-3,739205;-38,553174
349306;8;8;2019;14:47;0;AV MR HULL;;;3650;;Queda;Luz do Dia;;;Meio de Quadra;;;0;1;0;0;0;0;0;0;0;1;0;0;-3,7376575;-38,5770885
349307;8;8;2019;17:01;0;AV OLIVEIRA PAIVA;;;;;Colisão;Anoitecer;;;Meio de Quadra;;;0;1;0;1;0;0;0;0;0;1;0;0;;
349308;8;8;2019;17:02;0;AV DEP PAULINO ROCHA;;;77;;Colisão;Anoitecer;;;Meio de Quadra;;;0;1;0;1;0;0;0;0;0;1;0;0;-3,802389;-38,507614
349309;8;8;2019;17:51;0;RUA JOAQUIM MOREIRA D36;;;;;Colisão;Anoitecer;;;Meio de Quadra;;;0;1;0;1;0;0;0;0;0;0;0;0;;
349310;8;8;2019;18:36;0;AV GODOFREDO MACIEL;;;3440;;Colisão;;;;Meio de Quadra;;;0;1;0;0;0;0;1;0;0;1;0;0;-3,805644;-38,57278
349311;8;8;2019;18:53;5092;AV IMPERADOR;RUA SEN ALENCAR;;;;Queda;;;;Cruz;Semáforo;Residencial;0;1;0;0;0;0;0;0;0;1;0;0;-3,723171;-38,533258
349296;8;8;2019;11:39;20039;RUA CARNAUBAS;AV PALESTINA D68;;;;Colisão;Luz do Dia;;;Cruz;Pare;Residencial;0;1;0;1;0;0;0;0;0;1;0;0;-3,806492;-38,534764
349297;8;8;2019;11:39;0;RUA GAL GOIS MONTEIRO;;;451;;Colisão;Luz do Dia;;;Meio de Quadra;;;0;1;0;1;0;0;0;0;0;1;0;0;-3,7710045;-38,4571701
349313;8;8;2019;19:02;5180;RUA TEN BENEVOLO;RUA DOM JOAQUIM;;;;Colisão;;;;Cruz;Pare;Residencial;0;1;0;1;0;0;0;0;0;1;0;0;-3,725524;-38,51667
349315;8;8;2019;19:36;0;RUA CON BRAVEZA;;;795;;Colisão;;;;Meio de Quadra;;;0;1;0;1;0;0;0;0;0;1;0;0;-3,797098583;-38,49816927
349318;8;8;2019;19:41;14352;RUA BERNARDO PORTO;RUA NAT FEIJO;;;;Queda;;;;T;Pare;Residencial;0;1;0;0;0;0;0;0;0;1;0;0;;
349320;8;8;2019;21:00;0;RUA DECIO DE CASTRO;;;229;;Colisão;;;;Meio de Quadra;;;0;1;0;1;0;0;0;0;0;1;0;0;-3,774594203;-38,58953315
349323;8;8;2019;22:04;0;RUA FRANCISCA CLOTILDE;;;1441;;Queda;;;;Meio de Quadra;;;0;1;1;1;0;0;0;0;0;1;0;0;-3,748811629;-38,55836157
349325;8;8;2019;22:16;0;RUA CAETANO XIMENES ARAGAO;;;575;;Colisão;;;;Meio de Quadra;;;0;1;0;1;0;0;0;0;0;0;0;0;-3,78364;-38,48628
349250;8;8;2019;00:19;0;AV MOZART PINHEIRO DE LUCENA;;;2661;;Queda;;;;Meio de Quadra;;;0;1;0;0;0;0;0;0;0;1;0;0;-3,727676;-38,598376
349251;8;8;2019;02:47;0;RUA CEARA;;;1009;;Atropelamento;;;;Meio de Quadra;;;0;1;0;0;0;0;0;0;0;0;0;0;-3,758622375;-38,56625188
349252;8;8;2019;05:11;19693;RUA GAL PIRAGIBE;RUA GUSTAVO SAMPAIO;;;;Colisão;Amanhecer;;;Cruz;Pare;Comercial;0;1;1;1;0;0;0;0;0;1;0;0;-3,735661;-38,558398
349253;8;8;2019;06:39;0;AV MR HULL;;;4135;;Colisão;Luz do Dia;;;Meio de Quadra;;;0;1;0;1;0;0;0;0;0;1;0;0;-3,738202556;-38,58160122
349254;8;8;2019;06:44;0;RUA FRANCISCO TEIXEIRA DE ALCANTARA;;;;;Colisão;Luz do Dia;;;Meio de Quadra;;;0;1;1;1;0;0;0;0;0;1;0;0;;
348631;9;8;2019;21:28;5150;RUA SEN ALENCAR;RUA BAR RIO BRANCO;;;;Colisão;;;;Cruz;Pare;Comercial;0;1;1;1;1;0;0;0;0;0;0;0;-3,724879;-38,527752
348626;9;8;2019;21:18;0;RUA DIADEMA;;;267;;Colisão;;;;Meio de Quadra;;;0;1;1;1;0;0;0;0;0;1;0;0;-3,844779722;-38,52255879
348623;9;8;2019;21:14;0;RUA AMAZONAS;;;740;;Colisão;;;;Meio de Quadra;;;0;1;1;1;0;0;0;0;0;1;0;0;-3,753734625;-38,563503
348620;9;8;2019;20:48;0;AV UM (PLANALTO AIRTON SENA);;;2500;;Queda;;;;Meio de Quadra;;;0;1;0;0;0;0;0;0;0;1;0;0;;
348613;9;8;2019;18:14;0;RUA EMILIO DE MENESES;;;629;;Colisão;Anoitecer;;;Meio de Quadra;;;0;1;1;0;0;0;0;0;0;1;0;0;-3,7818188;-38,5871045
348610;9;8;2019;18:03;0;RD BR 116;;;7000;KM-07;Colisão;Anoitecer;;;Meio de Quadra;;;0;1;0;0;0;0;0;0;0;0;0;0;-3,786276359;-38,5115614
348611;9;8;2019;18:05;0;AV MR HULL;;;;;Colisão;Anoitecer;;;Meio de Quadra;;;0;1;0;0;0;0;0;0;0;0;0;0;;
348616;9;8;2019;19:52;0;AV GODOFREDO MACIEL;;;6368;;Atropelamento;;;;Meio de Quadra;;;0;1;1;0;0;0;0;0;0;1;0;0;-3,832155;-38,581334
348618;9;8;2019;20:18;0;RUA COSTA FREIRE;;;1202;;Colisão;;;;Meio de Quadra;;;0;1;0;0;0;0;0;0;0;1;0;0;-3,8151669;-38,5782093
348605;9;8;2019;16:47;0;AV VICENTE DE CASTRO;;;191;;Outros;Luz do Dia;;;Meio de Quadra;;;0;1;1;0;0;0;0;0;0;0;0;1;-3,71119;-38,47217
348606;9;8;2019;17:09;0;RUA COSTA BARROS;;;1131;;Colisão;Anoitecer;;;Meio de Quadra;;;0;1;1;1;0;0;0;0;0;1;0;0;-3,729670759;-38,51363662
348602;9;8;2019;16:13;0;RUA JERONIMO ALBUQUERQUE;;;456;;Colisão;Luz do Dia;;;Meio de Quadra;;;0;1;1;1;0;0;0;0;0;1;0;0;-3,70658;-38,57626
348603;9;8;2019;16:38;0;RUA SEN ROBERT KENNEDY;;;353;;Colisão;Luz do Dia;;;Meio de Quadra;;;0;1;0;0;0;0;0;0;0;0;0;0;-3,703095;-38,578553
348595;9;8;2019;15:57;0;RUA SABIAGUABA;;;2068;;Colisão;Luz do Dia;;;Meio de Quadra;;;0;1;1;1;0;0;0;0;0;1;0;0;-3,789914;-38,4436675
348600;9;8;2019;16:08;0;AV GODOFREDO MACIEL;;;5833;;Queda;Luz do Dia;;;Meio de Quadra;;;0;1;0;0;0;0;0;0;0;1;0;0;-3,825405;-38,579157
348597;9;8;2019;16:02;0;RUA TOMAS EDSON;;;878;;Colisão;Luz do Dia;;;Meio de Quadra;;;0;1;1;1;0;1;0;0;0;0;0;0;-3,78096;-38,5558
348590;9;8;2019;15:14;17321;RUA DES PRAXEDES;RUA CONEGUNDES RODRIGUES;;;;Colisão;Luz do Dia;;;;;;0;1;1;1;0;0;0;0;0;1;0;0;-3,763037;-38,542877
348580;9;8;2019;12:21;0;AV LINEU MACHADO;;;145;;Colisão;Luz do Dia;;;Meio de Quadra;;;0;1;1;1;0;0;0;0;0;1;0;0;-3,7617774;-38,5746611
348581;9;8;2019;13:27;0;AV TRISTAO GONCALVES;;;290;;Colisão;Luz do Dia;;;Meio de Quadra;;;0;1;0;0;0;0;0;0;0;0;0;0;-3,72423;-38,53234
348582;9;8;2019;13:30;0;AV GOV RAUL BARBOSA;;;3800;;Queda;Luz do Dia;;;Meio de Quadra;;;0;1;0;0;0;0;0;0;0;1;0;0;-3,759723;-38,504629
348583;9;8;2019;13:35;0;AV SEN FERNANDES TAVORA;;;3357;;Colisão;Luz do Dia;;;Meio de Quadra;;;0;1;1;1;0;0;0;0;0;1;0;0;-3,754375;-38,602392
348584;9;8;2019;14:43;0;RUA TEODOMIRO DE CASTRO;;;4429;;Colisão;Luz do Dia;;;Meio de Quadra;;;0;1;1;1;0;0;0;0;0;1;0;0;-3,718721385;-38,57239531
348585;9;8;2019;14:50;25011;RUA TEODOMIRO DE CASTRO;RUA TEN JOSE BARREIRA;;;;Colisão;Luz do Dia;;;Cruz;Pare;Comercial;0;1;0;0;0;0;0;0;0;0;0;0;-3,718743;-38,572355
348586;9;8;2019;14:56;0;RUA MOURA MATOS;;;;;Colisão;Luz do Dia;;;Meio de Quadra;;;0;1;1;1;0;0;0;0;0;1;0;0;;
348563;9;8;2019;00:06;0;RUA SEBASTIAO DE ABREU;;;177;;Colisão;;;;Meio de Quadra;;;0;1;1;1;0;0;0;0;0;1;0;0;-3,79399;-38,5673
348564;9;8;2019;06:22;0;AV PRS JUSCELINO KUBITSCHEK (PASSARÉ);;;;;Colisão;Luz do Dia;;;Meio de Quadra;;;0;1;1;1;0;1;0;0;0;0;0;0;;
348565;9;8;2019;06:25;4082;RUA CEARA;AV JOAO PESSOA;;;;Colisão;Luz do Dia;;;T;Semáforo;Comercial;0;2;1;1;0;0;0;0;0;1;0;0;-3,763434;-38,558244
348566;9;8;2019;06:31;0;AV LINEU MACHADO;;;;;Queda;Luz do Dia;;;Meio de Quadra;;;0;1;0;0;0;0;0;0;0;1;0;0;;
348567;9;8;2019;06:45;0;RUA CON DE CASTRO;;;5624;;Colisão;Luz do Dia;;;Meio de Quadra;;;0;1;1;1;0;0;0;0;0;1;0;0;-3,812008;-38,597478
348568;9;8;2019;07:49;0;AV GAL OSORIO DE PAIVA;;;;;Colisão;Luz do Dia;;;Meio de Quadra;;;0;1;1;1;0;0;0;0;0;1;0;0;;
348569;9;8;2019;09:50;0;AV CEL CARVALHO;;;;;Queda;Luz do Dia;;;Meio de Quadra;;;0;1;0;0;0;0;0;0;0;1;0;0;;
348570;9;8;2019;10:35;0;RUA DR JOAQUIM BENTO;;;813;;Colisão;Luz do Dia;;;Meio de Quadra;;;0;1;0;0;0;0;1;0;0;1;0;0;-3,8282985;-38,484387
348571;9;8;2019;10:45;0;RUA WALDIR DIOGO;;;269;;Queda;Luz do Dia;;;Meio de Quadra;;;0;1;0;0;0;0;0;0;0;1;0;0;-3,807246738;-38,58052741
348572;9;8;2019;11:16;0;RUA DR FERNANDO AUGUSTO;;;4148;;Colisão;Luz do Dia;;;Meio de Quadra;;;0;1;1;1;0;0;0;0;0;1;0;0;-3,784983362;-38,62963656
348573;9;8;2019;12:05;0;AV GAL OSORIO DE PAIVA;;;5384;;Colisão;Luz do Dia;;;Meio de Quadra;;;0;1;0;0;0;0;0;0;0;0;0;0;-3,8046095;-38,6019565
348574;9;8;2019;12:20;0;AV CONTORNO SUL;;;;;Atropelamento;Luz do Dia;;;Meio de Quadra;;;0;1;1;1;0;0;0;0;0;0;0;0;;
347612;9;8;2019;22:25;24630;RUA DES HERMES PARAHYBA;RUA ANTONIO ARRUDA;;;;Colisão;;;;Meio de Quadra;Não Há Controle;Residencial;0;0;1;1;0;0;0;0;0;0;0;0;-3,712999;-38,591926
347613;9;8;2019;22:30;0;ET DO FIO (MESSEJANA);;;3075;;Colisão;;;;Meio de Quadra;;;0;0;1;0;0;0;0;0;0;0;0;0;;
347442;9;8;2019;12:05;0;AV GAL OSORIO DE PAIVA;;;5374;;Colisão Transversal;Luz do Dia;Bom;Seca;Meio de Quadra;Não Há Controle;Comercial;0;1;1;0;0;1;0;0;0;1;0;0;-3,80440075;-38,60175088
347447;9;8;2019;13:19;0;AV PRO JOSE ARTHUR CARVALHO;RUA CAIO FACO;;;;Colisão Transversal;Luz do Dia;Bom;Seca;Meio de Quadra;;;0;1;1;1;0;0;0;0;0;1;0;0;-3,826136;-38,475297
347147;9;8;2019;11:00;0;RD CE-040;;;12000;KM-12;Colisão;Luz do Dia;;;Meio de Quadra;;;0;0;2;1;0;0;1;0;0;0;0;0;-3,857690949;-38,47204254
347145;9;8;2019;14:00;0;AV SEN CARLOS JEREISSATI (AEROPORTO);;;1000;KM 01;Colisão;Luz do Dia;;;Meio de Quadra;;;0;0;2;1;0;0;0;0;0;0;0;0;-3,783753;-38,52685
347165;9;8;2019;18:01;0;AV MR HULL;;;3835;COLÉGIO DA POLÍCIA MILITAR;Colisão;Anoitecer;;;Meio de Quadra;;;1;0;1;0;0;1;0;0;0;1;0;0;-3,737828;-38,578596
346746;9;8;2019;08:30;7765;RUA DOM EXPEDITO LOPES;RUA TIBURCIO CAVALCANTE;;;;Colisão Transversal;Luz do Dia;;Seca;Cruz;Semáforo;Residencial;0;1;1;1;0;0;0;0;0;1;0;0;-3,743802;-38,505097
346740;9;8;2019;02:30;23653;AV OLAVO BILAC;RUA BAR CRATO;;;;Choque c/ Obstáculo Fixo;Via Iluminada;Bom;Seca;Cruz;Semáforo;Comercial;0;0;1;1;0;0;0;0;0;0;0;0;-3,723036;-38,56637
346735;9;8;2019;11:30;0;AV DIOGUINHO;;;2266;;Atropelamento de Animal;Luz do Dia;Bom;Seca;Meio de Quadra;Não Há Controle;Residencial;0;2;0;0;0;0;0;0;0;1;0;0;-3,736265;-38,45625
346753;9;8;2019;18:20;7869;RUA BARBOSA DE FREITAS;RUA FRANCISCO HOLANDA;;;;Colisão Transversal;;Bom;Seca;Cruz;Pare;Comercial;0;0;2;1;0;0;0;0;0;1;0;0;-3,749671;-38,501555
346758;9;8;2019;20:00;6837;AV ANTONIO SALES;RUA SAO GABRIEL (COCO);;;;Colisão Transversal;Anoitecer;Bom;Seca;Cruz;Pare;Comercial;0;0;3;1;0;0;0;0;0;1;0;0;-3,7484987;-38,4925981
346725;9;8;2019;14:11;5174;AV TRISTAO GONCALVES;RUA GUILHERME ROCHA;;;;Colisão Traseira;Luz do Dia;Bom;Seca;T;Semáforo;Comercial;0;0;3;1;0;0;0;0;0;0;0;0;-3,725452;-38,532707
346769;10;8;2019;00:30;0;RUA DEMETRIO MENEZES;;;3625;;Colisão Lateral;Não Informado;Bom;Não informada;Meio de Quadra;Não Informado;Comercial;0;1;1;0;0;0;1;0;0;1;0;0;-3,735205;-38,584159
346764;10;8;2019;15:00;4828;RUA CON DE CASTRO;RUA LAGO DO TANQUE;;;;Colisão Lateral Sentido Oposto;Luz do Dia;Bom;Seca;Cruz;Não Há Controle;Comercial;0;1;1;0;1;0;0;0;0;1;0;0;-3,808795;-38,5953
346760;10;8;2019;02:15;5709;AV OLIVEIRA PAIVA;AV DES GONZAGA;;;;Colisão Frontal;Via Iluminada;Bom;Seca;Cruz;Semáforo;Comercial;0;0;2;1;0;0;0;0;0;0;0;0;-3,797165;-38,499953
346779;10;8;2019;05:00;0;RUA JUVENAL DE CARVALHO;;;833;;Colisão Lateral;Amanhecer;Bom;Seca;Meio de Quadra;Não Há Controle;Residencial;0;1;1;1;0;0;0;0;0;0;0;0;-3,749759149;-38,52474128
346780;10;8;2019;20:40;0;AV LUCIANO CARNEIRO;;;721;;Colisão Lateral;Via Iluminada;Bom;Seca;Meio de Quadra;Não Há Controle;Comercial;0;1;1;0;0;0;0;0;0;1;0;0;-3,75443;-38,53346
347159;10;8;2019;10:28;0;RD CE-040;;;10000;KM-10;Colisão;Luz do Dia;;;Meio de Quadra;;;0;0;2;1;0;0;0;0;0;0;0;0;-3,84257666;-38,48088284