COD_ACIDENTE;DIA;MES;ANO;HORA;INTERSECAO;LOG1;LOG2;LOG3;NUMERO;REFERENCIA;NATUREZA;ILUMINACAO;TEMPO;SUPERFICIEPISTA;TIPOCRUZAMENTO;CONTROLETRAFEGO;USOSOLO;MORTOS;FERIDOS;ILESOS;AUTOMOVEL;ONIBUS;BICICLETA;CAMINHAO;MICROONIBUS;CICLOMOTOR;MOTOCICLETA;TRACAOANIMAL;TREM;LATITUDE;LONGITUDE
347160;10;8;2019;13:45;0;RD CE-040;;;6000;KM-06;Colisão;Luz do Dia;;;Meio de Quadra;;;0;0;2;1;0;0;0;0;0;0;0;0;-3,809596804;-38,47873348
347162;10;8;2019;10:21;0;RD CE-040;;;10000;KM-10;Colisão;Luz do Dia;;;Meio de Quadra;;;0;0;5;1;0;0;0;0;0;0;0;0;-3,84257666;-38,48088284
347156;10;8;2019;10:40;0;RD CE-040;;;3000;KM-03;Colisão;Luz do Dia;;;Meio de Quadra;;;0;0;3;1;0;0;0;0;0;0;0;0;-3,782614325;-38,4810839
347153;10;8;2019;10:40;0;RD CE-040;;;8000;KM-08;Colisão;Luz do Dia;;;Meio de Quadra;;;0;1;1;1;0;0;0;0;0;1;0;0;-3,825515822;-38,48153832
347448;10;8;2019;16:13;0;RUA SEN ROBERT KENNEDY;AV 20 DE JANEIRO;;0;;Colisão Frontal;Luz do Dia;Bom;Seca;Cruz;Pare;Residencial;0;0;2;1;0;0;0;0;0;0;0;0;-3,706153;-38,580002
347444;10;8;2019;07:06;0;AV AGUANAMBI;;;176;;Colisão Lateral;Luz do Dia;Bom;Seca;Meio de Quadra;Não Há Controle;Comercial;0;1;1;1;0;0;0;0;0;1;0;0;-3,738421973;-38,52452722
347445;10;8;2019;13:03;25125;RUA ROCHA LIMA;RUA DNA LEOPOLDINA;;0;;Colisão Lateral;Luz do Dia;Bom;Seca;Cruz;Semáforo;Residencial;0;1;1;0;0;0;0;0;0;1;0;0;-3,736665;-38,521427
347446;10;8;2019;12:30;15832;RUA PDE PEDRO DE ALENCAR;RUA TEN JURANDIR ALENCAR;;0;;Colisão Lateral;Luz do Dia;Bom;Seca;Cruz;Semáforo;Comercial;0;0;2;1;0;0;0;0;0;0;0;0;-3,831674;-38,493981
348634;10;8;2019;00:10;0;AV CEL CARVALHO;;;3616;;Colisão;;;;Meio de Quadra;;;0;1;0;0;0;0;0;0;0;0;0;0;-3,7036505;-38,5914889
348665;10;8;2019;08:37;0;RUA VITAL BRASIL;;;829;;Colisão;Luz do Dia;;;Meio de Quadra;;;0;1;1;1;0;0;0;0;0;1;0;0;-3,78064;-38,58856
348666;10;8;2019;10:30;0;AV WASHINGTON SOARES;;;6252;;Choque c/ Obstáculo Fixo;Luz do Dia;;;Meio de Quadra;;;0;1;0;1;0;0;0;0;0;0;0;0;-3,813672;-38,48029
348667;10;8;2019;11:10;7708;RUA RODRIGUES ANDRADE;AV CARNEIRO DE MENDONCA;;;;Colisão;Luz do Dia;;;T;Pare;Comercial;0;1;1;1;0;0;0;0;0;1;0;0;-3,765021;-38,565006
348669;10;8;2019;13:29;0;RUA PORTO ALEGRE;;;106;;Queda;Luz do Dia;;;Meio de Quadra;;;0;1;0;0;0;0;0;0;0;1;0;0;-3,765577;-38,5805175
348670;10;8;2019;14:01;0;RUA EQUADOR;;;1803;;Colisão;Luz do Dia;;;Meio de Quadra;;;0;1;1;1;0;0;0;0;0;1;0;0;-3,78299;-38,55598
348671;10;8;2019;14:36;0;RUA CEL FRANCISCO ALVES RIBEIRO;;;157;;Colisão;Luz do Dia;;;Meio de Quadra;;;0;1;0;0;0;0;0;0;0;0;0;0;-3,83072208;-38,50934688
348672;10;8;2019;16:03;0;RUA VIS CAUIPE;;;165;;Atropelamento;Luz do Dia;;;Meio de Quadra;;;0;1;1;1;0;0;0;0;0;0;0;0;-3,775015059;-38,57991818
348673;10;8;2019;16:06;0;RUA MARIA QUINTINO;;;546;;Queda;Luz do Dia;;;Meio de Quadra;;;0;1;0;0;0;0;0;0;0;1;0;0;-3,8526028;-38,5003043
348674;10;8;2019;16:19;0;RUA JOSE MOREIRA;;;;;Queda;Luz do Dia;;;Meio de Quadra;;;0;1;0;0;0;0;0;0;0;1;0;0;;
348675;10;8;2019;16:19;20949;RUA PERNAMBUCO;RUA CARLOS JEREISSATI (PICI);;;;Colisão;Luz do Dia;;;;;;0;1;1;1;0;0;0;0;0;1;0;0;-3,749723;-38,57972
348678;10;8;2019;16:29;0;AV PRS CASTELO BRANCO;;;;;Queda;Luz do Dia;;;Meio de Quadra;;;0;1;0;0;0;1;0;0;0;0;0;0;;
348679;10;8;2019;16:42;0;AV DOS EXPEDICIONARIOS;;;4886;;Colisão;Luz do Dia;;;Meio de Quadra;;;0;1;1;1;0;0;0;0;0;1;0;0;-3,76223;-38,540372
348680;10;8;2019;16:59;0;RUA PERNAMBUCO;;;2981;;Colisão;Luz do Dia;;;Meio de Quadra;;;0;1;1;1;0;0;0;0;0;1;0;0;-3,749723;-38,57972
348682;10;8;2019;18:04;0;AV PRS JUSCELINO KUBITSCHEK (PASSARÉ);;;941;;Queda;Anoitecer;;;Meio de Quadra;;;0;1;0;0;0;1;0;0;0;0;0;0;-3,8086821;-38,627798
348683;10;8;2019;18:34;0;AV GAL OSORIO DE PAIVA;;;4545;;Atropelamento;;;;Meio de Quadra;;;0;1;1;0;0;0;0;0;0;1;0;0;-3,798192444;-38,595721
348636;10;8;2019;01:23;0;RUA DR JOAQUIM BENTO;;;795;;Queda;;;;Meio de Quadra;;;0;1;0;0;0;0;0;0;0;1;0;0;-3,828294;-38,484765
348637;10;8;2019;05:00;0;ET DO FIO (MESSEJANA);;;;;Queda;Amanhecer;;;Meio de Quadra;;;0;1;0;0;0;0;0;0;0;1;0;0;;
348639;10;8;2019;06:18;0;RUA ANTONIO MARTINS;;;491;;Queda;Luz do Dia;;;Meio de Quadra;;;0;1;0;0;0;1;0;0;0;0;0;0;-3,752364565;-38,55551778
348642;10;8;2019;06:33;0;AV AGUANAMBI;;;30;;Colisão;Luz do Dia;;;Meio de Quadra;;;0;1;1;1;0;0;0;0;0;1;0;0;-3,737244;-38,524097
348643;10;8;2019;07:28;0;RD BR 116;;;;;Atropelamento;Luz do Dia;;;Meio de Quadra;;;0;1;1;1;0;0;0;0;0;0;0;0;;
348714;10;8;2019;22:20;8934;AV DOMINGOS OLIMPIO;RUA PDE MORORO;;;;Queda;;;;Cruz;Semáforo;Residencial;0;1;0;0;0;1;0;0;0;0;0;0;-3,733752;-38,539949
348718;10;8;2019;22:36;0;RUA RIO PARAGUAI;;;392;;Queda;;;;Meio de Quadra;;;0;1;0;0;0;1;0;0;0;0;0;0;-3,7227;-38,58401
348719;10;8;2019;23:24;0;AV DIOGUINHO;;;1020;;Atropelamento;;;;Meio de Quadra;;;0;1;1;1;0;0;0;0;0;0;0;0;-3,74041;-38,45401
348720;10;8;2019;23:49;0;AV SGT HERMINIO SAMPAIO;;;459;;Queda;;;;Meio de Quadra;;;0;1;0;0;0;0;0;0;0;1;0;0;-3,735963615;-38,593931
348710;10;8;2019;21:49;0;RUA MARIA TOMASIA;;;820;;Queda;;;;Meio de Quadra;;;0;1;0;0;0;0;0;0;0;1;0;0;-3,736327;-38,494614
348711;10;8;2019;22:02;0;RUA CAP HUGO BEZERRA;;;1002;;Colisão;;;;Meio de Quadra;;;0;1;1;0;0;0;0;0;0;1;0;0;-3,820523077;-38,51198754
348696;10;8;2019;20:01;6968;AV F CJ ESPERANCA;AV A CJ ESPERANCA;;;;Colisão;;;;Cruz;Semáforo;Residencial;0;1;0;0;0;0;0;0;0;0;0;0;-3,817893;-38,58885
348697;10;8;2019;20:38;0;RUA TOMAS POMPEU;;;340;;Colisão;;;;Meio de Quadra;;;0;1;1;1;0;0;0;0;0;1;0;0;-3,726081952;-38,50547095
348698;10;8;2019;21:32;0;RUA JULIO MACIEL (MANUEL SATIRO);;;640;;Queda;;;;Meio de Quadra;;;0;1;0;0;0;0;0;0;0;1;0;0;-3,797353871;-38,58072426
348699;10;8;2019;21:37;0;AV FRANCISCO SA;;;;;Colisão;;;;Meio de Quadra;;;0;1;0;0;0;0;0;0;0;0;0;0;;
348700;10;8;2019;21:38;0;AV ZEZE DIOGO;;;6286;;Queda;;;;Meio de Quadra;;;0;1;0;0;0;0;0;0;0;1;0;0;-3,7628775;-38,4411265
348701;10;8;2019;21:40;0;RUA CAP CLOVIS MAIA;;;5765;;Queda;;;;Meio de Quadra;;;0;1;0;0;0;0;0;0;0;1;0;0;;
348693;10;8;2019;18:54;0;AV GAL OSORIO DE PAIVA;;;5297;;Queda;;;;Meio de Quadra;;;0;1;0;0;0;0;0;0;0;1;0;0;-3,803923;-38,601304
348694;10;8;2019;19:40;0;AV CONTORNO SUL;;;190;;Colisão;;;;Meio de Quadra;;;0;1;1;1;0;0;0;0;0;1;0;0;-3,83552136;-38,51571908
348721;11;8;2019;00:00;0;RUA AVILA GOULART;;;;;Atropelamento;;;;Meio de Quadra;;;0;1;1;1;0;0;0;0;0;0;0;0;;
348722;11;8;2019;01:06;0;AV MR HULL;;;;;Atropelamento;;;;Meio de Quadra;;;0;1;1;0;0;0;0;0;0;0;0;0;;
348752;11;8;2019;21:27;0;RUA VALPARAISO;;;;;Capotamento;;;;Meio de Quadra;;;0;1;0;1;0;0;0;0;0;0;0;0;;
348754;11;8;2019;21:54;116;RUA PRO JOSE LEITE GONDIM;RUA RUI MONTE;;;;Colisão;;;;Cruz;Pare;Residencial;0;1;1;1;0;0;0;0;0;1;0;0;-3,74125;-38,587413
348750;11;8;2019;19:06;0;RUA VILEBALDO AGUIAR;;;;;Colisão;;;;Meio de Quadra;;;0;1;0;0;0;0;0;0;0;0;0;0;;
348748;11;8;2019;19:02;0;RUA BRUNO VALENTE;;;687;;Colisão;;;;Meio de Quadra;;;0;1;1;1;0;0;0;0;0;1;0;0;-3,7883423;-38,5392808
348757;11;8;2019;23:23;0;RD BR 116;;;441;;Colisão;;;;Meio de Quadra;;;0;1;0;0;0;0;0;0;0;0;0;0;;
348745;11;8;2019;17:06;0;RUA BERNARDO MANUEL;;;7414;;Capotamento;Anoitecer;;;Meio de Quadra;;;0;1;1;1;0;0;0;0;0;0;0;0;-3,783415903;-38,54672958
348746;11;8;2019;17:20;0;AV GODOFREDO MACIEL;;;;;Colisão;Anoitecer;;;Meio de Quadra;;;0;1;1;1;0;0;0;0;0;1;0;0;;
348741;11;8;2019;17:05;0;RUA JULIO SILVA;;;440;;Colisão;Anoitecer;;;Meio de Quadra;;;0;1;1;1;0;1;0;0;0;0;0;0;-3,74537;-38,45462
348738;11;8;2019;16:03;22249;RUA SOARES BULCAO;RUA ERETIDES MARTINS;;;;Queda;Luz do Dia;;;T;Pare;Residencial;0;1;0;0;0;0;0;0;0;1;0;0;-3,733074;-38,557979
348739;11;8;2019;16:49;0;AV MR HULL;;;;;Colisão;Luz do Dia;;;Meio de Quadra;;;0;1;1;1;0;0;0;0;0;1;0;0;;
348735;11;8;2019;14:24;0;AV 20 DE JANEIRO;;;1595;;Colisão;Luz do Dia;;;Meio de Quadra;;;0;1;1;1;0;0;0;0;0;1;0;0;-3,705913;-38,58067057
348736;11;8;2019;15:06;0;RUA OSCAR ARARIPE;;;2412;;Queda;Luz do Dia;;;Meio de Quadra;;;0;1;0;0;0;0;0;0;0;1;0;0;-3,786861323;-38,61276468
348731;11;8;2019;02:15;2962;RUA MARIA JULIA;RUA PEDRO MARTINS;;;;Queda;;;;Cruz;Pare;Residencial;0;1;0;0;0;0;0;0;0;1;0;0;-3,799245;-38,601929
348732;11;8;2019;02:26;0;AV SEN CARLOS JEREISSATI (AEROPORTO);;;121;;Choque c/ Obstáculo Fixo;;;;Meio de Quadra;;;0;1;0;1;0;0;0;0;0;0;0;0;-3,783753;-38,52685
348733;11;8;2019;07:09;0;RUA FRE MARCELINO;;;1542;;Colisão;Luz do Dia;;;Meio de Quadra;;;0;1;0;0;0;0;0;0;0;0;0;0;-3,74842;-38,5567
347449;11;8;2019;00:56;0;AV SGT HERMINIO SAMPAIO;;;3100;;Atropelamento;Via Iluminada;Bom;Seca;Meio de Quadra;Semáforo;Comercial;0;2;0;0;0;0;0;0;0;1;0;0;-3,727754529;-38,568349
347450;11;8;2019;06:43;5451;AV DOM MANUEL;RUA BARBARA DE ALENCAR;;;;Colisão Lateral;Luz do Dia;Bom;Seca;Cruz;Semáforo;Comercial;0;0;1;1;0;0;0;0;0;1;0;0;-3,734972;-38,523262
347451;11;8;2019;14:11;3312;RUA VIRIATO RIBEIRO;RUA BOLIVIA;;0;;Colisão Transversal;Luz do Dia;Bom;Seca;Cruz;Pare;Residencial;0;0;1;1;0;0;0;0;0;1;0;0;-3,745355;-38,566071
347452;11;8;2019;21:40;0;RUA ENG LUIS MONTENEGRO;;;0;;Colisão Lateral;Via Iluminada;Bom;Seca;Cruz;Pare;Residencial;0;0;1;1;0;0;0;0;0;0;0;0;;
347622;11;8;2019;16:45;0;RUA ERETIDES MARTINS;;;;;Colisão;Luz do Dia;;;Meio de Quadra;;;0;0;1;1;0;0;0;0;0;0;0;0;;
347118;11;8;2019;21:00;0;RUA VALPARAISO;;;;;Choque c/ Obstáculo Fixo;;;;Meio de Quadra;;;2;6;0;1;0;0;0;0;0;0;0;0;-3,835865;-38,539748
347124;11;8;2019;01:01;18404;AV SGT HERMINIO SAMPAIO;AV GOV PARSIFAL BARROSO;;;;Atropelamento;;;;Cruz;Semáforo;Comercial;2;1;0;0;0;0;0;0;0;1;0;0;-3,727916;-38,569276
346787;11;8;2019;07:50;19366;AV DR SILAS MUNGUBA;RUA GERMANO FRANCK;;;;Choque c/ Obstáculo Fixo;Luz do Dia;Bom;Seca;Cruz;Semáforo;Comercial;0;0;1;1;0;0;0;0;0;0;0;0;-3,777251;-38,562004
346782;11;8;2019;19:30;0;RUA CINCO (PASSARE);;;;;Colisão Transversal;;Bom;;Meio de Quadra;;;0;1;1;1;0;0;0;0;0;1;0;0;;
346783;11;8;2019;20:35;0;AV SGT HERMINIO SAMPAIO;;;3300;;Colisão Traseira;Via Iluminada;Bom;Seca;Meio de Quadra;Outros;Comercial;0;0;3;1;0;0;0;0;0;0;0;0;-3,728096;-38,57034
346792;11;8;2019;14:00;13375;AV ANTONIO SALES;RUA J DA PENHA;;;;Engavetamento;Luz do Dia;Bom;Seca;Cruz;Pare;Comercial;0;1;2;1;0;0;0;0;0;0;0;0;-3,73954;-38,521352
346794;12;8;2019;21:28;1580;RUA PDE VALDEVINO;RUA NUNES VALENTE;;;;Colisão Transversal;Via Iluminada;Bom;Seca;Cruz;Pare;Comercial;0;0;2;1;0;0;0;0;0;0;0;0;-3,742608;-38,505782
346799;12;8;2019;08:00;10695;RUA MON HIPOLITO BRASIL;RUA PRO HERIBALDO COSTA;;;;Colisão Lateral;Luz do Dia;Bom;Seca;Cruz;Semáforo;Residencial;0;2;1;1;0;0;1;0;0;1;0;0;-3,757069;-38,582275
346806;12;8;2019;17:40;26266;AV CHANC EDSON QUEIROZ;RUA JOR CESAR MAGALHAES;;;;Colisão Lateral;Via Iluminada;Bom;Seca;Cruz;Não Há Controle;Comercial;0;0;2;1;0;0;0;0;0;0;0;0;;
346803;12;8;2019;14:00;2628;RUA TULIPA;RUA LARA;;;;Colisão Transversal;Luz do Dia;Bom;Seca;Cruz;Pare;Residencial;0;1;1;1;0;0;0;0;0;1;0;0;-3,714268;-38,579471
347623;12;8;2019;14:50;0;RUA VALPARAISO;;;1110;;Choque c/ Obstáculo Fixo;Luz do Dia;;;Meio de Quadra;;;0;0;1;0;0;0;0;0;0;0;0;0;-3,841803205;-38,52872963
347453;12;8;2019;08:25;23344;RUA EDUARDO BEZERRA;RUA NUNES VALENTE;;;;Colisão;Luz do Dia;Bom;Seca;Cruz;Pare;Residencial;0;1;1;1;0;0;0;0;0;1;0;0;-3,753429;-38,509234
347454;12;8;2019;08:21;5709;AV OLIVEIRA PAIVA;AV DES GONZAGA;;;;Colisão Transversal;Luz do Dia;Bom;Seca;Cruz;Semáforo;Escola;0;1;0;0;0;0;0;0;0;1;0;0;-3,797165;-38,499953
347455;12;8;2019;08:30;0;RUA ILDEFONSO ALBANO;;;2118;;Colisão Traseira;Luz do Dia;Bom;Seca;Meio de Quadra;Não Há Controle;Comercial;0;0;1;1;0;0;0;0;0;0;0;0;-3,739487545;-38,51539736
347456;12;8;2019;10:41;19734;RUA AZEVEDO BOLAO;RUA PEDRO DE QUEIROZ;;0;;Colisão Lateral;Luz do Dia;Bom;Seca;Cruz;Pare;Residencial;0;1;1;1;0;0;0;0;0;1;0;0;-3,7372;-38,560344
347457;12;8;2019;12:59;0;RUA PRS PRUDENTE;;;139;;Colisão Lateral;Via Iluminada;Bom;Seca;Meio de Quadra;Pare;Residencial;0;1;1;1;0;0;0;0;0;0;0;0;-3,7380097;-38,594467
347458;12;8;2019;13:29;9049;RUA SOUSA GIRAO;RUA DR JOAO DE DEUS D11;;0;;Colisão Lateral;Luz do Dia;Bom;Seca;Cruz;Pare;Residencial;0;0;2;1;0;0;0;0;0;0;0;0;-3,745114;-38,524586
347459;12;8;2019;12:15;19656;AV BEZERRA DE MENEZES;RUA PRO JOSE DE BARCELOS;;;;Colisão Traseira;Luz do Dia;Bom;Seca;Cruz;Semáforo;Comercial;0;1;0;0;0;0;0;1;0;1;0;0;-3,732898;-38,551066
347460;12;8;2019;14:40;12826;AV DOS EXPEDICIONARIOS;RUA ANDRE CHAVES;;;;Colisão Transversal;Luz do Dia;Bom;Seca;Cruz;Semáforo;Comercial;0;1;2;1;0;0;0;0;0;1;0;0;-3,757345;-38,538903
347461;12;8;2019;13:30;15052;RUA LUXEMBURGO;RUA ALFA;;;;Colisão Transversal;Luz do Dia;Bom;Seca;Cruz;Pare;Residencial;0;0;2;1;0;0;0;0;0;0;0;0;-3,794733;-38,570334
347462;12;8;2019;16:31;0;AV 13 DE MAIO;;;1465;;Não Informado;Luz do Dia;Bom;Seca;Cruz;Semáforo;Comercial;0;0;2;1;0;0;0;0;0;0;0;0;-3,747615;-38,531331
347463;12;8;2019;19:36;0;RUA PDE VALDEVINO;;;225;;Colisão Lateral;Via Iluminada;Bom;Seca;Meio de Quadra;Gesto;Comercial;0;0;2;1;1;0;0;0;0;0;0;0;-3,737577;-38,521753
347464;12;8;2019;19:21;0;RUA JABORANDI;;;880;;Atropelamento;Mal Iluminada;Bom;Seca;Meio de Quadra;Não Há Controle;Residencial;0;1;1;1;0;0;0;0;0;0;0;0;-3,838139;-38,5147808
347465;12;8;2019;19:05;0;RUA PDE PEDRO DE ALENCAR;;;1090;;Colisão Lateral;Via Iluminada;Bom;Seca;Meio de Quadra;Não Há Controle;Comercial;0;1;1;0;0;0;0;0;0;1;0;0;-3,8375363;-38,494205
347466;12;8;2019;20:30;0;RUA DOS ABOLICIONISTAS;;;27;;Colisão Lateral;Via Iluminada;Bom;Seca;Meio de Quadra;Pare;Residencial;0;0;2;1;0;0;0;0;0;0;0;0;-3,6989923;-38,5788146
347483;12;8;2019;21:11;0;AV PRS COSTA E SILVA;AV BERNARDO MANUEL;;2721;;Colisão Lateral;Via Iluminada;Bom;Seca;Cruz;Semáforo;Comercial;0;0;2;1;0;0;0;0;0;0;0;0;-3,8210641;-38,55814
348758;12;8;2019;01:07;0;RUA VALPARAISO;;;1113;;Colisão;;;;Meio de Quadra;;;0;1;0;0;0;0;0;0;0;0;0;0;-3,841399297;-38,52921686
348760;12;8;2019;02:17;0;AV DO VAQUEIRO;;;1215;;Choque c/ Obstáculo Fixo;;;;Meio de Quadra;;;0;1;0;1;0;0;0;0;0;0;0;0;-3,860887091;-38,50318891
348765;12;8;2019;09:07;0;RUA ALBERTO MAGNO;;;1321;;Atropelamento;Luz do Dia;;;Meio de Quadra;;;0;1;1;1;0;0;0;0;0;0;0;0;-3,76554;-38,55056
348816;12;8;2019;16:04;0;AV 13 DE MAIO;;;2821;;Queda;Luz do Dia;;;Meio de Quadra;;;0;1;0;0;0;1;0;0;0;0;0;0;-3,740001;-38,540239
348817;12;8;2019;16:05;0;AV GODOFREDO MACIEL;;;;;Queda;Luz do Dia;;;Meio de Quadra;;;0;1;0;0;0;0;0;0;0;1;0;0;;
348818;12;8;2019;16:13;0;RUA NELSON COELHO;;;372;;Colisão;Luz do Dia;;;Meio de Quadra;;;0;1;1;1;0;0;0;0;0;1;0;0;-3,828934;-38,463434
348819;12;8;2019;16:30;0;RUA PRO ALVARO COSTA;;;152;;Colisão;Luz do Dia;;;Meio de Quadra;;;0;1;1;1;0;0;0;0;0;1;0;0;-3,7227277;-38,4639184
348821;12;8;2019;16:31;0;RUA GERMANO FRANCK;;;935;;Colisão;Luz do Dia;;;Meio de Quadra;;;0;1;0;0;0;0;0;0;0;0;0;0;-3,779058074;-38,56415163
348822;12;8;2019;17:20;0;RUA GEORGE ROCHA;;;;;Atropelamento;Anoitecer;;;Meio de Quadra;;;0;1;1;1;0;0;0;0;0;0;0;0;;
348823;12;8;2019;18:13;0;RUA MONTE PASCOAL;;;8477;;Atropelamento;Anoitecer;;;Meio de Quadra;;;0;1;1;0;0;0;0;0;0;1;0;0;;
348824;12;8;2019;18:24;0;RUA CEL FABRICIANO;;;3702;;Colisão;Anoitecer;;;Meio de Quadra;;;0;1;1;1;0;0;0;0;0;1;0;0;-3,779039906;-38,62144909
348825;12;8;2019;18:45;0;RUA LOURDES LEITE;;;477;;Atropelamento;;;;Meio de Quadra;;;0;1;1;1;0;0;0;0;0;0;0;0;-3,8054214;-38,5954029
348826;12;8;2019;18:54;0;AV AUGUSTO DOS ANJOS;;;1585;;Colisão;;;;Meio de Quadra;;;0;1;1;1;0;0;0;0;0;1;0;0;-3,780272;-38,57926
348827;12;8;2019;19:14;0;RUA PDE NELSON FARIAS;;;114;;Queda;;;;Meio de Quadra;;;0;1;0;0;0;0;0;0;0;1;0;0;-3,7552462;-38,5418105
348828;12;8;2019;19:25;0;RD BR 116;;;3000;KM-03;Atropelamento;;;;Meio de Quadra;;;0;1;1;1;0;0;0;0;0;0;0;0;-3,779838;-38,514372
348829;12;8;2019;21:15;0;AV SEN FERNANDES TAVORA;;;960;;Colisão;;;;Meio de Quadra;;;0;1;1;1;0;0;0;0;0;1;0;0;-3,762472875;-38,58163719
348830;12;8;2019;21:24;4080;RUA CEARA;AV JOSE BASTOS;;;;Colisão;;;;Cruz;Semáforo;Comercial;0;1;1;1;0;0;0;0;0;1;0;0;-3,760008;-38,564112
348831;12;8;2019;21:28;0;RUA ALVARO DE ALENCAR;;;805;;Atropelamento;;;;Meio de Quadra;;;0;1;1;0;0;0;0;0;0;1;0;0;-3,719024;-38,558571
348832;12;8;2019;23:25;0;AV WASHINGTON SOARES;;;;;Colisão;;;;Meio de Quadra;;;0;1;0;0;0;0;0;0;0;0;0;0;;
348833;12;8;2019;23:50;0;RUA PESSOA ANTA;;;903;;Queda;;;;Meio de Quadra;;;0;1;0;0;0;0;0;0;0;1;0;0;;
348787;12;8;2019;12:26;0;AV ROGACIANO LEITE;;;400;;Colisão;Luz do Dia;;;Meio de Quadra;;;0;1;1;1;0;0;0;0;0;1;0;0;-3,76164925;-38,49339988
348788;12;8;2019;12:36;0;RUA AMOR PERFEITO;;;260;;Colisão;Luz do Dia;;;Meio de Quadra;;;0;1;1;1;0;0;0;0;0;1;0;0;-3,71711;-38,58253
348789;12;8;2019;12:49;0;AV ALM HENRIQUE SABOIA;;;;;Atropelamento;Luz do Dia;;;Meio de Quadra;;;0;1;1;1;0;0;0;0;0;0;0;0;;
348790;12;8;2019;13:37;0;RUA MIMOSA COELHO;;;28;;Colisão;Luz do Dia;;;Meio de Quadra;;;0;1;1;1;0;0;0;0;0;1;0;0;;
348781;12;8;2019;09:15;795;AV GOV RAUL BARBOSA;RUA TEN JOAO ALBANO;;;;Colisão;Luz do Dia;;;;Não Há Controle;Comercial;0;1;1;0;0;0;0;0;0;1;0;0;-3,77166;-38,511393
348782;12;8;2019;09:33;0;AV DR SILAS MUNGUBA;;;2241;;Queda;Luz do Dia;;;Meio de Quadra;;;0;1;0;0;0;0;0;0;0;1;0;0;-3,785829636;-38,55125029
348783;12;8;2019;10:23;0;RUA JAIME BENEVOLO;;;1588;;Colisão;Luz do Dia;;;Meio de Quadra;;;0;1;1;1;0;0;0;0;0;1;0;0;-3,74611375;-38,530067
348784;12;8;2019;12:12;3768;AV TRISTAO GONCALVES;AV DOMINGOS OLIMPIO;;;;Colisão;Luz do Dia;;;Cruz;Semáforo;Comercial;0;1;1;1;0;0;0;0;0;1;0;0;-3,735133;-38,535613
348762;12;8;2019;05:24;0;RUA CHILE;;;26;;Queda;Amanhecer;;;Meio de Quadra;;;0;1;0;0;0;0;0;0;0;1;0;0;-3,745313;-38,564358
348763;12;8;2019;06:04;0;RUA FRANCISCO CALACA;;;;;Atropelamento;Luz do Dia;;;Meio de Quadra;;;0;1;1;0;1;0;0;0;0;0;0;0;;
348834;13;8;2019;00:26;0;RUA GUILHERME ROCHA;;;1380;;Queda;;;;Meio de Quadra;;;0;1;0;0;0;1;0;0;0;0;0;0;-3,723675;-38,538124
348835;13;8;2019;01:13;0;AV ALBERTO CRAVEIRO;;;;;Queda;;;;Meio de Quadra;;;0;1;0;0;0;0;0;0;0;1;0;0;;
348836;13;8;2019;07:19;0;AV ALM HENRIQUE SABOIA;;;;;Colisão;Luz do Dia;;;Meio de Quadra;;;0;1;1;1;0;1;0;0;0;0;0;0;;
348838;13;8;2019;08:23;0;AV PRS CASTELO BRANCO;;;4924;;Colisão;Luz do Dia;;;Meio de Quadra;;;0;1;0;0;0;0;0;0;0;0;0;0;-3,705582;-38,575867
348839;13;8;2019;09:20;0;RUA BETEL;;;;;Atropelamento;Luz do Dia;;;Meio de Quadra;;;0;1;1;1;0;0;0;0;0;0;0;0;;
348840;13;8;2019;10:55;0;RUA MON SALAZAR;;;563;;Atropelamento;Luz do Dia;;;Meio de Quadra;;;0;1;1;1;0;0;0;0;0;0;0;0;-3,756146;-38,514308
348841;13;8;2019;11:05;0;AV SANTOS DUMONT;;;1450;;Colisão;Luz do Dia;;;Meio de Quadra;;;0;1;1;1;0;0;0;0;0;1;0;0;-3,732252;-38,510558
348842;13;8;2019;11:38;0;RUA LAURO MAIA;;;1210;;Colisão;Luz do Dia;;;Meio de Quadra;;;0;1;1;1;0;0;0;0;0;1;0;0;-3,750432818;-38,52224309
348843;13;8;2019;11:45;15322;RUA BARBOSA DE FREITAS;RUA CANUTO DE AGUIAR;;;;Colisão;Luz do Dia;;;Cruz;Pare;Residencial;0;1;1;1;0;0;0;0;0;1;0;0;-3,730624;-38,495453
348844;13;8;2019;12:16;0;RUA PEDRO PEREIRA;;;765;;Atropelamento;Luz do Dia;;;Meio de Quadra;;;0;1;1;0;0;0;0;0;0;1;0;0;-3,728427071;-38,53240379
348852;13;8;2019;12:52;0;AV 13 DE MAIO;;;;;Colisão;Luz do Dia;;;Meio de Quadra;;;0;1;1;1;0;0;0;0;0;1;0;0;;
348853;13;8;2019;12:55;0;RUA JOSE AMAURY MOREIRA;;;271;;Colisão;Luz do Dia;;;Meio de Quadra;;;0;1;1;1;0;0;0;0;0;1;0;0;-3,79973;-38,5115
348854;13;8;2019;13:23;0;AV F CJ ESPERANCA;;;235;;Atropelamento;Luz do Dia;;;Meio de Quadra;;;0;1;1;1;0;0;0;0;0;0;0;0;-3,816619;-38,5876412
348865;13;8;2019;17:52;0;AV AGUANAMBI;;;570;;Queda;Anoitecer;;;Meio de Quadra;;;0;1;0;0;0;0;0;0;0;1;0;0;-3,741687;-38,525946