COD_ACIDENTE;DIA;MES;ANO;HORA;INTERSECAO;LOG1;LOG2;LOG3;NUMERO;REFERENCIA;NATUREZA;ILUMINACAO;TEMPO;SUPERFICIEPISTA;TIPOCRUZAMENTO;CONTROLETRAFEGO;USOSOLO;MORTOS;FERIDOS;ILESOS;AUTOMOVEL;ONIBUS;BICICLETA;CAMINHAO;MICROONIBUS;CICLOMOTOR;MOTOCICLETA;TRACAOANIMAL;TREM;LATITUDE;LONGITUDE
348866;13;8;2019;18:25;0;AV BENJAMIM BRASIL;;;1137;;Colisão;Anoitecer;;;Meio de Quadra;;;0;1;1;1;0;0;0;0;0;1;0;0;-3,80552;-38,56482
348867;13;8;2019;18:32;0;RUA JOSE ONOFRE;;;164;;Atropelamento;;;;Meio de Quadra;;;0;1;1;0;0;0;0;0;0;1;0;0;-3,80759439;-38,59177315
348868;13;8;2019;18:34;0;AV SGT HERMINIO SAMPAIO;;;3611;;Colisão;;;;Meio de Quadra;;;0;1;1;0;0;0;0;0;0;1;0;0;-3,728921;-38,572692
348869;13;8;2019;19:32;0;RUA JOSE TORRES;;;1148;;Atropelamento;;;;Meio de Quadra;;;0;1;1;0;0;0;0;0;0;1;0;0;-3,78110075;-38,607585
348870;13;8;2019;20:03;0;RUA OSCAR ARARIPE;;;1274;;Colisão;;;;Meio de Quadra;;;0;1;1;0;0;1;0;0;0;1;0;0;-3,790144111;-38,60261453
348871;13;8;2019;21:41;0;RUA TULIPA NEGRA;;;1650;;Queda;;;;Meio de Quadra;;;0;1;0;0;0;0;0;0;0;1;0;0;-3,821541;-38,594627
348872;13;8;2019;22:56;0;AV DEP PAULINO ROCHA;;;350;;Colisão;;;;Meio de Quadra;;;0;1;1;1;0;0;0;0;0;1;0;0;-3,8052097;-38,50803
348873;13;8;2019;23:55;12601;RUA ANTONIETA CLOTILDE;RUA TULIPA;;;;Queda;;;;;;;0;1;0;0;0;0;0;0;0;1;0;0;-3,717444;-38,580646
348863;13;8;2019;17:34;0;RUA WALDIR DIOGO;;;62;;Colisão;Anoitecer;;;Meio de Quadra;;;0;1;1;1;0;0;0;0;0;1;0;0;-3,808077714;-38,57894471
348856;13;8;2019;13:56;0;AV GAL OSORIO DE PAIVA;;;636;;Colisão;Luz do Dia;;;;;;0;1;1;1;0;0;0;0;0;1;0;0;-3,776593;-38,568029
348860;13;8;2019;15:55;25013;RUA TEODOMIRO DE CASTRO;RUA ADOLFO B DE MENEZES;;;;Atropelamento;Luz do Dia;;;Cruz;Pare;Residencial;0;1;1;0;0;0;0;0;0;1;0;0;-3,716619;-38,577425
348861;13;8;2019;17:23;0;RUA PRO COSTA MENDES;;;2097;;Colisão;Anoitecer;;;Meio de Quadra;;;0;1;1;1;0;0;0;0;0;1;0;0;-3,746335;-38,556137
347467;13;8;2019;08:19;0;AV BORGES DE MELO;;;1881;;Colisão Lateral;Luz do Dia;Bom;Seca;Meio de Quadra;Não Há Controle;Lazer;0;1;1;1;0;0;0;0;0;1;0;0;-3,755288;-38,535463
347468;13;8;2019;08:21;0;AV BENJAMIM BRASIL;RUA VER ZELIA C DE SOUZA;;0;;Colisão Transversal;Luz do Dia;Bom;Seca;Cruz;Pare;Comercial;0;0;2;1;0;0;0;0;0;1;0;0;;
347469;13;8;2019;08:27;0;AV PRS CASTELO BRANCO;;;4959;;Queda;Luz do Dia;Bom;Seca;Meio de Quadra;Semáforo;Comercial;0;1;0;0;0;0;0;0;0;1;0;0;-3,705582;-38,575867
347470;13;8;2019;08:30;0;RUA EQUADOR;RUA TRES MARIAS;;0;;Colisão Transversal;Luz do Dia;Bom;Seca;;;;0;1;1;1;0;0;0;0;0;1;0;0;-3,7690014;-38,5507607
347471;13;8;2019;11:22;1507;RUA PDE VALDEVINO;RUA BAR ARACATI;;;;Colisão Transversal;Luz do Dia;Bom;Seca;Cruz;Pare;Comercial;0;1;1;1;0;0;0;0;0;0;0;0;-3,739898;-38,514377
347472;13;8;2019;10:09;10995;RUA 15 DE NOVEMBRO;RUA ALM RUBIM;;;;Colisão Transversal;Luz do Dia;Bom;Seca;Cruz;Pare;Comercial;0;1;1;1;0;0;0;0;0;0;0;0;-3,768907;-38,555939
347473;13;8;2019;13:30;0;AV EDUARDO GIRAO;;;0;;Choque c/ Obstáculo Fixo;Via Iluminada;Bom;Seca;Meio de Quadra;Semáforo;Residencial;0;0;1;0;0;0;0;0;0;0;0;0;;
347474;13;8;2019;12:30;11451;AV DES FAUSTINO ALBUQUERQUE;RUA PDE FRANCISCO PITA;;;;Colisão Transversal;Luz do Dia;Bom;Seca;Cruz;Pare;Comercial;0;1;2;1;0;0;0;0;0;1;0;0;-3,781966;-38,498345
347626;13;8;2019;10:21;0;RUA CARLOS CHAGAS;;;654;;Colisão;Luz do Dia;;;Meio de Quadra;;;0;0;1;1;0;0;0;0;0;0;0;0;-3,779911603;-38,5860445
347554;13;8;2019;07:15;7875;AV SEN VIRGILIO TAVORA;AV PONTES VIEIRA;;0;;Colisão Transversal;Luz do Dia;Bom;Seca;Cruz;Semáforo;Comercial;0;0;2;1;0;0;0;0;0;0;0;0;-3,750886;-38,497652
346761;13;8;2019;23:15;0;AV DEP PAULINO ROCHA;;;1650;;Colisão Lateral;Via Iluminada;Bom;Seca;Meio de Quadra;Semáforo;Comercial;0;0;2;1;0;0;0;0;0;1;0;0;-3,811713981;-38,51131703
346757;13;8;2019;20:00;3767;AV IMPERADOR;AV DOMINGOS OLIMPIO;;;;Colisão Traseira;Anoitecer;Bom;Seca;Cruz;Semáforo Intermitente;Comercial;0;0;2;1;1;0;0;0;0;0;0;0;-3,73479;-38,536697
346750;13;8;2019;01:15;0;AV JOSE BASTOS;;;5400;;Colisão Lateral;Via Iluminada;Bom;Seca;Meio de Quadra;Semáforo;Comercial;0;1;1;1;0;0;0;0;0;1;0;0;-3,759500651;-38,56379344
347163;13;8;2019;11:45;0;AV MIN JOSE AMERICO;;;1000;;Colisão;Luz do Dia;;;;;;0;1;1;1;0;0;0;0;0;1;0;0;-3,8090986;-38,4912085
347161;13;8;2019;12:30;0;RUA VALPARAISO;;;1457;;Colisão;Luz do Dia;;;Meio de Quadra;;;1;0;1;0;1;0;0;0;0;1;0;0;-3,838239807;-38,53306024
347166;13;8;2019;16:00;0;AV ENG SANTANA JUNIOR;;;2000;PONTE DO RIO COCO;Colisão;Luz do Dia;;;Meio de Quadra;;;0;0;2;1;0;0;0;0;0;1;0;0;;
346762;14;8;2019;17:46;620;RUA COS GOUVEIA;RUA ENG JOAO NOGUEIRA;;;;Colisão Transversal;Via Iluminada;Bom;Seca;Cruz;Pare;Residencial;0;1;1;1;0;0;0;0;0;0;0;0;-3,717019;-38,564143
346765;14;8;2019;18:30;0;RUA BERNARDO MANUEL;;;8883;;Colisão Traseira;Anoitecer;Bom;Seca;Meio de Quadra;Não Há Controle;Comercial;0;0;2;1;0;0;0;0;0;0;0;0;-3,797224966;-38,55096976
346768;14;8;2019;20:00;0;RUA BERNARDO MANUEL;;;;;Colisão Transversal;Anoitecer;Bom;Seca;Outros;Outros;Comercial;0;2;1;1;0;0;0;0;0;1;0;0;;
346770;14;8;2019;15:40;0;RUA EMILIA GONCALVES;;;848;;Colisão Lateral;Luz do Dia;Bom;Seca;Meio de Quadra;Outros;Residencial;0;1;1;1;0;0;0;0;0;1;0;0;-3,730243;-38,59398
346772;14;8;2019;19:30;12869;RUA ASSUNCAO;RUA JOAQUIM MAGALHAES;;;;Colisão Transversal;Via Iluminada;Bom;Seca;Cruz;Pare;Residencial;0;1;1;1;0;0;0;0;0;1;0;0;-3,739201;-38,530214
347640;14;8;2019;19:50;0;RUA DOM QUINTINO;;;370;;Colisão;;;;Meio de Quadra;;;0;0;1;1;0;0;0;0;0;0;0;0;-3,712484571;-38,549745
347642;14;8;2019;21:00;19736;RUA PRO RAIMUNDO VITOR;RUA GUSTAVO SAMPAIO;;;;Colisão;;;;Cruz;Pare;Residencial;0;0;1;0;0;0;0;0;0;0;0;0;-3,73724;-38,565994
347475;14;8;2019;08:13;19696;RUA GUSTAVO SAMPAIO;RUA DOM JOSE LOURENCO  D27;;;;Colisão Transversal;Luz do Dia;Bom;Seca;Cruz;Pare;Comercial;0;1;1;0;0;0;0;0;0;1;0;0;-3,73588;-38,559501
347476;14;8;2019;08:38;22176;AV JOSE BASTOS;AV ENG HUMBERTO MONTE;;0;;Não Informado;Luz do Dia;Chuva;Molhada;Cruz;Semáforo;Comercial;0;0;2;0;1;0;0;0;0;1;0;0;-3,754966;-38,555455
347477;14;8;2019;09:20;15292;AV ANTONIO JUSTA;RUA FRE MANSUETO;;0;;Colisão Lateral;Luz do Dia;Bom;Molhada;Não Informado;Pare;Comercial;0;0;1;1;1;0;0;0;0;0;0;0;-3,729381;-38,48895
347478;14;8;2019;10:21;0;AV WASHINGTON LUIS;;;1050;;Não Informado;Luz do Dia;Bom;Seca;Meio de Quadra;Dê Preferência;Comercial;0;0;2;1;0;0;0;0;0;0;0;0;-3,7160215;-38,5945911
347479;14;8;2019;10:30;22937;AV DR SILAS MUNGUBA;RUA GOV JOAO CARLOS;;;;Colisão;Luz do Dia;Nublado;Seca;T;Semáforo;Comercial;0;1;1;1;1;0;0;0;0;0;0;0;-3,78395;-38,55391
347480;14;8;2019;14:07;0;AV DES FLORIANO BENEVIDES;RUA B;;0;;Colisão Lateral;Luz do Dia;Bom;Seca;Meio de Quadra;Pare;Comercial;0;0;2;1;0;0;0;0;0;0;0;0;-3,7725;-38,4794444
347481;14;8;2019;09:06;0;AV SEN VIRGILIO TAVORA;;;1500;;Colisão Traseira;Luz do Dia;Nublado;Molhada;Outros;Semáforo;Comercial;0;0;1;0;0;0;0;0;0;1;0;0;-3,73881;-38,493796
347482;14;8;2019;21:52;5079;RUA SAO PAULO;RUA AGAPITO DOS SANTOS;;;;Colisão Transversal;Via Iluminada;Bom;Seca;Cruz;Gesto;Comercial;0;1;1;1;0;0;0;0;0;1;0;0;-3,72265;-38,537811
348874;14;8;2019;02:50;0;AV CARAPINIMA;;;2085;;Queda;;;;Meio de Quadra;;;0;1;0;0;0;0;0;0;0;1;0;0;-3,738998;-38,539176
348894;14;8;2019;07:53;0;RUA PROF GLAUCO LOBO;;;;;Queda;Luz do Dia;;;Meio de Quadra;;;0;1;0;0;0;0;0;0;0;1;0;0;;
348891;14;8;2019;07:44;13436;RUA DR JOSE LOURENCO;AV ANTONIO SALES;;;;Atropelamento;Luz do Dia;;;Cruz;Semáforo;Comercial;0;1;1;0;0;1;0;0;0;0;0;0;-3,742954;-38,51045
348892;14;8;2019;07:52;0;AV 13 DE MAIO;;;1116;;Colisão;Luz do Dia;;;Meio de Quadra;;;0;1;0;0;0;0;0;0;0;0;0;0;-3,749550917;-38,52906542
348889;14;8;2019;07:33;22176;AV JOSE BASTOS;AV ENG HUMBERTO MONTE;;;;Queda;Luz do Dia;;;Cruz;Semáforo;Comercial;0;1;0;0;0;0;0;0;0;1;0;0;-3,754966;-38,555455
348886;14;8;2019;07:29;0;AV GOV PARSIFAL BARROSO;;;2840;;Queda;Luz do Dia;;;Meio de Quadra;;;0;1;0;0;0;0;0;0;0;1;0;0;;
348876;14;8;2019;06:17;0;RUA MON HIPOLITO BRASIL;;;363;;Colisão;Luz do Dia;;;Meio de Quadra;;;0;1;1;1;0;0;0;0;0;1;0;0;-3,759775;-38,57721638
348877;14;8;2019;06:19;0;RUA CASTRO E SILVA;;;;;Colisão;Luz do Dia;;;Meio de Quadra;;;0;1;1;1;0;0;0;0;0;1;0;0;;
348880;14;8;2019;06:40;0;AV GODOFREDO MACIEL;;;290;;Queda;Luz do Dia;;;Meio de Quadra;;;0;1;0;0;0;0;0;0;0;1;0;0;-3,79749;-38,57015
348882;14;8;2019;06:45;0;AV ENG HUMBERTO MONTE;;;1693;;Queda;Luz do Dia;;;Meio de Quadra;;;0;1;0;0;0;0;0;0;0;1;0;0;-3,746004364;-38,563093
348883;14;8;2019;06:57;0;AV 13 DE MAIO;;;1271;;Queda;Luz do Dia;;;Meio de Quadra;;;0;1;0;0;0;0;0;0;0;1;0;0;-3,748302;-38,530523
348932;14;8;2019;15:16;0;RUA MACIEL BRITO;;;66;;Queda;Luz do Dia;;;Meio de Quadra;;;0;1;0;0;0;0;0;0;0;1;0;0;-3,812091843;-38,58473976
348927;14;8;2019;14:26;12457;AV AUGUSTO DOS ANJOS;RUA PRO GOMES BRASIL;;;;Colisão;Luz do Dia;;;;;;0;1;1;1;0;0;0;0;0;1;0;0;-3,770153;-38,570427
348917;14;8;2019;09:13;1467;AV SANTOS DUMONT;RUA MON CATAO;;;;Queda;Luz do Dia;;;Cruz;Semáforo;Comercial;0;1;0;0;0;0;0;0;0;1;0;0;-3,738745;-38,490564
348918;14;8;2019;10:03;0;AV COS GOMES DE FREITAS (SAPIRANGA/COITE);;;4312;;Colisão;Luz do Dia;;;Meio de Quadra;;;0;1;1;1;0;0;0;0;0;1;0;0;-3,794737182;-38,468518
348919;14;8;2019;10:22;0;AV MR HULL;;;;;Queda;Luz do Dia;;;Meio de Quadra;;;0;1;0;0;0;0;0;0;0;1;0;0;;
348920;14;8;2019;13:24;0;AV JOSE JATAHY;;;305;;Colisão;Luz do Dia;;;Meio de Quadra;;;0;1;1;1;0;1;0;0;0;0;0;0;-3,740661282;-38,54307274
348896;14;8;2019;08:29;0;AV TRISTAO GONCALVES;;;;;Colisão;Luz do Dia;;;Meio de Quadra;;;0;1;1;1;0;0;0;0;0;1;0;0;;
348897;14;8;2019;08:43;0;AV IMPERADOR;;;852;;Queda;Luz do Dia;;;Meio de Quadra;;;0;1;0;0;0;0;0;0;0;1;0;0;-3,728738958;-38,53491075
348898;14;8;2019;09:07;0;AV ALM HENRIQUE SABOIA;;;;;Colisão;Luz do Dia;;;Meio de Quadra;;;0;1;1;1;0;0;0;0;0;1;0;0;;
348930;14;8;2019;14:48;0;RUA CAMELIA;;;545;;Colisão;Luz do Dia;;;Meio de Quadra;;;0;1;1;1;0;0;0;0;0;1;0;0;-3,708064;-38,56648184
348940;14;8;2019;16:40;19696;RUA GUSTAVO SAMPAIO;RUA DOM JOSE LOURENCO  D27;;;;Colisão;Luz do Dia;;;Cruz;Pare;Comercial;0;1;1;1;0;0;0;0;0;1;0;0;-3,73588;-38,559501
348960;14;8;2019;19:24;0;AV ALBERTO CRAVEIRO;;;;;Queda;;;;Meio de Quadra;;;0;1;0;0;0;0;0;0;0;1;0;0;;
348938;14;8;2019;16:39;0;RUA GUSTAVO SAMPAIO;;;1637;;Colisão;Luz do Dia;;;Meio de Quadra;;;0;1;1;0;0;0;0;0;0;1;0;0;-3,73580554;-38,55912598
348936;14;8;2019;16:26;0;RUA BAR RIO BRANCO;;;2466;;Colisão;Luz do Dia;;;Meio de Quadra;;;0;1;1;1;0;0;0;0;0;1;0;0;-3,739628;-38,532451
348962;14;8;2019;20:05;22951;AV DR SILAS MUNGUBA;RUA DR JUSTA ARAUJO D45;;;;Colisão;;;;Cruz;Semáforo;Residencial;0;1;1;0;0;0;0;0;0;1;0;0;-3,784586;-38,553426
348963;14;8;2019;22:45;0;RUA RECANTO VERDE;;;1882;;Queda;;;;Meio de Quadra;;;0;1;0;0;0;0;0;0;0;1;0;0;-3,843483123;-38,51358596
348942;14;8;2019;17:36;0;AV JOSE JATAHY;;;;;Atropelamento;Anoitecer;;;Meio de Quadra;;;0;1;1;1;0;0;0;0;0;0;0;0;;
348943;14;8;2019;17:52;7231;RUA TEODORO CABRAL;RUA MANACA;;;;Colisão;Anoitecer;;;Cruz;Não Há Controle;Residencial;0;1;1;1;0;0;0;0;0;1;0;0;-3,710732;-38,56488
348944;14;8;2019;17:58;0;AV OLIVEIRA PAIVA;;;245;;Atropelamento;Anoitecer;;;Meio de Quadra;;;0;1;1;0;0;1;0;0;0;0;0;0;-3,79837;-38,502593
348945;14;8;2019;18:05;0;AV GAL OSORIO DE PAIVA;;;6700;;Colisão;Anoitecer;;;Meio de Quadra;;;0;1;1;1;0;0;0;0;0;1;0;0;-3,812543;-38,609619
348946;14;8;2019;18:34;0;RUA BERNARDO MANUEL;;;10541;;Colisão;;;;Meio de Quadra;;;0;1;1;1;0;0;0;0;0;1;0;0;-3,8346338;-38,562263
348947;14;8;2019;18:35;19721;RUA GUSTAVO SAMPAIO;RUA AMADEU FURTADO;;;;Colisão;;;;Cruz;Pare;Escola;0;1;1;1;0;0;0;0;0;1;0;0;-3,736786;-38,563828
348948;14;8;2019;18:54;0;AV JOR THOMAZ COELHO;;;;;Colisão;;;;Meio de Quadra;;;0;1;1;1;0;0;0;0;0;1;0;0;;
348964;15;8;2019;05:51;0;RD CE-060;;;;KM-02;Queda;Amanhecer;;;Meio de Quadra;;;0;1;0;0;0;0;0;0;0;1;0;0;-3,834064;-38,582111
348965;15;8;2019;05:51;0;RUA FAUSTO CABRAL;;;300;;Capotamento;Amanhecer;;;Meio de Quadra;;;0;1;0;1;0;0;0;0;0;0;0;0;-3,732828476;-38,47926095
348966;15;8;2019;06:18;0;RUA STA ROSA D65 (COAÇU);;;927;;Queda;Luz do Dia;;;Meio de Quadra;;;0;1;0;0;0;0;0;0;0;1;0;0;-3,8445351;-38,4725957
348967;15;8;2019;06:27;0;AV CARAPINIMA;;;2415;;Colisão;Luz do Dia;;;Meio de Quadra;;;0;1;1;1;0;0;0;0;0;1;0;0;-3,740639235;-38,54087518
349006;15;8;2019;11:08;0;AV SIQUEIRA CAMPOS;;;831;;Colisão;Luz do Dia;;;Meio de Quadra;;;0;1;1;1;0;0;0;0;0;1;0;0;-3,8101327;-38,5904963
349007;15;8;2019;13:03;6798;RUA JULIO AZEVEDO;RUA VILEBALDO AGUIAR;;;;Colisão;Luz do Dia;;;Cruz;Pare;Comercial;0;1;1;1;0;0;0;0;0;1;0;0;-3,74244;-38,481957
348995;15;8;2019;08:03;0;RUA RIO BRANCO;;;;;Queda;Luz do Dia;;;Meio de Quadra;;;0;1;0;0;0;1;0;0;0;0;0;0;;
348996;15;8;2019;08:27;0;RUA CON BRAVEZA;;;880;;Colisão;Luz do Dia;;;Meio de Quadra;;;0;1;1;1;0;0;0;0;0;1;0;0;-3,797773311;-38,49786203
348991;15;8;2019;07:44;0;AV MOZART PINHEIRO DE LUCENA;;;873;;Atropelamento;Luz do Dia;;;Meio de Quadra;;;0;1;1;1;0;0;0;0;0;0;0;0;-3,710639;-38,593478
348989;15;8;2019;07:31;0;RUA BAR RIO BRANCO;;;;;Colisão;Luz do Dia;;;Meio de Quadra;;;0;1;1;1;0;0;0;0;0;1;0;0;;
348986;15;8;2019;07:18;0;AV ENG SANTANA JUNIOR;;;;;Colisão;Luz do Dia;;;Meio de Quadra;;;0;1;1;1;0;1;0;0;0;0;0;0;;
348987;15;8;2019;07:21;0;AV ROGACIANO LEITE;;;55;;Colisão;Luz do Dia;;;Meio de Quadra;;;0;1;1;1;0;1;0;0;0;0;0;0;-3,756482;-38,491477
348970;15;8;2019;07:01;0;AV BEZERRA DE MENEZES;;;;;Queda;Luz do Dia;;;Meio de Quadra;;;0;1;0;0;0;0;0;0;0;1;0;0;;
348971;15;8;2019;07:02;0;AV PRS CASTELO BRANCO;;;630;;Colisão;Luz do Dia;;;Meio de Quadra;;;0;1;1;0;0;0;0;0;0;1;0;0;-3,7000013;-38,5875451
349000;15;8;2019;10:30;22288;RUA JOSE CANDIDO D08;RUA LERIA DE ANDRADE;;;;Atropelamento;Luz do Dia;;;Cruz;Pare;Residencial;0;1;1;1;0;0;0;0;0;0;0;0;-3,729416;-38,551044
349033;15;8;2019;23:16;0;RUA EVILASIO A MIRANDA;;;822;;Queda;;;;Meio de Quadra;;;0;1;0;0;0;0;0;0;0;1;0;0;;
349037;15;8;2019;23:55;0;RUA GAUDIOSO CARVALHO;;;113;;Atropelamento;;;;Meio de Quadra;;;0;1;1;0;0;0;0;0;0;1;0;0;-3,71914;-38,58003
349028;15;8;2019;21:19;0;RUA JOSE ABILIO;;;1166;;Colisão;;;;Meio de Quadra;;;0;1;1;1;0;0;0;0;0;1;0;0;-3,78285;-38,60221
349018;15;8;2019;18:03;1453;AV HERACLITO GRACA;AV RUI BARBOSA;;;;Colisão;Anoitecer;;;Cruz;Semáforo;Comercial;0;1;1;1;0;0;0;0;0;1;0;0;-3,738357;-38,510199
349019;15;8;2019;19:32;0;AV JOR JOAO RAMOS;;;2321;;Colisão;;;;Meio de Quadra;;;0;1;0;0;1;0;0;0;0;0;0;0;-3,84096;-38,5772205
349020;15;8;2019;20:37;0;AV JOSE BASTOS;;;2640;;Queda;;;;Meio de Quadra;;;0;1;0;0;0;1;0;0;0;0;0;0;-3,744178;-38,544653
349021;15;8;2019;21:06;0;AV DUQ CAXIAS;;;1529;;Queda;;;;Meio de Quadra;;;0;1;0;0;0;0;0;0;0;1;0;0;-3,729247;-38,537727
349009;15;8;2019;14:21;0;RUA PEDESTRE IV;;;241;;Colisão;Luz do Dia;;;Meio de Quadra;;;0;1;1;1;0;0;0;0;0;1;0;0;-3,81625;-38,60447
349010;15;8;2019;14:26;0;AV H CJ CEARA;;;1520;;Colisão;Luz do Dia;;;Meio de Quadra;;;0;1;1;1;0;0;0;0;0;1;0;0;-3,776;-38,61169
349011;15;8;2019;15:33;0;RUA BERNARDO MANUEL;;;10923;;Colisão;Luz do Dia;;;Meio de Quadra;;;0;1;1;1;0;0;0;0;0;1;0;0;-3,814453127;-38,55620783
349012;15;8;2019;16:51;0;RUA ODETE PACHECO;;;321;;Queda;Luz do Dia;;;Meio de Quadra;;;0;1;0;0;0;0;0;0;0;1;0;0;-3,728247667;-38,55495267
349014;15;8;2019;17:10;8011;AV JOAO PESSOA;RUA ALEXANDRE BARAUNA;;;;Colisão;Anoitecer;;;Cruz;Semáforo;Residencial;0;1;0;0;0;0;0;0;0;0;0;0;-3,751089;-38,548267
349015;15;8;2019;17:13;0;RUA AUDISIO PINHEIRO;;;758;;Colisão;Anoitecer;;;Meio de Quadra;;;0;1;1;1;0;0;0;0;0;1;0;0;-3,75964779;-38,58944382
349016;15;8;2019;17:44;0;AV CENTRAL CJ CEARA;;;;;Queda;Anoitecer;;;Meio de Quadra;;;0;1;0;0;0;1;0;0;0;0;0;0;;
349031;15;8;2019;22:16;0;AV C CJ CEARA;;;1458;;Choque c/ Obstáculo Fixo;;;;Meio de Quadra;;;0;1;0;0;0;0;0;0;0;1;0;0;-3,7699286;-38,6141704
347484;15;8;2019;14:38;0;AV LUCIANO CARNEIRO;RUA ALFREDO WEYNE (A. WEYNE);;0;;Colisão Transversal;Luz do Dia;Bom;Seca;T;Pare;Comercial;0;1;1;1;0;0;0;0;0;0;0;0;-3,7546259;-38,5336012
347485;15;8;2019;19:59;1453;AV HERACLITO GRACA;AV RUI BARBOSA;;;;Colisão Lateral;Via Iluminada;Bom;Seca;Cruz;Semáforo;Comercial;0;1;1;1;0;0;0;0;0;1;0;0;-3,738357;-38,510199
347486;15;8;2019;20:20;0;AV GOV RAUL BARBOSA;;;900;;Colisão Lateral;Via Iluminada;Bom;Seca;Outros;Dê Preferência;Comercial;0;1;1;0;0;0;0;0;0;1;0;0;-3,77306;-38,51262
347487;15;8;2019;00:48;5451;AV DOM MANUEL;RUA BARBARA DE ALENCAR;;;;Queda;Via Iluminada;Bom;Seca;Cruz;Semáforo;Comercial;0;1;0;0;0;0;0;0;0;1;0;0;-3,734972;-38,523262
346784;15;8;2019;21:00;17373;AV PRO GOMES DE MATOS;RUA CEL ALEXANDRINO;;;;Colisão Transversal;Via Iluminada;Bom;Seca;Cruz;Semáforo Manual;Residencial;0;1;1;1;0;0;0;0;0;1;0;0;-3,766732;-38,550403
346785;15;8;2019;01:30;16587;RUA MONTE LIBANO;RUA AMARO JOSE DE SOUZA;;;;Colisão Lateral;Via Iluminada;Nublado;Seca;Cruz;Pare;Residencial;0;1;1;1;0;0;0;0;0;0;0;0;-3,827632;-38,564113
346776;15;8;2019;19:00;6743;AV SANTOS DUMONT;RUA ALMEIDA PRADO;;;;Colisão Lateral;Via Iluminada;Bom;Seca;Cruz;Semáforo;Comercial;0;0;2;1;0;0;0;0;0;0;0;0;-3,743712;-38,475153
346777;15;8;2019;02:10;0;AV AGUANAMBI;;;1370;;Colisão Traseira;Via Iluminada;Chuva;Molhada;Meio de Quadra;Semáforo;Comercial;0;1;1;0;0;0;0;0;0;1;0;0;-3,748634;-38,524049
346781;15;8;2019;09:30;0;AV TRISTAO GONCALVES;;;1390;;Colisão Traseira;Luz do Dia;Bom;Seca;Meio de Quadra;Não Há Controle;Residencial;0;0;2;1;0;0;0;0;0;0;0;0;-3,733706638;-38,53518323
346789;15;8;2019;05:30;0;RUA FAUSTO CABRAL;;;303;;Capotamento;Luz do Dia;Bom;Seca;Meio de Quadra;Não Há Controle;Residencial;0;1;1;1;0;0;0;0;0;0;0;0;-3,732796587;-38,47937885
347167;15;8;2019;07:00;0;RD CE-040;;;7000;KM-07;Colisão;Luz do Dia;;;Meio de Quadra;;;0;0;2;0;1;0;0;0;0;0;0;0;-3,817159445;-38,48303286
347168;16;8;2019;08:00;0;RD CE-040;;;5000;KM-05;Colisão;Luz do Dia;;;Meio de Quadra;;;0;0;2;1;0;0;0;0;0;0;0;0;-3,800595823;-38,47953463
347146;16;8;2019;20:13;0;RUA MAL DEODORO;;;674;;Colisão Frontal;;;;Meio de Quadra;;;1;1;0;0;0;1;0;0;0;1;0;0;-3,741403;-38,535817
347143;16;8;2019;20:30;0;AV JOR THOMAZ COELHO;;;1580;;Atropelamento;;;;Meio de Quadra;;;1;0;1;0;0;0;0;0;0;1;0;0;-3,8299;-38,509152
346791;16;8;2019;07:30;0;AV GOV RAUL BARBOSA;;;5800;;Colisão Traseira;Luz do Dia;Bom;Seca;Meio de Quadra;Não Há Controle;Residencial;0;1;1;1;0;0;0;0;0;1;0;0;-3,769151;-38,5102455
347488;16;8;2019;03:52;13534;AV SORIANO ALBUQUERQUE;RUA JOAO CORDEIRO;;0;;Colisão Transversal;Via Iluminada;Bom;Seca;Cruz;Pare;Residencial;0;0;2;1;0;0;0;0;0;0;0;0;-3,747871;-38,519458
347489;16;8;2019;06:40;19732;RUA GUSTAVO SAMPAIO;RUA TIP SALES;;0;;Colisão Transversal;Luz do Dia;Bom;Seca;Cruz;Pare;Residencial;0;1;1;1;0;0;0;0;0;1;0;0;-3,737013;-38,564917
347490;16;8;2019;07:30;0;AV SEN FERNANDES TAVORA;RUA VITORIA;;0;;Colisão Transversal;Luz do Dia;Bom;Seca;Não Informado;Semáforo;Comercial;0;2;2;1;0;0;0;0;0;1;0;0;-3,7602661;-38,5859451
347491;16;8;2019;08:10;21202;RUA VIRIATO RIBEIRO;AV JOVITA FEITOSA;;;;Colisão Lateral;Luz do Dia;Bom;Seca;Não Informado;Pare;Residencial;0;1;1;1;0;0;0;0;0;1;0;0;-3,74332;-38,567768
347492;16;8;2019;10:00;0;RUA JAPI;AV BERNARDO MANUEL;;0;;Colisão Transversal;Luz do Dia;Bom;Seca;;;;0;0;1;1;0;0;0;0;0;1;0;0;-3,7840998;-38,5468433
347493;16;8;2019;13:05;0;RUA JULIO CESAR D12;;;1810;;Colisão Transversal;Luz do Dia;Bom;Seca;Não Informado;Não Há Controle;Escola;0;1;1;1;0;0;0;0;0;1;0;0;-3,757029939;-38,5488219