COD_ACIDENTE;DIA;MES;ANO;HORA;INTERSECAO;LOG1;LOG2;LOG3;NUMERO;REFERENCIA;NATUREZA;ILUMINACAO;TEMPO;SUPERFICIEPISTA;TIPOCRUZAMENTO;CONTROLETRAFEGO;USOSOLO;MORTOS;FERIDOS;ILESOS;AUTOMOVEL;ONIBUS;BICICLETA;CAMINHAO;MICROONIBUS;CICLOMOTOR;MOTOCICLETA;TRACAOANIMAL;TREM;LATITUDE;LONGITUDE
347494;16;8;2019;14:05;0;AV ENG HUMBERTO MONTE;RUA OSCAR LOPES;;1285;;Capotamento;Luz do Dia;Bom;Seca;Outros;Não Há Controle;Comercial;0;0;3;1;0;0;0;0;0;0;0;0;-3,748074;-38,561318
347495;16;8;2019;14:26;0;AV SEN FERNANDES TAVORA;;;3372;;Colisão Lateral;Luz do Dia;Bom;Seca;Meio de Quadra;Não Há Controle;Residencial;0;0;2;1;0;0;0;0;0;0;0;0;-3,7542805;-38,6029051
347496;16;8;2019;16:38;5364;RUA GAL CLARINDO DE QUEIROZ;AV TRISTAO GONCALVES;;0;;Colisão Lateral;Luz do Dia;Bom;Seca;Meio de Quadra;Semáforo;Comercial;0;0;2;1;0;0;0;0;0;0;0;0;-3,731314;-38,534472
347497;16;8;2019;15:10;5308;RUA VINTE E CINCO DE MARCO;RUA FRANKLIN TAVORA;;;;Colisão Transversal;Luz do Dia;Bom;Seca;Cruz;Pare;Comercial;0;3;0;1;0;0;0;0;0;0;0;0;-3,72968;-38,522616
347498;16;8;2019;14:10;12904;AV AGUANAMBI;RUA SOUSA GIRAO;;;;Colisão Traseira;Luz do Dia;Bom;Seca;Não Informado;Não Há Controle;Comercial;0;0;2;1;0;0;0;1;0;0;0;0;-3,740908;-38,525284
347499;16;8;2019;17:14;0;RUA ANDRADE FURTADO;;;2105;;Choque c/ Obstáculo Fixo;Luz do Dia;Bom;Seca;Meio de Quadra;Não Há Controle;Comercial;0;0;1;1;0;0;0;0;0;0;0;0;-3,748439588;-38,47146035
347500;16;8;2019;19:30;12653;AV MAJ ASSIS;RUA ALBERTO FERREIRA;;;;Colisão Lateral;Via Iluminada;Bom;Seca;Cruz;Pare;Residencial;0;1;1;1;0;0;0;0;0;1;0;0;-3,72405;-38,583403
347501;16;8;2019;21:57;0;AV JOR THOMAZ COELHO;;;1475;;Atropelamento;Via Iluminada;Bom;Seca;Meio de Quadra;Gesto;Comercial;0;2;0;0;0;0;0;0;0;1;0;0;-3,830107639;-38,50835547
347541;16;8;2019;13:40;9670;RUA OSCAR ARARIPE;RUA ARI MAIA;;0;;Colisão Lateral;Luz do Dia;Bom;Seca;Cruz;Pare;Comercial;0;0;3;1;0;0;0;0;0;0;0;0;-3,784266;-38,621576
347643;16;8;2019;14:03;0;AV SEN CARLOS JEREISSATI (AEROPORTO);;;500;;Atropelamento;Luz do Dia;;;Meio de Quadra;;;0;1;1;0;0;0;0;0;0;0;0;0;-3,783753;-38,52685
347644;16;8;2019;03:00;0;RUA VICENTE LINHARES;;;1437;;Choque c/ Obstáculo Fixo;;;;Meio de Quadra;;;0;0;1;1;0;0;0;0;0;0;0;0;-3,74498;-38,491498
349110;16;8;2019;17:40;0;RUA CANDIDO MAIA;;;294;;Atropelamento;Anoitecer;;;Meio de Quadra;;;0;1;1;0;0;0;0;0;0;1;0;0;-3,737428;-38,5904072
349111;16;8;2019;17:56;15131;RUA BAR ARACATI;RUA DR ATUALPA BARBOSA LIMA (P. IRACEMA);;;;Atropelamento;Anoitecer;;;Cruz;Pare;Comercial;0;1;0;0;0;0;0;0;0;0;0;0;-3,723765;-38,509026
349106;16;8;2019;16:51;0;RUA ENG LUIS MONTENEGRO;;;522;;Queda;Luz do Dia;;;Meio de Quadra;;;0;1;0;0;0;0;0;0;0;1;0;0;-3,814333;-38,6175148
349107;16;8;2019;16:58;0;AV MAJ ASSIS;;;637;;Atropelamento;Luz do Dia;;;Meio de Quadra;;;0;1;1;1;0;0;0;0;0;0;0;0;-3,723907545;-38,58498209
349108;16;8;2019;17:33;0;RUA ENG LUIS MONTENEGRO;;;771;;Queda;Anoitecer;;;Meio de Quadra;;;0;1;0;0;0;0;0;0;0;1;0;0;;
349113;16;8;2019;20:13;0;RUA MAL DEODORO;;;674;;Colisão;;;;Meio de Quadra;;;0;1;0;0;0;0;0;0;0;0;0;0;-3,741403;-38,535817
349115;16;8;2019;20:57;0;RUA GENTIL CARDOSO;;;37;;Queda;;;;Meio de Quadra;;;0;1;0;0;0;1;0;0;0;0;0;0;-3,76533;-38,59865
349116;16;8;2019;21:07;0;AV AGUANAMBI;;;;;Queda;;;;Meio de Quadra;;;0;1;0;0;0;1;0;0;0;0;0;0;;
349117;16;8;2019;22:16;0;RUA DA LIBERDADE;;;358;;Queda;;;;Meio de Quadra;;;0;1;0;0;0;0;0;0;0;1;0;0;-3,74923;-38,59821
349119;16;8;2019;23:01;0;RUA MARANGUAPE D50;;;1908;;Choque c/ Obstáculo Fixo;;;;Meio de Quadra;;;0;1;0;0;0;0;0;0;0;1;0;0;-3,79523;-38,62175
349120;16;8;2019;23:41;0;RUA JOSE HIPOLITO;;;1079;;Colisão;;;;Meio de Quadra;;;0;1;1;1;0;0;0;0;0;1;0;0;-3,835496971;-38,4865589
349094;16;8;2019;12:49;0;AV HIS RAIMUNDO GIRAO;;;574;;Colisão;Luz do Dia;;;Meio de Quadra;;;0;1;1;0;0;0;0;0;0;1;0;0;-3,721043;-38,5107915
349095;16;8;2019;13:15;1307;RUA NUNES VALENTE;AV SANTOS DUMONT;;;;Colisão;Luz do Dia;;;Cruz;Semáforo;Comercial;0;1;1;1;0;0;0;0;0;1;0;0;-3,734663;-38,503229
349059;16;8;2019;08:54;0;AV PRS CASTELO BRANCO;;;;;Colisão;Luz do Dia;;;Meio de Quadra;;;0;1;0;0;0;0;0;0;0;0;0;0;;
349098;16;8;2019;13:41;0;AV LAURO VIEIRA CHAVES;;;1410;;Colisão;Luz do Dia;;;Meio de Quadra;;;0;1;0;0;0;0;0;0;0;0;0;0;-3,77201;-38,539966
349099;16;8;2019;14:08;10798;RUA STA FILOMENA;RUA PORTO VELHO;;;;Colisão;Luz do Dia;;;Cruz;Não Há Controle;Residencial;0;1;0;0;0;0;0;0;0;0;0;0;-3,763217;-38,592165
349100;16;8;2019;14:19;0;AV MAJ ASSIS;;;474;;Colisão;Luz do Dia;;;Meio de Quadra;;;0;1;1;1;0;0;0;0;0;1;0;0;-3,724131;-38,582691
349101;16;8;2019;15:19;13545;AV RUI BARBOSA;RUA PDE CHEVALIER;;;;Colisão;Luz do Dia;;;T;Não Há Controle;Comercial;0;1;1;1;0;0;0;0;0;1;0;0;-3,748483;-38,513451
349102;16;8;2019;15:24;0;RUA FLORIANO PEIXOTO;;;517;;Atropelamento;Luz do Dia;;;Meio de Quadra;;;0;1;0;0;0;0;0;0;0;0;0;0;-3,727137316;-38,527085
349103;16;8;2019;15:24;0;RUA ASSIS CHATEAUBRIAND;;;17;;Colisão;Luz do Dia;;;Meio de Quadra;;;0;1;0;0;0;0;0;0;0;0;0;0;-3,744337172;-38,50877014
349104;16;8;2019;16:37;0;RUA JOAQUIM MAGALHAES;;;90;;Atropelamento;Luz do Dia;;;Meio de Quadra;;;0;1;1;1;0;0;0;0;0;0;0;0;-3,73761425;-38,53488691
349038;16;8;2019;00:01;0;AV LINEU MACHADO;;;400;;Queda;;;;Meio de Quadra;;;0;1;0;0;0;0;0;0;0;1;0;0;-3,7636975;-38,5757405
349043;16;8;2019;00:26;0;AV PRS CASTELO BRANCO;;;;;Colisão;;;;Meio de Quadra;;;0;1;0;0;0;0;0;0;0;1;0;0;;
349044;16;8;2019;01:15;0;RUA BAR ARACATI;;;2848;;Queda;;;;Meio de Quadra;;;0;1;0;0;0;0;0;0;0;1;0;0;-3,7460415;-38,51627
349046;16;8;2019;06:07;0;AV GODOFREDO MACIEL;;;5083;;Queda;Luz do Dia;;;Meio de Quadra;;;0;1;0;0;0;0;0;0;0;1;0;0;-3,818808;-38,576204
349047;16;8;2019;06:26;0;RUA GUSTAVO SAMPAIO;;;2308;;Colisão;Luz do Dia;;;Meio de Quadra;;;0;2;1;1;0;0;0;0;0;1;0;0;-3,737043267;-38,5650606
349066;16;8;2019;09:40;0;AV ALM TAMANDARE;;;109;;Colisão;Luz do Dia;;;Meio de Quadra;;;0;1;1;1;0;0;0;0;0;1;0;0;-3,7200749;-38,51983
349067;16;8;2019;09:43;0;RUA JOSE HIPOLITO;;;1055;;Colisão;Luz do Dia;;;Meio de Quadra;;;0;1;1;1;0;0;0;0;0;1;0;0;-3,835390912;-38,48676669
349068;16;8;2019;09:53;22940;RUA BERNARDO MANUEL;RUA JAPI;;;;Colisão;Luz do Dia;;;Cruz;Pare;Comercial;0;1;1;1;0;0;0;0;0;1;0;0;-3,784073;-38,546927
349069;16;8;2019;10:42;0;AV DOS EXPEDICIONARIOS;;;4363;;Colisão;Luz do Dia;;;Meio de Quadra;;;0;1;1;1;0;0;0;0;0;1;0;0;-3,75673;-38,538697
349070;16;8;2019;10:43;9111;RUA DEP OSWALDO STUDART;AV EDUARDO GIRAO;;;;Colisão;Luz do Dia;;;Cruz;Semáforo Intermitente;Comercial;0;1;1;1;0;0;0;0;0;1;0;0;-3,755323;-38,529775
349071;16;8;2019;12:30;0;RUA 7 DE ABRIL;;;420;;Colisão;Luz do Dia;;;Meio de Quadra;;;0;1;1;0;0;0;0;0;0;1;0;0;-3,8071491;-38,5921099
349072;16;8;2019;12:41;8930;AV DOMINGOS OLIMPIO;RUA JUSTINIANO DE SERPA;;;;Colisão;Luz do Dia;;;Cruz;Semáforo;Residencial;0;1;1;1;0;1;0;0;0;0;0;0;-3,733011;-38,542468
349049;16;8;2019;06:31;0;AV JOR THOMAZ COELHO;;;;;Colisão;Luz do Dia;;;Meio de Quadra;;;0;1;1;1;0;0;0;0;0;1;0;0;;
349051;16;8;2019;06:33;0;RUA TERTULIANO SALES;;;150;;Colisão;Luz do Dia;;;Meio de Quadra;;;0;1;1;1;0;0;0;0;0;1;0;0;-3,760883455;-38,53085764
349052;16;8;2019;07:04;0;AV SEN FERNANDES TAVORA;;;;;Colisão;Luz do Dia;;;Meio de Quadra;;;0;1;1;1;0;0;0;0;0;1;0;0;;
349054;16;8;2019;07:27;0;AV PRS JUSCELINO KUBITSCHEK (PASSARÉ);;;;;Colisão;Luz do Dia;;;Meio de Quadra;;;0;1;1;0;0;0;0;0;0;1;0;0;;
349056;16;8;2019;08:48;0;RUA PDE PAULINO;;;;;Colisão;Luz do Dia;;;Meio de Quadra;;;0;1;0;1;0;0;0;0;0;1;0;0;;
349061;16;8;2019;09:00;0;AV PRS JUSCELINO KUBITSCHEK (PASSARÉ);;;;;Queda;Luz do Dia;;;Meio de Quadra;;;0;1;0;0;0;0;0;0;0;1;0;0;;
348770;17;8;2019;23:59;0;AV PINTO BANDEIRA D56;;;;;Queda;;;;Meio de Quadra;;;0;1;0;0;0;0;0;0;0;1;0;0;;
348727;17;8;2019;23:50;0;RUA PDE RODOLFO;;;276;;Colisão;;;;Meio de Quadra;;;0;1;1;1;0;0;0;0;0;0;0;0;-3,806965851;-38,58271629
348705;17;8;2019;22:30;0;RUA EDUARDO ARAUJO;;;1593;;Colisão;;;;Meio de Quadra;;;0;2;0;0;0;0;0;0;0;0;0;0;-3,81922;-38,59538
348650;17;8;2019;20:33;13807;AV PINTO BANDEIRA D56;RUA MON CARNEIRO DA CUNHA;;;;Colisão;;;;Cruz;Pare;Residencial;0;1;1;1;0;0;0;0;0;1;0;0;-3,777001;-38,487824
348653;17;8;2019;21:28;0;RUA ANTONIO NERY;;;1218;;Colisão;;;;Meio de Quadra;;;0;1;1;1;0;0;0;0;0;1;0;0;-3,783016;-38,601545
348640;17;8;2019;19:25;13474;RUA TOMAS ACIOLI;RUA DR JOSE LOURENCO;;;;Colisão;;;;Cruz;Pare;Comercial;0;1;1;1;0;0;0;0;0;1;0;0;-3,744447;-38,510934
348645;17;8;2019;20:21;0;RUA SANTIAGO;;;819;;Queda;;;;Meio de Quadra;;;0;1;0;0;0;1;0;0;0;0;0;0;-3,784578258;-38,54922255
348635;17;8;2019;18:14;0;RUA JACINTO MATOS;;;954;;Colisão;Anoitecer;;;Meio de Quadra;;;0;1;1;1;0;0;0;0;0;1;0;0;-3,71929;-38,54676
348629;17;8;2019;18:06;0;RUA BERNARDO MANUEL;;;;;Colisão;Anoitecer;;;Meio de Quadra;;;0;1;1;0;0;0;0;0;0;1;0;0;;
348622;17;8;2019;18:06;0;AV MR HULL;;;;;Queda;Anoitecer;;;Meio de Quadra;;;0;1;0;0;0;0;0;0;0;1;0;0;;
348608;17;8;2019;16:55;0;AV GAL OSORIO DE PAIVA;;;5585;;Atropelamento;Luz do Dia;;;Meio de Quadra;;;0;1;1;0;0;0;0;0;0;0;0;0;-3,805710632;-38,60305316
348609;17;8;2019;16:57;0;RUA ESTADO DO RIO;;;468;;Colisão;Luz do Dia;;;Meio de Quadra;;;0;1;1;1;0;0;0;0;0;1;0;0;-3,754149;-38,568106
348615;17;8;2019;17:41;0;AV HERACLITO GRACA;;;100;;Atropelamento;Anoitecer;;;Meio de Quadra;;;0;1;1;0;1;0;0;0;0;0;0;0;-3,733706;-38,523905
348576;17;8;2019;13:28;0;RUA EDMILSON BARROS DE OLIVEIRA;;;300;;Colisão;Luz do Dia;;;Meio de Quadra;;;0;1;1;1;0;0;0;0;0;1;0;0;-3,7809688;-38,497826
348577;17;8;2019;14:24;0;RUA CEL FABRICIANO;;;1550;;Colisão;Luz do Dia;;;Meio de Quadra;;;0;2;0;0;0;0;0;0;0;1;0;0;-3,7833125;-38,605868
348578;17;8;2019;15:45;13565;RUA JOAO CORDEIRO;RUA CASTRO ALVES;;;;Queda;Luz do Dia;;;Cruz;Não Há Controle;Residencial;0;1;0;0;0;0;0;0;0;1;0;0;-3,750006;-38,519479
348579;17;8;2019;16:06;0;AV 13 DE MAIO;;;;;Colisão;Luz do Dia;;;Meio de Quadra;;;0;1;1;1;0;0;0;0;0;1;0;0;;
348593;17;8;2019;16:24;19766;RUA AZEVEDO BOLAO;RUA TIP SALES;;;;Colisão;Luz do Dia;;;Cruz;Pare;Residencial;0;1;1;1;0;0;0;0;0;1;0;0;-3,738108;-38,564696
348599;17;8;2019;16:50;0;RUA MON HIPOLITO BRASIL;;;109;;Colisão;Luz do Dia;;;Meio de Quadra;;;0;1;1;1;0;0;0;0;0;1;0;0;-3,760775;-38,575314
348551;17;8;2019;03:55;0;TR ALBERTO MAGNO;;;;;Atropelamento;;;;Meio de Quadra;;;0;1;1;1;0;0;0;0;0;0;0;0;;
348552;17;8;2019;04:08;5346;AV SANTOS DUMONT;RUA JOAO CORDEIRO;;;;Choque c/ Obstáculo Fixo;;;;Cruz;Semáforo;Comercial;0;1;0;1;0;0;0;0;0;0;0;0;-3,730878;-38,514781
348553;17;8;2019;06:25;0;AV GOV RAUL BARBOSA;;;;;Queda;Luz do Dia;;;Meio de Quadra;;;0;2;0;0;0;0;0;0;0;1;0;0;;
348554;17;8;2019;06:53;0;AV SANTOS DUMONT;;;3060;;Queda;Luz do Dia;;;Meio de Quadra;;;0;1;0;0;0;0;0;0;0;1;0;0;-3,736551;-38,497363
348555;17;8;2019;09:04;0;RUA FRANCISCO CALACA;;;1495;;Colisão;Luz do Dia;;;Meio de Quadra;;;0;1;1;1;0;0;0;0;0;1;0;0;-3,714626;-38,573201
348556;17;8;2019;09:33;0;RUA MARCELO G. PORTO;;;800;;Queda;Luz do Dia;;;Meio de Quadra;;;0;1;0;0;0;1;0;0;0;0;0;0;-3,7432106;-38,5230323
348557;17;8;2019;11:40;0;LOGRADOURO SEM NOME;;;;;Queda;Luz do Dia;;;Meio de Quadra;;;0;1;0;0;0;0;0;0;0;1;0;0;;
347645;17;8;2019;10:49;8936;AV DOMINGOS OLIMPIO;RUA PRC ISABEL;;;;Colisão;Luz do Dia;;;Cruz;Semáforo;Comercial;0;1;1;1;0;0;0;0;0;1;0;0;-3,734438;-38,53779
347646;17;8;2019;20:27;0;RUA URUCUTUBA;;;2471;;Choque c/ Obstáculo Fixo;;;;Meio de Quadra;;;0;1;0;1;0;0;0;0;0;0;0;0;-3,7990812;-38,6204638
347647;17;8;2019;19:28;25521;RUA CON DE CASTRO;RUA WALDIR DIOGO;;;;Colisão;;;;T;;Comercial;0;2;1;1;0;0;0;0;0;1;0;0;-3,801878;-38,589176
346771;17;8;2019;09:00;4193;AV FRANCISCO SA;RUA DOM HELIO CAMPOS D21;;;;Colisão Transversal;Luz do Dia;Bom;Seca;Cruz;Semáforo;Comercial;0;0;2;1;0;0;0;0;0;1;0;0;-3,717711;-38,556428
346754;17;8;2019;01:30;13490;AV RUI BARBOSA;RUA PINHO PESSOA;;;;Colisão Lateral;;Bom;Seca;Cruz;Pare;Comercial;0;1;1;1;0;0;0;0;0;0;0;0;-3,745389;-38,512465
346755;17;8;2019;15:00;0;RUA STA TEREZINHA DO MEN JES E DA SAG FACE;;;;;Colisão Lateral;Luz do Dia;Bom;Seca;Meio de Quadra;Pare;Residencial;0;1;1;1;0;0;0;0;0;1;0;0;;
346752;17;8;2019;18:33;25527;RUA ANTENOR ROCHA ALEXANDRE;RUA REPUBLICA ARMENIA;;;;Colisão Transversal;Via Iluminada;Bom;Seca;Cruz;Pare;Comercial;0;0;2;1;0;0;0;0;0;0;0;0;-3,792041;-38,481149
347140;17;8;2019;03:50;0;RUA ALBERTO MAGNO;;;;;Atropelamento;Amanhecer;;;Meio de Quadra;;;1;0;1;1;0;0;0;0;0;0;0;0;-3,763502;-38,5503
347169;17;8;2019;07:10;0;RD CE-040;;;1;KM-03;Colisão;Luz do Dia;;;Meio de Quadra;;;0;0;3;1;0;0;0;0;0;0;0;0;-3,782614325;-38,4810839
347170;17;8;2019;14:20;0;RD CE-040;;;3000;KM-03;Colisão;Luz do Dia;;;Meio de Quadra;;;0;0;2;1;0;0;0;1;0;0;0;0;-3,782614325;-38,4810839
347171;18;8;2019;14:21;0;RD CE-040;;;12000;KM-12;Atropelamento;Luz do Dia;;;Meio de Quadra;;;0;3;0;0;0;0;0;0;0;1;0;0;-3,857690949;-38,47204254
347173;18;8;2019;18:00;0;RD CE-040;;;4000;KM-04;Atropelamento;Anoitecer;;;Meio de Quadra;;;0;2;0;0;0;0;0;0;0;1;0;0;-3,791613156;-38,48033084
347134;18;8;2019;13:44;0;AV AGUANAMBI;;;1980;VIADUTO-13 DE MAIO;Colisão;Luz do Dia;;;Meio de Quadra;;;1;0;1;0;0;1;0;1;0;0;0;0;-3,753844;-38,523451
346778;18;8;2019;15:10;17287;AV PRO GOMES DE MATOS;RUA VASCO DA GAMA;;;;Colisão Frontal;Luz do Dia;Bom;Seca;Cruz;Pare;Comercial;1;1;0;1;0;0;0;0;0;0;0;0;-3,763166;-38,547335
346774;18;8;2019;12:44;15978;AV GODOFREDO MACIEL;RUA CLEMENTE SILVA D44;;;;Colisão Lateral;Luz do Dia;Bom;Seca;T;Pare;Comercial;0;1;2;1;0;0;0;0;0;1;0;0;-3,804088;-38,572296
346775;18;8;2019;14:30;0;RUA PEREIRA VALENTE;;;;;Colisão Transversal;Luz do Dia;Bom;Seca;Meio de Quadra;Pare;Residencial;0;1;1;1;0;0;0;0;0;1;0;0;;
347648;18;8;2019;06:30;25124;AV AUGUSTO DOS ANJOS;RUA OLIVEIRA SOBRINHO;;;;Colisão;Luz do Dia;;;Cruz;Pare;Comercial;0;0;1;0;0;0;0;0;0;1;0;0;-3,7839223;-38,5824504
347649;18;8;2019;08:52;0;RUA BENTO ALBUQUERQUE;;;;;Colisão;Luz do Dia;;;;;;0;1;1;1;0;0;0;0;0;1;0;0;;
347503;18;8;2019;00:49;0;AV GAL OSORIO DE PAIVA;;;5405;;Colisão Transversal;Via Iluminada;Bom;Seca;Meio de Quadra;Não Há Controle;Comercial;0;3;0;0;0;0;0;0;0;1;0;0;-3,804404091;-38,601754
347504;18;8;2019;01:27;0;RUA SILVINO;RUA PDE RODOLFO;;0;;Colisão Transversal;Via Iluminada;Bom;Seca;Cruz;Pare;Residencial;0;0;2;1;0;0;0;0;0;0;0;0;-3,804567;-38,5864074
347505;18;8;2019;06:22;0;RUA JORGE ACURCIO;;;825;;Choque c/ Obstáculo Fixo;Luz do Dia;Bom;Seca;Outros;Pare;Comercial;0;1;0;1;0;0;0;0;0;0;0;0;-3,767585409;-38,53269709
347506;18;8;2019;08:52;5234;RUA PEREIRA FILGUEIRAS;RUA NOGUEIRA ACIOLI;;;;Colisão Lateral;Luz do Dia;Bom;Seca;Cruz;Pare;Comercial;0;2;1;1;0;0;0;0;0;1;0;0;-3,727333;-38,516029
347507;18;8;2019;12:15;5442;AV VIS RIO BRANCO;RUA BARBARA DE ALENCAR;;;;Colisão Transversal;Luz do Dia;Bom;Seca;Cruz;Semáforo;Comercial;0;0;1;1;1;0;0;0;0;0;0;0;-3,734584;-38,524385
347508;18;8;2019;19:05;7926;AV ANTONIO SALES;RUA BARBOSA DE FREITAS;;;;Engavetamento;Via Iluminada;Bom;Seca;Cruz;Semáforo;Comercial;0;1;2;1;0;0;0;0;0;0;0;0;-3,746051;-38,500407
347516;18;8;2019;22:02;6766;RUA PRO OTAVIO LOBO;AV PDE ANTONIO TOMAS;;0;;Colisão Transversal;Via Iluminada;Bom;Seca;Cruz;Semáforo;Comercial;0;1;1;1;0;0;0;0;0;1;0;0;-3,746548;-38,47994
348771;18;8;2019;00:15;0;AV GOV PARSIFAL BARROSO;;;481;;Queda;;;;Meio de Quadra;;;0;1;0;0;0;0;0;0;0;1;0;0;;
348923;18;8;2019;04:02;0;AV GOV LEONEL BRIZOLA;;;9090;;Colisão;;;;Meio de Quadra;;;0;1;1;0;0;0;0;0;0;1;0;0;;
348973;18;8;2019;19:57;0;RUA TAUBATE;;;906;;Atropelamento;;;;Meio de Quadra;;;0;1;1;1;0;0;0;0;0;0;0;0;-3,78094;-38,59883
348979;18;8;2019;23:28;20853;RUA MARIO DE ANDRADE;RUA BOLIVIA;;;;Queda;;;;Cruz;Não Há Controle;Residencial;0;1;0;0;0;0;0;0;0;1;0;0;-3,745881;-38,566534
348976;18;8;2019;20:54;0;RD BR 116;;;2000;KM-02;Colisão;;;;Meio de Quadra;;;0;3;0;1;0;0;0;0;0;1;0;0;-3,771391;-38,51678
348968;18;8;2019;18:43;0;RUA PDE MAXIMO FEITOSA;;;456;;Colisão;;;;Meio de Quadra;;;0;2;1;1;0;0;0;0;0;1;0;0;-3,7316143;-38,57427637
348969;18;8;2019;19:33;0;AV PERIMETRAL;;;;;Queda;;;;Meio de Quadra;;;0;1;0;0;0;0;0;0;0;1;0;0;;
348961;18;8;2019;17:43;12405;RUA JOCKEY CLUBE;AV LINEU MACHADO;;;;Queda;Anoitecer;;;Outros;Outros;Residencial;0;1;0;0;0;0;0;0;0;1;0;0;-3,764186;-38,576001
348949;18;8;2019;04:22;0;AV PRO JOSE ARTHUR CARVALHO;;;463;;Colisão;;;;Meio de Quadra;;;0;1;1;1;0;0;0;0;0;1;0;0;-3,826136;-38,475297
348951;18;8;2019;04:46;0;AV ENG HUMBERTO MONTE;;;1331;;Colisão;;;;Meio de Quadra;;;0;1;1;1;0;0;0;0;0;1;0;0;-3,747950638;-38,56142351
348952;18;8;2019;07:08;0;RUA CARLOS AMORA;;;;;Queda;Luz do Dia;;;Meio de Quadra;;;0;1;0;0;0;0;0;0;0;1;0;0;;
348953;18;8;2019;09:46;0;AV CEL CARVALHO;;;2257;;Queda;Luz do Dia;;;Meio de Quadra;;;0;1;0;0;0;0;0;0;0;1;0;0;-3,722280907;-38,58665356
348954;18;8;2019;09:53;0;RUA VALDEMAR HOLANDA;;;359;;Queda;Luz do Dia;;;Meio de Quadra;;;0;1;0;0;0;0;0;0;0;1;0;0;-3,772089419;-38,59133135
348955;18;8;2019;12:39;2731;RUA MARIA JULIA;RUA EDSON MARTINS;;;;Colisão;Luz do Dia;;;Cruz;Pare;Residencial;0;1;1;1;0;0;0;0;0;1;0;0;-3,790452;-38,599274
348956;18;8;2019;14:31;5451;AV DOM MANUEL;RUA BARBARA DE ALENCAR;;;;Atropelamento;Luz do Dia;;;Cruz;Semáforo;Comercial;0;1;1;0;0;0;0;0;0;1;0;0;-3,734972;-38,523262
348957;18;8;2019;14:48;0;AV WASHINGTON SOARES;;;;;Colisão;Luz do Dia;;;Meio de Quadra;;;0;1;1;1;0;0;0;0;0;1;0;0;;
348958;18;8;2019;16:00;25000;RUA COSTA BARROS;AV DOM MANUEL;;;;Queda;Luz do Dia;;;Cruz;Semáforo;Comercial;0;1;0;0;0;0;0;0;0;1;0;0;-3,727381;-38,520793
348959;18;8;2019;16:41;0;RUA LETICIA;;;160;;Queda;Luz do Dia;;;Meio de Quadra;;;0;1;0;0;0;0;0;0;0;1;0;0;-3,821984;-38,4938465
348983;19;8;2019;08:55;1467;AV SANTOS DUMONT;RUA MON CATAO;;;;Colisão;Luz do Dia;;;Cruz;Semáforo;Comercial;0;1;1;1;0;0;0;0;0;1;0;0;-3,738745;-38,490564
348984;19;8;2019;08:58;0;RUA BENU MARCONDES;;;;;Atropelamento;Luz do Dia;;;Meio de Quadra;;;0;1;1;1;0;0;0;0;0;0;0;0;;
348992;19;8;2019;09:23;0;AV DA INDEPENDENCIA;;;963;;Colisão;Luz do Dia;;;Meio de Quadra;;;0;1;1;1;0;0;0;0;0;1;0;0;-3,727432636;-38,58914245
348998;19;8;2019;09:26;0;AV DA UNIVERSIDADE;;;2118;;Colisão;Luz do Dia;;;Meio de Quadra;;;0;1;1;1;0;0;0;0;0;1;0;0;-3,736463;-38,53501
349084;19;8;2019;09:39;0;RUA OLIVEIRA SOBRINHO;;;550;;Colisão;Luz do Dia;;;Meio de Quadra;;;0;2;1;1;0;0;0;0;0;1;0;0;-3,782495328;-38,5872909
349088;19;8;2019;10:18;0;RUA MIN ALBUQUERQUE LIMA;;;878;;Colisão;Luz do Dia;;;Meio de Quadra;;;0;1;1;1;0;0;0;0;0;1;0;0;-3,770615;-38,604872
349122;19;8;2019;10:56;0;RD BR 116;;;;;Colisão;Luz do Dia;;;Meio de Quadra;;;0;1;1;1;0;0;0;0;0;1;0;0;;
349118;19;8;2019;10:29;0;AV GODOFREDO MACIEL;;;4442;;Colisão;Luz do Dia;;;Meio de Quadra;;;0;1;1;1;0;0;0;0;0;1;0;0;-3,8133115;-38,5751795
349138;19;8;2019;15:09;0;AV ABOLICAO;;;2194;;Colisão;Luz do Dia;;;Meio de Quadra;;;0;1;1;1;0;0;0;0;0;1;0;0;-3,726066;-38,499409
349136;19;8;2019;13:31;0;AV OLIVEIRA PAIVA;;;;;Colisão;Luz do Dia;;;Meio de Quadra;;;0;1;1;1;0;0;0;0;0;1;0;0;;
349132;19;8;2019;11:38;0;RUA ALUISIO AZEVEDO;;;599;;Colisão;Luz do Dia;;;Meio de Quadra;;;0;2;0;1;0;0;0;0;0;1;0;0;-3,770664;-38,578296
347517;19;8;2019;20:28;0;RUA MON HIPOLITO BRASIL;;;617;;Choque c/ Obstáculo Fixo;Via Iluminada;Bom;Seca;Não Informado;Não Há Controle;Residencial;0;0;1;0;0;0;0;0;0;0;0;0;-3,758735105;-38,57913937
347518;19;8;2019;18:00;0;AV JOSE TAVARES;;;880;;Colisão Lateral;Via Iluminada;Bom;Seca;Meio de Quadra;Pare;Residencial;0;1;1;0;0;1;0;0;0;0;0;0;-3,8095903;-38,5998295
347509;19;8;2019;04:35;12518;RUA CUIABA;AV AUGUSTO DOS ANJOS;;0;;Colisão Frontal;Via Iluminada;Bom;Seca;Cruz;Pare;Comercial;0;0;1;0;0;0;0;0;0;1;0;0;-3,772615;-38,572386