COD_ACIDENTE;DIA;MES;ANO;HORA;INTERSECAO;LOG1;LOG2;LOG3;NUMERO;REFERENCIA;NATUREZA;ILUMINACAO;TEMPO;SUPERFICIEPISTA;TIPOCRUZAMENTO;CONTROLETRAFEGO;USOSOLO;MORTOS;FERIDOS;ILESOS;AUTOMOVEL;ONIBUS;BICICLETA;CAMINHAO;MICROONIBUS;CICLOMOTOR;MOTOCICLETA;TRACAOANIMAL;TREM;LATITUDE;LONGITUDE
347510;19;8;2019;09:10;0;RUA DOM HELIO CAMPOS D21;;;217;;Colisão Lateral;Luz do Dia;Bom;Seca;Meio de Quadra;Não Há Controle;Residencial;0;1;1;1;0;0;0;0;0;0;0;0;-3,716288742;-38,55619632
347511;19;8;2019;08:36;3502;RUA MANUEL ARRUDA;RUA MUCAMBINHO (MESSEJANA);;;;Colisão Transversal;Luz do Dia;Bom;Seca;Cruz;Não Há Controle;Comercial;0;1;1;1;0;0;0;0;0;1;0;0;-3,828279;-38,506736
347512;19;8;2019;07:52;0;RUA JULIO IBIAPINA;;;291;;Choque c/ Obstáculo Fixo;Luz do Dia;Bom;Seca;Meio de Quadra;Não Há Controle;Comercial;0;1;1;1;0;0;0;0;0;0;0;0;-3,728396;-38,490895
347513;19;8;2019;16:41;0;AV PRS COSTA E SILVA;;;1251;;Colisão Traseira;Luz do Dia;Bom;Seca;Meio de Quadra;Semáforo;Comercial;0;2;1;0;0;0;0;1;0;1;0;0;-3,815069;-38,569052
347514;19;8;2019;15:25;0;RUA CAP ARAGAO;;;400;;Colisão Traseira;Luz do Dia;Bom;Seca;Meio de Quadra;Não Há Controle;Residencial;0;1;1;0;1;0;0;0;0;1;0;0;-3,765175;-38,514843
347515;19;8;2019;15:30;19694;RUA TIP SALES;AV BEZERRA DE MENEZES;;0;;Colisão Transversal;Luz do Dia;Bom;Seca;T;Pare;Comercial;0;0;2;1;0;0;0;0;0;0;0;0;-3,735828;-38,565167
347652;19;8;2019;14:20;9493;RUA RAIMUNDO BIZARRIA;TR DOS CAVALOS;;;;Choque c/ Obstáculo Fixo;Luz do Dia;;;;;;0;0;1;1;0;0;0;0;0;0;0;0;-3,726979;-38,579413
349451;19;8;2019;;0;RUA ESTRELA DO NORTE;;;997;;Queda;;;;Meio de Quadra;;;0;1;0;0;0;0;0;0;0;1;0;0;;
349452;19;8;2019;16:40;14704;RUA EMILIO CONDE;RUA JOAO AREAS;;;;Queda;Luz do Dia;;;;;;0;1;0;0;0;0;0;0;0;1;0;0;-3,792972;-38,576003
349453;19;8;2019;17:21;0;RUA JOAQUIM CORREIA;;;641;;Colisão;Anoitecer;;;Meio de Quadra;;;0;1;1;1;0;0;0;0;0;1;0;0;-3,8347679;-38,5710342
349454;19;8;2019;17:36;2486;AV FRANCISCO SA;RUA SEN ROBERT KENNEDY;;;;Colisão;Anoitecer;;;Cruz;Pare;Comercial;0;1;1;1;0;0;0;0;0;1;0;0;-3,70914;-38,581426
349545;19;8;2019;17:43;0;AV PRO JOSE ARTHUR CARVALHO;;;2200;;Queda;Anoitecer;;;Meio de Quadra;;;0;1;0;0;0;1;0;0;0;0;0;0;-3,824616608;-38,45964165
349546;19;8;2019;18:09;0;RD BR 116;;;3000;KM-03;Colisão;Anoitecer;;;Meio de Quadra;;;0;1;1;1;0;0;0;0;0;1;0;0;-3,779838;-38,514372
349547;19;8;2019;18:20;0;AV JOSE BASTOS;;;;;Queda;Anoitecer;;;Meio de Quadra;;;0;1;0;0;0;0;0;0;0;1;0;0;;
349564;19;8;2019;19:12;0;AV B CJ ESPERANCA;;;101;;Queda;;;;Meio de Quadra;;;0;1;0;0;0;0;0;0;0;1;0;0;-3,816860299;-38,58912027
349565;19;8;2019;19:57;0;AV GAL OSORIO DE PAIVA;;;5518;;Queda;;;;Meio de Quadra;;;0;1;0;0;0;0;0;0;0;1;0;0;-3,8036195;-38,6011124
349561;19;8;2019;18:57;0;RUA AUDISIO PINHEIRO;;;61;;Queda;;;;Meio de Quadra;;;0;1;0;0;0;0;0;0;0;1;0;0;-3,75315;-38,5859845
349572;19;8;2019;21:05;0;RUA ANDREAS SOARES;;;1099;;Queda;;;;Meio de Quadra;;;0;1;0;0;0;0;0;0;0;1;0;0;-3,79969;-38,58372
349580;19;8;2019;22:31;0;RUA CEL FABRICIANO;;;1284;;Queda;;;;Meio de Quadra;;;0;1;0;0;0;0;0;0;0;1;0;0;-3,784028711;-38,60330783
346810;19;8;2019;21:04;0;AV DOM LUIS;;;;;Colisão Lateral;Via Iluminada;Bom;Seca;Meio de Quadra;Semáforo;Comercial;0;0;2;1;0;0;0;0;0;0;0;0;;
346813;19;8;2019;18:10;1588;RUA VICENTE LEITE;RUA VICENTE LINHARES;;;;Colisão Transversal;Anoitecer;Bom;Seca;Cruz;Pare;Escola;0;1;1;0;0;0;0;0;0;1;0;0;-3,743092;-38,497368
346826;19;8;2019;06:40;4975;AV ALBERTO CRAVEIRO;RUA N S MONTE CARMELO;;;;Colisão Traseira;Luz do Dia;Bom;Seca;T;Semáforo;Comercial;0;2;2;1;0;0;0;0;0;1;0;0;-3,794533;-38,517904
346815;19;8;2019;21:40;0;RUA MANUEL CASTELO BRANCO;;;630;;Colisão Lateral;Via Iluminada;Bom;Seca;Meio de Quadra;Não Há Controle;Residencial;0;0;2;1;0;0;1;0;0;0;0;0;-3,832449;-38,490083
347174;19;8;2019;07:30;0;AV SEN CARLOS JEREISSATI (AEROPORTO);;;1000;KM 01;Colisão;Luz do Dia;;;Meio de Quadra;;;0;0;2;1;0;0;0;0;0;0;0;0;-3,783753;-38,52685
347175;19;8;2019;09:30;0;RD CE-040;;;6000;KM-06;Colisão;Luz do Dia;;;Meio de Quadra;;;0;0;2;1;0;0;0;0;0;0;0;0;-3,809596804;-38,47873348
347176;19;8;2019;16:05;0;RD CE-040;;;6000;KM-06;Colisão;Luz do Dia;;;Meio de Quadra;;;0;0;2;1;0;0;0;0;0;0;0;0;-3,809596804;-38,47873348
347179;19;8;2019;17:40;0;RD CE-040;;;12000;KM-12;Colisão;Anoitecer;;;Meio de Quadra;;;0;1;1;1;0;0;0;0;0;1;0;0;-3,857690949;-38,47204254
347180;20;8;2019;08:20;0;AV MIN JOSE AMERICO;;;1000;;Colisão;Luz do Dia;;;Meio de Quadra;;;0;0;2;1;0;0;0;0;0;0;0;0;-3,8090986;-38,4912085
347182;20;8;2019;19:30;0;RD CE-040;;;5000;KM-05;Colisão;;;;Meio de Quadra;;;0;0;2;1;0;0;0;0;0;0;0;0;-3,800595823;-38,47953463
349584;20;8;2019;05:57;0;RUA BERNARDO MANUEL;;;;;Colisão;Amanhecer;;;Meio de Quadra;;;0;1;1;1;0;1;0;0;0;0;0;0;;
349629;20;8;2019;07:17;0;RUA GUILHERME MENDES;;;790;;Queda;Luz do Dia;;;Meio de Quadra;;;0;1;0;0;0;0;0;0;0;1;0;0;-3,7207986;-38,585394
349857;20;8;2019;18:58;2837;RUA MARIA JULIA;RUA BOM JESUS (GRANJA LISBOA);;;;Atropelamento;;;;Cruz;Pare;Residencial;0;1;1;0;0;0;0;0;0;1;0;0;-3,79464;-38,600603
349865;20;8;2019;19:00;0;RUA DEMETRIO MENEZES;;;34;;Colisão;;;;Meio de Quadra;;;0;1;1;1;0;0;0;0;0;1;0;0;-3,73933;-38,58364
349866;20;8;2019;19:06;0;RUA ROMEU MARTINS;;;820;;Colisão;;;;Meio de Quadra;;;0;1;1;0;0;0;0;0;0;0;0;0;-3,76704;-38,55156
349867;20;8;2019;19:20;0;LOGRADOURO SEM NOME;;;;;Atropelamento;;;;Meio de Quadra;;;0;1;1;1;0;0;0;0;0;0;0;0;;
349870;20;8;2019;19:23;12685;AV CEL CARVALHO;AV DA INDEPENDENCIA;;;;Colisão;;;;Cruz;Gesto;Comercial;0;1;1;0;0;0;0;0;0;1;0;0;-3,728711;-38,584952
349871;20;8;2019;20:09;0;RUA FRE MANSUETO;;;1390;;Colisão;;;;Meio de Quadra;;;0;2;0;1;0;0;0;0;0;1;0;0;-3,7363683;-38,4885671
349888;20;8;2019;22:30;10404;AV D CJ CEARA;AV E CJ CEARA;;;;Colisão;;;;Cruz;;Residencial;0;1;1;0;0;0;0;0;0;1;0;0;-3,75993;-38,603746
349885;20;8;2019;22:22;7759;AV BAR STUDART;RUA DOM EXPEDITO LOPES;;;;Colisão;;;;Cruz;Pare;Comercial;0;1;1;0;0;0;0;0;0;0;0;0;-3,742519;-38,509133
349896;20;8;2019;22:47;0;RUA PRO VIEIRA;;;1250;;Colisão;;;;Meio de Quadra;;;0;1;1;0;0;0;0;0;0;1;0;0;-3,7593328;-38,5147675
349667;20;8;2019;11:30;0;RUA PEREIRA FILGUEIRAS;;;631;;Colisão;Luz do Dia;;;Meio de Quadra;;;0;1;1;1;0;0;0;0;0;1;0;0;-3,72699;-38,517098
349668;20;8;2019;13:26;5060;AV IMPERADOR;RUA CASTRO E SILVA;;;;Atropelamento;Luz do Dia;;;Cruz;Semáforo;Comercial;0;1;1;1;0;0;0;0;0;0;0;0;-3,722013;-38,532916
349669;20;8;2019;13:45;0;AV PRS CASTELO BRANCO;;;2898;;Colisão;Luz do Dia;;;Meio de Quadra;;;0;1;1;0;0;0;0;0;0;0;0;0;-3,712208258;-38,55383271
349670;20;8;2019;14:29;0;AV MIN JOSE AMERICO;;;2223;;Colisão;Luz do Dia;;;Meio de Quadra;;;0;1;1;1;0;0;0;0;0;1;0;0;-3,811564838;-38,48130805
349671;20;8;2019;15:52;0;AV PERIMETRAL;;;2248;;Atropelamento;Luz do Dia;;;Meio de Quadra;;;0;2;0;0;0;0;0;0;0;1;0;0;;
349672;20;8;2019;18:01;0;RUA CANDIDO MAIA;;;294;;Colisão;Anoitecer;;;Meio de Quadra;;;0;1;1;0;0;0;0;0;0;0;0;0;-3,737428;-38,5904072
349673;20;8;2019;18:05;0;AV SEN CARLOS JEREISSATI (AEROPORTO);;;;;Queda;Anoitecer;;;Meio de Quadra;;;0;1;0;0;0;0;0;0;0;1;0;0;;
349674;20;8;2019;18:25;0;RUA ALM RUBIM;;;1400;;Colisão;Anoitecer;;;Meio de Quadra;;;0;1;1;1;0;0;0;0;0;1;0;0;-3,7697143;-38,5562226
349644;20;8;2019;07:24;0;RD BR 116;;;10000;;Colisão;Luz do Dia;;;Meio de Quadra;;;0;1;1;1;0;0;0;0;0;1;0;0;;
349647;20;8;2019;07:34;0;RUA CON DE CASTRO;;;700;;Colisão;Luz do Dia;;;Meio de Quadra;;;0;1;1;1;0;0;0;0;0;1;0;0;-3,779615444;-38,56849881
349654;20;8;2019;08:12;0;RUA MONTE LIBANO;;;466;;Colisão;Luz do Dia;;;Meio de Quadra;;;0;1;1;0;0;0;0;0;1;0;0;0;-3,82444364;-38,56173016
349665;20;8;2019;11:07;0;RUA BOM JESUS (GRANJA LISBOA);;;1683;;Queda;Luz do Dia;;;Meio de Quadra;;;0;1;0;0;0;0;0;0;0;1;0;0;-3,7879679;-38,6217076
347654;20;8;2019;15:50;0;AV BEIRA MAR;;;2727;;Colisão;Luz do Dia;;;Meio de Quadra;;;0;0;2;1;0;0;0;0;0;0;0;0;-3,72589;-38,49353
347519;20;8;2019;06:45;0;RUA DIAMANTE (CJ HAB NOVO BARROSO);;;91;;Atropelamento;Luz do Dia;Bom;Seca;Meio de Quadra;Não Há Controle;Residencial;0;1;1;1;0;0;0;0;0;0;0;0;-3,8225604;-38,5215961
347520;20;8;2019;09:56;0;RUA DOM GERONIMO;RUA DOS PRACINHAS;;0;;Colisão Transversal;Luz do Dia;Bom;Seca;Cruz;Semáforo;Residencial;0;0;2;1;0;0;0;0;0;0;0;0;-3,7375746;-38,542572
347521;20;8;2019;08:46;0;AV PRO JOSE ARTHUR CARVALHO;;;1250;;Colisão Frontal;Luz do Dia;Bom;Seca;Meio de Quadra;Não Há Controle;Residencial;0;1;1;1;0;0;0;0;0;1;0;0;-3,8269785;-38,470341
347522;20;8;2019;13:10;0;AV TRISTAO GONCALVES;;;690;;Atropelamento;Luz do Dia;Bom;Seca;Meio de Quadra;Não Há Controle;Comercial;0;1;1;1;0;0;0;0;0;0;0;0;-3,727889963;-38,53343374
347523;20;8;2019;15:17;5433;RUA METON DE ALENCAR;RUA MAJ FACUNDO;;;;Colisão Transversal;Luz do Dia;Bom;Seca;Cruz;Pare;Comercial;0;1;1;1;0;0;0;0;0;1;0;0;-3,733917;-38,529899
347524;20;8;2019;14:00;18445;AV SGT HERMINIO SAMPAIO;RUA PDE MAXIMO FEITOSA;;;;Colisão Transversal;Luz do Dia;Bom;Seca;Cruz;Pare;Residencial;0;0;2;0;0;0;0;0;0;1;0;0;-3,729827;-38,57493
347525;20;8;2019;17:28;22029;RUA TIRADENTES;RUA FRE MARCELINO;;;;Colisão Lateral;Luz do Dia;Bom;Seca;Não Informado;Pare;Residencial;0;0;2;0;1;0;0;0;0;0;0;0;-3,74113;-38,550132
347526;20;8;2019;20:06;0;AV SANTOS DUMONT;;;5150;;Colisão Lateral;Via Iluminada;Bom;Seca;Outros;Não Há Controle;Comercial;0;0;2;1;0;0;0;0;0;0;0;0;-3,740465438;-38,48525738
347527;20;8;2019;19:30;17375;RUA ALAN KARDEC;AV JOSE DO PATROCINIO;;0;;Colisão Traseira;Via Iluminada;Bom;Seca;Outros;Pare;Comercial;0;0;2;1;0;0;0;0;0;0;0;0;-3,766831;-38,547462
347528;20;8;2019;20:05;0;AV WENEFRIDO MELO;RUA DNA LIBANIA R. MELO NUNES;;0;;Colisão Transversal;Via Iluminada;Bom;Seca;T;Pare;Residencial;0;0;2;1;1;0;0;0;0;0;0;0;;
347529;21;8;2019;06:20;17941;RUA DRACON BARRETO;RUA BALDUINO FREIRE;;;;Colisão Transversal;Luz do Dia;Bom;Seca;Meio de Quadra;Pare;Residencial;0;1;1;1;0;0;0;0;0;1;0;0;-3,734461;-38,57908
347530;21;8;2019;08:28;0;AV ALBERTO CRAVEIRO;;;0;;Colisão Traseira;Luz do Dia;Bom;Seca;Rotatória;Dê Preferência;Residencial;0;0;1;1;0;0;0;0;0;1;0;0;;
347531;21;8;2019;08:30;15331;RUA PEREIRA FILGUEIRAS;RUA SILVA PAULET;;;;Colisão Transversal;Luz do Dia;Bom;Seca;Cruz;Pare;Comercial;0;1;1;0;0;0;0;0;0;1;0;0;-3,731144;-38,504338
347532;21;8;2019;08:26;0;AV 13 DE MAIO;;;1465;;Colisão Transversal;Amanhecer;Bom;Seca;Meio de Quadra;Semáforo;Comercial;0;1;2;1;0;0;0;0;0;1;0;0;-3,747615;-38,531331
347533;21;8;2019;11:21;11256;RUA EMILIO SA;RUA PAURILO BARROSO;;0;;Colisão Transversal;Luz do Dia;Bom;Seca;Cruz;Pare;Residencial;0;0;2;1;0;0;0;0;0;0;0;0;-3,802124;-38,570041
347534;21;8;2019;18:48;14682;AV OLIVEIRA PAIVA;RUA JUNIOR ROCHA;;0;;Colisão Transversal;Via Iluminada;Bom;Seca;Não Informado;Semáforo;Comercial;0;0;3;1;0;0;0;0;0;0;0;0;-3,796189;-38,488224
347535;21;8;2019;19:39;0;AV PRS COSTA E SILVA;;;4443;;Colisão Traseira;Via Iluminada;Bom;Seca;Meio de Quadra;Não Há Controle;Comercial;0;0;2;1;0;0;0;0;0;1;0;0;-3,82549328;-38,54017322
347536;21;8;2019;20:00;3302;AV GAL OSORIO DE PAIVA;RUA LUIS VIEIRA;;0;;Colisão Traseira;Via Iluminada;Bom;Seca;Cruz;Semáforo;Comercial;0;0;2;0;1;0;0;0;0;0;0;0;-3,790879;-38,588616
347537;21;8;2019;21:30;0;AV BERNARDO MANUEL;;;10141;;Colisão Traseira;Via Iluminada;Bom;Seca;Meio de Quadra;Não Há Controle;Comercial;0;0;3;1;0;0;0;0;0;0;0;0;-3,8082297;-38,5542635
347655;21;8;2019;20:04;0;ROD CE 010;;;;;Atropelamento;;;;Meio de Quadra;;;0;1;1;0;0;0;0;0;0;0;0;0;;
349899;21;8;2019;04:44;0;AV PONTES VIEIRA;;;2666;;Queda;;;;Meio de Quadra;;;0;1;0;0;0;0;0;0;0;1;0;0;-3,750886;-38,497652
349911;21;8;2019;12:00;0;AV SEN FERNANDES TAVORA;;;2566;;Atropelamento;Luz do Dia;;;Meio de Quadra;;;0;1;1;0;0;0;0;0;0;1;0;0;-3,755446;-38,59653
349912;21;8;2019;12:18;0;AV PERIMETRAL;;;390;BALAO DO MONDUBIM 1;Colisão;Luz do Dia;;;Meio de Quadra;;;0;1;1;1;0;0;0;0;0;1;0;0;;
349913;21;8;2019;13:29;0;AV AGUANAMBI;;;;ROTATÓRIA;Queda;Luz do Dia;;;Meio de Quadra;;;0;1;0;0;0;0;0;0;0;1;0;0;;
349914;21;8;2019;13:34;24820;AV MOZART PINHEIRO DE LUCENA;RUA CARLOS WALRAVEN;;;;Colisão;Luz do Dia;;;Cruz;Pare;Misto;0;1;1;1;0;0;0;0;0;1;0;0;-3,718701;-38,595801
349915;21;8;2019;13:58;0;RUA AUGUSTO J BENEVIDES;;;802;;Colisão;Luz do Dia;;;Meio de Quadra;;;0;1;1;1;0;0;0;0;0;1;0;0;-3,8492;-38,49837
349916;21;8;2019;14:01;3199;RUA VERBENA;RUA VITAL BRASIL;;;;Colisão;Luz do Dia;;;Cruz;Semáforo;Residencial;0;1;1;0;0;0;0;0;0;0;0;0;-3,780666;-38,58865
349917;21;8;2019;15:03;0;AV JOSE BASTOS;;;;;Colisão;Luz do Dia;;;Meio de Quadra;;;0;1;1;0;0;0;0;0;0;0;0;0;;
349918;21;8;2019;16:17;10953;RUA ALM RUBIM;RUA DOM CARLOTO TAVORA;;;;Colisão;Luz do Dia;;;Cruz;Pare;Comercial;0;1;1;1;0;1;0;0;0;0;0;0;-3,76982;-38,556269
349919;21;8;2019;16:26;0;AV SGT HERMINIO SAMPAIO;;;4863;;Colisão;Luz do Dia;;;Meio de Quadra;;;0;1;1;1;0;0;0;0;0;1;0;0;-3,733165235;-38,58315121
349920;21;8;2019;18:40;0;AV FILOMENO GOMES;;;;;Colisão;;;;Meio de Quadra;;;0;1;1;1;0;0;0;0;0;1;0;0;;
349921;21;8;2019;21:05;0;RUA COM GARCIA;;;989;;Colisão;;;;Meio de Quadra;;;0;1;1;1;0;0;0;0;0;1;0;0;-3,792804;-38,582889
349905;21;8;2019;07:14;0;RUA ANTERO QUENTAL;;;1459;;Colisão;Luz do Dia;;;Meio de Quadra;;;0;1;1;1;0;0;0;0;0;1;0;0;-3,85365;-38,4924
349908;21;8;2019;07:28;0;AV DEP PAULINO ROCHA;;;;;Colisão;Luz do Dia;;;Meio de Quadra;;;0;1;1;1;0;0;0;0;0;1;0;0;;
349909;21;8;2019;07:57;0;AV FRANCISCO SA;;;6365;;Colisão;Luz do Dia;;;Meio de Quadra;;;0;1;1;1;0;1;0;0;0;0;0;0;-3,709143451;-38,58141646
346830;21;8;2019;04:15;7875;AV SEN VIRGILIO TAVORA;AV PONTES VIEIRA;;;;Choque c/ Obstáculo Fixo;Via Iluminada;Bom;Seca;T;Semáforo;Comercial;0;1;0;0;0;0;0;0;0;1;0;0;-3,750886;-38,497652
346850;21;8;2019;18:36;9040;RUA PDE MIGUELINHO;RUA JAIME BENEVOLO;;;;Colisão Transversal;Via Iluminada;Bom;Seca;Cruz;Pare;Residencial;0;0;2;1;0;0;0;0;0;1;0;0;-3,744086;-38,529347
346847;21;8;2019;21:15;0;AV CESAR CALS;;;510;;Colisão Traseira;Via Iluminada;Bom;Seca;Meio de Quadra;Semáforo;Residencial;0;1;1;1;0;0;0;0;0;0;0;0;-3,7436405;-38,4533897
348332;21;8;2019;16:30;24945;AV ALM HENRIQUE SABOIA;RUA JUVENCIO VASCONCELOS;;;;Colisão Frontal;Luz do Dia;;;Cruz;Pare;Comercial;0;1;1;1;0;0;0;0;1;0;0;0;-3,72432;-38,480465
346865;22;8;2019;19:30;5366;AV DUQ CAXIAS;RUA SEN POMPEU;;;;Colisão Lateral;Via Iluminada;Bom;Seca;Cruz;Semáforo;Comercial;0;0;2;1;0;0;1;0;0;0;0;0;-3,73143;-38,530994
346862;22;8;2019;18:40;25239;RUA PRISCO BEZERRA;AV ENG ALBERTO SA;;;;Colisão Lateral;;Bom;Seca;Cruz;Não Há Controle;Residencial;0;0;2;1;1;0;0;0;0;0;0;0;-3,735975;-38,470905
346859;22;8;2019;07:30;0;AV SGT HERMINIO SAMPAIO;;;1415;;Colisão Lateral;Luz do Dia;Bom;Seca;Meio de Quadra;Semáforo;Comercial;0;1;1;1;0;0;0;0;0;1;0;0;-3,724983;-38,552915
346857;22;8;2019;10:23;8545;RUA DR PAULO MARCELO;RUA TANCREDO S CARVALHO;;;;Colisão Transversal;Luz do Dia;Bom;Seca;Cruz;Pare;Residencial;0;0;3;0;0;0;0;0;0;1;0;0;-3,785697;-38,458084
347187;22;8;2019;07:45;0;RD CE-040;;;7000;KM-07;Colisão;Luz do Dia;;;Meio de Quadra;;;0;1;1;0;0;0;0;0;0;1;0;0;-3,817159445;-38,48303286
347188;22;8;2019;10:30;0;AV MIN JOSE AMERICO;;;1000;;Colisão;Luz do Dia;;;Meio de Quadra;;;0;0;2;1;1;0;0;0;0;0;0;0;-3,8090986;-38,4912085
347189;22;8;2019;16:15;0;RD CE-040;;;1000;KM-01;Colisão;Luz do Dia;;;Meio de Quadra;;;0;0;2;0;0;0;0;0;0;1;0;0;-3,764650449;-38,48258304
349922;22;8;2019;01:42;0;AV PERIMETRAL;;;3371;;Colisão;;;;Meio de Quadra;;;0;2;1;1;0;0;0;0;0;1;0;0;;
349964;22;8;2019;07:18;8281;RUA SEBASTIAO DE ABREU;RUA DR HERMES LIMA;;;;Colisão;Luz do Dia;;;;;;0;1;1;1;0;1;0;0;0;0;0;0;-3,757567;-38,483225
349965;22;8;2019;07:21;0;AV GENIBAU;;;146;;Colisão;Luz do Dia;;;Meio de Quadra;;;0;1;1;1;0;0;0;0;0;1;0;0;-3,761572213;-38,59624946
349966;22;8;2019;07:29;0;RUA DELMIRO FARIAS;;;860;;Queda;Luz do Dia;;;Meio de Quadra;;;0;1;0;0;0;0;0;0;0;1;0;0;-3,7506505;-38,547109
347656;22;8;2019;19:39;0;AV H CJ CEARA;;;1650;;Colisão;;;;Meio de Quadra;;;0;1;1;1;0;0;0;0;0;1;0;0;-3,776174;-38,613154
347657;22;8;2019;21:20;0;AV IMPERADOR;;;;;Colisão;;;;Meio de Quadra;;;0;0;1;1;0;0;0;0;0;0;0;0;;
347658;22;8;2019;19:25;0;RUA F PASSARE;;;3371;;Colisão;;;;Meio de Quadra;;;0;0;1;0;0;0;0;0;0;0;0;0;-3,8142048;-38,5264808
347659;22;8;2019;16:58;0;AV GAL OSORIO DE PAIVA;;;4385;;Colisão;Luz do Dia;;;Meio de Quadra;;;0;2;1;0;1;0;0;0;0;1;0;0;-3,79677052;-38,59437804
347660;22;8;2019;14:00;0;RUA VITORIA;;;1773;;Colisão;Luz do Dia;;;Meio de Quadra;;;0;0;1;1;0;0;0;0;0;0;0;0;;
347538;22;8;2019;07:13;18345;AV DR THEBERGE;RUA LUIS GUIMARAES;;;;Colisão Transversal;Luz do Dia;Bom;Seca;T;Não Há Controle;Residencial;0;1;1;1;0;0;0;0;0;1;0;0;-3,723788;-38,567944
347539;22;8;2019;09:08;12350;AV LINEU MACHADO;RUA MON HIPOLITO BRASIL;;;;Colisão;Luz do Dia;Bom;Seca;T;Semáforo;Comercial;0;0;2;1;0;0;0;0;0;0;0;0;-3,761245;-38,57445
347540;22;8;2019;11:55;15343;RUA PEREIRA FILGUEIRAS;RUA NUNES VALENTE;;;;Colisão Transversal;Luz do Dia;Bom;Seca;Cruz;Semáforo;Comercial;0;0;1;1;1;0;0;0;0;0;0;0;-3,731786;-38,50231
347542;22;8;2019;19:38;0;RUA 01 UI 617;;;1;;Choque c/ Obstáculo Fixo;Via Iluminada;Nublado;Material Derrapante;Meio de Quadra;Dê Preferência;Escola;0;0;1;0;0;0;0;0;0;0;0;0;-3,77886;-38,577162
350013;22;8;2019;08:04;0;AV DEP PAULINO ROCHA;;;1342;;Colisão;Luz do Dia;;;Meio de Quadra;;;0;1;1;0;0;0;0;0;0;0;0;0;-3,81063281;-38,50965682
350014;22;8;2019;08:09;19746;RUA GUSTAVO SAMPAIO;RUA ARMANDO OLIVEIRA;;;;Colisão;Luz do Dia;;;Cruz;Pare;Residencial;0;1;1;1;0;0;0;0;0;1;0;0;-3,737521;-38,567382
350015;22;8;2019;08:31;0;RUA PINTO MADEIRA;;;770;;Colisão;Luz do Dia;;;Meio de Quadra;;;0;1;1;1;0;0;0;0;0;1;0;0;-3,7320964;-38,5181974
350016;22;8;2019;09:29;22036;RUA CAP FRANCISCO PEDRO;RUA TIRADENTES;;;;Colisão;Luz do Dia;;;T;Pare;Residencial;0;1;1;1;0;0;0;0;0;1;0;0;-3,744485;-38,546446
350017;22;8;2019;09:43;12955;AV JOAO DE ARAUJO LIMA;AV A CJ JOSE WALTER;;;;Colisão;Luz do Dia;;;Cruz;Pare;Comercial;0;1;1;1;0;0;0;0;0;0;0;0;-3,823474;-38,558691
350020;22;8;2019;10:16;0;AV CEL CARVALHO;;;1250;;Colisão;Luz do Dia;;;Meio de Quadra;;;0;1;1;1;0;0;0;0;0;1;0;0;-3,713292778;-38,5889663
350021;22;8;2019;10:32;0;RUA VIRGILIO BRANDAO;;;127;;Colisão;Luz do Dia;;;Meio de Quadra;;;0;2;0;0;0;0;0;0;0;1;0;0;-3,749491182;-38,59562282
350023;22;8;2019;11:04;7805;RUA FRANCISCO HOLANDA;RUA OSVALDO CRUZ (ALDEOTA);;;;Colisão;Luz do Dia;;;Cruz;Não Há Controle;Comercial;0;1;1;1;0;0;0;0;0;1;0;0;-3,748713;-38,504543
350025;22;8;2019;11:16;0;RUA ROMEU MARTINS;;;60;;Colisão;Luz do Dia;;;Meio de Quadra;;;0;1;1;1;0;0;0;0;0;1;0;0;-3,76316;-38,55736
350029;22;8;2019;15:24;19375;RUA NAPOLEAO QUEZADO;RUA CON DE CASTRO;;;;Colisão;Luz do Dia;;;Cruz;Pare;Comercial;0;1;1;0;0;0;0;0;0;0;0;0;-3,777706;-38,566777
350030;22;8;2019;15:29;0;RUA GAL SAMPAIO;;;855;;Atropelamento;Luz do Dia;;;Meio de Quadra;;;0;1;1;0;0;0;0;0;0;0;0;0;-3,726007276;-38,53053669
350031;22;8;2019;15:45;15283;RUA BAR ARACATI;RUA PEREIRA FILGUEIRAS;;;;Colisão;Luz do Dia;;;Cruz;Pare;Comercial;0;1;1;1;0;0;0;0;0;1;0;0;-3,729076;-38,510707
350032;22;8;2019;16:48;3419;AV JOAO PESSOA;RUA MIGUEL GONCALVES;;;;Queda;Luz do Dia;;;Cruz;Pare;Comercial;0;1;0;0;0;1;0;0;0;0;0;0;-3,75871;-38,55508
350033;22;8;2019;17:46;0;AV JOAO DE ARAUJO LIMA;;;1166;;Colisão;Anoitecer;;;Meio de Quadra;;;0;2;0;0;0;0;0;0;0;1;0;0;-3,831768681;-38,56033153
350034;22;8;2019;18:09;0;AV SANTOS DUMONT;;;2369;;Colisão;Anoitecer;;;;;;0;1;1;1;0;0;0;0;0;1;0;0;-3,734474263;-38,50378768