COD_ACIDENTE;DIA;MES;ANO;HORA;INTERSECAO;LOG1;LOG2;LOG3;NUMERO;REFERENCIA;NATUREZA;ILUMINACAO;TEMPO;SUPERFICIEPISTA;TIPOCRUZAMENTO;CONTROLETRAFEGO;USOSOLO;MORTOS;FERIDOS;ILESOS;AUTOMOVEL;ONIBUS;BICICLETA;CAMINHAO;MICROONIBUS;CICLOMOTOR;MOTOCICLETA;TRACAOANIMAL;TREM;LATITUDE;LONGITUDE
350027;22;8;2019;12:40;5501;RUA PDE VALDEVINO;RUA GONCALVES LEDO;;;;Queda;Luz do Dia;;;Cruz;Não Há Controle;Comercial;0;1;0;0;0;0;0;0;0;1;0;0;-3,738571;-38,51861
350036;22;8;2019;18:25;0;RD BR 116;;;13000;KM-13;Queda;Anoitecer;;;Meio de Quadra;;;0;1;0;0;0;0;0;0;0;1;0;0;-3,86467;-38,497727
350038;22;8;2019;18:57;0;AV BEZERRA DE MENEZES;;;;;Colisão;;;;Meio de Quadra;;;0;1;1;1;0;0;0;0;0;1;0;0;;
350041;22;8;2019;20:08;0;AV OLIVEIRA PAIVA;;;1890;;Colisão;;;;Meio de Quadra;;;0;1;1;1;0;0;0;0;0;1;0;0;-3,796082;-38,489123
350042;22;8;2019;21:13;0;AV SEN CARLOS JEREISSATI (AEROPORTO);;;;;Colisão;;;;Meio de Quadra;;;0;2;0;0;0;0;0;0;0;1;0;0;;
350044;23;8;2019;07:42;0;AV PRS CASTELO BRANCO;;;;;Colisão;Luz do Dia;;;Meio de Quadra;;;0;2;0;0;0;0;0;0;0;1;0;0;;
350048;23;8;2019;08:37;0;AV GAL OSORIO DE PAIVA;;;1864;;Colisão;Luz do Dia;;;Meio de Quadra;;;0;1;1;0;0;0;0;0;0;1;0;0;-3,783103;-38,578294
350054;23;8;2019;10:00;0;AV MR HULL;;;5764;;Atropelamento;Luz do Dia;;;Meio de Quadra;;;0;1;1;0;0;0;0;0;0;1;0;0;-3,740213;-38,59534
350056;23;8;2019;10:12;0;AV JOSE JATAHY;;;150;;Colisão;Luz do Dia;;;Meio de Quadra;;;0;1;1;1;0;0;0;0;0;1;0;0;-3,739711282;-38,54324324
350057;23;8;2019;10:42;0;AV SEN CARLOS JEREISSATI (AEROPORTO);;;;;Colisão;Luz do Dia;;;Meio de Quadra;;;0;1;1;1;0;0;0;0;0;1;0;0;;
350058;23;8;2019;10:49;0;AV PRO JOSE ARTHUR CARVALHO;;;1510;;Colisão;Luz do Dia;;;Meio de Quadra;;;0;1;1;1;0;0;0;0;0;1;0;0;-3,82652183;-38,46575751
350060;23;8;2019;11:39;0;RD BR 116;;;8000;KM-08;Colisão;Luz do Dia;;;Meio de Quadra;;;0;1;1;0;0;0;0;0;0;1;0;0;-3,822018;-38,503269
350064;23;8;2019;11:49;0;RUA DOM LINO;;;1030;;Colisão;Luz do Dia;;;Meio de Quadra;;;0;1;1;1;0;0;0;0;0;1;0;0;-3,744046;-38,555554
350103;23;8;2019;12:29;0;RUA METON DE ALENCAR;;;1791;;Atropelamento;Luz do Dia;;;Meio de Quadra;;;0;1;1;0;0;0;0;0;0;1;0;0;-3,730747;-38,539573
350107;23;8;2019;13:04;0;RUA CARLOS VASCONCELOS;;;3100;;Colisão;Luz do Dia;;;Meio de Quadra;;;0;1;1;1;0;0;0;0;0;1;0;0;-3,748783;-38,51596
350110;23;8;2019;13:35;0;RUA ANGELICA GURGEL;;;;;Colisão;Luz do Dia;;;Meio de Quadra;;;0;1;1;0;0;0;0;0;0;0;0;0;;
350112;23;8;2019;14:23;0;AV SANTOS DUMONT;;;1840;;Colisão;Luz do Dia;;;Meio de Quadra;;;0;2;1;1;0;0;0;0;0;1;0;0;-3,733299;-38,50738
350127;23;8;2019;17:07;0;AV JOR THOMAZ COELHO;;;2242;;Colisão;Anoitecer;;;Meio de Quadra;;;0;1;1;1;0;0;0;0;0;1;0;0;-3,827956941;-38,51524781
350130;23;8;2019;18:07;0;RUA MOURA MATOS;;;1314;;Colisão;Anoitecer;;;Meio de Quadra;;;0;1;1;1;0;0;0;0;0;1;0;0;-3,815047493;-38,54059493
350132;23;8;2019;18:19;0;AV SIQUEIRA CAMPOS;;;357;;Colisão;Anoitecer;;;Meio de Quadra;;;0;1;1;1;0;0;0;0;0;1;0;0;-3,8102;-38,5904
350137;23;8;2019;18:52;5816;AV DES GONZAGA;RUA FIS PERDIGAO;;;;Colisão;;;;T;Pare;Comercial;0;1;1;1;0;1;0;0;0;0;0;0;-3,799887;-38,498202
350141;23;8;2019;19:06;0;RUA CON DE CASTRO;;;;;Colisão;;;;Meio de Quadra;;;0;1;1;0;0;0;0;0;0;0;0;0;;
350155;23;8;2019;19:50;19688;RUA AZEVEDO BOLAO;RUA PRO RAIMUNDO ARRUDA;;;;Colisão;;;;Cruz;Pare;Residencial;0;2;0;1;0;0;0;0;0;1;0;0;-3,735414;-38,551701
350158;23;8;2019;20:09;0;RUA ANTONIO ARRUDA;;;1078;;Queda;;;;Meio de Quadra;;;0;1;0;0;0;0;0;0;0;1;0;0;-3,716830953;-38,59304235
350160;23;8;2019;21:11;0;RUA G CJ VILA VELHA;;;40;;Queda;;;;Meio de Quadra;;;0;2;0;0;0;0;0;0;0;1;0;0;-3,71859;-38,58944
350164;23;8;2019;21:30;0;RUA MON CARNEIRO DA CUNHA;;;290;;Colisão;;;;Meio de Quadra;;;0;2;1;1;0;0;0;0;0;1;0;0;-3,7242871;-38,5435922
350170;23;8;2019;21:51;0;RUA CON LIMA SUCUPIRA;;;1450;;Colisão;;;;Meio de Quadra;;;0;1;1;1;0;0;0;0;0;1;0;0;-3,779043;-38,548107
350172;23;8;2019;22:03;0;AL OXALA;;;643;;Queda;;;;Meio de Quadra;;;0;1;0;0;0;0;0;0;0;1;0;0;-3,7786664;-38,5582288
350174;23;8;2019;22:29;0;RUA BAR CRATO;;;1644;;Colisão;;;;Meio de Quadra;;;0;2;1;0;0;0;0;0;0;0;0;0;-3,72237;-38,56378
350175;23;8;2019;23:00;271;AV JOVITA FEITOSA;RUA AMADEU FURTADO;;;;Colisão;;;;Cruz;Semáforo;Comercial;0;2;1;1;0;0;0;0;0;1;0;0;-3,741173;-38,562915
350177;23;8;2019;23:36;16281;RUA ANTONIO BARBOSA;RUA ANTONIO PEREIRA;;;;Colisão;;;;Cruz;Não Há Controle;Residencial;0;1;1;0;0;0;0;0;0;0;0;0;-3,832952;-38,565289
347543;23;8;2019;08:25;15370;AV DOM LUIS;AV SEN VIRGILIO TAVORA;;0;;Colisão Transversal;Luz do Dia;Bom;Seca;Cruz;Semáforo;Comercial;0;0;2;1;1;0;0;0;0;0;0;0;-3,734829;-38,492507
347544;23;8;2019;08:49;0;RUA DES GUIMARAES;;;357;;Atropelamento;Luz do Dia;Bom;Seca;Meio de Quadra;Não Há Controle;Residencial;0;2;0;0;0;0;0;0;0;1;0;0;-3,733172274;-38,57497825
347545;23;8;2019;14:21;0;AV PRS COSTA E SILVA;;;1801;;Colisão Traseira;Luz do Dia;Bom;Seca;Cruz;Semáforo;Residencial;0;1;1;1;0;0;0;0;0;1;0;0;-3,8206199;-38,559154
347546;23;8;2019;16:00;0;AV DR SILAS MUNGUBA;;;1500;;Colisão Traseira;Via Iluminada;Bom;Seca;Meio de Quadra;Semáforo;Comercial;0;0;3;1;0;0;0;0;0;0;0;0;-3,783790413;-38,55402087
347661;23;8;2019;10:20;0;AV ALBERTO CRAVEIRO;;;466;;Colisão;Luz do Dia;;;Meio de Quadra;;;0;0;1;1;0;0;0;0;0;0;0;0;-3,78278972;-38,51655412
347662;23;8;2019;11:40;0;RUA PESC CHICO BINDA;;;;;Colisão;Luz do Dia;;;Meio de Quadra;;;0;0;1;1;0;0;0;0;0;0;0;0;;
346911;23;8;2019;14:30;19091;RUA AMELIA BENEBIEN;RUA IVANOEL BACCHIEGGA;;;;Colisão Transversal;Luz do Dia;Bom;Seca;;;;0;1;1;1;0;0;0;0;0;1;0;0;-3,737524;-38,475488
346883;23;8;2019;12:40;6725;RUA JULIO AZEVEDO;RUA BENTO ALBUQUERQUE;;;;Colisão Transversal;Luz do Dia;Bom;Seca;Cruz;Pare;Residencial;0;1;1;1;0;0;0;0;0;1;0;0;-3,743861;-38,482854
346881;23;8;2019;07:40;0;AV LINEU MACHADO;;;330;;Colisão Lateral;Luz do Dia;Bom;Seca;Meio de Quadra;Semáforo;Comercial;0;1;1;1;0;0;0;0;0;1;0;0;-3,76316;-38,57557
346894;23;8;2019;00:30;19689;RUA DOM LINO;RUA GUSTAVO SAMPAIO;;;;Colisão Lateral;Via Iluminada;Bom;Seca;Cruz;Pare;Residencial;0;1;1;1;0;0;0;0;0;1;0;0;-3,735435;-38,557313
346891;23;8;2019;20:30;0;RUA AUDISIO PINHEIRO;;;1215;;Colisão Lateral;Via Iluminada;Bom;Seca;Meio de Quadra;Não Há Controle;Residencial;0;1;1;1;0;0;0;0;0;1;0;0;-3,7619174;-38,59062457
346902;24;8;2019;20:00;5180;RUA TEN BENEVOLO;RUA DOM JOAQUIM;;;;Colisão Transversal;;Bom;Seca;Cruz;Pare;Residencial;0;1;1;1;0;0;0;0;0;1;0;0;-3,725524;-38,51667
346904;24;8;2019;14:30;0;AV PONTES VIEIRA;;;133;;Engavetamento;Luz do Dia;Bom;Seca;Meio de Quadra;;;0;0;3;1;0;0;0;0;0;0;0;0;-3,753373481;-38,5190253
346905;24;8;2019;12:05;5051;RUA SEN POMPEU;RUA SEN JAGUARIBE;;;;Colisão Lateral;Luz do Dia;Bom;Seca;Cruz;Pare;Comercial;0;1;2;0;1;0;0;0;0;1;0;0;-3,721667;-38,528055
346906;24;8;2019;08:10;15383;RUA FARIAS LEMOS;RUA ALMEIDA REGO;;;;Colisão Transversal;Luz do Dia;;;Cruz;Não Há Controle;Residencial;0;1;1;1;0;0;0;0;0;0;0;0;-3,81311;-38,494338
346907;24;8;2019;06:45;21391;RUA MAL LOTT;RUA CHICO LEMOS;;;;Colisão Lateral;Luz do Dia;;;Cruz;Pare;Residencial;0;1;1;1;0;0;0;0;0;1;0;0;-3,800779;-38,494904
347663;24;8;2019;17:30;0;AV PRS CASTELO BRANCO;;;4225;;Colisão;Anoitecer;;;Meio de Quadra;;;0;0;1;1;0;0;0;0;0;0;0;0;-3,70768479;-38,57038194
347664;24;8;2019;13:00;0;RUA JURACI MAGALHAES;;;;;Colisão;Luz do Dia;;;Meio de Quadra;;;0;0;1;0;1;0;0;0;0;0;0;0;;
347665;24;8;2019;17:05;0;RUA TRÊS (MESSEJANA);;;;;Colisão;Anoitecer;;;Meio de Quadra;;;0;0;2;0;0;0;0;0;0;0;0;0;;
347666;24;8;2019;23:00;0;AV VICENTE DE CASTRO;;;4521;;Choque c/ Obstáculo Fixo;;;;Meio de Quadra;;;0;0;1;0;0;0;0;0;0;0;0;0;-3,72026;-38,47673
347667;24;8;2019;23:50;0;AV C CJ ESPERANCA;;;150;;Colisão;;;;Meio de Quadra;;;0;0;1;0;1;0;0;0;0;0;0;0;-3,816554262;-38,58840346
347557;24;8;2019;13:59;0;AV BEZERRA DE MENEZES;;;2423;NORTH SHOPPING;Colisão Traseira;Luz do Dia;Bom;Seca;Meio de Quadra;Não Há Controle;Comercial;0;0;1;1;0;0;0;0;0;1;0;0;-3,7358333;-38,5658333
347574;24;8;2019;15:59;0;AV CONTORNO (CASTELÃO);;;2082;;Atropelamento;Luz do Dia;Bom;Seca;Meio de Quadra;Não Há Controle;Comercial;0;1;1;0;0;0;0;0;0;1;0;0;;
348594;24;8;2019;07:06;0;RUA CON DE CASTRO;;;6007;;Atropelamento;Luz do Dia;;;Meio de Quadra;;;0;1;0;0;0;0;0;0;0;1;0;0;-3,815328652;-38,59933207
348591;24;8;2019;06:44;0;RUA CHICO LEMOS;;;1624;;Colisão;Luz do Dia;;;Meio de Quadra;;;0;1;0;1;0;0;0;0;0;1;0;0;-3,800779;-38,494904
348587;24;8;2019;02:10;0;RUA MARIA JULIA;;;1685;;Atropelamento;;;;Meio de Quadra;;;0;1;1;0;0;0;0;0;0;1;0;0;-3,800167;-38,60236775
348588;24;8;2019;05:55;0;RUA VALPARAISO;;;1150;;Colisão;Amanhecer;;;Meio de Quadra;;;0;1;0;1;0;1;0;0;0;0;0;0;-3,841572079;-38,52900844
348589;24;8;2019;06:27;0;RUA JURACI MAGALHAES;;;471;;Colisão;Luz do Dia;;;Meio de Quadra;;;0;2;1;1;0;0;0;0;0;1;0;0;-3,83731;-38,57033
348561;24;8;2019;01:46;0;RUA OSCAR FRANCA;;;2898;;Atropelamento;;;;Meio de Quadra;;;0;1;1;0;0;0;0;0;0;1;0;0;-3,7863022;-38,6169309
348617;24;8;2019;10:43;0;AV JOSE BASTOS;;;1000;;Colisão;Luz do Dia;;;Meio de Quadra;;;0;1;0;1;0;0;0;0;0;1;0;0;-3,7422487;-38,5426185
348614;24;8;2019;10:41;0;AV PERIMETRAL;;;695;;Colisão;Luz do Dia;;;Meio de Quadra;;;0;1;0;1;0;0;0;0;0;1;0;0;;
348624;24;8;2019;11:31;3833;RUA JUVENAL GALENO;RUA PDE MIGUELINHO;;;;Colisão;Luz do Dia;;;;;;0;1;0;1;0;0;0;0;0;1;0;0;-3,74172;-38,535963
348627;24;8;2019;12:14;0;RUA TUPI D35;;;1209;;Colisão;Luz do Dia;;;Meio de Quadra;;;0;1;0;1;0;1;0;0;0;0;0;0;-3,76803028;-38,58297624
348633;24;8;2019;12:49;0;AV PLACIDO CASTELO;;;435;;Colisão;Luz do Dia;;;;;;0;2;0;0;0;0;0;0;0;1;0;0;-3,7833;-38,507901
348646;24;8;2019;13:51;0;AV PENETRACAO OESTE I;;;392;;Queda;Luz do Dia;;;Meio de Quadra;;;0;1;0;0;0;1;0;0;0;0;0;0;-3,8159895;-38,5897141
348648;24;8;2019;13:59;0;AV BEZERRA DE MENEZES;;;2423;;Colisão;Luz do Dia;;;Meio de Quadra;;;0;1;1;1;0;0;0;0;0;1;0;0;-3,7361;-38,56618
348649;24;8;2019;14:09;0;RUA DR JOSE LOURENCO;;;1811;;Atropelamento;Luz do Dia;;;Meio de Quadra;;;0;1;1;1;0;0;0;0;0;0;0;0;-3,739552;-38,509356
348641;24;8;2019;13:06;0;RUA CAP HUGO BEZERRA;;;1060;;Queda;Luz do Dia;;;Meio de Quadra;;;0;1;0;0;0;1;0;0;0;0;0;0;-3,820477904;-38,51253408
348638;24;8;2019;13:04;0;RUA CEL RAIMUNDO GUANABARA;;;608;;Colisão;Luz do Dia;;;Meio de Quadra;;;0;1;0;1;0;0;0;0;0;1;0;0;-3,7563186;-38,5686057
348654;24;8;2019;15:56;0;AV PRS COSTA E SILVA;;;;;Queda;Luz do Dia;;;Meio de Quadra;;;0;1;0;0;0;0;0;0;0;1;0;0;;
348655;24;8;2019;16:47;0;AV PRS CASTELO BRANCO;;;4310;;Colisão;Luz do Dia;;;Meio de Quadra;;;0;1;1;1;0;1;0;0;0;0;0;0;-3,707572684;-38,57068626
348656;24;8;2019;17:27;0;AV PERIMETRAL;;;;;Queda;Anoitecer;;;Meio de Quadra;;;0;3;0;0;0;0;0;0;0;1;0;0;;
348651;24;8;2019;14:22;0;AV CARNEIRO DE MENDONCA;;;217;;Colisão;Luz do Dia;;;Meio de Quadra;;;0;1;0;1;0;0;0;0;0;1;0;0;-3,766458;-38,561662
348652;24;8;2019;15:17;0;AV DEP PAULINO ROCHA;;;;;Colisão;Luz do Dia;;;Meio de Quadra;;;0;1;0;0;0;0;0;0;0;0;0;0;;
348658;24;8;2019;17:28;0;RUA 10 (CJ JOAO PAULO II);;;26;;Colisão;Anoitecer;;;Meio de Quadra;;;0;1;0;1;0;0;0;0;0;1;0;0;;
348659;24;8;2019;18:01;0;RUA ANTONIO RABELO;;;292;;Atropelamento de Animal;Anoitecer;;;Meio de Quadra;;;0;1;0;0;0;0;0;0;0;1;0;0;-3,7710924;-38,595297
348706;24;8;2019;21:55;0;RUA MARIA CLARA;;;859;;Colisão;;;;Meio de Quadra;;;0;1;0;1;0;0;0;0;0;1;0;0;-3,72534;-38,5863
348707;24;8;2019;23:29;0;RUA ANTONIO COSTA MENDES (PQ SÃO JOSÉ);;;510;;Queda;;;;Meio de Quadra;;;0;1;0;0;0;0;0;0;0;1;0;0;-3,78986;-38,58364382
348687;24;8;2019;20:12;0;RD BR 116;;;5603;;Colisão;;;;Meio de Quadra;;;0;1;0;0;0;0;0;0;0;0;0;0;;
348702;24;8;2019;20:33;0;AV OLIVEIRA PAIVA;;;1920;;Queda;;;;Meio de Quadra;;;0;1;0;0;0;1;0;0;0;0;0;0;-3,796082;-38,489123
348703;24;8;2019;21:28;0;AV BEIRA MAR;;;872;;Colisão;;;;Meio de Quadra;;;0;1;0;1;0;0;0;0;0;1;0;0;-3,720183265;-38,51178961
348704;24;8;2019;21:36;0;RUA TEN JOSE NEWTON;;;365;;Colisão;;;;Meio de Quadra;;;0;1;0;1;0;0;0;0;0;1;0;0;-3,82569;-38,49177
348708;25;8;2019;00:05;0;RUA PDE IBIAPINA;;;;;Colisão;;;;Meio de Quadra;;;0;1;0;1;0;0;0;0;0;1;0;0;;
348709;25;8;2019;00:13;0;AV GAL OSORIO DE PAIVA;;;6683;;Queda;;;;Meio de Quadra;;;0;1;0;0;0;1;0;0;0;0;0;0;-3,812372867;-38,60946337
348712;25;8;2019;00:14;0;RUA EMILIO DE MENESES;;;2040;;Queda;;;;Meio de Quadra;;;0;1;0;0;0;0;0;0;0;1;0;0;-3,7784395;-38,599196
348713;25;8;2019;00:16;0;AV GAL OSORIO DE PAIVA;;;6633;;Queda;;;;Meio de Quadra;;;0;1;0;0;0;0;0;0;0;1;0;0;-3,808993;-38,6060713
348723;25;8;2019;01:03;0;AV CEL CARVALHO;;;2209;;Colisão;;;;Meio de Quadra;;;0;1;1;0;0;0;0;0;0;1;0;0;-3,721921204;-38,58675033
348715;25;8;2019;00:37;0;RUA BIAS MENDES;;;2157;;Atropelamento;;;;Meio de Quadra;;;0;1;0;1;0;0;0;0;0;0;0;0;-3,77488;-38,59842
348716;25;8;2019;00:41;0;RUA MARIA GOMES DE SA;;;1200;;Colisão;;;;Meio de Quadra;;;0;2;0;1;0;0;0;0;0;0;0;0;-3,825981;-38,5815325
348725;25;8;2019;01:06;0;AV FRANCISCO SA;;;;;Colisão;;;;Meio de Quadra;;;0;4;0;0;0;0;0;0;0;1;0;0;;
348726;25;8;2019;02:52;0;RD BR 116;;;;;Colisão;;;;Meio de Quadra;;;0;1;0;1;0;0;0;0;0;1;0;0;;
348728;25;8;2019;03:02;0;AV DIOGUINHO;;;;;Queda;;;;Meio de Quadra;;;0;1;0;0;0;0;0;0;0;1;0;0;;
348729;25;8;2019;03:18;0;AV ALBERTO CRAVEIRO;;;494;;Queda;;;;Meio de Quadra;;;0;1;0;0;0;0;0;0;0;1;0;0;-3,78294428;-38,51661488
348730;25;8;2019;03:43;0;AV DEP PAULINO ROCHA;;;277;;Capotamento;;;;Meio de Quadra;;;0;2;0;1;0;0;0;0;0;0;0;0;-3,804372;-38,507965
348742;25;8;2019;05:15;0;AV ALM HENRIQUE SABOIA;;;700;;Capotamento;Amanhecer;;;Meio de Quadra;;;0;1;0;1;0;0;0;0;0;0;0;0;-3,7463896;-38,4915006
348766;25;8;2019;12:43;0;RUA SALGADO FILHO;;;860;;Colisão;Luz do Dia;;;Meio de Quadra;;;0;1;0;1;0;0;0;0;0;1;0;0;-3,745261125;-38,59461875
348767;25;8;2019;13:15;0;AV CEL CARVALHO;;;908;;Atropelamento;Luz do Dia;;;Meio de Quadra;;;0;1;0;1;0;0;0;0;0;0;0;0;-3,710525029;-38,58968123
348768;25;8;2019;13:20;0;RUA VITORIA;;;1706;;Colisão;Luz do Dia;;;Meio de Quadra;;;0;1;2;1;0;0;0;0;0;0;0;0;-3,76741;-38,58973
348769;25;8;2019;14:03;0;RUA FRANCISCO MATOS;;;85;;Atropelamento;Luz do Dia;;;Meio de Quadra;;;0;1;0;0;0;0;0;0;0;1;0;0;-3,743121;-38,468956
348761;25;8;2019;11:24;0;AV GODOFREDO MACIEL;;;;;Atropelamento;Luz do Dia;;;Meio de Quadra;;;0;1;0;1;0;0;0;0;0;0;0;0;;
348759;25;8;2019;09:32;0;RUA L (CJ JOAO PAULO II);;;228;;Colisão;Luz do Dia;;;Meio de Quadra;;;0;1;0;1;0;0;0;0;0;1;0;0;;
348755;25;8;2019;08:12;0;RD BR 116;;;;;Queda;Luz do Dia;;;Meio de Quadra;;;0;0;1;0;0;0;0;0;0;1;0;0;;
348756;25;8;2019;09:26;0;AV DR SILAS MUNGUBA;;;1700;;Atropelamento;Luz do Dia;;;Meio de Quadra;;;0;1;0;1;0;0;0;0;0;0;0;0;-3,784816031;-38,55302357
348753;25;8;2019;07:53;17626;RUA JOAO FRANCA (PQ. 2 IRMÃOS);RUA JOSE PEDRA;;;;Colisão;Luz do Dia;;;Cruz;Pare;Residencial;0;1;0;1;0;0;0;0;0;1;0;0;-3,795482;-38,549671
348772;25;8;2019;16:36;0;RD BR 116;;;5875;KM-03;Queda;Luz do Dia;;;Meio de Quadra;;;0;1;0;0;0;0;0;0;0;1;0;0;-3,779838;-38,514372
348764;25;8;2019;11:26;12551;RUA MARIA CLARA;AV HILDEBRANDO DE MELO;;;;Colisão;Luz do Dia;;;Cruz;Não Há Controle;Misto;0;1;1;0;0;0;0;0;0;1;0;0;-3,725093;-38,589234
348778;25;8;2019;17:19;0;RUA PEDRO MARTINS;;;405;;Colisão;Anoitecer;;;Meio de Quadra;;;0;1;0;1;0;0;0;0;0;1;0;0;-3,799258277;-38,60189977
348775;25;8;2019;17:07;0;AV SEN CARLOS JEREISSATI (AEROPORTO);;;3000;;Queda;Anoitecer;;;Meio de Quadra;;;0;1;0;0;0;0;0;0;0;1;0;0;-3,779641;-38,544038
348785;25;8;2019;19:54;11635;RUA BOA VISTA;RUA JOAQUIM M DE MACEDO;;;;Colisão;;;;Cruz;Pare;Residencial;0;1;0;1;0;0;0;0;0;1;0;0;-3,768326;-38,587375
348795;25;8;2019;20:23;0;RUA SEN ALVARO ADOLFO;;;1358;;Colisão;;;;Meio de Quadra;;;0;2;0;1;0;0;0;0;0;1;0;0;-3,733415966;-38,58103427
348796;25;8;2019;21:06;0;RUA CANDIDO MAIA;;;;FROTINHA ANT. BEZERRA;Queda;;;;Meio de Quadra;;;0;2;0;0;0;0;0;0;0;1;0;0;;
348797;25;8;2019;21:32;0;RUA JANDIRA;;;1134;;Colisão;;;;Meio de Quadra;;;0;1;0;1;0;0;0;0;0;1;0;0;-3,71702;-38,58705
348798;25;8;2019;22:15;0;AV ZEZE DIOGO;;;1110;;Queda;;;;Meio de Quadra;;;0;1;0;0;0;0;0;0;0;1;0;0;-3,717008756;-38,46471831
348799;25;8;2019;22:23;0;RUA CARLOS VASCONCELOS;;;834;;Colisão;;;;Meio de Quadra;;;0;2;1;1;0;0;0;0;0;1;0;0;-3,729429;-38,509622
348800;25;8;2019;23:50;3209;RUA VITAL BRASIL;RUA ANSELMO NOGUEIRA;;;;Colisão;;;;Cruz;Semáforo;Comercial;0;1;0;1;0;0;0;0;0;1;0;0;-3,781072;-38,587181
348780;25;8;2019;18:11;0;AV DIOGUINHO;;;2222;;Colisão;Anoitecer;;;Meio de Quadra;;;0;1;0;1;0;0;0;0;0;1;0;0;-3,74073;-38,45383
347547;25;8;2019;01:50;0;RUA MARIA GOMES DE SA;;;1200;;Colisão Frontal;Via Iluminada;Bom;Seca;Meio de Quadra;Não Há Controle;Residencial;0;0;2;1;0;0;0;0;0;0;0;0;-3,825981;-38,5815325
347548;25;8;2019;08:43;1581;AV PDE ANTONIO TOMAS;RUA MON CATAO;;;;Colisão Transversal;Luz do Dia;Bom;Seca;Cruz;Semáforo;Comercial;0;1;1;0;0;0;0;0;0;1;0;0;-3,742708;-38,491843
347549;25;8;2019;14:00;0;RUA VITORIA;;;1706;;Colisão Traseira;Luz do Dia;Bom;Seca;Meio de Quadra;Não Há Controle;Residencial;0;0;3;1;0;0;0;0;0;0;0;0;-3,76741;-38,58973
347550;25;8;2019;22:18;7816;RUA TIBURCIO CAVALCANTE;RUA MARCONDES PEREIRA;;;;Colisão Transversal;Via Iluminada;Bom;Seca;Cruz;Pare;Residencial;0;1;1;0;0;0;0;0;0;1;0;0;-3,749447;-38,506903
347668;25;8;2019;10:45;0;AV GAL OSORIO DE PAIVA;;;;;Colisão;Luz do Dia;;;Meio de Quadra;;;0;0;1;1;0;0;0;0;0;0;0;0;;
347669;25;8;2019;23:00;0;RUA TRAJANO DE MORAES;;;;;Colisão;;;;Meio de Quadra;;;0;0;1;0;1;0;0;0;0;0;0;0;;
347670;25;8;2019;15:04;0;AV MON TABOSA;;;723;;Colisão;Luz do Dia;;;Meio de Quadra;;;0;0;1;1;0;0;0;0;0;0;0;0;-3,723993545;-38,51284455
347671;25;8;2019;05:20;0;AV DEP PAULINO ROCHA;;;1000;;Colisão;Amanhecer;;;Meio de Quadra;;;0;0;1;0;0;0;0;0;0;0;0;0;-3,81;-38,5094444
346908;25;8;2019;22:01;12533;AV CEL CARVALHO;RUA MARIA CLARA;;;;Colisão Transversal;;Bom;Seca;Cruz;Não Há Controle;Comercial;0;2;1;1;0;0;0;0;0;1;0;0;-3,725382;-38,585818
346901;25;8;2019;14:50;25096;RUA ROCHA LIMA;RUA RODRIGUES JUNIOR;;;;Colisão Transversal;Luz do Dia;Bom;Seca;Cruz;Pare;Comercial;0;1;1;1;0;0;0;0;0;1;0;0;-3,73632;-38,522475
346897;26;8;2019;19:40;23618;AV SGT HERMINIO SAMPAIO;RUA PRO JOAQUIM ANTONIO;;;;Colisão Lateral;;Bom;Seca;T;Pare;Comercial;0;0;2;1;0;0;0;0;0;1;0;0;-3,726971;-38,563905
346886;26;8;2019;18:30;0;TR VIANA WEYNE;;;195;;Colisão Lateral;Anoitecer;Bom;Seca;Meio de Quadra;;;0;1;1;1;0;0;0;0;0;1;0;0;-3,800679632;-38,49265649
346877;26;8;2019;13:00;1469;AV SEN VIRGILIO TAVORA;RUA DES LEITE ALBUQUERQUE;;;;Colisão Traseira;Luz do Dia;;;Cruz;Não Há Controle;Comercial;0;1;1;1;0;0;0;0;0;1;0;0;-3,73881;-38,493796
346870;26;8;2019;18:00;25096;RUA ROCHA LIMA;RUA RODRIGUES JUNIOR;;;;Colisão Transversal;Anoitecer;Bom;Seca;Cruz;Pare;Comercial;0;1;1;1;0;0;0;0;0;0;0;0;-3,73632;-38,522475
347672;26;8;2019;09:20;0;AV SEN CARLOS JEREISSATI (AEROPORTO);;;;;Colisão;Luz do Dia;;;Meio de Quadra;;;0;0;1;0;0;0;0;0;0;1;0;0;;
347673;26;8;2019;11:00;0;RUA FIRMINO ROCHA AGUIAR;;;;;Colisão;Luz do Dia;;;Meio de Quadra;;;0;0;1;1;0;0;0;0;0;0;0;0;;
347555;26;8;2019;13:00;19030;RUA JOSE CARLOS GURGEL NOGUEIRA;RUA ALFEU ABOIM;;;;Colisão Transversal;Luz do Dia;Bom;Seca;Cruz;Pare;Residencial;0;0;2;1;0;0;0;0;0;0;0;0;-3,735408;-38,475395
347556;26;8;2019;12:00;12580;RUA ROSINHA SAMPAIO;RUA PDE TEODORO (QUNTINO CUNHA);;;;Colisão Transversal;Luz do Dia;Bom;Seca;Cruz;Pare;Residencial;0;1;1;0;0;0;0;0;0;1;0;0;-3,725989;-38,591336
347551;26;8;2019;04:45;0;RUA ANTERO QUENTAL;;;1453;;Choque c/ Obstáculo Fixo;Amanhecer;Bom;Seca;Meio de Quadra;Não Há Controle;Residencial;0;1;0;1;0;0;0;0;0;0;0;0;-3,8535295;-38,49243