COD_ACIDENTE;DIA;MES;ANO;HORA;INTERSECAO;LOG1;LOG2;LOG3;NUMERO;REFERENCIA;NATUREZA;ILUMINACAO;TEMPO;SUPERFICIEPISTA;TIPOCRUZAMENTO;CONTROLETRAFEGO;USOSOLO;MORTOS;FERIDOS;ILESOS;AUTOMOVEL;ONIBUS;BICICLETA;CAMINHAO;MICROONIBUS;CICLOMOTOR;MOTOCICLETA;TRACAOANIMAL;TREM;LATITUDE;LONGITUDE
347552;26;8;2019;08:20;9297;AV FRANCISCO SA;RUA CESAR CORREIA;;;;Colisão Transversal;Luz do Dia;Bom;Seca;Cruz;Pare;Residencial;0;0;2;1;0;0;0;0;0;1;0;0;-3,711949;-38,573313
347553;26;8;2019;08:44;0;AV ZEZE DIOGO;;;3879;;Choque c/ Obstáculo Fixo;Luz do Dia;Bom;Seca;Meio de Quadra;Pare;Lazer;0;1;0;1;0;0;0;0;0;0;0;0;-3,7480444;-38,4486097
347558;26;8;2019;19:35;0;AV ALBERTO CRAVEIRO;;;0;;Atropelamento;Via Iluminada;Bom;Seca;Meio de Quadra;Não Há Controle;Comercial;0;1;1;0;0;0;0;0;0;0;0;0;;
348850;26;8;2019;13:07;0;RUA CEL MATOS DOURADO;;;657;;Queda;Luz do Dia;;;Meio de Quadra;;;0;1;0;0;0;0;0;0;0;1;0;0;-3,744751658;-38,58488047
348851;26;8;2019;13:38;0;RD BR 116;;;;KM-13;Colisão;Luz do Dia;;;Meio de Quadra;;;0;1;0;0;0;0;0;0;0;0;0;0;-3,86467;-38,497727
348837;26;8;2019;12:37;0;AV EDILSON B SOARES;;;881;;Queda;Luz do Dia;;;Meio de Quadra;;;0;1;0;0;0;0;0;0;0;1;0;0;-3,78924;-38,4781199
348801;26;8;2019;02:56;0;RUA PRO COSTA MENDES;;;588;;Queda;;;;Meio de Quadra;;;0;1;0;0;0;0;0;0;0;1;0;0;-3,755364091;-38,54616936
348802;26;8;2019;04:01;0;RUA ANTERO QUENTAL;;;1439;;Colisão;;;;Meio de Quadra;;;0;1;0;0;0;0;0;0;0;0;0;0;-3,85345;-38,4924
348803;26;8;2019;07:26;0;RUA STA ELISA D21;;;1649;;Queda;Luz do Dia;;;Meio de Quadra;;;0;1;0;0;0;0;0;0;0;1;0;0;-3,70299684;-38,56855675
348804;26;8;2019;07:35;0;AV TRISTAO GONCALVES;;;609;;Colisão;Luz do Dia;;;Meio de Quadra;;;0;1;1;1;0;0;0;0;0;1;0;0;-3,726982125;-38,53316263
348805;26;8;2019;07:52;0;AV SEN CARLOS JEREISSATI (AEROPORTO);;;;;Colisão;Luz do Dia;;;Meio de Quadra;;;0;1;1;1;0;0;0;0;0;1;0;0;;
348809;26;8;2019;08:18;0;RUA SANTANA DO PARNAIBA;;;124;;Queda;Luz do Dia;;;Meio de Quadra;;;0;1;0;0;0;0;0;0;0;1;0;0;-3,799952863;-38,53044027
348810;26;8;2019;08:30;0;RUA PRO VIRGILIO DE MORAIS;;;348;;Queda;Luz do Dia;;;Meio de Quadra;;;0;1;0;0;0;0;0;0;0;1;0;0;-3,751590444;-38,59672019
348811;26;8;2019;08:36;0;AV EDUARDO GIRAO;;;;;Atropelamento;Luz do Dia;;;Meio de Quadra;;;0;1;0;0;0;0;0;0;0;0;0;0;;
348812;26;8;2019;09:35;0;RUA CEL DIONISIO ALENCAR;;;32;;Colisão;Luz do Dia;;;Meio de Quadra;;;0;1;0;1;0;0;0;0;0;1;0;0;-3,8286457;-38,4865707
348813;26;8;2019;10:20;0;RUA DR JOAQUIM BENTO;;;820;;Colisão;Luz do Dia;;;Meio de Quadra;;;0;1;0;0;0;0;0;0;0;0;0;0;-3,828300667;-38,484205
348814;26;8;2019;12:03;0;RUA 11 DE JULHO;;;330;;Colisão;Luz do Dia;;;Meio de Quadra;;;0;1;1;0;0;0;0;0;0;1;0;0;-3,715587064;-38,55992366
348815;26;8;2019;12:08;0;RUA DIAMANTINA;;;36;;Queda;Luz do Dia;;;Meio de Quadra;;;0;1;0;0;0;0;0;0;0;1;0;0;-3,764767881;-38,56779902
348924;26;8;2019;22:33;0;RUA MANDACARUS D68;;;501;;Colisão;;;;Meio de Quadra;;;0;1;0;1;0;0;0;0;0;1;0;0;-3,80841;-38,53668
348916;26;8;2019;22:08;0;RUA SANTIAGO;;;1123;;Acidente Pessoal;;;;Meio de Quadra;;;0;1;0;0;0;0;0;0;0;1;0;0;-3,7852916;-38,5006957
348929;26;8;2019;22:59;0;RD BR 116;;;;KM-08;Colisão;;;;Meio de Quadra;;;0;1;0;0;0;0;0;0;0;0;0;0;-3,822018;-38,503269
348913;26;8;2019;21:31;23618;AV SGT HERMINIO SAMPAIO;RUA PRO JOAQUIM ANTONIO;;;;Colisão;;;;T;Pare;Comercial;0;3;0;0;0;0;0;0;0;1;0;0;-3,726971;-38,563905
348909;26;8;2019;18:36;0;RUA BERNARDO MANUEL;;;1481;;Colisão;;;;Meio de Quadra;;;0;1;0;0;0;0;0;0;0;0;0;0;-3,7426451;-38,5659863
348910;26;8;2019;19:24;0;AV ALBERTO CRAVEIRO;;;1435;CASTELAO;Colisão;;;;Meio de Quadra;;;0;1;0;0;0;0;0;0;0;0;0;0;-3,7929286;-38,5175664
348904;26;8;2019;16:00;0;RUA JORGE ACURCIO;;;631;;Colisão;Luz do Dia;;;Meio de Quadra;;;0;1;0;0;0;0;0;0;0;1;0;0;-3,765478577;-38,53185685
348905;26;8;2019;17:11;0;AV J CJ JOSE WALTER;;;;;Colisão;Anoitecer;;;Meio de Quadra;;;0;1;0;0;0;0;0;0;0;0;0;0;;
348906;26;8;2019;18:13;0;AV VIENA WEYNE;;;195;;Colisão;Anoitecer;;;Meio de Quadra;;;0;1;0;1;0;0;0;0;0;1;0;0;-3,800775552;-38,49232714
348907;26;8;2019;18:19;0;RUA PAPI JUNIOR;;;1980;;Colisão;Anoitecer;;;Meio de Quadra;;;0;1;0;1;0;0;0;0;0;1;0;0;-3,752552;-38,557697
348881;26;8;2019;15:53;0;AV JOSE BASTOS;;;2856;;Colisão;Luz do Dia;;;Meio de Quadra;;;0;1;1;0;0;0;0;0;0;0;0;0;-3,7451565;-38,545579
348879;26;8;2019;15:46;0;RUA PORTO VELHO;;;1832;;Colisão;Luz do Dia;;;Meio de Quadra;;;0;1;1;1;0;0;0;0;0;1;0;0;-3,761949;-38,594715
348875;26;8;2019;14:20;0;RD BR 116;;;;;Colisão;Luz do Dia;;;Meio de Quadra;;;0;1;0;1;0;0;1;0;0;0;0;0;;
348933;27;8;2019;01:53;0;AV PRS CASTELO BRANCO;;;4688;;Queda;;;;Meio de Quadra;;;0;1;0;0;0;0;0;0;0;1;0;0;-3,706484;-38,573663
349062;27;8;2019;22:01;0;RUA INACIO VASCONCELOS;;;489;;Colisão;;;;Meio de Quadra;;;0;1;0;1;0;0;0;0;0;1;0;0;-3,81208;-38,49486
349063;27;8;2019;22:19;0;RUA GAL SAMPAIO;;;;;Choque c/ Obstáculo Fixo;;;;Meio de Quadra;;;0;2;0;1;1;0;0;0;0;0;0;0;;
349057;27;8;2019;19:25;0;RUA BAR SOBRAL;;;5405;;Colisão;;;;Meio de Quadra;;;0;1;0;0;0;0;0;0;0;0;0;0;;
349058;27;8;2019;20:24;0;AV 13 DE MAIO;;;;;Atropelamento;;;;Meio de Quadra;;;0;2;0;0;0;0;0;0;0;1;0;0;;
349055;27;8;2019;19:04;0;AV CEL CARVALHO;;;1627;;Queda;;;;Meio de Quadra;;;0;1;0;0;0;1;0;0;0;0;0;0;-3,7158778;-38,5883345
349053;27;8;2019;18:50;0;RUA JOAQUIM ALFREDO;;;343;;Colisão;;;;Meio de Quadra;;;0;2;0;1;0;0;0;0;0;1;0;0;-3,807219745;-38,58363355
349050;27;8;2019;18:34;0;AV SANTOS DUMONT;;;1343;;Queda;;;;Meio de Quadra;;;0;1;0;0;0;1;0;0;0;0;0;0;-3,731737;-38,512136
349048;27;8;2019;18:23;17574;RUA PARA;RUA RIO GRANDE DO SUL;;;;Colisão;Anoitecer;;;T;Pare;Comercial;0;1;0;0;0;0;0;0;0;0;0;0;-3,754519;-38,564937
349045;27;8;2019;18:08;0;RUA EDUARDO PERDIGAO;;;118;;Atropelamento;Anoitecer;;;Meio de Quadra;;;0;1;0;0;0;0;0;0;0;1;0;0;;
349039;27;8;2019;17:29;0;AV SEN FERNANDES TAVORA;;;3256;;Colisão;Anoitecer;;;Meio de Quadra;;;0;1;0;1;0;0;0;0;0;1;0;0;-3,75459;-38,60107
349042;27;8;2019;17:43;0;AV CASTELO DE CASTRO;;;1138;;Colisão;Anoitecer;;;Meio de Quadra;;;0;1;0;0;0;0;0;0;0;1;0;0;-3,838963161;-38,52174806
349034;27;8;2019;16:09;0;RUA CARLOS CHAGAS;;;2217;;Atropelamento;Luz do Dia;;;Meio de Quadra;;;0;1;0;1;0;0;0;0;0;0;0;0;-3,776022;-38,599613
349036;27;8;2019;17:24;0;RUA PIAUI;;;1500;;Colisão;Anoitecer;;;Meio de Quadra;;;0;1;0;0;0;0;0;0;0;1;0;0;-3,7527495;-38,571808
349030;27;8;2019;14:04;19866;RUA QUEIROZ RIBEIRO;RUA DES PRAXEDES;;;;Colisão;Luz do Dia;;;Cruz;Pare;Comercial;0;1;0;1;0;0;0;0;0;1;0;0;-3,7622794;-38,5452814
349017;27;8;2019;13:54;0;AV GAL OSORIO DE PAIVA;;;;;Queda;Luz do Dia;;;Meio de Quadra;;;0;1;0;0;0;0;0;0;0;1;0;0;;
349013;27;8;2019;12:55;0;AV CONTORNO SUL D71;;;;;Queda;Luz do Dia;;;Meio de Quadra;;;0;1;0;0;0;1;0;0;0;0;0;0;;
348999;27;8;2019;10:08;0;AV SEN FERNANDES TAVORA;;;560;;Atropelamento;Luz do Dia;;;Meio de Quadra;;;0;1;0;1;0;0;0;0;0;0;0;0;-3,764472023;-38,57788153
348993;27;8;2019;09:10;0;RD BR 116;;;;;Colisão;Luz do Dia;;;Meio de Quadra;;;0;1;0;1;0;0;0;0;0;1;0;0;;
348994;27;8;2019;09:19;23378;RUA TIBURCIO CAVALCANTE;RUA CAP TIBURCIO DA FROTA;;;;Queda;Luz do Dia;;;T;Pare;Residencial;0;1;0;0;0;0;0;0;0;1;0;0;;
349008;27;8;2019;12:51;0;RUA BERNARDO MANUEL;;;8740;;Colisão;Luz do Dia;;;Meio de Quadra;;;0;1;0;1;0;0;0;0;0;1;0;0;-3,8255795;-38,5591799
349004;27;8;2019;11:11;334;RUA AMADEU FURTADO;RUA NESTOR BARBOSA;;;;Colisão;Luz do Dia;;;Cruz;Pare;Residencial;0;1;0;1;0;0;0;0;0;1;0;0;-3,745408;-38,562047
348985;27;8;2019;08:58;0;RUA GUILHERME PERDIGAO;;;390;;Queda;Luz do Dia;;;Meio de Quadra;;;0;1;0;0;0;0;0;0;0;1;0;0;-3,774962389;-38,57314447
348977;27;8;2019;07:18;0;AV SGT HERMINIO SAMPAIO;;;791;;Queda;Luz do Dia;;;Meio de Quadra;;;0;1;0;0;0;0;0;0;0;1;0;0;-3,724555;-38,547803
348980;27;8;2019;08:13;0;AV DR SILAS MUNGUBA;;;557;;Queda;Luz do Dia;;;Meio de Quadra;;;0;1;0;0;0;1;0;0;0;0;0;0;-3,78557;-38,55161
348974;27;8;2019;06:51;0;AV JOR THOMAZ COELHO;;;2570;;Colisão;Luz do Dia;;;Meio de Quadra;;;0;1;0;0;0;0;0;0;0;1;0;0;-3,82818263;-38,51724911
348941;27;8;2019;05:46;0;AV GOV RAUL BARBOSA;;;6951;;Atropelamento;Amanhecer;;;Meio de Quadra;;;0;1;0;0;0;0;0;0;0;1;0;0;-3,774076;-38,512808
348265;27;8;2019;15:00;3320;RUA ARGENTINA;RUA VIRIATO RIBEIRO;;;;Colisão Transversal;Luz do Dia;Bom;Seca;Cruz;Pare;Residencial;0;1;1;1;0;0;0;0;0;1;0;0;-3,747181;-38,564284
349060;27;8;2019;21:38;0;AV PRS CASTELO BRANCO;;;;;Colisão;;;;Meio de Quadra;;;0;1;0;0;0;0;0;0;0;0;0;0;;
347559;27;8;2019;06:50;0;AV JOAO PESSOA;;;6085;;Colisão Transversal;Luz do Dia;Bom;Seca;Não Informado;Semáforo;Comercial;0;1;1;0;0;0;0;0;0;1;0;0;-3,763434;-38,558244
347560;27;8;2019;08:15;22201;AV SGT HERMINIO SAMPAIO;RUA DR GILBERTO CAMARA;;0;;Colisão Transversal;Luz do Dia;Bom;Seca;Cruz;Pare;Comercial;0;1;1;1;0;0;0;0;0;1;0;0;-3,726645;-38,562028
347561;27;8;2019;07:50;0;RUA PDE IBIAPINA;;;1593;;Colisão Traseira;Luz do Dia;Bom;Seca;Meio de Quadra;Não Há Controle;Comercial;0;0;3;0;0;0;0;0;0;0;0;0;-3,729058571;-38,54014486
347562;27;8;2019;08:45;23683;AV GAL OSORIO DE PAIVA;RUA GABRIEL FIUZA;;;;Colisão Traseira;Luz do Dia;Bom;Seca;Não Informado;Pare;Comercial;0;0;2;0;1;0;0;0;0;1;0;0;-3,785294;-38,581746
347563;27;8;2019;06:00;24945;AV ALM HENRIQUE SABOIA;RUA JUVENCIO VASCONCELOS;;;;Colisão Frontal;Luz do Dia;Bom;Seca;Cruz;Pare;Comercial;0;0;2;1;0;0;0;0;0;1;0;0;-3,72432;-38,480465
347564;27;8;2019;10:23;0;AV JOSE BASTOS;;;0;;Colisão Traseira;Luz do Dia;Bom;Seca;Meio de Quadra;Não Há Controle;Comercial;0;0;3;1;0;0;0;0;0;0;0;0;;
347565;27;8;2019;09:00;0;RUA RUFINO DE ALENCAR;;;300;;Colisão Transversal;Luz do Dia;Bom;Seca;Meio de Quadra;Não Há Controle;Comercial;0;1;1;1;0;0;0;0;0;0;0;0;-3,724169205;-38,52225585
347566;27;8;2019;11:45;0;AV PRS COSTA E SILVA;;;151;;Colisão Traseira;Luz do Dia;Bom;Seca;Meio de Quadra;Não Há Controle;Residencial;0;1;1;1;0;0;0;0;0;1;0;0;-3,82102;-38,55857
347568;27;8;2019;13:10;0;AV BERNARDO MANUEL;RUA LEAO TREZE;;0;;Colisão Lateral;Luz do Dia;Bom;Seca;Meio de Quadra;Semáforo;Comercial;0;1;1;0;0;0;0;0;0;1;0;0;-3,7834131;-38,5466455
347569;27;8;2019;18:30;0;TR JOAQUIM ALFREDO;;;346;;Choque c/ Obstáculo Fixo;Via Iluminada;Bom;Seca;Não Informado;Não Há Controle;Residencial;0;0;1;1;0;0;0;0;0;1;0;0;-3,808042538;-38,58252759
347570;27;8;2019;20:55;0;AV DR SILAS MUNGUBA;;;0;;Colisão Traseira;Via Iluminada;Bom;Seca;Não Informado;Não Há Controle;Comercial;0;0;2;1;0;0;0;0;0;1;0;0;;
347674;27;8;2019;23:00;0;RUA GAL SAMPAIO;;;;;Colisão;;;;Meio de Quadra;;;0;0;1;1;0;0;0;0;0;0;0;0;;
347135;27;8;2019;13:00;22709;RUA EUCLIDES O DE SOUSA;RUA EVILASIO A MIRANDA;;;;Colisão Transversal;Luz do Dia;;;Cruz;Pare;Residencial;1;0;1;0;1;0;0;0;1;0;0;0;-3,797165;-38,467055
347154;27;8;2019;05:00;0;AV VICENTE DE CASTRO;;;4573;;Colisão;Amanhecer;;;Meio de Quadra;;;1;0;1;0;0;1;0;0;0;0;0;0;-3,71998;-38,47624
347155;28;8;2019;17:25;0;RUA DOM XISTO ALBANO;;;727;;Atropelamento;Anoitecer;;;Meio de Quadra;;;1;0;1;0;0;0;0;0;0;1;0;0;-3,791918017;-38,58092415
347684;28;8;2019;16:10;0;AV IMPERADOR;;;1367;;Colisão Traseira;Luz do Dia;Bom;Seca;Meio de Quadra;Não Há Controle;Comercial;0;0;3;1;0;0;0;0;0;0;0;0;-3,733045;-38,536179
347682;28;8;2019;09:30;0;AV WASHINGTON SOARES;;;6272;;Colisão;Luz do Dia;;;Meio de Quadra;;;0;1;0;1;0;0;0;0;0;1;0;0;-3,814054222;-38,48062278
347571;28;8;2019;08:36;0;AV H CJ CEARA;;;2090;;Colisão Traseira;Luz do Dia;Bom;Seca;Meio de Quadra;Não Há Controle;Residencial;0;0;2;1;0;0;0;0;0;1;0;0;-3,7761111;-38,6175
347572;28;8;2019;09:35;5255;RUA PEDRO PEREIRA;AV TRISTAO GONCALVES;;0;;Engavetamento;Luz do Dia;Bom;Seca;Cruz;Semáforo;Comercial;0;0;2;1;1;0;0;0;0;0;0;0;-3,728075;-38,533489
347573;28;8;2019;09:28;0;RUA DR JOAO MOREIRA;;;325;;Colisão Traseira;Luz do Dia;Bom;Seca;Meio de Quadra;Não Há Controle;Comercial;0;0;2;1;0;0;0;0;0;0;0;0;-3,722694074;-38,5273987
347575;28;8;2019;17:16;0;AV PRS COSTA E SILVA;;;5295;;Colisão Lateral;Luz do Dia;Bom;Seca;Meio de Quadra;Semáforo;Residencial;0;1;0;1;0;0;0;0;0;1;0;0;-3,827918766;-38,53298268
347576;28;8;2019;19:00;12594;RUA JANDIRA;RUA FENELON BOMILCAR;;;;Colisão Lateral;Mal Iluminada;Bom;Seca;Cruz;Pare;Residencial;0;2;1;0;0;0;0;0;0;1;0;0;-3,71543;-38,586889
349089;28;8;2019;17:13;5381;RUA METON DE ALENCAR;AV IMPERADOR;;;;Colisão;Anoitecer;;;Cruz;Semáforo Intermitente;Comercial;0;1;0;1;0;0;0;0;0;1;0;0;-3,731966;-38,535869
349090;28;8;2019;17:33;0;AV PALMEIRAS DOS INDIOS;;;;;Queda;Anoitecer;;;Meio de Quadra;;;0;1;0;0;0;0;0;0;0;1;0;0;;
349091;28;8;2019;17:34;0;RUA JUVENAL GALENO;;;206;;Atropelamento;Anoitecer;;;Meio de Quadra;;;0;1;0;0;0;0;0;0;0;0;0;0;-3,740255;-38,5377215
349092;28;8;2019;18:23;0;AV JOVITA FEITOSA;;;2720;;Queda;Anoitecer;;;Meio de Quadra;;;0;1;0;0;0;0;0;0;0;1;0;0;-3,740889556;-38,56160467
349105;28;8;2019;19:06;0;RUA 21 DE ABRIL D27;;;329;;Queda;;;;Meio de Quadra;;;0;0;1;0;0;0;0;0;0;1;0;0;-3,747249359;-38,56323828
349109;28;8;2019;19:10;0;AV MAE LISBOA;;;3333;;Colisão;;;;Meio de Quadra;;;0;2;0;0;0;0;0;0;0;0;0;0;-3,805565;-38,44955
349112;28;8;2019;20:14;0;RUA JULIO SILVA;;;;;Queda;;;;Meio de Quadra;;;0;1;0;0;0;0;0;0;0;1;0;0;;
349097;28;8;2019;19:01;0;AV VIS RIO BRANCO;;;2173;;Atropelamento;;;;Meio de Quadra;;;0;1;0;0;0;0;0;0;0;1;0;0;-3,739966;-38,523296
349133;28;8;2019;20:46;0;RUA L CJ VILA VELHA;;;;;Queda;;;;Meio de Quadra;;;0;1;0;0;0;0;0;0;0;1;0;0;;
349134;28;8;2019;21:16;0;RUA RODRIGUES JUNIOR;;;;;Colisão;;;;Meio de Quadra;;;0;0;1;1;0;0;0;0;0;1;0;0;;
348312;28;8;2019;19:10;4269;AV PRS CASTELO BRANCO;RUA ALVARO DE ALENCAR;;;;Colisão Lateral;Via Iluminada;Bom;Seca;T;Não Há Controle;Comercial;0;0;2;1;0;0;1;0;0;0;0;0;-3,711624;-38,55723
348315;28;8;2019;07:15;18755;RUA 35 CJ HAB ST S JOAO;AV B CJ HAB ST SAO JOAO;;;;Colisão Transversal;Luz do Dia;Bom;Seca;Cruz;Pare;Residencial;0;1;2;0;0;0;0;0;0;1;0;0;-3,847111;-38,517948
349064;28;8;2019;06:13;5397;AV DUQ CAXIAS;RUA ASSUNCAO;;;;Queda;Luz do Dia;;;Cruz;Semáforo;Comercial;0;1;0;0;0;0;0;0;0;1;0;0;-3,732405;-38,527952
349065;28;8;2019;06:48;0;RD BR 020;;;;;Queda;Luz do Dia;;;Meio de Quadra;;;0;2;0;0;0;0;0;0;0;1;0;0;;
349085;28;8;2019;14:57;0;AV GAL OSORIO DE PAIVA;;;;;Colisão;Luz do Dia;;;Meio de Quadra;;;0;2;0;0;0;0;0;0;0;0;0;0;;
349086;28;8;2019;15:17;0;AV D CJ JOSE WALTER;;;761;;Queda;Luz do Dia;;;Meio de Quadra;;;0;1;0;0;0;0;0;0;0;1;0;0;-3,830452;-38,559549
349087;28;8;2019;16:30;3175;RUA VITAL BRASIL;RUA LUZIA MOREIRA;;;;Queda;Luz do Dia;;;Cruz;Não Há Controle;Residencial;0;1;0;0;0;1;0;0;0;0;0;0;-3,77942;-38,593017
349073;28;8;2019;07:04;0;RUA JAPI;;;425;;Colisão;Luz do Dia;;;Meio de Quadra;;;0;1;0;1;0;0;0;0;0;1;0;0;-3,783337135;-38,54829296
349074;28;8;2019;07:04;0;AV PERIMETRAL;;;;;Colisão;Luz do Dia;;;Meio de Quadra;;;0;1;0;1;0;0;0;0;0;1;0;0;;
349075;28;8;2019;07:37;0;AV AGUANAMBI;;;332;;Colisão;Luz do Dia;;;Meio de Quadra;;;0;1;0;1;0;0;0;0;0;1;0;0;-3,740026;-38,5249295
349076;28;8;2019;07:45;0;RUA JULIO CESAR D12;;;2256;;Colisão;Luz do Dia;;;Meio de Quadra;;;0;1;0;1;0;1;0;0;0;0;0;0;-3,760740848;-38,551746
349077;28;8;2019;08:11;0;AV DOS EXPEDICIONARIOS;;;468;;Queda;Luz do Dia;;;Meio de Quadra;;;0;1;0;0;0;1;0;0;0;0;0;0;-3,7455819;-38,5352756
349078;28;8;2019;08:58;0;RUA MON HIPOLITO BRASIL;;;55;;Colisão;Luz do Dia;;;Meio de Quadra;;;0;1;0;1;0;0;0;0;0;1;0;0;-3,761184355;-38,57456148
349079;28;8;2019;09:08;1404;RUA CARLOS VASCONCELOS;RUA CATAO MAMEDE;;;;Colisão;Luz do Dia;;;Cruz;Não Há Controle;Residencial;0;2;0;1;0;0;0;0;0;1;0;0;-3,737182;-38,512151
349080;28;8;2019;11:20;17583;RUA PIAUI;RUA ESTADO DO RIO;;;;Colisão;Luz do Dia;;;Cruz;Pare;Residencial;0;1;0;0;0;0;0;0;0;1;0;0;-3,755344;-38,568847
349081;28;8;2019;12:28;0;AV BENJAMIM BRASIL;;;651;;Colisão;Luz do Dia;;;Meio de Quadra;;;0;1;0;1;0;0;0;0;0;1;0;0;-3,80481;-38,56707
349082;28;8;2019;13:18;0;AV HIS RAIMUNDO GIRAO;;;363;;Colisão;Luz do Dia;;;Meio de Quadra;;;0;1;0;0;0;0;0;0;0;0;0;0;-3,7206256;-38,512645
349083;28;8;2019;14:17;0;AV ENG HUMBERTO MONTE;;;1957;;Colisão;Luz do Dia;;;Meio de Quadra;;;0;1;0;0;0;0;1;0;0;1;0;0;-3,743862;-38,564784
348335;29;8;2019;19:00;0;AV JOSE LEON;;;554;;Choque c/ Obstáculo Fixo;;Bom;Seca;Outros;Não Há Controle;Residencial;0;0;1;1;0;0;0;0;0;0;0;0;-3,786641;-38,5068085
348336;29;8;2019;17:00;25480;RUA CEL OLEGARIO MEMORIA;AV PRS ARTUR BERNARDES;;;;Colisão Transversal;Luz do Dia;Bom;Seca;Cruz;Não Há Controle;Comercial;0;1;1;0;0;0;0;0;0;1;0;0;-3,791255;-38,47182
348337;29;8;2019;07:30;25231;AV PRS COSTA E SILVA;AV I CJ JOSE WALTER;;;;Atropelamento;Luz do Dia;Bom;Seca;T;Semáforo;Comercial;0;2;0;0;1;0;0;0;0;0;0;0;-3,823494;-38,550232
349137;29;8;2019;06:49;0;RUA CRAVILANDIA;;;174;;Queda;Luz do Dia;;;Meio de Quadra;;;0;1;0;0;0;1;0;0;0;0;0;0;-3,7491;-38,58589
349160;29;8;2019;08:24;0;RUA JORGE DE SOUSA;;;155;;Colisão;Luz do Dia;;;Meio de Quadra;;;0;1;1;0;0;0;1;0;0;1;0;0;-3,72566;-38,54454
349161;29;8;2019;09:41;0;AV MR HULL;;;;;Colisão;Luz do Dia;;;Meio de Quadra;;;0;1;0;0;0;0;0;0;0;0;0;0;;
349156;29;8;2019;07:42;0;AV JOSE BASTOS;;;;;Colisão;Luz do Dia;;;Meio de Quadra;;;0;1;0;1;0;0;0;0;0;1;0;0;;
349152;29;8;2019;07:32;0;AV PRS COSTA E SILVA;;;;;Colisão;Luz do Dia;;;Meio de Quadra;;;0;1;0;0;0;0;0;0;0;0;0;0;;
349153;29;8;2019;07:40;0;RUA GUSTAVO SAMPAIO;;;1773;;Colisão;Luz do Dia;;;Meio de Quadra;;;0;1;0;1;0;0;0;0;0;1;0;0;-3,736097;-38,560577
349255;29;8;2019;22:26;0;RUA ANTONIO COSTA MENDES (PQ SÃO JOSÉ);;;533;;Colisão;;;;Meio de Quadra;;;0;1;0;0;0;0;0;0;0;1;0;0;-3,789704;-38,58349436
349214;29;8;2019;19:22;329;RUA ALEXANDRE BARAUNA;RUA FRANCISCA CLOTILDE;;;;Atropelamento;;;;Cruz;Pare;Residencial;0;1;0;0;0;1;0;0;0;0;0;0;-3,745033;-38,554975
349207;29;8;2019;18:20;0;RUA PRO HERIBALDO COSTA;;;1720;;Atropelamento;Anoitecer;;;Meio de Quadra;;;0;1;1;0;0;0;0;0;0;1;0;0;-3,766843189;-38,58746114
349204;29;8;2019;18:01;0;RUA JOSIAS PAULA DE SOUZA;;;48;;Atropelamento;Anoitecer;;;Meio de Quadra;;;0;1;0;0;0;0;0;0;0;1;0;0;-3,72884555;-38,47214795
349188;29;8;2019;16:32;0;AV JOSE BASTOS;;;2522;;Atropelamento;Luz do Dia;;;Meio de Quadra;;;0;1;0;0;0;0;0;0;0;1;0;0;-3,743615;-38,5441915
349189;29;8;2019;16:53;0;AV DUQ CAXIAS;;;2000;;Queda;Luz do Dia;;;Meio de Quadra;;;0;1;0;0;0;0;0;0;0;1;0;0;-3,727848484;-38,54206655
349190;29;8;2019;17:00;1605;AV DES MOREIRA;RUA PDE VALDEVINO;;;;Colisão;Anoitecer;;;;;;0;1;0;0;0;0;1;0;0;1;0;0;-3,744098;-38,500877
349191;29;8;2019;17:08;10106;RUA MARIA JULIA;RUA CEL FABRICIANO;;;;Colisão;Anoitecer;;;Cruz;Pare;Comercial;0;1;0;1;0;0;0;0;0;1;0;0;-3,785602;-38,597824
349177;29;8;2019;12:13;14786;RUA STA LIDUINA D42;RUA JOAO AMORA;;;;Atropelamento;Luz do Dia;;;Cruz;Pare;Comercial;0;1;0;0;0;0;0;0;0;1;0;0;-3,799663;-38,585104
349184;29;8;2019;13:55;25933;AV ALM MAXIMIANO DA FONSECA;RUA MARIA ALICE FERRAZ;;;;Colisão;Luz do Dia;;;Cruz;Pare;Residencial;0;2;0;1;0;0;0;0;0;1;0;0;-3,770381;-38,489581
349185;29;8;2019;14:02;0;AV PASTEUR;;;769;;Colisão;Luz do Dia;;;Meio de Quadra;;;0;1;0;1;0;0;0;0;0;1;0;0;-3,712760043;-38,55936004
349195;29;8;2019;17:33;0;RD BR 020;;;;;Queda;Anoitecer;;;Meio de Quadra;;;0;1;0;0;0;0;0;0;0;1;0;0;;
349193;29;8;2019;17:26;0;RUA ROMEU ALDIGUERI;;;101;;Colisão;Anoitecer;;;Meio de Quadra;;;0;2;0;0;0;0;0;0;0;1;0;0;-3,706179941;-38,56740124
349201;29;8;2019;17:58;0;RUA MARIO STUDART;;;430;;Colisão;Anoitecer;;;Meio de Quadra;;;0;1;0;1;0;0;0;0;0;1;0;0;-3,723481218;-38,55184511