COD_ACIDENTE;DIA;MES;ANO;HORA;INTERSECAO;LOG1;LOG2;LOG3;NUMERO;REFERENCIA;NATUREZA;ILUMINACAO;TEMPO;SUPERFICIEPISTA;TIPOCRUZAMENTO;CONTROLETRAFEGO;USOSOLO;MORTOS;FERIDOS;ILESOS;AUTOMOVEL;ONIBUS;BICICLETA;CAMINHAO;MICROONIBUS;CICLOMOTOR;MOTOCICLETA;TRACAOANIMAL;TREM;LATITUDE;LONGITUDE
349169;29;8;2019;11:28;15224;AV BAR STUDART;RUA DEP MOREIRA DA ROCHA;;;;Atropelamento;Luz do Dia;;;Cruz;Semáforo;Comercial;0;1;0;0;0;0;0;0;0;1;0;0;-3,727254;-38,504238
349167;29;8;2019;11:15;0;RUA BAR RIO BRANCO;;;20;;Queda;Luz do Dia;;;Meio de Quadra;;;0;1;1;1;0;0;0;0;0;1;0;0;-3,7575149;-38,5626272
349158;29;8;2019;08:23;0;AV GOV RAUL BARBOSA;;;6801;;Colisão;Luz do Dia;;;Meio de Quadra;;;0;1;0;1;0;0;0;0;0;1;0;0;-3,772728;-38,512483
349164;29;8;2019;10:52;3950;RUA PDE MACEDO;RUA FRE ORLANDO;;;;Atropelamento;Luz do Dia;;;;;;0;1;0;0;0;0;0;0;0;1;0;0;-3,755694;-38,546659
349216;29;8;2019;19:48;0;AV JOSE BASTOS;;;3778;;Colisão;;;;Meio de Quadra;;;0;1;0;1;0;0;0;0;0;1;0;0;-3,7511595;-38,551618
349221;29;8;2019;20:11;0;RUA JULIO SILVA;;;;;Atropelamento;;;;Meio de Quadra;;;0;1;1;0;0;0;0;0;0;1;0;0;;
349239;29;8;2019;21:52;0;RUA MON AGOSTINHO;;;717;;Queda;;;;Meio de Quadra;;;0;1;0;0;0;1;0;0;0;0;0;0;-3,788791849;-38,58388855
349218;29;8;2019;20:01;0;RUA JOSE TORRES;;;925;;Atropelamento;;;;Meio de Quadra;;;0;1;0;0;0;0;0;0;0;1;0;0;-3,779065816;-38,60701892
349234;29;8;2019;21:42;0;RUA DR GILBERTO STUDART;;;1290;;Colisão;;;;Meio de Quadra;;;0;1;0;0;0;0;0;0;0;0;0;0;-3,74489;-38,47704
347577;29;8;2019;08:50;17361;RUA BAR SOBRAL;RUA BAR CANINDE;;0;;Choque c/ Obstáculo Fixo;Luz do Dia;Bom;Seca;Cruz;Pare;Comercial;0;0;1;0;1;0;0;0;0;0;0;0;-3,766148;-38,555751
347578;29;8;2019;07:00;0;AV SAUDADE D68;;;0;;Colisão Traseira;Luz do Dia;Bom;Seca;Não Informado;Não Há Controle;Comercial;0;1;1;1;0;0;0;0;0;1;0;0;;
347579;29;8;2019;22:31;5711;AV OLIVEIRA PAIVA;RUA CHICO LEMOS;;0;;Engavetamento;Via Iluminada;Bom;Seca;Cruz;Semáforo;Comercial;0;0;3;1;0;0;0;0;0;0;0;0;-3,795857;-38,497091
347580;29;8;2019;23:11;0;RUA PEDRO AMERICO;RUA DOM JOSE TUPINAMBA;;0;;Choque c/ Obstáculo Fixo;Via Iluminada;Bom;Seca;T;Pare;Residencial;0;0;1;1;0;0;0;0;0;0;0;0;-3,7130282;-38,5668218
347685;29;8;2019;00:50;0;RUA RIO GRANDE DO SUL;;;1197;;Colisão Lateral;Via Iluminada;Bom;Seca;Meio de Quadra;Não Há Controle;Residencial;0;1;1;1;0;0;0;0;0;0;0;0;-3,7590741;-38,5678516
347590;29;8;2019;19:59;0;RUA PRO DIAS DA ROCHA;;;0;;Colisão Transversal;Via Iluminada;Bom;Seca;Meio de Quadra;Não Há Controle;Comercial;0;0;2;1;0;0;0;0;0;0;0;0;;
347689;29;8;2019;14:00;8652;AV EDILSON B SOARES;RUA MARIO ALENCAR ARARIPE;;;;Colisão;Luz do Dia;Bom;Seca;T;Não Há Controle;Comercial;0;1;1;1;0;0;0;0;0;1;0;0;-3,789298;-38,478792
347690;29;8;2019;05:07;0;TR JOSE PEDRA D44;;;163;;Colisão;Amanhecer;;;Meio de Quadra;;;0;0;1;1;0;0;0;0;0;0;0;0;-3,797311593;-38,54980026
347691;29;8;2019;16:50;0;AV ALM HENRIQUE SABOIA;;;;;Colisão;Luz do Dia;;;Meio de Quadra;;;0;0;1;1;0;0;0;0;0;0;0;0;;
347692;29;8;2019;20:50;9951;RUA BOM JESUS (GRANJA LISBOA);RUA TRES CORACOES;;;;Colisão;;;;Cruz;Pare;Residencial;0;0;1;0;0;0;0;0;0;0;0;0;-3,791182;-38,61121
347695;30;8;2019;20:15;0;AV WASHINGTON SOARES;;;;;Colisão;;;;Meio de Quadra;;;0;0;1;1;0;0;0;0;0;0;0;0;;
347696;30;8;2019;21:00;1094;AV ENG LEAL LIMA VERDE (SAPIRANGA/COITE);RUA ROBERTO GRADVOHL;;;;Colisão Lateral;Via Iluminada;Bom;Seca;Cruz;Pare;Residencial;0;1;1;0;0;0;0;0;0;1;0;0;-3,809191;-38,47454
347697;30;8;2019;22:30;0;AV FRANCISCO SA;;;2430;;Colisão Traseira;Via Iluminada;Bom;Seca;Meio de Quadra;Não Há Controle;Residencial;0;0;4;1;0;0;0;1;0;0;0;0;-3,720778439;-38,54710465
347698;30;8;2019;18:10;0;RUA CEREJEIRAS;;;;;Colisão;Anoitecer;;;Meio de Quadra;;;0;0;1;1;0;0;0;0;0;0;0;0;;
347699;30;8;2019;10:20;10872;RUA 30 DE OUTUBRO;RUA BRI TORRES;;;;Colisão;Luz do Dia;;;;;;0;0;1;0;0;0;0;0;0;0;0;0;-3,76626;-38,580678
347581;30;8;2019;06:34;1450;RUA JOAO CARVALHO;RUA JOSE VILAR;;0;;Colisão Transversal;Amanhecer;Bom;Seca;Cruz;Semáforo;Escola;0;1;0;1;0;0;0;0;0;0;0;0;-3,738318;-38,505477
347582;30;8;2019;08:59;19583;RUA CON DE CASTRO;RUA NEREU RAMOS;;0;;Não Informado;Luz do Dia;Bom;Seca;Cruz;Pare;Residencial;0;0;1;0;0;0;0;0;0;1;0;0;-3,78482;-38,573285
347583;30;8;2019;12:15;9040;RUA JAIME BENEVOLO;RUA PDE MIGUELINHO;;;;Colisão Transversal;Luz do Dia;Bom;Seca;Cruz;Pare;Residencial;0;1;1;1;0;0;0;0;0;1;0;0;-3,744086;-38,529347
347584;30;8;2019;14:22;0;RUA ANTONIO FIUZA;;;1921;;Colisão;Luz do Dia;Bom;Seca;Meio de Quadra;Semáforo;Comercial;0;1;1;1;0;0;0;0;0;1;0;0;-3,76842;-38,55163
347585;30;8;2019;13:19;1261;AV RUI BARBOSA;AV SANTOS DUMONT;;;;Colisão;Luz do Dia;Bom;Seca;Cruz;Semáforo;Comercial;0;2;0;1;0;0;0;0;0;1;0;0;-3,732956;-38,508432
347586;30;8;2019;15:30;25352;AV DEP PAULINO ROCHA;RUA MANOEL AGUIAR PONTES;;;;Colisão Traseira;Luz do Dia;Bom;Seca;T;Semáforo;Comercial;0;1;1;0;0;0;0;0;0;0;0;0;-3,810811;-38,516682
347587;30;8;2019;20:21;10772;RUA FLORIANOPOLIS;RUA PRO HERIBALDO COSTA;;;;Atropelamento;Via Iluminada;Bom;Seca;Cruz;Pare;Residencial;0;1;1;1;0;0;0;0;0;0;0;0;-3,76201;-38,584913
349267;30;8;2019;14:04;12699;AV CEL CARVALHO;AV MAJ ASSIS;;;;Colisão;Luz do Dia;;;Cruz;Semáforo;Comercial;0;1;0;0;0;0;0;0;0;1;0;0;-3,723796;-38,586255
349269;30;8;2019;14:38;0;AV FRANCISCO SA;;;;;Queda;Luz do Dia;;;Meio de Quadra;;;0;1;0;0;0;0;0;0;0;1;0;0;;
349290;30;8;2019;21:50;0;AV GOV PARSIFAL BARROSO;;;;;Queda;;;;Meio de Quadra;;;0;1;0;0;0;0;0;0;0;1;0;0;;
349291;30;8;2019;21:58;0;AV JOR THOMAZ COELHO;;;;;Atropelamento;;;;Meio de Quadra;;;0;1;0;0;1;0;0;0;0;0;0;0;;
349271;30;8;2019;15:02;0;AV PERIMETRAL;;;;;Colisão;Luz do Dia;;;Meio de Quadra;;;0;1;0;0;0;0;1;0;0;1;0;0;;
349272;30;8;2019;15:22;0;AV GODOFREDO MACIEL;;;1547;;Colisão;Luz do Dia;;;Meio de Quadra;;;0;1;0;1;0;0;0;0;0;1;0;0;-3,7860862;-38,5667593
349273;30;8;2019;16:19;0;RUA CEREJEIRAS;;;506;;Colisão;Luz do Dia;;;Meio de Quadra;;;0;1;0;1;0;0;0;0;0;1;0;0;-3,816241522;-38,59529735
349274;30;8;2019;18:21;0;RUA PLACIDO CARVALHO;;;571;;Queda;Anoitecer;;;Meio de Quadra;;;0;1;0;0;0;0;0;0;0;1;0;0;-3,72347;-38,55583
349275;30;8;2019;19:12;0;AV FRANCISCO SA;;;2420;;Colisão;;;;Meio de Quadra;;;0;1;0;1;1;0;0;0;0;0;0;0;-3,720810719;-38,54700482
349276;30;8;2019;19:16;10772;RUA FLORIANOPOLIS;RUA PRO HERIBALDO COSTA;;;;Atropelamento;;;;Cruz;Pare;Residencial;0;1;1;1;0;0;0;0;0;0;0;0;-3,76201;-38,584913
349283;30;8;2019;19:34;0;AV GAL OSORIO DE PAIVA;;;;;Colisão;;;;Meio de Quadra;;;0;1;1;1;0;1;0;0;0;0;0;0;;
349284;30;8;2019;20:23;0;RUA NEREU RAMOS;;;880;;Queda;;;;Meio de Quadra;;;0;1;0;0;0;0;0;0;0;1;0;0;-3,783961;-38,574434
349285;30;8;2019;20:31;15351;RUA CEL JUCA;RUA CANUTO DE AGUIAR;;;;Colisão;;;;Cruz;Gesto;Comercial;0;1;0;0;0;0;0;0;0;0;0;0;-3,732493;-38,489663
349287;30;8;2019;20:50;0;AV DR SILAS MUNGUBA;;;1199;;Colisão;;;;Meio de Quadra;;;0;2;0;0;0;0;0;0;0;0;0;0;-3,782377;-38,555434
349288;30;8;2019;21:46;0;RUA ALBERTO MAGNO;;;68;;Colisão;;;;Meio de Quadra;;;0;1;0;1;0;0;0;0;0;1;0;0;-3,755469286;-38,54171829
349256;30;8;2019;07:00;0;RUA CON DE CASTRO;;;2834;;Colisão;Luz do Dia;;;Meio de Quadra;;;0;1;0;0;0;0;0;0;0;0;0;0;-3,793924;-38,581675
349257;30;8;2019;07:02;0;RUA AUGUSTA BENEVIDES;;;1162;;Atropelamento;Luz do Dia;;;Meio de Quadra;;;0;1;0;1;0;0;0;0;0;0;0;0;-3,84988;-38,50247
349258;30;8;2019;07:37;0;RUA VALPARAISO;;;;;Colisão;Luz do Dia;;;Meio de Quadra;;;0;2;0;0;0;0;1;0;0;1;0;0;;
349259;30;8;2019;07:44;0;RUA CON DE CASTRO;;;1476;;Atropelamento;Luz do Dia;;;Meio de Quadra;;;0;1;1;0;0;0;0;0;0;1;0;0;-3,8005262;-38,5878408
349260;30;8;2019;12:15;0;RUA AMARO CAVALCANTI;;;146;;Atropelamento;Luz do Dia;;;Meio de Quadra;;;0;1;0;1;0;0;0;0;0;0;0;0;-3,724179481;-38,55326705
349261;30;8;2019;13:01;0;RD BR 116;;;;;Queda;Luz do Dia;;;Meio de Quadra;;;0;1;0;0;0;0;0;0;0;1;0;0;;
349262;30;8;2019;13:32;0;RUA ANTONIO FIUZA;;;;;Colisão;Luz do Dia;;;Meio de Quadra;;;0;1;0;1;0;0;0;0;0;1;0;0;;
349264;30;8;2019;14:00;0;RD QUARTO ANEL VIARIO;;;1670;;Colisão;Luz do Dia;;;Meio de Quadra;;;0;1;0;1;0;0;0;0;0;1;0;0;-3,863244017;-38,52489575
348348;30;8;2019;17:10;25254;RUA JOAQUIM DE FIGUEIREDO FILHO;RUA CRISANTO M DA ROCHA;;;;Colisão Lateral;Anoitecer;Bom;Seca;Rotatória;Dê Preferência;Residencial;0;0;2;1;0;0;0;0;0;0;0;0;;
348398;30;8;2019;19:50;0;RUA RAIMUNDO PINHEIRO;;;663;;Choque c/ Obstáculo Fixo;Via Iluminada;Bom;Seca;Meio de Quadra;Não Há Controle;Residencial;0;0;1;0;0;0;1;0;0;0;0;0;-3,7932577;-38,5984126
348396;30;8;2019;07:15;0;AV PRS COSTA E SILVA;;;;;Colisão Traseira;Luz do Dia;Bom;Seca;Meio de Quadra;Outros;Residencial;0;1;0;1;0;0;0;0;0;1;0;0;;
348404;31;8;2019;00:30;17297;AV PRO GOMES DE MATOS;RUA EDUARDO ANGELIM;;;;Colisão Transversal;Via Iluminada;Bom;Seca;Cruz;Pare;Comercial;0;1;2;1;0;0;0;0;0;1;0;0;-3,763719;-38,547809
348410;31;8;2019;10:25;0;AV PRS CASTELO BRANCO;;;2712;;Colisão Transversal;Luz do Dia;Bom;Seca;Meio de Quadra;Não Há Controle;Residencial;0;1;1;1;0;0;0;0;0;1;0;0;-3,712687849;-38,5520523
348407;31;8;2019;13:50;15142;AV MON TABOSA;RUA MON BRUNO;;;;Colisão Transversal;Luz do Dia;;;Cruz;Pare;Comercial;0;0;2;1;0;0;0;1;0;0;0;0;-3,724369;-38,506833
348408;31;8;2019;14:49;13177;AV D CJ JOSE WALTER;AV I CJ JOSE WALTER;;;;Colisão Traseira;Luz do Dia;Bom;Seca;Cruz;Semáforo;Residencial;0;1;1;1;0;0;0;0;0;1;0;0;-3,83244;-38,552957
349295;31;8;2019;09:05;0;RUA DO CANAL (TAUAPE);;;210;;Colisão;Luz do Dia;;;Meio de Quadra;;;0;1;1;0;0;0;0;0;0;1;0;0;-3,762125;-38,51351
349305;31;8;2019;10:32;0;AV L CJ CEARA;;;;;Colisão;Luz do Dia;;;Meio de Quadra;;;0;1;0;1;0;0;0;0;0;1;0;0;;
349298;31;8;2019;09:35;0;AV EDUARDO GIRAO;;;88;;Queda;Luz do Dia;;;Meio de Quadra;;;0;1;0;0;0;0;0;0;0;1;0;0;-3,750325408;-38,53754797
349326;31;8;2019;14:43;0;AV MR HULL;;;5626;;Colisão;Luz do Dia;;;Meio de Quadra;;;0;1;0;0;0;0;0;0;0;1;0;0;-3,740116571;-38,59466018
349324;31;8;2019;14:21;0;AV MOZART PINHEIRO DE LUCENA;;;;;Outros;Luz do Dia;;;Meio de Quadra;;;0;1;0;0;0;0;0;0;0;1;0;0;;
349321;31;8;2019;13:45;0;AV ENG HUMBERTO MONTE;;;;;Queda;Luz do Dia;;;Meio de Quadra;;;0;1;0;0;0;0;0;0;0;1;0;0;;
349316;31;8;2019;11:35;0;AV MR HULL;;;;;Atropelamento de Animal;Luz do Dia;;;Meio de Quadra;;;0;1;0;0;0;0;0;0;0;1;0;0;;
349292;31;8;2019;00:13;0;RUA LEANDRO HENRIQUE;;;1100;;Colisão;;;;Meio de Quadra;;;0;1;0;0;0;0;0;0;0;1;0;0;;
349293;31;8;2019;00:24;0;AV PRO GOMES DE MATOS;;;1300;;Atropelamento;;;;Meio de Quadra;;;0;1;0;0;0;0;0;0;0;1;0;0;-3,763719;-38,547809
349371;31;8;2019;19:55;0;AV PERIMETRAL;;;1009;;Atropelamento;;;;Meio de Quadra;;;0;1;0;1;0;0;0;0;0;0;0;0;-3,78482;-38,589809
349375;31;8;2019;20:49;0;RUA PRO EDGAR DE ARRUDA;;;927;;Colisão;;;;Meio de Quadra;;;0;1;0;0;0;0;0;0;0;1;0;0;-3,759016;-38,583335
349379;31;8;2019;21:11;21513;RUA SAO FIDELIS D71;RUA RAIMUNDO ARISTIDES;;;;Colisão;;;;;;;0;1;0;1;0;0;0;0;0;1;0;0;-3,818727;-38,591001
349382;31;8;2019;21:15;0;RUA CEL FABRICIANO;;;1692;;Atropelamento;;;;Meio de Quadra;;;0;1;0;0;0;0;0;0;0;1;0;0;-3,783041;-38,606869
349340;31;8;2019;15:16;15309;RUA JOSE VILAR;RUA TEN BENEVOLO;;;;Colisão;Luz do Dia;;;Cruz;Semáforo;Residencial;0;1;0;0;0;0;0;0;0;0;0;0;-3,730049;-38,502809
349345;31;8;2019;16:20;1257;RUA SILVA PAULET;RUA COSTA BARROS;;;;Colisão;Luz do Dia;;;Cruz;Não Há Controle;Residencial;0;1;1;1;0;0;0;0;0;1;0;0;-3,732565;-38,504799
349343;31;8;2019;15:57;0;RUA BAR CRATO;;;1060;;Colisão;Luz do Dia;;;Meio de Quadra;;;0;1;0;0;0;0;0;0;0;0;0;0;-3,721069;-38,55855068
349349;31;8;2019;16:36;0;AV ENG LUIS VIEIRA;;;555;;Colisão;Luz do Dia;;;Meio de Quadra;;;0;1;0;1;0;0;0;0;0;1;0;0;-3,75295;-38,51547
349351;31;8;2019;17:12;0;AV AGUANAMBI;;;800;;Colisão;Anoitecer;;;Meio de Quadra;;;0;1;0;0;0;0;0;0;0;0;0;0;-3,743759208;-38,5256721
349354;31;8;2019;17:28;9131;AV 13 DE MAIO;AV LUCIANO CARNEIRO;;;;Colisão;Anoitecer;;;Cruz;Semáforo;Comercial;0;1;0;1;0;0;0;0;0;1;0;0;-3,747615;-38,531331
349356;31;8;2019;17:42;0;AV JOAO PESSOA;;;;;Colisão;Anoitecer;;;Meio de Quadra;;;0;2;0;0;0;0;0;0;0;0;0;0;;
349357;31;8;2019;18:01;0;AV FRANCISCO SA;;;5855;;Queda;Anoitecer;;;Meio de Quadra;;;0;1;0;0;0;1;0;0;0;0;0;0;-3,71045;-38,577688
349358;31;8;2019;18:40;0;RUA BOLEVAR;;;236;;Choque c/ Obstáculo Fixo;;;;Meio de Quadra;;;0;1;0;1;0;0;0;0;0;0;0;0;-3,81533;-38,55486
349359;31;8;2019;18:45;0;RUA CAR ARCO VERDE;;;33;;Queda;;;;Meio de Quadra;;;0;1;0;0;0;0;0;0;0;1;0;0;-3,749235609;-38,59205765
349360;31;8;2019;18:51;0;RD BR 116;;;9535;;Atropelamento;;;;Meio de Quadra;;;0;2;0;0;0;0;0;0;0;1;0;0;;
349364;31;8;2019;19:01;5137;RUA GAL BEZERRIL;RUA CASTRO E SILVA;;;;Atropelamento;;;;Cruz;Pare;Comercial;0;1;0;0;0;0;0;0;0;1;0;0;-3,724461;-38,525536
349366;31;8;2019;19:16;9653;RUA BOM JESUS (GRANJA LISBOA);RUA FRANCISCO PAIVA;;;;Colisão;;;;Cruz;Pare;Residencial;0;1;1;0;0;0;0;0;0;1;0;0;-3,790241;-38,614088
349369;31;8;2019;19:30;0;RUA BERNARDO MANUEL;;;8740;;Colisão;;;;Meio de Quadra;;;0;2;0;1;0;0;0;0;0;1;0;0;-3,8255795;-38,5591799
347588;31;8;2019;00:59;0;AV DR SILAS MUNGUBA;;;5900;;Choque c/ Obstáculo Fixo;Via Iluminada;Bom;Seca;Meio de Quadra;Não Há Controle;Residencial;0;1;0;1;0;0;0;0;0;0;0;0;-3,804268;-38,5274935
347589;31;8;2019;15:12;0;RUA POMPILIO GOMES;;;1596;;Colisão Traseira;Luz do Dia;Bom;Seca;Meio de Quadra;Não Há Controle;Residencial;0;1;0;1;0;0;0;0;0;1;0;0;-3,825754212;-38,52115636
349388;31;8;2019;22:37;11035;RUA GERMANO FRANCK;RUA JULIO VERNE;;;;Colisão;;;;Cruz;Pare;Comercial;0;2;0;0;0;0;0;0;0;1;0;0;-3,7745767;-38,5588603
349385;31;8;2019;22:00;0;RUA VALPARAISO;;;2468;;Queda;;;;Meio de Quadra;;;0;1;0;0;0;1;0;0;0;0;0;0;;
349392;31;8;2019;23:17;19173;RUA ALMEIDA PRADO;RUA LAURO NOGUEIRA;;;;Atropelamento;;;;Cruz;Semáforo;Comercial;0;1;0;1;0;0;0;0;0;0;0;0;-3,741333;-38,474392
347158;31;8;2019;20:20;0;RD QUARTO ANEL VIARIO;;;;;Colisão;;;;Meio de Quadra;;;1;0;1;1;0;0;0;0;0;1;0;0;-3,863304179;-38,52463228
350216;1;9;2019;12:00;0;AV GAL OSORIO DE PAIVA;;;;;Colisão;Luz do Dia;;;Meio de Quadra;;;0;0;1;0;0;0;0;0;0;1;0;0;;
349205;1;9;2019;22:38;12445;AV SEN FERNANDES TAVORA;TR HELENA DE MARIA;;;;Colisão;;;;T;Pare;Comercial;0;1;1;1;0;0;0;0;0;1;0;0;-3,766094;-38,574916
349208;1;9;2019;23:22;5220;RUA BAR RIO BRANCO;RUA GUILHERME ROCHA;;;;Queda;;;;Duplo T;Semáforo;Comercial;0;1;0;0;0;1;0;0;0;0;0;0;-3,726869;-38,528399
349165;1;9;2019;02:21;0;AV I CJ JOSE WALTER;;;1219;;Queda;;;;Meio de Quadra;;;0;1;0;0;0;0;0;0;0;1;0;0;-3,835398;-38,553829
349166;1;9;2019;06:46;18528;AV ENG HUMBERTO MONTE;AV BEZERRA DE MENEZES;;;;Queda;Luz do Dia;;;Outros;Não Há Controle;Comercial;0;1;0;0;0;0;0;0;0;1;0;0;-3,736609;-38,569025
349163;1;9;2019;01:55;0;RUA MARANHAO;;;373;;Colisão;;;;Meio de Quadra;;;0;1;1;1;0;0;0;0;0;1;0;0;-3,75599861;-38,56522305
349170;1;9;2019;10:43;0;AV HERACLITO GRACA;;;785;;Colisão;Luz do Dia;;;Meio de Quadra;;;0;1;1;1;0;0;0;0;0;0;0;0;-3,7355907;-38,517991
349180;1;9;2019;14:52;0;AV MR HULL;;;5764;;Colisão;Luz do Dia;;;Meio de Quadra;;;0;1;1;1;0;0;0;0;0;0;0;0;-3,740213;-38,59534
349181;1;9;2019;14:57;0;RUA MON DANTAS;;;100;;Colisão;Luz do Dia;;;Meio de Quadra;;;0;1;1;1;0;0;0;0;0;0;0;0;-3,72013;-38,54555
349182;1;9;2019;16:42;0;RUA OSVALDO CRUZ;;;3430;;Colisão;Luz do Dia;;;Meio de Quadra;;;0;1;1;1;0;0;0;0;0;1;0;0;-3,75462;-38,50644
349183;1;9;2019;18:31;13293;RUA 66 CJ JOSE WALTER;RUA 83 CJ JOSE WALTER;;;;Colisão;;;;;;;0;1;0;0;0;0;0;0;0;0;0;0;-3,83845;-38,561089
349172;1;9;2019;11:46;0;AV HEROIS DO ACRE;;;716;;Colisão;Luz do Dia;;;Meio de Quadra;;;0;1;1;1;0;0;0;0;0;1;0;0;-3,803173;-38,535023
349173;1;9;2019;13:22;1359;RUA JOAO CARVALHO;RUA CARLOS VASCONCELOS;;;;Colisão;Luz do Dia;;;Cruz;Pare;Comercial;0;1;1;1;0;0;0;0;0;1;0;0;-3,736251;-38,511844
349174;1;9;2019;14:13;0;RUA MANUEL COSTA;;;491;;Queda;Luz do Dia;;;Meio de Quadra;;;0;1;0;0;0;1;0;0;0;0;0;0;-3,86025;-38,49246
349175;1;9;2019;14:20;0;RUA CANDIDO MAIA;;;294;;Queda;Luz do Dia;;;Meio de Quadra;;;0;1;0;0;0;0;0;0;0;1;0;0;-3,737428;-38,5904072
349176;1;9;2019;14:21;0;RUA URSULA GARCIA;;;167;;Choque c/ Obstáculo Fixo;Luz do Dia;;;Meio de Quadra;;;0;1;0;0;0;0;0;0;0;1;0;0;-3,765257917;-38,56174106
349202;1;9;2019;22:06;0;AV ENG HUMBERTO MONTE;;;2450;;Colisão;;;;Meio de Quadra;;;0;1;1;1;0;0;0;0;0;1;0;0;-3,7417775;-38,566743
349203;1;9;2019;22:13;0;AV JOVITA FEITOSA;;;2445;;Colisão;;;;Meio de Quadra;;;0;1;1;1;0;0;0;0;0;1;0;0;-3,740414667;-38,559306
349194;1;9;2019;18:45;0;RUA PDE PERDIGAO SAMPAIO;;;1168;;Colisão;;;;Meio de Quadra;;;0;1;1;0;0;0;0;0;0;1;0;0;-3,72658;-38,5891
349196;1;9;2019;18:46;0;VL STA ELISA D04;;;1015;;Colisão;;;;Meio de Quadra;;;0;1;0;0;0;0;0;0;0;0;0;0;-3,7053;-38,56267
349197;1;9;2019;18:47;0;AV WASHINGTON SOARES;;;;;Colisão;;;;Meio de Quadra;;;0;1;1;1;0;0;0;0;0;1;0;0;;
349198;1;9;2019;21:16;0;AV H CJ JOSE WALTER;;;211;;Queda;;;;Meio de Quadra;;;0;1;0;0;0;0;0;0;0;1;0;0;-3,84151875;-38,55781125
349199;1;9;2019;21:33;0;AV CASTELO DE CASTRO;;;;;Queda;;;;Meio de Quadra;;;0;1;0;0;0;1;0;0;0;0;0;0;;
349200;1;9;2019;21:36;0;AV L CJ JOSE WALTER;;;62;CAIXA D'ÁGUA;Colisão;;;;Meio de Quadra;;;0;1;0;0;0;0;0;0;0;1;0;0;-3,8249936;-38,5557344
349178;1;9;2019;14:42;0;RUA 15 DE NOVEMBRO;;;;;Colisão;Luz do Dia;;;Meio de Quadra;;;0;1;1;1;0;0;0;0;0;1;0;0;;
349192;1;9;2019;18:41;0;AV AUGUSTO DOS ANJOS;;;2250;;Colisão;;;;Meio de Quadra;;;0;1;1;1;0;0;0;0;0;1;0;0;-3,786273;-38,584272
348385;1;9;2019;20:00;25642;AV AUGUSTO DOS ANJOS;RUA JOSE JULIO FROTA;;;;Colisão Lateral;Via Iluminada;Bom;Seca;T;Pare;Comercial;0;0;2;1;0;0;0;0;0;1;0;0;-3,786002;-38,58409
348377;1;9;2019;15:15;11840;RUA MON DANTAS;RUA DNA MAROQUINHA;;;;Colisão Lateral;Luz do Dia;Bom;;Cruz;Pare;Residencial;0;0;2;1;0;0;0;0;0;0;0;0;-3,720021;-38,545833
348334;1;9;2019;07:15;0;RUA JOSE ACIOLY;;;;;Choque c/ Obstáculo Fixo;Luz do Dia;Nublado;Seca;Meio de Quadra;Não Há Controle;Residencial;0;0;1;1;0;0;0;0;0;0;0;0;;
348346;1;9;2019;16:35;5424;RUA BAR RIO BRANCO;RUA METON DE ALENCAR;;;;Colisão Transversal;Luz do Dia;Bom;Seca;Cruz;Semáforo;Comercial;0;1;1;1;0;0;0;0;0;0;0;0;-3,733701;-38,530563
348320;1;9;2019;09:00;0;AV GAL OSORIO DE PAIVA;;;4182;;Colisão Traseira;Luz do Dia;Bom;Seca;;;;0;1;1;1;0;0;0;0;0;1;0;0;-3,793234323;-38,59088566
348387;2;9;2019;07:30;13263;AV L CJ JOSE WALTER;RUA 62 CJ JOSE WALTER;;;;Colisão Transversal;Amanhecer;Bom;Seca;T;Pare;Residencial;0;0;2;0;1;0;0;0;0;1;0;0;-3,837155;-38,559342
348388;2;9;2019;19:54;0;RUA 15 CJ JOSE WALTER;;;;;Colisão Lateral;Via Iluminada;Bom;Seca;;;;0;1;1;1;1;0;0;0;0;0;0;0;;
349210;2;9;2019;06:25;0;RUA MARIA GOMES DE SA;;;;;Queda;Luz do Dia;;;Meio de Quadra;;;0;1;0;0;0;0;0;0;0;1;0;0;;
349211;2;9;2019;06:43;0;RUA JOSE HIPOLITO;;;;;Atropelamento;Luz do Dia;;;Meio de Quadra;;;0;1;1;0;0;0;0;0;0;1;0;0;;
349229;2;9;2019;07:06;0;AV DR SILAS MUNGUBA;;;5011;;Queda;Luz do Dia;;;Meio de Quadra;;;0;1;0;0;0;0;0;0;0;1;0;0;-3,797120078;-38,53162736
349230;2;9;2019;07:17;0;RUA PRO DOMINGOS BONIFACIO;;;149;;Queda;Luz do Dia;;;Meio de Quadra;;;0;1;0;0;0;0;0;0;0;1;0;0;-3,713874035;-38,55893289
349231;2;9;2019;07:26;0;RUA STA ELISA D21;;;1097;;Queda;Luz do Dia;;;Meio de Quadra;;;0;1;0;0;0;0;0;0;0;1;0;0;-3,705380074;-38,56244335
349232;2;9;2019;07:27;0;AV GOV RAUL BARBOSA;;;5380;;Colisão;Luz do Dia;;;Meio de Quadra;;;0;1;0;0;0;0;0;0;0;1;0;0;-3,765805;-38,5090025
349233;2;9;2019;07:30;0;RD BR 116;;;;;Queda;Luz do Dia;;;Meio de Quadra;;;0;1;0;0;0;0;0;0;0;1;0;0;;