COD_ACIDENTE;DIA;MES;ANO;HORA;INTERSECAO;LOG1;LOG2;LOG3;NUMERO;REFERENCIA;NATUREZA;ILUMINACAO;TEMPO;SUPERFICIEPISTA;TIPOCRUZAMENTO;CONTROLETRAFEGO;USOSOLO;MORTOS;FERIDOS;ILESOS;AUTOMOVEL;ONIBUS;BICICLETA;CAMINHAO;MICROONIBUS;CICLOMOTOR;MOTOCICLETA;TRACAOANIMAL;TREM;LATITUDE;LONGITUDE
349121;2;9;2019;14:05;0;RD CE-040;;;4;KM-04;Colisão;Luz do Dia;;;Meio de Quadra;;;0;2;0;0;0;0;0;0;0;1;0;0;-3,791613156;-38,48033084
349367;2;9;2019;22:36;50;RUA HIPOLITO PAMPLONA;RUA CEL JOAQUIM FRANKLIN;;;;Queda;;;;Meio de Quadra;Não Há Controle;Residencial;0;1;0;0;0;0;0;0;0;1;0;0;-3,743697;-38,596316
349365;2;9;2019;21:08;5188;RUA NOGUEIRA ACIOLI;RUA TEN BENEVOLO;;;;Colisão;;;;Cruz;Pare;Residencial;0;1;0;0;0;0;0;0;0;0;0;0;-3,725858;-38,515591
349362;2;9;2019;20:22;17562;RUA ESPIRITO SANTO;RUA PARA;;;;Colisão;;;;Cruz;Pare;Residencial;0;1;1;0;0;0;0;0;0;1;0;0;-3,752593;-38,567954
349363;2;9;2019;21:08;0;AV DR THEBERGE;;;4474;;Colisão;;;;Meio de Quadra;;;0;1;1;0;0;0;0;0;0;1;0;0;;
349355;2;9;2019;19:13;0;AV ANTONIO SALES;;;3510;;Colisão;;;;Meio de Quadra;;;0;1;1;1;0;0;0;0;0;1;0;0;-3,748462;-38,492552
349352;2;9;2019;16:56;0;AV WASHINGTON SOARES;;;7187;;Colisão;Luz do Dia;;;Meio de Quadra;;;0;1;1;1;0;0;0;0;0;1;0;0;-3,819319;-38,482461
349353;2;9;2019;17:44;0;RUA PRO LINO ENCARNACAO;;;;;Colisão;Anoitecer;;;Meio de Quadra;;;0;1;1;1;0;0;0;0;0;1;0;0;;
349350;2;9;2019;16:37;6722;AV ENG SANTANA JUNIOR;RUA DR GILBERTO STUDART;;;;Choque c/ Obstáculo Fixo;Luz do Dia;;;Outros;Pare;Comercial;0;1;0;1;0;0;0;0;0;0;0;0;-3,741972;-38,486048
349346;2;9;2019;15:03;0;AV DOS EXPEDICIONARIOS;;;3368;;Colisão;Luz do Dia;;;Meio de Quadra;;;0;1;1;1;0;0;0;0;0;1;0;0;-3,747745;-38,535932
349347;2;9;2019;15:57;0;RUA VALPARAISO;;;;;Atropelamento de Animal;Luz do Dia;;;Meio de Quadra;;;0;1;0;0;0;0;0;0;0;1;0;0;;
349348;2;9;2019;16:14;0;AV ENG HUMBERTO MONTE;;;28;;Queda;Luz do Dia;;;Meio de Quadra;;;0;1;0;0;0;0;0;0;0;1;0;0;-3,74961;-38,5599
349338;2;9;2019;14:20;0;AV I CJ CEARA;;;191;;Atropelamento;Luz do Dia;;;Meio de Quadra;;;0;1;1;1;0;0;0;0;0;0;0;0;-3,765965188;-38,59892
349329;2;9;2019;12:24;0;AV JOSE BASTOS;;;;;Queda;Luz do Dia;;;Meio de Quadra;;;0;1;0;0;0;0;0;0;0;1;0;0;;
349330;2;9;2019;12:49;0;AV JOSE LEON;;;175;;Colisão;Luz do Dia;;;Meio de Quadra;;;0;1;1;1;0;0;0;0;0;1;0;0;-3,786839;-38,509475
349336;2;9;2019;14:05;0;AV WASHINGTON SOARES;;;;;Colisão;Luz do Dia;;;Meio de Quadra;;;0;1;0;0;0;0;0;0;0;0;0;0;;
349373;2;9;2019;23:30;10109;RUA RAIMUNDO PINHEIRO;RUA LUMINOSA;;;;Atropelamento;;;;;;;0;1;1;0;0;0;0;0;0;1;0;0;-3,78751;-38,596622
349235;2;9;2019;07:41;0;AV GAL OSORIO DE PAIVA;;;5561;;Queda;Luz do Dia;;;Meio de Quadra;;;0;1;0;0;0;0;0;0;0;1;0;0;-3,805482;-38,602834
349236;2;9;2019;07:56;0;AV AGUANAMBI;;;;;Colisão;Luz do Dia;;;Meio de Quadra;;;0;1;1;1;0;0;0;0;0;0;0;0;;
349237;2;9;2019;08:00;0;RUA PRO GOMES BRASIL;;;;;Colisão;Luz do Dia;;;Meio de Quadra;;;0;1;1;1;0;0;0;0;0;1;0;0;;
349238;2;9;2019;08:13;0;AV ABOLICAO;;;2432;;Colisão;Luz do Dia;;;Meio de Quadra;;;0;1;0;0;0;0;0;0;0;0;0;0;-3,72669;-38,497445
349219;2;9;2019;06:43;1493;AV PDE ANTONIO TOMAS;RUA OSVALDO CRUZ (ALDEOTA);;;;Colisão;Luz do Dia;;;Cruz;Semáforo;Comercial;0;1;1;1;0;0;0;0;0;1;0;0;-3,739538;-38,501588
349220;2;9;2019;07:02;0;RUA EMILIO DE MENESES;;;1372;;Colisão;Luz do Dia;;;Meio de Quadra;;;0;1;1;1;0;0;0;0;0;1;0;0;-3,779977;-38,5937095
349317;2;9;2019;11:00;0;RUA 15 DE NOVEMBRO;;;813;;Queda;Luz do Dia;;;Meio de Quadra;;;0;1;0;0;0;0;0;0;0;1;0;0;-3,769909;-38,553169
349319;2;9;2019;11:22;0;AV MR HULL;;;;;Atropelamento;Luz do Dia;;;Meio de Quadra;;;0;1;1;0;0;0;0;0;0;1;0;0;;
349322;2;9;2019;11:39;0;RUA PRO HERIBALDO COSTA;;;569;;Queda;Luz do Dia;;;Meio de Quadra;;;0;1;0;0;0;0;0;0;0;1;0;0;-3,757556098;-38,5825439
349327;2;9;2019;12:17;15189;AV ABOLICAO;RUA FRE MANSUETO;;;;Colisão;Luz do Dia;;;Cruz;Semáforo;Comercial;0;1;1;1;0;0;0;0;0;1;0;0;-3,726368;-38,489324
349332;2;9;2019;12:49;0;AV RUI BARBOSA;;;1445;;Queda;Luz do Dia;;;Meio de Quadra;;;0;1;0;0;0;0;0;0;0;1;0;0;-3,7351978;-38,50915828
349314;2;9;2019;10:32;0;RUA DES FELIX CANDIDO;;;10378;;Colisão;Luz do Dia;;;Meio de Quadra;;;0;1;1;0;0;0;0;0;0;1;0;0;;
349312;2;9;2019;09:34;0;AV MR HULL;;;5555;;Colisão;Luz do Dia;;;Meio de Quadra;;;0;1;1;1;0;0;0;0;0;1;0;0;-3,740010813;-38,59396
350212;2;9;2019;07:37;0;AV DA UNIVERSIDADE;;;3150;;Colisão;Luz do Dia;;;Meio de Quadra;;;0;0;1;1;0;0;0;0;0;0;0;0;-3,7432665;-38,5412027
350213;2;9;2019;15:20;0;AV GODOFREDO MACIEL;;;2900;;Colisão;Luz do Dia;;;Meio de Quadra;;;0;0;1;0;0;0;0;0;0;0;0;0;-3,799374;-38,57081
350089;2;9;2019;09:40;0;RD BR 116;;;15000;KM-15;Colisão;Luz do Dia;;;Meio de Quadra;;;0;2;0;0;0;0;0;0;0;1;0;0;-3,882329;-38,501113
350614;2;9;2019;08:27;9176;AV AGUANAMBI;AV EDUARDO GIRAO;;;;Colisão Lateral;Luz do Dia;Nublado;Molhada;Rotatória;Semáforo;Comercial;0;0;2;1;0;0;0;0;0;0;0;0;-3,756564;-38,523564
350615;2;9;2019;08:45;0;AV JOR THOMAZ COELHO;AV CASTELO DE CASTRO;;0;;Colisão Traseira;Luz do Dia;Nublado;Seca;Meio de Quadra;Semáforo;Comercial;0;1;2;0;0;0;1;0;0;1;0;0;-3,828703;-38,521263
350616;2;9;2019;07:33;3856;AV DA UNIVERSIDADE;RUA PDE FRANCISCO PINTO;;0;;Colisão Transversal;Luz do Dia;Nublado;Molhada;Cruz;Semáforo;Comercial;0;1;1;1;1;0;0;0;0;0;0;0;-3,742799;-38,540777
350617;2;9;2019;14:14;0;AV GODOFREDO MACIEL;;;2900;;Colisão Transversal;Luz do Dia;Bom;Seca;Meio de Quadra;Pare;Comercial;0;0;2;1;0;0;0;0;0;0;0;0;-3,799374;-38,57081
350618;2;9;2019;16:29;3883;AV DOS EXPEDICIONARIOS;RUA COSTA SOUZA;;;;Colisão Lateral;Luz do Dia;Bom;Seca;T;Pare;Comercial;0;1;1;1;0;0;0;0;0;1;0;0;-3,747745;-38,535932
350619;2;9;2019;20:05;0;AV ANTONIO SALES;;;3510;;Colisão Transversal;Via Iluminada;Bom;Seca;Meio de Quadra;Não Há Controle;Residencial;0;1;1;1;0;0;0;0;0;1;0;0;-3,748462;-38,492552
350620;2;9;2019;19:43;6722;RUA DR GILBERTO STUDART;AV ENG SANTANA JUNIOR;;;;Colisão Lateral;Mal Iluminada;Bom;Seca;Outros;Não Há Controle;Comercial;0;1;1;1;0;0;0;0;0;1;0;0;-3,741972;-38,486048
350622;2;9;2019;19:07;17732;RUA 112 CJ TUPAN MIRIM;RUA 113 CJ TUPAN MIRIM;;0;;Colisão Transversal;Via Iluminada;Bom;Seca;Cruz;Não Há Controle;Comercial;0;0;2;1;0;0;0;0;0;1;0;0;-3,801424;-38,54758
350623;2;9;2019;16:40;19411;AV GAL OSORIO DE PAIVA;RUA JULIO BRAGA;;0;FROTINHA DA PARANGABA;Colisão Transversal;Luz do Dia;Bom;Seca;T;Semáforo;Comercial;0;1;1;1;0;0;0;0;0;1;0;0;-3,77879;-38,571513
350628;2;9;2019;09:56;0;AV PONTES VIEIRA;;;825;;Não Informado;Luz do Dia;Chuva;Molhada;Cruz;Semáforo;Comercial;0;0;2;1;0;0;0;0;0;0;0;0;-3,752735;-38,513542
350663;2;9;2019;09:15;5052;RUA GAL SAMPAIO;RUA SEN JAGUARIBE;;;;Colisão Transversal;Luz do Dia;Bom;Seca;Cruz;Pare;Comercial;0;1;1;1;0;0;0;0;0;1;0;0;-3,721297;-38,529141
350636;3;9;2019;08:35;0;AV GOV RAUL BARBOSA;;;0;;Não Informado;Luz do Dia;Bom;Seca;Outros;Não Há Controle;Residencial;0;0;1;1;0;0;0;0;0;1;0;0;;
350624;3;9;2019;17:30;23791;RUA RAIMUNDO NERY;RUA COSTA FREIRE;;0;;Colisão Transversal;Anoitecer;Bom;Seca;Cruz;Pare;Comercial;0;1;1;1;0;0;0;0;0;1;0;0;-3,794144;-38,586423
350625;3;9;2019;16:50;10772;RUA PRO HERIBALDO COSTA;RUA FLORIANOPOLIS;;;;Colisão Lateral;Luz do Dia;Bom;Seca;Cruz;Pare;Residencial;0;1;1;1;0;0;0;0;0;1;0;0;-3,76201;-38,584913
350626;3;9;2019;20:49;0;AV CARAPINIMA;;;658;;Não Informado;Via Iluminada;Bom;Seca;Outros;Não Há Controle;Comercial;0;1;1;1;0;0;0;0;0;1;0;0;-3,7389472;-38,5391738
350627;3;9;2019;17:20;0;AV SGT HERMINIO SAMPAIO;;;1690;;Colisão Traseira;Anoitecer;Bom;Seca;Meio de Quadra;Não Há Controle;Residencial;0;2;1;1;0;0;0;0;0;1;0;0;-3,7254946;-38,5557476
350621;3;9;2019;13:20;5436;RUA JAIME BENEVOLO;RUA GAL CLARINDO DE QUEIROZ;;;;Colisão Transversal;Luz do Dia;Bom;Seca;Cruz;Pare;Comercial;0;0;2;0;0;0;0;0;0;1;0;0;-3,73406;-38,526017
350218;3;9;2019;20:00;0;RUA CHICO XAVIER;;;351;;Colisão;;;;Meio de Quadra;;;0;0;1;0;0;0;0;0;0;0;0;0;-3,7014848;-38,5809514
350220;3;9;2019;20:30;23791;RUA RAIMUNDO NERY;RUA COSTA FREIRE;;;;Colisão;;;;Cruz;Não Há Controle;Comercial;0;0;1;0;0;0;0;0;0;1;0;0;-3,794144;-38,586423
350222;3;9;2019;21:02;0;AV CARAPINIMA;;;;;Colisão;;;;Meio de Quadra;;;0;0;1;1;0;0;0;0;0;0;0;0;;
349393;3;9;2019;08:25;2351;RUA JACAUNA;AV 20 DE JANEIRO;;;;Colisão;Luz do Dia;;;Cruz;Pare;Rural;0;1;1;0;0;0;1;0;0;1;0;0;-3,705015;-38,582646
349386;3;9;2019;07:44;0;AV EDUARDO GIRAO;;;;;Colisão;Luz do Dia;;;Meio de Quadra;;;0;1;0;0;0;0;0;0;0;0;0;0;;
349389;3;9;2019;07:52;0;AV EDUARDO GIRAO;;;;;Colisão;Luz do Dia;;;Meio de Quadra;;;0;1;0;0;0;0;0;0;0;0;0;0;;
349390;3;9;2019;07:52;0;RUA DR JOAQUIM BENTO;;;185;;Queda;Luz do Dia;;;Meio de Quadra;;;0;1;0;0;0;1;0;0;0;0;0;0;-3,829108;-38,48985838
349395;3;9;2019;08:25;0;AV GOV RAUL BARBOSA;;;3555;;Colisão;Luz do Dia;;;Meio de Quadra;;;0;1;1;1;0;0;0;0;0;1;0;0;-3,7615223;-38,5072291
349397;3;9;2019;08:50;15277;AV ANTONIO JUSTA;AV SEN VIRGILIO TAVORA;;;;Colisão;Luz do Dia;;;;;;0;1;1;1;0;0;0;0;0;1;0;0;-3,728875;-38,490692
349399;3;9;2019;09:29;0;RUA JOSE DANTAS VIEIRA;;;447;;Queda;Luz do Dia;;;Meio de Quadra;;;0;1;0;0;0;0;0;0;0;1;0;0;-3,764917;-38,5641557
349401;3;9;2019;09:39;0;AV BEIRA MAR;;;872;;Atropelamento;Luz do Dia;;;Meio de Quadra;;;0;1;1;0;0;0;0;0;0;1;0;0;-3,720183265;-38,51178961
349404;3;9;2019;13:17;0;RUA FREDERICO SEVERO;;;;;Colisão;Luz do Dia;;;Meio de Quadra;;;0;1;1;1;0;0;0;0;0;1;0;0;;
349406;3;9;2019;14:04;0;RUA ROBERTO DE CARVALHO;;;1471;;Atropelamento;Luz do Dia;;;Meio de Quadra;;;0;1;1;1;0;0;0;0;0;0;0;0;-3,81368;-38,54444
349408;3;9;2019;14:46;0;AV FRANCISCO SA;;;3405;;Colisão;Luz do Dia;;;Meio de Quadra;;;0;1;1;1;0;0;0;0;0;1;0;0;-3,718081;-38,555342
349410;3;9;2019;14:53;0;RUA 13 (BARROSO);;;505;;Colisão;Luz do Dia;;;Meio de Quadra;;;0;1;1;1;0;0;0;0;0;0;0;0;-3,82398;-38,51043
349415;3;9;2019;15:17;12818;RUA ANDRE CHAVES;RUA ALBERTO MAGNO;;;;Atropelamento;Luz do Dia;;;Cruz;Pare;Comercial;0;1;1;1;0;0;0;0;0;0;0;0;-3,756035;-38,54223
349419;3;9;2019;15:43;0;AV WASHINGTON SOARES;;;10555;;Colisão;Luz do Dia;;;Meio de Quadra;;;0;1;1;1;0;0;0;0;0;1;0;0;-3,84220558;-38,48078809
349423;3;9;2019;16:58;0;RUA FRE TEOBALDO;;;87;;Colisão;Luz do Dia;;;Meio de Quadra;;;0;1;1;1;0;0;0;0;0;1;0;0;-3,714952674;-38,55989995
349425;3;9;2019;17:15;0;AV SGT HERMINIO SAMPAIO;;;1684;;Colisão;Anoitecer;;;Meio de Quadra;;;0;1;1;0;0;0;0;0;0;1;0;0;-3,725473;-38,555639
349428;3;9;2019;17:32;0;RUA RAIMUNDO NERY;;;;;Colisão;Anoitecer;;;Meio de Quadra;;;0;1;1;1;0;0;0;0;0;1;0;0;;
349431;3;9;2019;19:45;0;AV CARAPINIMA;;;;;Colisão;;;;Meio de Quadra;;;0;1;1;1;0;0;0;0;0;1;0;0;;
349432;3;9;2019;19:52;0;RUA CEL DIONISIO ALENCAR;;;146;;Atropelamento;;;;Meio de Quadra;;;0;1;1;0;0;0;0;0;0;1;0;0;-3,829550357;-38,48693293
349433;3;9;2019;20:19;0;RUA GERALDO BARBOSA;;;189;;Queda;;;;Meio de Quadra;;;0;1;0;0;0;0;0;0;0;1;0;0;-3,79456343;-38,59395073
349434;3;9;2019;21:38;0;AV PERIMETRAL;;;1281;;Colisão;;;;Meio de Quadra;;;0;1;0;0;0;0;0;0;0;0;0;0;;
349376;3;9;2019;06:50;0;AV GODOFREDO MACIEL;;;3255;;Queda;Luz do Dia;;;Meio de Quadra;;;0;1;0;0;0;0;0;0;0;1;0;0;-3,804088;-38,572296
349378;3;9;2019;07:29;0;RUA PERGENTINO MAIA;;;175;;Queda;Luz do Dia;;;Meio de Quadra;;;0;1;0;0;0;1;0;0;0;0;0;0;-3,830802;-38,49326843
349383;3;9;2019;07:38;0;AV PERIMETRAL;;;700;;Colisão;Luz do Dia;;;Meio de Quadra;;;0;1;1;1;0;1;0;0;0;0;0;0;;
349381;3;9;2019;07:29;0;AV BEZERRA DE MENEZES;;;1978;;Queda;Luz do Dia;;;Meio de Quadra;;;0;1;0;0;0;0;0;0;0;1;0;0;-3,735176647;-38,56210818
349123;3;9;2019;14:30;0;ACESSO F UI 401;;;1;;Colisão;Luz do Dia;;;Meio de Quadra;;;0;2;0;1;0;0;0;0;0;0;0;0;-3,801523;-38,51069
348391;3;9;2019;21:43;0;AV AUGUSTO DOS ANJOS;;;475;;Colisão Transversal;Via Iluminada;Bom;Seca;Meio de Quadra;Semáforo;Comercial;0;1;1;1;0;0;0;0;0;1;0;0;-3,772718;-38,5724848
348405;4;9;2019;21:00;0;RUA ELISEU ORIA;;;;;Colisão Traseira;Anoitecer;Bom;Seca;Outros;Não Há Controle;Residencial;0;1;1;1;0;0;0;0;0;0;0;0;;
348397;4;9;2019;07:45;0;AV I CJ JOSE WALTER;;;;;Colisão Lateral;Luz do Dia;Nublado;Seca;Meio de Quadra;Outros;Residencial;0;1;2;0;1;0;0;0;0;1;0;0;;
349145;4;9;2019;09:00;0;RD CE-040;;;3;KM-03;Colisão;Luz do Dia;;;;;;0;2;0;1;0;0;0;0;0;0;0;0;-3,782614325;-38,4810839
349162;4;9;2019;16:03;0;RD CE-040;;;1;KM-01;Colisão;Luz do Dia;;;Meio de Quadra;;;0;2;0;0;0;0;1;0;0;0;0;0;-3,764650449;-38,48258304
349142;4;9;2019;07:35;0;RD CE-040;;;4;KM-08;Choque c/ Obstáculo Fixo;Luz do Dia;;;Meio de Quadra;;;0;1;0;1;0;0;0;0;0;0;0;0;-3,825515822;-38,48153832
349128;4;9;2019;07:00;0;RD CE-040;;;8;KM-08;Colisão;Luz do Dia;;;Meio de Quadra;;;0;2;0;0;1;0;0;0;0;0;0;0;-3,825515822;-38,48153832
349467;4;9;2019;07:44;0;AV JOSE BASTOS;;;;;Colisão;Luz do Dia;;;Meio de Quadra;;;0;1;1;1;0;0;0;0;0;1;0;0;;
349468;4;9;2019;07:55;0;AV MR HULL;;;4752;;Colisão;Luz do Dia;;;Meio de Quadra;;;0;1;1;1;0;0;0;0;0;1;0;0;-3,738989543;-38,58707857
349469;4;9;2019;07:59;4195;AV TEN LISBOA;RUA STA ROSA D20/21 (JACARECANGA);;;;Colisão;Luz do Dia;;;T;Não Há Controle;Residencial;0;1;1;1;0;0;0;0;0;1;0;0;-3,717557;-38,553959
349470;4;9;2019;08:00;0;RUA PRO JOSE SILVEIRA;;;406;;Capotamento;Luz do Dia;;;Meio de Quadra;;;0;1;0;1;0;0;0;0;0;0;0;0;-3,81021;-38,52266
349554;4;9;2019;23:07;0;RD QUARTO ANEL VIARIO;;;2346;;Atropelamento;;;;Meio de Quadra;;;0;1;1;0;0;0;0;0;0;1;0;0;-3,8659658;-38,5148984
349519;4;9;2019;19:18;26236;RUA BERNARDO MANUEL;AV DR SILAS MUNGUBA;;;;Atropelamento;;;;Cruz;Semáforo;Comercial;0;1;1;0;0;0;0;0;0;1;0;0;-3,787538;-38,54796
349522;4;9;2019;19:49;12871;RUA BAR ARATANHA;RUA JOAQUIM MAGALHAES;;;;Colisão;;;;Cruz;Pare;Comercial;0;1;1;1;0;0;0;0;0;1;0;0;-3,739716;-38,528666
349524;4;9;2019;20:10;0;RUA CON DE CASTRO;;;4138;;Colisão;;;;Meio de Quadra;;;0;1;1;1;0;0;0;0;0;1;0;0;-3,802108491;-38,58939929
349529;4;9;2019;20:49;0;AV FILOMENO GOMES;;;;;Colisão;;;;Meio de Quadra;;;0;1;1;1;0;0;0;0;0;1;0;0;;
349530;4;9;2019;21:29;0;AV GAL OSORIO DE PAIVA;;;4505;;Colisão;;;;Meio de Quadra;;;0;0;2;1;0;0;0;0;0;1;0;0;-3,798068179;-38,59560186
349531;4;9;2019;22:18;0;AV PRS CASTELO BRANCO;;;2352;;Colisão;;;;Meio de Quadra;;;0;1;1;0;0;0;0;0;0;1;0;0;-3,713627;-38,548879
349458;4;9;2019;00:59;0;AV MR HULL;;;5648;;Colisão;;;;Meio de Quadra;;;0;1;0;0;0;0;0;0;0;0;0;0;-3,740155857;-38,59493714
349459;4;9;2019;06:25;0;RD BR 116;;;987;;Atropelamento;Luz do Dia;;;Meio de Quadra;;;0;1;1;0;1;0;0;0;0;0;0;0;;
349460;4;9;2019;06:27;0;AV RAD JOSE LIMA VERDE;;;118;;Colisão;Luz do Dia;;;Meio de Quadra;;;0;1;0;0;0;0;0;0;0;0;0;0;-3,7035051;-38,592556
349461;4;9;2019;07:02;0;AV PRS COSTA E SILVA;;;500;;Colisão;Luz do Dia;;;Meio de Quadra;;;0;1;1;1;0;0;0;0;0;1;0;0;-3,8122055;-38,5735878
349464;4;9;2019;07:18;0;RUA DOM PEDRO II;;;;;Colisão;Luz do Dia;;;Meio de Quadra;;;0;1;1;1;0;0;0;0;0;1;0;0;;
349465;4;9;2019;07:24;0;AV CEL CARVALHO;;;661;;Atropelamento;Luz do Dia;;;Meio de Quadra;;;0;1;1;0;0;0;0;0;0;1;0;0;-3,7066722;-38,5906894
349485;4;9;2019;08:31;0;AV FRE CIRILO;;;3939;;Colisão;Luz do Dia;;;Meio de Quadra;;;0;1;0;0;0;0;0;0;0;0;0;0;-3,818926333;-38,496714
349487;4;9;2019;08:52;0;RD BR 116;;;9423;KM-08;Colisão;Luz do Dia;;;Meio de Quadra;;;0;1;1;1;0;0;0;0;0;1;0;0;-3,822018;-38,503269
349489;4;9;2019;09:30;0;RUA WALDIR DIOGO;;;575;;Colisão;Luz do Dia;;;Meio de Quadra;;;0;1;1;1;0;0;0;0;0;0;0;0;-3,805813;-38,583121
349492;4;9;2019;09:45;0;RUA 28 DE AGOSTO UI 503;;;1234;;Colisão;Luz do Dia;;;Meio de Quadra;;;0;1;1;1;0;0;0;0;0;1;0;0;-3,81578;-38,53862
349497;4;9;2019;11:21;0;RUA ALM RUFINO;;;426;;Colisão;Luz do Dia;;;Meio de Quadra;;;0;1;1;1;0;0;0;0;0;1;0;0;-3,76803;-38,5334645
349499;4;9;2019;14:27;0;AV DR SILAS MUNGUBA;;;1520;;Colisão;Luz do Dia;;;Meio de Quadra;;;0;1;1;1;0;0;0;0;0;1;0;0;-3,783935492;-38,55392008
349502;4;9;2019;15:32;0;AV PERIMETRAL;;;;;Colisão;Luz do Dia;;;Meio de Quadra;;;0;1;0;0;0;0;0;0;0;0;0;0;;
349507;4;9;2019;17:54;5499;RUA J DA PENHA;RUA PDE VALDEVINO;;;;Colisão;Anoitecer;;;Cruz;Pare;Comercial;0;1;0;0;0;0;0;0;0;0;0;0;-3,737911;-38,520695
349510;4;9;2019;18:02;21590;RUA RAIMUNDO NERY;RUA COM GARCIA;;;;Colisão;Anoitecer;;;Cruz;Pare;Residencial;0;1;1;1;0;0;0;0;0;1;0;0;-3,795908;-38,585684
349512;4;9;2019;18:36;12727;RUA JOAO SORONGO;RUA JULIO CESAR D12;;;;Colisão;;;;Cruz;Pare;Residencial;0;1;1;0;0;0;0;0;0;1;0;0;-3,750879;-38,543596
349515;4;9;2019;18:45;0;AV PRS CASTELO BRANCO;;;1145;;Colisão;;;;Meio de Quadra;;;0;1;0;0;0;0;0;0;0;0;0;0;-3,718562198;-38,5343249
349517;4;9;2019;19:00;0;AV DR SILAS MUNGUBA;;;2800;;Atropelamento;;;;Meio de Quadra;;;0;1;1;0;0;0;0;0;0;1;0;0;-3,787195;-38,548631
350230;4;9;2019;23:30;0;RUA ELISEU ORIA;;;;;Colisão;;;;Meio de Quadra;;;0;0;1;0;0;0;0;0;0;1;0;0;;
350228;4;9;2019;21:15;12871;RUA BAR ARATANHA;RUA JOAQUIM MAGALHAES;;;;Colisão;;;;Cruz;Pare;Comercial;0;0;1;1;0;0;0;0;0;0;0;0;-3,739716;-38,528666
350629;4;9;2019;10:04;0;AV ANTONIO SALES;;;2000;;Engavetamento;Luz do Dia;Bom;Seca;Meio de Quadra;Semáforo;Comercial;0;1;2;1;0;0;0;0;0;0;0;0;-3,744237;-38,506314
350630;4;9;2019;15:00;0;AV SANTOS DUMONT;;;5605;;Colisão Transversal;Luz do Dia;Bom;Seca;Meio de Quadra;Semáforo;Comercial;0;2;1;0;0;0;0;0;0;1;0;0;-3,74161675;-38,4816245
350631;4;9;2019;12:10;20185;RUA POMPILIO GOMES;RUA MARIA AMALIA;;;;Colisão Transversal;Luz do Dia;Bom;Seca;Cruz;Semáforo;Comercial;0;0;2;1;0;0;0;0;0;0;0;0;-3,812754;-38,520415
350632;4;9;2019;17:04;13563;RUA DR JOSE LOURENCO;AV SORIANO ALBUQUERQUE;;0;;Colisão Lateral;Luz do Dia;Bom;Seca;Cruz;Pare;Comercial;0;1;1;1;0;0;0;0;0;0;0;0;-3,74983;-38,512631
350633;4;9;2019;20:52;21590;RUA COM GARCIA;RUA RAIMUNDO NERY;;;;Colisão Lateral;Anoitecer;Bom;Seca;Cruz;Não Há Controle;Residencial;0;0;2;1;0;0;0;0;0;0;0;0;-3,795908;-38,585684
350734;4;9;2019;19:43;0;AV FILOMENO GOMES;;;520;;Colisão Transversal;Via Iluminada;Bom;Seca;Meio de Quadra;Não Há Controle;Comercial;0;0;2;1;0;0;0;0;0;1;0;0;-3,71979;-38,54144
350634;5;9;2019;09:04;0;RUA NEWTON CRAVEIRO;;;98;;Choque c/ Obstáculo Fixo;Luz do Dia;Bom;Seca;Outros;Não Há Controle;Residencial;0;0;1;0;0;0;0;0;0;0;0;0;-3,807;-38,49164
350635;5;9;2019;09:45;0;AV ENG HUMBERTO MONTE;;;726;;Colisão Traseira;Luz do Dia;Bom;Seca;Meio de Quadra;Não Há Controle;Comercial;0;1;1;1;0;0;0;0;0;1;0;0;-3,752071423;-38,55810623
350637;5;9;2019;13:13;25934;RUA CEZIDIO ALBUQUERQUE;RUA ULISSES BEZERRA;;0;;Colisão Lateral;Luz do Dia;Bom;Seca;T;Pare;Comercial;0;0;2;1;0;0;0;0;0;1;0;0;-3,7999892;-38,503492
350638;5;9;2019;13:32;0;AV VIS RIO BRANCO;;;3753;;Colisão Lateral;Luz do Dia;Bom;Seca;Meio de Quadra;Semáforo;Comercial;0;0;1;1;0;0;0;0;0;0;0;0;-3,753605;-38,5204735
350639;5;9;2019;16:30;0;AV DEP PAULINO ROCHA;;;77;;Colisão;Luz do Dia;Bom;Seca;Meio de Quadra;Não Há Controle;Comercial;0;2;1;0;0;0;0;1;0;1;0;0;-3,802389;-38,507614
350640;5;9;2019;17:40;25461;AV DES GONZAGA;RUA MAL LOTT;;;;Colisão Transversal;Anoitecer;Bom;Seca;Rotatória;Pare;Residencial;0;1;1;1;0;0;0;0;0;1;0;0;-3,801577;-38,49676
350643;5;9;2019;06:35;0;RUA CASTRO E SILVA;;;7;;Não Informado;Luz do Dia;Nublado;Seca;T;Semáforo;Comercial;0;0;1;1;0;0;0;0;0;0;0;0;-3,72161;-38,53413
350035;5;9;2019;10:00;0;RD BR 116;;;13000;KM-13;Tombamento;Luz do Dia;;Seca;Meio de Quadra;;;0;2;0;0;0;0;0;0;0;1;0;0;;
350000;5;9;2019;22:04;0;RD BR 116;;;1000;KM-01;Choque c/ Obstáculo Fixo;;;Seca;Meio de Quadra;;;0;0;2;1;0;0;0;0;0;0;0;0;-3,762554;-38,518702
349632;5;9;2019;15:33;0;RD BR 116;;;4858;KM-13;Colisão;Luz do Dia;;;Meio de Quadra;;;0;1;1;0;0;0;1;0;0;1;0;0;-3,86467;-38,497727