COD_ACIDENTE;DIA;MES;ANO;HORA;INTERSECAO;LOG1;LOG2;LOG3;NUMERO;REFERENCIA;NATUREZA;ILUMINACAO;TEMPO;SUPERFICIEPISTA;TIPOCRUZAMENTO;CONTROLETRAFEGO;USOSOLO;MORTOS;FERIDOS;ILESOS;AUTOMOVEL;ONIBUS;BICICLETA;CAMINHAO;MICROONIBUS;CICLOMOTOR;MOTOCICLETA;TRACAOANIMAL;TREM;LATITUDE;LONGITUDE
349626;5;9;2019;14:13;0;RUA BERNARDO MANUEL;;;13440;;Colisão;Luz do Dia;;;Meio de Quadra;;;0;1;1;1;0;0;0;0;0;1;0;0;-3,834859;-38,562372
349628;5;9;2019;14:43;0;RUA MARIA QUINTINO;;;885;;Colisão;Luz do Dia;;;Meio de Quadra;;;0;1;1;1;0;0;0;0;0;1;0;0;-3,8566435;-38,5010348
349618;5;9;2019;12:39;0;AV JOSE JATAHY;;;;;Queda;Luz do Dia;;;Meio de Quadra;;;0;1;0;0;0;0;0;0;0;1;0;0;;
349621;5;9;2019;13:44;0;RUA TEODOMIRO DE CASTRO;;;6530;;Colisão;Luz do Dia;;;Meio de Quadra;;;0;1;1;1;0;0;0;0;0;1;0;0;-3,716166298;-38,57863281
349624;5;9;2019;13:49;0;AV 13 DE MAIO;;;2295;;Colisão;Luz do Dia;;;Meio de Quadra;;;0;1;1;1;0;1;0;0;0;0;0;0;-3,742811;-38,5369045
349593;5;9;2019;07:54;0;RUA NEWTON CRAVEIRO;;;98;;Atropelamento;Luz do Dia;;;Meio de Quadra;;;0;1;1;0;0;0;0;0;0;1;0;0;-3,807;-38,49164
349595;5;9;2019;08:24;0;RUA ARTUR DE CARVALHO;;;1910;;Queda;Luz do Dia;;;Meio de Quadra;;;0;1;0;0;0;0;0;0;0;1;0;0;-3,7934856;-38,6110763
349598;5;9;2019;08:50;22094;AV JOSE BASTOS;RUA DELMIRO FARIAS;;;;Colisão;Luz do Dia;;;Cruz;Semáforo;Comercial;0;1;0;0;0;0;0;0;0;0;0;0;-3,748756;-38,549219
349600;5;9;2019;09:47;0;AV WASHINGTON SOARES;;;6230;;Colisão;Luz do Dia;;;Meio de Quadra;;;0;1;0;0;0;0;0;0;0;0;0;0;-3,813292;-38,479989
349606;5;9;2019;11:38;0;AV LUCIANO CARNEIRO;;;2500;;Colisão;Luz do Dia;;;Meio de Quadra;;;0;1;1;1;0;0;0;0;0;1;0;0;-3,770124;-38,53827833
349611;5;9;2019;11:51;0;RUA RIO BRANCO;;;;;Colisão;Luz do Dia;;;Meio de Quadra;;;0;1;1;1;0;0;0;0;0;1;0;0;;
349614;5;9;2019;12:02;0;RUA CON DE CASTRO;;;9676;;Colisão;Luz do Dia;;;Meio de Quadra;;;0;1;1;1;0;0;0;0;0;1;0;0;-3,8278303;-38,60728161
349585;5;9;2019;06:30;0;AV PERIMETRAL;;;4305;;Colisão;Luz do Dia;;;Meio de Quadra;;;0;1;1;1;0;0;0;0;0;1;0;0;;
349586;5;9;2019;06:30;0;AV DIOGUINHO;;;;;Queda;Luz do Dia;;;Meio de Quadra;;;0;1;0;0;0;0;0;0;0;1;0;0;;
349588;5;9;2019;06:35;0;AV ANTONIO SALES;;;;;Queda;Luz do Dia;;;Meio de Quadra;;;0;1;0;0;0;0;0;0;0;1;0;0;;
349589;5;9;2019;06:38;0;AV GODOFREDO MACIEL;;;2921;;Colisão;Luz do Dia;;;Meio de Quadra;;;0;1;1;0;0;0;0;0;0;1;0;0;-3,801030875;-38,57134763
349591;5;9;2019;06:51;5965;AV C CJ CEARA;AV F CJ CEARA;;;;Colisão;Luz do Dia;;;Rotatória;Dê Preferência;Residencial;0;1;1;1;0;0;0;0;0;1;0;0;;
349581;5;9;2019;05:46;0;AV PRS COSTA E SILVA;;;;;Colisão;Amanhecer;;;Meio de Quadra;;;0;1;1;0;0;0;1;0;0;1;0;0;;
349582;5;9;2019;06:23;0;RUA CON DE CASTRO;;;5560;;Colisão;Luz do Dia;;;Meio de Quadra;;;0;1;0;0;0;0;0;0;0;0;0;0;-3,812008;-38,597478
349577;5;9;2019;02:40;0;RUA GERARDO BARROS TEIXEIRA;;;1513;;Queda;;;;Meio de Quadra;;;0;1;0;0;0;0;0;0;0;1;0;0;;
349578;5;9;2019;05:45;0;RUA JOSE FACANHA;;;6885;;Queda;Amanhecer;;;Meio de Quadra;;;0;1;0;0;0;0;0;0;0;1;0;0;;
349574;5;9;2019;02:17;0;RUA JOAQUIM ALVES;;;241;;Atropelamento;;;;Meio de Quadra;;;0;1;1;1;0;0;0;0;0;0;0;0;-3,7229865;-38,51169044
349950;5;9;2019;21:45;0;RD BR 222;;;;KM-03;Colisão Transversal;;;;Meio de Quadra;;;0;1;1;0;0;0;0;0;0;1;0;0;-3,740300848;-38,59594097
349658;5;9;2019;17:38;0;RUA 1018 CJ CEARA;;;148;;Queda;Anoitecer;;;Meio de Quadra;;;0;1;0;0;0;1;0;0;0;0;0;0;-3,770211333;-38,61644367
349641;5;9;2019;17:15;0;RUA NELSON COELHO;;;419;;Colisão;Anoitecer;;;Meio de Quadra;;;0;1;1;1;0;0;0;0;0;1;0;0;-3,829405;-38,463193
349642;5;9;2019;17:16;0;RUA JOAO BRIGIDO;;;311;;Queda;Anoitecer;;;Meio de Quadra;;;0;1;0;0;0;1;0;0;0;0;0;0;-3,73898;-38,52085
349636;5;9;2019;16:39;0;AV PAROARAS;;;759;;Colisão;Luz do Dia;;;Meio de Quadra;;;0;1;1;1;0;0;0;0;0;1;0;0;-3,809451242;-38,54054952
349638;5;9;2019;16:52;0;AV ALM BARROSO;;;817;;Colisão;Luz do Dia;;;Meio de Quadra;;;0;1;1;1;0;0;0;0;0;1;0;0;-3,720277;-38,515877
349639;5;9;2019;17:11;0;AV PONTES VIEIRA;;;;;Colisão;Anoitecer;;;Meio de Quadra;;;0;1;1;1;0;1;0;0;0;0;0;0;;
349727;5;9;2019;18:23;0;RUA SEN ROBERT KENNEDY;;;6367;;Colisão;Anoitecer;;;Meio de Quadra;;;0;1;1;1;0;0;0;0;0;1;0;0;;
349728;5;9;2019;18:32;2837;RUA MARIA JULIA;RUA BOM JESUS (GRANJA LISBOA);;;;Colisão;;;;Cruz;Pare;Residencial;0;1;1;1;0;0;0;0;0;1;0;0;-3,79464;-38,600603
349730;5;9;2019;18:45;0;RUA OSVALDO CRUZ (ALDEOTA);;;2897;;Colisão;;;;Meio de Quadra;;;0;1;1;1;0;0;0;0;0;1;0;0;-3,750071;-38,504987
349731;5;9;2019;18:46;0;AV ANTONIO SALES;;;2850;;Colisão;;;;Meio de Quadra;;;0;1;1;1;0;0;0;0;0;1;0;0;-3,746656;-38,498468
349733;5;9;2019;18:50;0;RUA 62 CJ JOSE WALTER;;;70;;Colisão;;;;Meio de Quadra;;;0;1;1;1;0;1;0;0;0;0;0;0;-3,837500345;-38,55826297
349734;5;9;2019;19:05;0;RUA ANTONIO FIUZA;;;249;;Atropelamento;;;;Meio de Quadra;;;0;1;1;0;0;0;0;0;0;1;0;0;-3,771027714;-38,55251857
349737;5;9;2019;19:36;24886;AV MAJ ASSIS;AV MOZART PINHEIRO DE LUCENA;;;;Colisão;;;;Cruz;Semáforo;Comercial;0;2;0;1;0;1;0;0;0;0;0;0;-3,7214444;-38,5966762
349738;5;9;2019;19:46;0;RUA PRO VIRGILIO DE MORAIS;;;370;;Colisão;;;;Meio de Quadra;;;0;1;1;1;0;0;0;0;0;1;0;0;-3,75183;-38,596765
349739;5;9;2019;20:08;0;AV ALBERTO CRAVEIRO;;;;;Queda;;;;Meio de Quadra;;;0;1;0;0;0;0;0;0;0;1;0;0;;
349740;5;9;2019;21:45;0;RUA HUGO VITOR;;;;;Colisão;;;;Meio de Quadra;;;0;1;1;0;0;0;0;0;0;1;0;0;;
349742;5;9;2019;21:51;0;RUA NUNES VALENTE;;;;;Colisão;;;;Meio de Quadra;;;0;1;1;1;0;0;0;0;0;1;0;0;;
349745;5;9;2019;22:02;0;AV AGUANAMBI;;;;;Colisão;;;;Meio de Quadra;;;0;1;0;0;0;0;0;0;0;0;0;0;;
348416;5;9;2019;;19298;RUA CARLOS AMORA;RUA 7 DE SETEMBRO;;;;Outros;Luz do Dia;Bom;Seca;T;Não Há Controle;Comercial;0;0;1;0;0;0;1;0;0;0;0;0;-3,774601;-38,564122
348426;6;9;2019;19:36;0;RUA MUCAMBINHO (MESSEJANA);;;400;;Colisão Transversal;;Bom;Seca;Meio de Quadra;Semáforo;Residencial;0;0;2;1;0;0;0;0;0;1;0;0;-3,829768;-38,5070885
348462;6;9;2019;22:22;7904;RUA CEL LINHARES;RUA PRO FRANCISCO GONCALVES;;;;Colisão Transversal;Via Iluminada;Bom;Seca;Cruz;Não Há Controle;Residencial;1;0;1;1;0;0;0;0;0;1;0;0;-3,74794;-38,49779
349748;6;9;2019;01:19;0;RUA TEODORO DE CASTRO;;;2520;;Queda;;;;Meio de Quadra;;;0;1;0;0;0;0;0;0;0;1;0;0;-3,7773007;-38,6139038
349750;6;9;2019;05:54;0;AV DOS EXPEDICIONARIOS;;;5100;;Colisão;Amanhecer;;;Meio de Quadra;;;0;1;1;1;0;0;0;0;0;1;0;0;-3,764967;-38,5411966
349752;6;9;2019;07:01;0;RUA CON LIMA SUCUPIRA;;;1869;;Atropelamento;Luz do Dia;;;Meio de Quadra;;;0;1;1;1;0;0;0;0;0;0;0;0;-3,7801719;-38,5447723
349754;6;9;2019;07:28;20226;AV PAROARAS;AV SAUDADE D68;;;;Colisão;Luz do Dia;;;Cruz;Não Há Controle;Residencial;0;1;1;1;0;0;0;0;0;1;0;0;-3,814399;-38,534257
349755;6;9;2019;07:43;0;AV WASHINGTON SOARES;;;700;;Atropelamento;Luz do Dia;;;Meio de Quadra;;;0;1;1;0;0;0;0;0;0;1;0;0;-3,758608;-38,484859
349757;6;9;2019;10:29;5100;AV MON TABOSA;AV DOM MANUEL;;;;Colisão;Luz do Dia;;;Cruz;Semáforo;Residencial;0;1;1;1;0;0;0;0;0;1;0;0;-3,7235838;-38,5195518
349770;6;9;2019;12:14;0;AV DO VAQUEIRO;;;1377;;Colisão;Luz do Dia;;;Meio de Quadra;;;0;1;1;0;0;0;1;0;0;1;0;0;-3,859571;-38,504704
349772;6;9;2019;13:47;0;AV DUQ CAXIAS;;;2000;;Colisão;Luz do Dia;;;Meio de Quadra;;;0;1;1;1;0;0;0;0;0;1;0;0;-3,727848484;-38,54206655
349774;6;9;2019;14:03;17377;RUA ELVIRA PINHO;RUA BAR CANINDE;;;;Colisão;Luz do Dia;;;Cruz;Pare;Comercial;0;1;1;1;0;0;0;0;0;1;0;0;-3,766881;-38,556147
349777;6;9;2019;15:48;0;AV JOR THOMAZ COELHO;;;650;;Atropelamento;Luz do Dia;;;Meio de Quadra;;;0;1;1;0;1;0;0;0;0;0;0;0;-3,83245;-38,4992381
349780;6;9;2019;16:29;0;RUA VITAL BRASIL;;;;;Atropelamento;Luz do Dia;;;Meio de Quadra;;;0;1;1;0;0;0;0;0;0;1;0;0;;
349785;6;9;2019;17:17;0;RUA JOAO BRIGIDO;;;9683;;Colisão;Anoitecer;;;Meio de Quadra;;;0;1;1;1;0;0;0;0;0;1;0;0;;
349786;6;9;2019;17:17;0;RUA VALPARAISO;;;;;Colisão;Anoitecer;;;Meio de Quadra;;;0;1;0;0;0;0;0;0;0;0;0;0;;
349787;6;9;2019;17:26;0;RUA MARIA JULIA;;;1985;;Queda;Anoitecer;;;Meio de Quadra;;;0;1;0;0;0;0;0;0;0;1;0;0;-3,803161571;-38,60390029
349788;6;9;2019;18:11;7884;AV ANTONIO SALES;RUA VICENTE LEITE;;;;Colisão;Anoitecer;;;Cruz;Pare;Comercial;0;1;0;0;0;1;0;0;0;0;0;0;-3,746656;-38,498468
349789;6;9;2019;20:03;0;RUA CON DE CASTRO;;;5951;;Atropelamento;;;;Meio de Quadra;;;0;1;1;1;0;0;0;0;0;0;0;0;-3,814828304;-38,59897963
349791;6;9;2019;20:53;0;RUA JOAQUIM LEITAO;;;786;;Colisão;;;;Meio de Quadra;;;0;1;1;1;0;1;0;0;0;0;0;0;-3,74191;-38,59237
349793;6;9;2019;20:57;0;RUA PEDRO MELO;;;834;;Colisão;;;;Meio de Quadra;;;0;1;0;0;0;0;0;0;0;0;0;0;-3,7442;-38,5923
349795;6;9;2019;21:54;0;AV CEL CARVALHO;;;215;;Atropelamento;;;;Meio de Quadra;;;0;1;1;0;0;0;0;0;0;1;0;0;-3,704926855;-38,59117419
349796;6;9;2019;22:16;0;RUA CEL LINHARES;;;2471;;Atropelamento;;;;Meio de Quadra;;;0;1;1;1;0;0;0;0;0;0;0;0;-3,748633333;-38,49801028
349797;6;9;2019;22:55;0;RUA ANDRE DALL OLIO;;;397;;Colisão;;;;Meio de Quadra;;;0;1;1;1;0;1;0;0;0;0;0;0;-3,73572;-38,48036
349798;6;9;2019;23:33;0;RUA PEDRO CARDONIO UCHOA;;;309;;Colisão;;;;Meio de Quadra;;;0;1;1;1;0;0;0;0;0;1;0;0;-3,79183;-38,59054
350242;6;9;2019;03:00;0;RUA TEODORO DE CASTRO;;;;;Acidente Pessoal;;;;Meio de Quadra;;;0;0;1;0;0;0;0;0;0;1;0;0;;
350277;6;9;2019;22:10;0;RUA CON DE CASTRO;;;5972;;Atropelamento;;;;Meio de Quadra;;;1;0;1;0;0;0;0;0;0;1;0;0;-3,8147056;-38,5988932
350282;6;9;2019;21:30;0;RD DR MENDEL STEINBRUCH;;;;;Colisão;;;;Meio de Quadra;;;0;0;1;0;0;0;0;0;0;0;0;0;;
350644;6;9;2019;17:05;0;AV ALM HENRIQUE SABOIA;;;;;Colisão Lateral;Anoitecer;Bom;Seca;Meio de Quadra;Não Há Controle;Residencial;0;1;1;1;0;0;0;0;0;0;0;0;;
350645;6;9;2019;19:35;7884;AV ANTONIO SALES;RUA VICENTE LEITE;;;;Colisão Lateral;Via Iluminada;Bom;Seca;Meio de Quadra;Pare;Comercial;0;0;2;1;0;0;0;0;0;0;0;0;-3,746656;-38,498468
350641;6;9;2019;08:24;0;AV DOS EXPEDICIONARIOS;;;5100;;Colisão Traseira;Luz do Dia;Bom;Seca;Meio de Quadra;Não Há Controle;Comercial;0;1;1;1;0;0;0;0;0;1;0;0;-3,764967;-38,5411966
350642;6;9;2019;16:04;0;AV PRS COSTA E SILVA;;;0;;Colisão Lateral;Luz do Dia;Bom;Seca;Meio de Quadra;Não Há Controle;Comercial;0;0;2;1;0;0;0;0;0;1;0;0;;
350647;7;9;2019;04:39;1447;AV DES MOREIRA;RUA TORRES CAMARA;;;;Choque c/ Obstáculo Fixo;Via Iluminada;Bom;Seca;Cruz;Não Há Controle;Residencial;0;0;1;1;0;0;0;0;0;0;0;0;-3,738207;-38,49898
350648;7;9;2019;07:26;0;AV ABOLICAO;RUA OSVALDO CRUZ;;0;;Colisão Lateral;Luz do Dia;Bom;Seca;Meio de Quadra;Semáforo;Comercial;0;0;2;1;0;0;0;0;0;0;0;0;-3,7266487;-38,497451
350649;7;9;2019;16:48;9020;RUA JAIME BENEVOLO;RUA SALDANHA MARINHO;;0;;Colisão Lateral;Luz do Dia;Bom;Seca;Cruz;Semáforo;Comercial;0;0;1;1;0;0;0;0;0;1;0;0;-3,743046;-38,528994
350287;7;9;2019;08:35;15205;AV ABOLICAO;RUA OSVALDO CRUZ (ALDEOTA);;;;Colisão;Luz do Dia;;;Cruz;Semáforo;Comercial;0;0;1;0;0;0;0;0;0;0;0;0;-3,72669;-38,497445
350288;7;9;2019;11:20;25372;RUA LEIRIA DE ANDRADE;RUA MOZART PINTO;;;;Colisão;Luz do Dia;;;Cruz;Pare;Residencial;0;0;1;0;0;0;0;0;0;0;0;0;-3,729253;-38,552314
350244;7;9;2019;21:11;0;AV ALBERTO CRAVEIRO;;;;;Choque c/ Obstáculo Fixo;;;;Meio de Quadra;;;0;0;1;0;0;0;0;0;0;0;0;0;;
350651;7;9;2019;12:31;0;AV AGUANAMBI;;;155;;Colisão Lateral;Luz do Dia;Bom;Seca;Meio de Quadra;Semáforo;Comercial;0;0;2;1;0;0;0;0;0;0;0;0;-3,738683;-38,524628
349951;7;9;2019;20:30;0;RD BR 116;;;2000;KM-02;Tombamento;;;;Meio de Quadra;;;1;0;0;0;0;0;0;0;0;1;0;0;-3,771391;-38,51678
349881;7;9;2019;22:07;0;AV JOSE BASTOS;;;;;Queda;;;;Meio de Quadra;;;0;1;0;0;0;1;0;0;0;0;0;0;;
349882;7;9;2019;22:26;0;RUA ALUISIO AZEVEDO;;;457;;Colisão;;;;Meio de Quadra;;;0;1;1;0;0;0;0;0;0;1;0;0;-3,771252971;-38,57719457
349883;7;9;2019;22:59;0;RUA CON DE CASTRO;;;;;Queda;;;;Meio de Quadra;;;0;1;0;0;0;0;0;0;0;1;0;0;;
349847;7;9;2019;16:32;0;AV PRO GOMES DE MATOS;;;;;Colisão;Luz do Dia;;;Meio de Quadra;;;0;1;1;1;0;0;0;0;0;1;0;0;;
349868;7;9;2019;20:15;24915;AV DA INDEPENDENCIA;RUA ANTONIO ARRUDA;;;;Colisão;;;;T;Pare;Misto;0;1;1;1;0;0;0;0;0;1;0;0;-3,725549;-38,595586
349869;7;9;2019;20:22;5709;AV DES GONZAGA;AV OLIVEIRA PAIVA;;;;Atropelamento;;;;Cruz;Semáforo;Escola;0;1;1;1;0;0;0;0;0;0;0;0;-3,797165;-38,499953
349875;7;9;2019;20:41;0;RD BR 116;;;580;;Colisão;;;;Meio de Quadra;;;0;1;0;0;0;0;0;0;0;0;0;0;;
349876;7;9;2019;21:21;0;RUA PARANA;;;465;;Atropelamento;;;;Meio de Quadra;;;0;1;1;0;0;0;0;0;0;1;0;0;-3,760003404;-38,57016731
349877;7;9;2019;21:31;0;RUA EDUARDO ANGELIM;;;1400;;Colisão;;;;Meio de Quadra;;;0;1;1;1;0;0;0;0;0;1;0;0;-3,77019063;-38,54334296
349861;7;9;2019;19:49;0;RUA ANTONIO GADELHA;;;237;;Colisão;;;;Meio de Quadra;;;0;1;1;1;0;0;0;0;0;1;0;0;-3,833083836;-38,50544203
349862;7;9;2019;19:57;6164;AV A CJ CEARA;RUA MIN ALBUQUERQUE LIMA;;;;Atropelamento;;;;Cruz;Semáforo;Comercial;0;1;1;1;0;0;0;0;0;0;0;0;-3,770669;-38,6047
349863;7;9;2019;20:05;0;RUA CON BRAVEZA;;;;;Atropelamento;;;;Meio de Quadra;;;0;1;1;1;0;0;0;0;0;0;0;0;;
349864;7;9;2019;20:11;0;AV DR SILAS MUNGUBA;;;5556;;Queda;;;;Meio de Quadra;;;0;1;0;0;0;0;0;0;0;1;0;0;-3,802717;-38,528831
349849;7;9;2019;16:50;0;AV CEL CARVALHO;;;285;;Colisão;Luz do Dia;;;Meio de Quadra;;;0;1;1;0;0;0;0;0;0;1;0;0;-3,705572;-38,59100483
349850;7;9;2019;16:56;0;RUA IGUAPE;;;299;;Colisão;Luz do Dia;;;Meio de Quadra;;;0;1;0;0;0;0;0;0;0;0;0;0;-3,775682448;-38,57032821
349851;7;9;2019;17:35;0;RUA MON HIPOLITO BRASIL;;;;;Queda;Anoitecer;;;Meio de Quadra;;;0;1;0;0;0;0;0;0;0;1;0;0;;
349852;7;9;2019;18:04;0;RUA EMILIO DE MENESES;;;;;;Anoitecer;;;Meio de Quadra;;;0;1;1;1;0;0;0;0;0;1;0;0;;
349853;7;9;2019;19:38;11001;RUA ANTONIO FIUZA;RUA ELCIAS LOPES;;;;Queda;;;;Cruz;Pare;Comercial;0;1;0;0;0;1;0;0;0;0;0;0;-3,77209;-38,552914
349800;7;9;2019;06:06;0;RUA CEL MATOS DOURADO;;;;;Queda;Luz do Dia;;;Meio de Quadra;;;0;1;0;0;0;0;0;0;0;1;0;0;;
349801;7;9;2019;08:06;0;AV PRS CASTELO BRANCO;;;5136;;Queda;Luz do Dia;;;Meio de Quadra;;;0;1;0;0;0;0;0;0;0;1;0;0;-3,7048959;-38,57736435
349802;7;9;2019;08:08;5265;RUA PEDRO PEREIRA;RUA VINTE E QUATRO DE MAIO;;;;Colisão;Luz do Dia;;;Cruz;Pare;Comercial;0;1;1;0;0;0;0;0;0;1;0;0;-3,7284;-38,532486
349803;7;9;2019;08:11;0;RUA PEDRO CARDONIO UCHOA;;;139;;Colisão;Luz do Dia;;;Meio de Quadra;;;0;1;1;1;0;0;0;0;0;1;0;0;-3,791104555;-38,58973624
349804;7;9;2019;10:08;0;RUA BIAS MENDES;;;1301;;Colisão;Luz do Dia;;;Meio de Quadra;;;0;1;1;1;0;0;0;0;0;1;0;0;-3,77647;-38,59091
349805;7;9;2019;10:34;0;AV JOR THOMAZ COELHO;;;;;Colisão;Luz do Dia;;;Meio de Quadra;;;0;1;1;1;0;0;0;0;0;1;0;0;;
349806;7;9;2019;12:27;0;RUA GONCALO SOUTO;;;144;;Colisão;Luz do Dia;;;Meio de Quadra;;;0;1;0;0;0;0;0;0;0;0;0;0;-3,766401729;-38,52983569
349807;7;9;2019;13:07;0;RUA FLORIDA;;;219;;Queda;Luz do Dia;;;Meio de Quadra;;;0;1;0;0;0;0;0;0;0;1;0;0;-3,7287667;-38,4787328
349808;7;9;2019;14:19;0;RUA DELMIRO FARIAS;;;1046;;Colisão;Luz do Dia;;;Meio de Quadra;;;0;1;1;1;0;0;0;0;0;0;0;0;-3,74957;-38,54834
349809;7;9;2019;14:20;0;AV JOSE BASTOS;;;5190;;Colisão;Luz do Dia;;;Meio de Quadra;;;0;1;1;1;0;0;0;0;0;0;0;0;-3,757818;-38,562353
349810;7;9;2019;15:18;0;AV PRO GOMES DE MATOS;;;1536;;Atropelamento;Luz do Dia;;;Meio de Quadra;;;0;1;1;0;0;0;0;0;0;1;0;0;-3,764768;-38,548736
349811;7;9;2019;15:25;0;RUA ENG PLACIDO C JUNIOR D56;;;1314;;Colisão;Luz do Dia;;;Meio de Quadra;;;0;1;1;1;0;0;0;0;0;1;0;0;;
349812;7;9;2019;15:58;9020;RUA JAIME BENEVOLO;RUA SALDANHA MARINHO;;;;Colisão;Luz do Dia;;;Cruz;Semáforo;Residencial;0;1;0;0;0;0;0;0;0;0;0;0;-3,743046;-38,528994
348477;7;9;2019;16:00;15801;RUA CEL ERNESTO MATOS;RUA PERGENTINO MAIA;;;;Colisão Transversal;Luz do Dia;Bom;Seca;Cruz;Pare;Comercial;0;0;2;1;0;0;0;0;0;1;0;0;-3,831264;-38,489871
348474;7;9;2019;08:30;19688;RUA AZEVEDO BOLAO;RUA PRO RAIMUNDO ARRUDA;;;;Tombamento;Luz do Dia;Bom;Seca;Cruz;Pare;Residencial;0;0;2;1;0;0;0;0;0;0;0;0;-3,735414;-38,551701
348431;7;9;2019;;6748;RUA PRO OTAVIO LOBO;RUA DR GILBERTO STUDART;;;;Tombamento;Via Iluminada;Bom;Seca;Cruz;Pare;Comercial;0;0;2;1;0;0;0;0;0;0;0;0;-3,74432;-38,478756
348381;8;9;2019;06:30;14359;RUA NAT FEIJO;RUA VIANA DE CARVALHO;;;;Choque c/ Obstáculo Fixo;Luz do Dia;Bom;Seca;T;Pare;Residencial;0;0;1;1;0;0;0;0;0;0;0;0;-3,721917;-38,554465
349884;8;9;2019;00:07;0;RUA FAUSTO CABRAL;;;;;Colisão;;;;Meio de Quadra;;;0;1;1;1;0;0;0;0;0;1;0;0;;
349889;8;9;2019;03:46;0;AV JOVITA FEITOSA;;;1102;;Colisão;;;;Meio de Quadra;;;0;1;0;0;0;0;0;0;0;0;0;0;-3,739414;-38,554236
349890;8;9;2019;04:35;7923;AV DES MOREIRA;RUA ISAC AMARAL;;;;Colisão;;;;;;;0;1;1;1;0;0;0;0;0;1;0;0;-3,753019;-38,503726
349886;8;9;2019;02:15;0;AV WASHINGTON SOARES;;;8013;;Colisão;;;;Meio de Quadra;;;0;1;0;0;0;0;0;0;0;0;0;0;-3,822409192;-38,48126689
349887;8;9;2019;02:48;0;AV DO VAQUEIRO;;;119;;Queda;;;;Meio de Quadra;;;0;1;0;0;0;0;0;0;0;1;0;0;-3,86500415;-38,49864947
349893;8;9;2019;06:36;0;RD BR 116;;;5000;KM-05;Atropelamento;Luz do Dia;;;Meio de Quadra;;;0;1;1;1;0;0;0;0;0;0;0;0;-3,796502;-38,506787
349925;8;9;2019;06:57;0;RUA ANTONIO COSTA MENDES;;;31;;Colisão;Luz do Dia;;;Meio de Quadra;;;0;1;0;0;0;0;0;0;0;0;0;0;-3,78699;-38,58097
349952;8;9;2019;07:00;0;RD BR 116;;;2000;KM-02;Colisão;Luz do Dia;;;Meio de Quadra;;;1;1;1;1;0;1;0;0;0;0;0;0;-3,771391;-38,51678
349953;8;9;2019;19:00;0;RD BR 222;;;;KM-02;Colisão Lateral;;;;Meio de Quadra;;;0;0;2;1;0;0;0;0;0;0;0;0;-3,7403624;-38,5969961
349940;8;9;2019;19:43;0;AV GAL OSORIO DE PAIVA;;;1182;;Queda;;;;Meio de Quadra;;;0;1;0;0;0;0;0;0;0;1;0;0;-3,779523176;-38,57266824
349941;8;9;2019;20:10;0;AV CEL CARVALHO;;;1111;;Capotamento;;;;Meio de Quadra;;;0;1;0;1;0;0;0;0;0;0;0;0;-3,716911;-38,5880816
349942;8;9;2019;20:57;22872;RUA GUERRA JUNQUEIRO;RUA BARBA ALARDO;;;;Colisão;;;;Cruz;Pare;Residencial;0;1;1;1;0;0;0;0;0;1;0;0;-3,780448;-38,550982
349943;8;9;2019;21:18;0;RUA CEL JOAQUIM FRANKLIN;;;;;Colisão;;;;Meio de Quadra;;;0;1;1;1;0;0;0;0;0;1;0;0;;
349944;8;9;2019;21:31;0;AV GAL OSORIO DE PAIVA;;;4819;;Colisão;;;;Meio de Quadra;;;0;1;1;1;0;0;0;0;0;1;0;0;-3,80105;-38,59850446
349928;8;9;2019;09:17;15306;RUA LEONARDO MOTA;RUA ANA BILHAR;;;;Queda;Luz do Dia;;;Cruz;Semáforo;Residencial;0;1;0;0;0;0;0;0;0;1;0;0;-3,729944;-38,494191
349929;8;9;2019;10:44;0;AV CASTELO DE CASTRO;;;2731;;Colisão;Luz do Dia;;;Meio de Quadra;;;0;1;1;1;0;0;0;0;0;1;0;0;-3,85107;-38,52325
349930;8;9;2019;11:00;0;AV GODOFREDO MACIEL;;;;;Colisão;Luz do Dia;;;Meio de Quadra;;;0;1;1;1;0;0;0;0;0;1;0;0;;
349931;8;9;2019;12:12;0;RUA JOSE GOMES DE MOURA;;;330;;Colisão;Luz do Dia;;;Meio de Quadra;;;0;1;1;1;0;0;0;0;0;1;0;0;-3,85439;-38,49885
349932;8;9;2019;12:59;0;RUA VALPARAISO;;;830;;Colisão;Luz do Dia;;;Meio de Quadra;;;0;1;1;1;0;0;0;0;0;1;0;0;-3,843026;-38,527203
349933;8;9;2019;13:07;12842;RUA JAIME BENEVOLO;RUA CARLOS GOMES;;;;Colisão;Luz do Dia;;;Cruz;Pare;Residencial;0;1;1;1;0;0;0;0;0;1;0;0;-3,740955;-38,528298
349934;8;9;2019;14:38;0;AV H CJ CEARA;;;1220;;Colisão;Luz do Dia;;;Meio de Quadra;;;0;1;0;0;0;0;0;0;0;0;0;0;-3,775643154;-38,60896031
349935;8;9;2019;15:27;3030;RUA DIOGO CORREIA;RUA ANDRE REBOUCAS;;;;Colisão;Luz do Dia;;;Cruz;Semáforo;Comercial;0;1;1;1;0;0;0;0;0;1;0;0;-3,774008;-38,588606
349936;8;9;2019;17:33;0;AV JOSE TAVARES;;;1251;;Colisão;Anoitecer;;;Meio de Quadra;;;0;1;1;1;0;0;0;0;0;1;0;0;-3,81016;-38,60018
349937;8;9;2019;18:05;0;RUA JOSE DANTAS VIEIRA;;;447;;Queda;Anoitecer;;;Meio de Quadra;;;0;1;0;0;0;0;0;0;0;1;0;0;-3,764917;-38,5641557
349938;8;9;2019;19:31;0;RUA EVILASIO A MIRANDA;;;1788;;Colisão;;;;Meio de Quadra;;;0;1;1;1;0;0;0;0;0;1;0;0;;