COD_ACIDENTE;DIA;MES;ANO;HORA;INTERSECAO;LOG1;LOG2;LOG3;NUMERO;REFERENCIA;NATUREZA;ILUMINACAO;TEMPO;SUPERFICIEPISTA;TIPOCRUZAMENTO;CONTROLETRAFEGO;USOSOLO;MORTOS;FERIDOS;ILESOS;AUTOMOVEL;ONIBUS;BICICLETA;CAMINHAO;MICROONIBUS;CICLOMOTOR;MOTOCICLETA;TRACAOANIMAL;TREM;LATITUDE;LONGITUDE
349946;8;9;2019;21:33;0;RUA SALGADO FILHO;;;734;;Queda;;;;Meio de Quadra;;;0;1;0;0;0;0;0;0;0;1;0;0;-3,7436725;-38,5948425
349947;8;9;2019;21:42;0;RUA 418 CJ CEARA;;;55;;Colisão;;;;Meio de Quadra;;;0;1;0;0;0;0;0;0;0;0;0;0;-3,759512286;-38,606777
350652;8;9;2019;20:58;0;RUA JOAQUIM FROTA;RUA SALVADOR CORREIA SA;;0;;Colisão Transversal;Via Iluminada;Bom;Seca;Cruz;Pare;Lazer;0;0;2;1;0;0;0;0;0;0;0;0;-3,8015779;-38,4743104
350246;8;9;2019;04:30;0;AV WASHINGTON SOARES;;;;;Choque c/ Obstáculo Fixo;;;;Meio de Quadra;;;0;0;1;1;0;0;0;0;0;0;0;0;;
350251;8;9;2019;02:48;10998;RUA ALBERTO MAGNO;RUA DOM CARLOTO TAVORA;;;;Colisão;;;;Cruz;Pare;Residencial;0;0;1;0;0;0;0;0;0;0;0;0;-3,770832;-38,553495
350252;8;9;2019;21:38;0;AV RAD JOSE LIMA VERDE;;;537;;Choque c/ Obstáculo Fixo;;;;Meio de Quadra;;;0;0;1;1;0;0;0;0;0;0;0;0;-3,695911883;-38,58643139
350004;8;9;2019;11:40;0;RD BR 116;;;3000;KM-03;Colisão;Luz do Dia;;Seca;Meio de Quadra;;;0;0;2;1;0;0;0;0;0;1;0;0;-3,779838;-38,514372
350650;8;9;2019;01:37;10998;RUA ALBERTO MAGNO;RUA DOM CARLOTO TAVORA;;0;;Colisão Transversal;Via Iluminada;Bom;Seca;Cruz;Pare;Residencial;0;2;0;1;0;0;0;0;0;0;0;0;-3,770832;-38,553495
343001;8;9;2019;00:49;0;RD CE-040;;;;KM-10;Colisão;;;;Meio de Quadra;;;0;2;0;1;0;0;0;0;0;0;0;0;-3,84257666;-38,48088284
352925;8;9;2019;14:20;0;RUA DES GOMES PARENTE;;;520;CRECHE TIA JÚLIA;Atropelamento;Luz do Dia;;;Meio de Quadra;;;1;0;1;0;1;0;0;0;0;0;0;0;-3,774308692;-38,57447192
350292;9;9;2019;17:55;0;RUA MARIO MAMEDE;;;;;Colisão;Anoitecer;;;Meio de Quadra;;;0;0;1;0;0;0;0;0;0;0;0;0;;
350293;9;9;2019;16:13;0;RUA ALAMEDA OXOSSI;;;;;Colisão;Luz do Dia;;;Meio de Quadra;;;0;0;1;0;0;0;0;0;0;0;0;0;;
350294;9;9;2019;14:53;0;AV DR SILAS MUNGUBA;;;;;Colisão;Luz do Dia;;;Meio de Quadra;;;0;0;1;0;0;0;0;0;0;0;0;0;;
350653;9;9;2019;06:30;0;AV BERNARDO MANUEL;AV H CJ JOSE WALTER;;0;;Colisão Lateral;Luz do Dia;Bom;Seca;Cruz;Não Há Controle;Comercial;0;1;1;1;0;0;0;0;0;1;0;0;;
350654;9;9;2019;12:59;0;RUA STA LUCRECIA;;;1158;;Queda;Luz do Dia;Bom;Seca;Meio de Quadra;Pare;Residencial;0;1;0;0;0;0;0;0;1;0;0;0;-3,85038;-38,48333
350655;9;9;2019;12:15;0;AV DR SILAS MUNGUBA;;;5011;;Colisão Transversal;Luz do Dia;Bom;Seca;Meio de Quadra;Semáforo;Comercial;0;1;2;1;1;0;0;0;0;1;0;0;-3,797120078;-38,53162736
350656;9;9;2019;16:24;9227;RUA JAIME BENEVOLO;RUA MARIO MAMEDE;;0;;Colisão Transversal;Luz do Dia;Bom;Seca;Cruz;Semáforo;Residencial;0;1;1;0;1;0;0;0;0;0;0;0;-3,749153;-38,531586
350657;9;9;2019;20:05;0;AV DIOGUINHO;;;2493;;Colisão Traseira;Via Iluminada;Bom;Seca;Meio de Quadra;Semáforo;Comercial;0;1;1;1;0;0;0;0;0;1;0;0;-3,74217;-38,45304
350658;9;9;2019;19:00;0;AV EDUARDO GIRAO;;;137;;Colisão Traseira;Via Iluminada;Bom;Seca;Meio de Quadra;Semáforo;Comercial;0;1;1;1;0;0;0;0;0;1;0;0;-3,750085248;-38,53798219
349437;9;9;2019;18:45;0;AV PERIMETRAL;;;3316;;Queda;;;;Meio de Quadra;;;0;1;0;0;0;0;0;0;0;1;0;0;;
349439;9;9;2019;19:00;0;AV WASHINGTON SOARES;;;;;Colisão;;;;Meio de Quadra;;;0;1;0;1;0;0;0;0;0;1;0;0;;
349441;9;9;2019;23:20;0;AV GAL MURILO BORGES;;;;;Colisão;;;;Meio de Quadra;;;0;2;0;0;0;0;0;0;0;0;0;0;;
349429;9;9;2019;18:22;25665;RUA MARVIN;RUA ANTENOR ROCHA ALEXANDRE;;;;Atropelamento;Anoitecer;;;Cruz;Pare;Residencial;0;1;0;0;0;0;0;0;0;1;0;0;-3,792251;-38,483635
349430;9;9;2019;18:34;10844;RUA TUPI D35;RUA PORTO ALEGRE;;;;Colisão;;;;Cruz;Pare;Residencial;0;1;0;0;0;0;0;0;0;0;0;0;-3,76512;-38,58147
349426;9;9;2019;18:07;0;RUA JOSE DANTAS VIEIRA;;;447;;Atropelamento;Anoitecer;;;Meio de Quadra;;;0;1;0;0;0;0;0;0;0;1;0;0;-3,764917;-38,5641557
349420;9;9;2019;17:55;18082;AV DIOGUINHO;RUA PAULO MENDES;;;;Colisão;Anoitecer;;;Cruz;Não Há Controle;Comercial;0;1;0;1;0;0;0;0;0;1;0;0;-3,742081;-38,453082
349422;9;9;2019;18:05;0;AV DR SILAS MUNGUBA;;;4392;;Queda;Anoitecer;;;Meio de Quadra;;;0;1;0;0;0;0;0;0;0;1;0;0;-3,79273225;-38,53539689
349416;9;9;2019;17:41;0;RUA QUINZE (CANINDEZINHO);;;;;Atropelamento;Anoitecer;;;Meio de Quadra;;;0;1;0;1;0;0;0;0;0;0;0;0;;
349413;9;9;2019;17:03;0;AV DO PASSARE;;;523;;Atropelamento;Anoitecer;;;Meio de Quadra;;;0;1;0;1;0;0;0;0;0;0;0;0;;
349411;9;9;2019;16:47;0;RUA OSVALDO CRUZ (ALDEOTA);;;2312;;Colisão;Luz do Dia;;;Meio de Quadra;;;0;1;0;0;0;0;0;0;0;1;0;0;-3,745903444;-38,50363978
349407;9;9;2019;16:43;0;RUA PORTO VELHO;;;;;Colisão;Luz do Dia;;;Meio de Quadra;;;0;1;0;0;0;0;0;0;0;0;0;0;;
349405;9;9;2019;16:32;19098;RUA JOSE CARLOS GURGEL NOGUEIRA;RUA AMELIA BENEBIEN;;;;Atropelamento;Luz do Dia;;;Cruz;Pare;Residencial;0;1;0;1;0;0;0;0;0;0;0;0;-3,737715;-38,476619
349402;9;9;2019;16:22;0;AV PONTES VIEIRA;;;1091;;Queda;Luz do Dia;;;Meio de Quadra;;;0;1;0;0;0;0;0;0;0;1;0;0;-3,752574;-38,512219
349403;9;9;2019;16:28;0;RUA PEDRO ARTUR;;;12;;Colisão;Luz do Dia;;;;;;0;1;0;1;0;0;0;0;0;1;0;0;-3,714346747;-38,54791021
349400;9;9;2019;15:58;7508;RUA PEDRO DANTAS;RUA NENEN GONCALVES;;;;Colisão;Luz do Dia;;;Cruz;Pare;Residencial;0;1;0;1;0;0;0;0;0;1;0;0;-3,786437;-38,518947
349398;9;9;2019;15:58;0;AV AUGUSTO DOS ANJOS;;;1444;;Colisão;Luz do Dia;;;Meio de Quadra;;;0;1;0;1;0;0;0;0;0;1;0;0;-3,779385778;-38,5784725
349396;9;9;2019;15:31;0;AV SANTOS DUMONT;;;3850;;Colisão;Luz do Dia;;;Meio de Quadra;;;0;1;0;1;0;0;0;0;0;1;0;0;-3,738745;-38,490564
349391;9;9;2019;14:28;0;RUA PAU D ARCO;;;59;;Colisão;Luz do Dia;;;Meio de Quadra;;;0;1;0;1;0;0;0;0;0;1;0;0;-3,784452892;-38,50505072
349387;9;9;2019;14:09;0;AV ABOLICAO;;;3555;;Colisão;Luz do Dia;;;Meio de Quadra;;;0;1;0;1;0;0;0;0;0;1;0;0;-3,726087;-38,487572
349394;9;9;2019;15:14;10726;RUA PRO HERIBALDO COSTA;RUA CURITIBA;;;;Colisão;Luz do Dia;;;;;;0;1;0;0;0;0;1;0;0;1;0;0;-3,759992;-38,583853
349384;9;9;2019;13:34;0;AV DIOGUINHO;;;;;Colisão;Luz do Dia;;;Meio de Quadra;;;0;1;0;0;0;0;0;0;0;0;0;0;;
348382;9;9;2019;13:20;23716;RUA COSTA FREIRE;RUA ARRUDA CAMARA;;;;Colisão Lateral;Luz do Dia;;;Cruz;Pare;Residencial;0;0;2;0;0;0;0;0;0;0;0;0;-3,790225;-38,582846
348383;9;9;2019;14:30;2731;RUA MARIA JULIA;RUA EDSON MARTINS;;;;Colisão;Luz do Dia;Bom;Seca;Cruz;Pare;Residencial;0;1;1;0;0;0;1;0;0;1;0;0;-3,790452;-38,599274
348384;9;9;2019;08:00;25782;AV SANTOS DUMONT;RUA PRA FRANCISCA ALMEIDA DE SOUSA;;;;Colisão Transversal;Luz do Dia;;;Cruz;Pare;Residencial;0;2;1;1;0;0;0;0;0;1;0;0;-3,749682;-38,456575
349265;9;9;2019;06:45;0;RD CE-040;;;11;KM-11;Colisão;Luz do Dia;;;Meio de Quadra;;;0;2;0;1;0;0;0;0;0;0;0;0;-3,84962623;-38,47606989
349266;9;9;2019;14:45;0;ACESSO F UI 401;;;3;;Colisão;Luz do Dia;;;Meio de Quadra;;;0;2;0;1;0;0;0;0;0;0;0;0;-3,801540714;-38,51069414
349380;9;9;2019;13:15;0;RUA JOSE ACIOLY;;;157;;Queda;Luz do Dia;;;Meio de Quadra;;;0;1;0;0;0;0;0;0;0;1;0;0;-3,732037122;-38,58584283
349374;9;9;2019;12:39;0;RUA 856 CJ CEARA;;;;;Atropelamento;Luz do Dia;;;Meio de Quadra;;;0;1;0;0;0;0;0;0;0;1;0;0;;
349337;9;9;2019;06:47;11170;RUA BOGOTA;RUA SUECIA;;;;Colisão;Luz do Dia;;;T;Não Há Controle;Residencial;0;1;0;1;0;1;0;0;0;0;0;0;-3,783238;-38,558552
349331;9;9;2019;04:58;0;AV G CJ JOSE WALTER;;;978;;Queda;;;;Meio de Quadra;;;0;1;0;0;0;0;0;0;0;1;0;0;-3,7754771;-38,6100784
349339;9;9;2019;07:33;0;AV SGT HERMINIO SAMPAIO;;;1559;;Queda;Luz do Dia;;;Meio de Quadra;;;0;1;0;0;0;0;0;0;0;1;0;0;-3,725300189;-38,55464592
349341;9;9;2019;07:35;0;RUA HOLANDA;;;1616;;Queda;Luz do Dia;;;Meio de Quadra;;;0;1;0;0;0;0;0;0;0;1;0;0;-3,8017155;-38,560409
349342;9;9;2019;08:02;0;AV CHANC EDSON QUEIROZ;;;111;;Capotamento;Luz do Dia;;;Meio de Quadra;;;0;1;0;1;0;0;0;0;0;0;0;0;-3,76719;-38,4879218
349344;9;9;2019;09:14;0;RD BR 116;;;7000;KM-07;Colisão;Luz do Dia;;;Meio de Quadra;;;0;1;0;1;0;0;0;0;0;1;0;0;-3,786276359;-38,5115614
349361;9;9;2019;09:43;1361;RUA LEONARDO MOTA;RUA JOAQUIM SIQUEIRA;;;;Atropelamento;Luz do Dia;;;T;Não Há Controle;Comercial;0;1;0;1;0;0;0;0;0;0;0;0;-3,736287;-38,496205
349368;9;9;2019;09:59;0;RUA MANUEL MOURA;;;250;;Colisão;Luz do Dia;;;Meio de Quadra;;;0;1;0;0;0;0;0;0;0;1;0;0;-3,79922;-38,49933
349370;9;9;2019;11:12;0;AV PRS CASTELO BRANCO;;;;;Colisão;Luz do Dia;;;Meio de Quadra;;;0;1;0;1;0;0;0;0;0;1;0;0;;
349333;9;9;2019;06:18;0;RUA BERNARDO MANUEL;;;;;Colisão;Luz do Dia;;;Meio de Quadra;;;0;1;0;1;0;0;0;0;0;1;0;0;;
349334;9;9;2019;06:21;0;RUA JOSIAS PAULA DE SOUZA;;;160;;Atropelamento;Luz do Dia;;;Meio de Quadra;;;0;1;0;0;0;0;0;0;0;1;0;0;-3,72848;-38,471391
349335;9;9;2019;06:41;0;ROD CE 010;;;920;;Colisão;Luz do Dia;;;Meio de Quadra;;;0;1;0;1;0;0;0;0;0;1;0;0;;
349328;9;9;2019;03:11;0;RUA NEREU RAMOS;;;300;;Queda;;;;Meio de Quadra;;;0;1;0;0;0;0;0;0;0;1;0;0;-3,786229;-38,569609
349268;9;9;2019;17:00;0;RD CE-040;;;10;KM-10;Colisão;Anoitecer;;;Meio de Quadra;;;0;4;0;1;0;0;0;0;0;0;0;0;-3,84257666;-38,48088284
349270;10;9;2019;14:00;0;RD CE-040;;;;KM-02;Colisão;Luz do Dia;;;Meio de Quadra;;;0;1;0;0;0;0;0;0;1;0;0;0;-3,773616148;-38,4817994
348395;10;9;2019;22:40;0;AV PRS CASTELO BRANCO;;;3130;;Colisão Traseira;;Bom;;Meio de Quadra;;Lazer;0;0;3;1;0;0;0;0;0;1;0;0;-3,7100224;-38,5627457
349443;10;9;2019;07:38;0;AV DR SILAS MUNGUBA;;;610;;Colisão;Luz do Dia;;;Meio de Quadra;;;0;1;0;1;0;0;0;0;0;1;0;0;-3,77908;-38,5609
349444;10;9;2019;07:53;0;AV GOV RAUL BARBOSA;;;6851;;Colisão;Luz do Dia;;;Meio de Quadra;;;0;2;0;1;0;0;0;0;0;1;0;0;-3,773687;-38,512739
349445;10;9;2019;07:56;0;RUA CAMPO MAIOR;;;164;;Colisão;Luz do Dia;;;Meio de Quadra;;;0;1;0;1;0;0;0;0;0;1;0;0;-3,7955007;-38,5527471
349446;10;9;2019;10:35;0;RUA CEL FABRICIANO;;;2416;;Atropelamento;Luz do Dia;;;Meio de Quadra;;;0;1;0;0;0;0;0;0;0;1;0;0;-3,7814058;-38,6127847
349447;10;9;2019;11:34;0;RUA VIA LACTEA;;;;;Atropelamento;Luz do Dia;;;Meio de Quadra;;;0;1;0;1;0;0;0;0;0;0;0;0;;
349448;10;9;2019;11:36;0;RUA 15 DE NOVEMBRO;;;600;;Colisão;Luz do Dia;;;Meio de Quadra;;;0;1;0;1;0;0;0;0;0;1;0;0;-3,76932;-38,55471
349449;10;9;2019;11:57;0;AV CESAR CALS;;;280;;Colisão;Luz do Dia;;;Meio de Quadra;;;0;1;0;1;0;0;0;0;0;1;0;0;-3,720638;-38,464577
349450;10;9;2019;12:54;0;AV ZEZE DIOGO;;;425;;Colisão;Luz do Dia;;;Meio de Quadra;;;0;1;0;1;0;0;0;0;0;1;0;0;-3,7112235;-38,46738935
349455;10;9;2019;13:13;352;RUA PEDRO DE QUEIROZ;RUA XAVIER DE OLIVEIRA;;;;Queda;Luz do Dia;;;Cruz;Pare;Residencial;0;1;0;0;0;1;0;0;0;0;0;0;-3,746834;-38,558367
349471;10;9;2019;16:53;6581;AV H CJ CEARA;RUA 924 CJ CEARA;;;;Atropelamento;Luz do Dia;;;;;;0;1;0;1;0;0;0;0;0;0;0;0;-3,776847;-38,619834
349472;10;9;2019;16:54;12666;AV CEL CARVALHO;RUA ROSINHA SAMPAIO;;;;Colisão;Luz do Dia;;;Cruz;Pare;Residencial;0;1;0;1;0;0;0;0;0;1;0;0;-3,726938;-38,585413
349473;10;9;2019;17:24;0;AV ALBERTO CRAVEIRO;;;;;Colisão;Anoitecer;;;Meio de Quadra;;;0;2;0;0;0;0;0;0;0;1;0;0;;
349474;10;9;2019;18:00;5225;RUA PEDRO PEREIRA;RUA TEREZA CRISTINA;;;;Queda;Anoitecer;;;Cruz;Pare;Comercial;0;1;0;0;0;0;0;0;0;1;0;0;-3,727019;-38,53676
349475;10;9;2019;18:05;0;AV ROGACIANO LEITE;;;3050;;Atropelamento;Anoitecer;;;Meio de Quadra;;;2;0;1;1;0;0;0;0;0;0;0;0;-3,7857116;-38,5030328
349476;10;9;2019;18:12;0;RUA 319 CJ CEARA;;;98;;Colisão;Anoitecer;;;Meio de Quadra;;;0;1;0;1;0;0;0;0;0;1;0;0;-3,7727718;-38,6144128
349477;10;9;2019;18:23;0;RUA TULIPA;;;422;;Colisão;Anoitecer;;;Meio de Quadra;;;0;1;0;1;0;0;0;0;0;1;0;0;-3,714268;-38,579471
349478;10;9;2019;18:51;19787;RUA PDE GUERRA;RUA DOM LINO;;;;Colisão;;;;Cruz;Pare;Residencial;0;1;0;1;0;0;0;0;0;1;0;0;-3,738718;-38,556643
349479;10;9;2019;18:54;0;ET ANTIGA PARA AQUIRAZ;;;1451;;Queda;;;;Meio de Quadra;;;0;1;0;0;0;0;0;0;0;1;0;0;-3,842739;-38,4839194
349480;10;9;2019;19:13;0;AV GAL OSORIO DE PAIVA;;;5570;;Colisão;;;;Meio de Quadra;;;0;1;0;1;0;0;0;0;0;1;0;0;-3,805242833;-38,602603
349481;10;9;2019;22:01;0;RUA NOSSA SRA DAS GRACAS;;;841;;Atropelamento;;;;Meio de Quadra;;;0;1;0;0;0;0;0;0;0;1;0;0;-3,709546303;-38,55578379
349482;10;9;2019;23:21;15371;RUA PRO DIAS DA ROCHA;AV DOM LUIS;;;;Atropelamento;;;;Cruz;Pare;Comercial;0;1;0;1;0;0;0;0;0;0;0;0;-3,735126;-38,491572
349466;10;9;2019;14:04;0;AV ENG SANTANA JUNIOR;;;636;;Colisão;Luz do Dia;;;Meio de Quadra;;;0;1;0;1;0;0;0;0;0;1;0;0;-3,733950157;-38,48100414
349462;10;9;2019;13:27;183;AV SGT HERMINIO SAMPAIO;RUA DEMETRIO MENEZES;;;;Colisão;Luz do Dia;;;;;;0;1;0;1;0;0;0;0;0;1;0;0;-3,733867;-38,584316
349463;10;9;2019;13:28;0;AV H CJ CEARA;;;2190;;Colisão;Luz do Dia;;;Meio de Quadra;;;0;2;0;1;0;0;0;0;0;1;0;0;-3,776645;-38,617769
350659;10;9;2019;08:42;0;AV ALANIS MARIA LAURINDO DE OLIVEIRA;;;0;;Colisão Traseira;Luz do Dia;Bom;Seca;T;Pare;Comercial;0;0;1;1;1;0;0;0;0;0;0;0;;
350660;10;9;2019;10:58;0;AV MIGUEL DIAS;RUA EFESIO;;0;;Choque c/ Obstáculo Fixo;Luz do Dia;Bom;Seca;Cruz;Não Há Controle;Residencial;0;0;2;1;0;0;0;0;0;0;0;0;-3,7719206;-38,4874411
350661;10;9;2019;14:57;0;RUA SEBASTIAO DE ABREU;RUA NIGERIA;;0;;Colisão Frontal;Luz do Dia;Bom;Seca;Meio de Quadra;Pare;Residencial;0;1;1;1;0;0;0;0;0;0;0;0;-3,7929248;-38,5669166
350662;10;9;2019;16:35;0;RUA ANDRE DALL OLIO;AV ROGACIANO LEITE;;0;;Colisão Transversal;Luz do Dia;Bom;Seca;T;Pare;Comercial;0;0;1;1;1;0;0;0;0;0;0;0;;
350668;10;9;2019;06:20;0;RUA PDE PEDRO DE ALENCAR;;;1428;;Colisão Lateral;Luz do Dia;Bom;Seca;Meio de Quadra;Não Há Controle;Residencial;0;1;1;0;1;0;0;0;0;1;0;0;-3,840644689;-38,49427566
350002;10;9;2019;08:40;0;RD BR 116;;;4000;KM-04;Colisão;Luz do Dia;;Seca;Meio de Quadra;;;0;1;1;0;0;0;0;0;0;1;0;0;-3,802354;-38,503869
350286;10;9;2019;19:46;11836;RUA JACINTO MATOS;RUA MON DANTAS;;;;Colisão;;;;Cruz;Pare;Comercial;0;0;1;1;0;0;0;0;0;0;0;0;-3,719714;-38,5468
350290;11;9;2019;20:10;0;RUA BARBARA DE ALENCAR;;;;;Colisão;;;;Meio de Quadra;;;0;0;1;0;0;0;0;0;0;0;0;0;;
350291;11;9;2019;20:43;0;RUA PDE GUERRA;;;;;Colisão;;;;Meio de Quadra;;;0;0;1;0;0;0;0;0;0;0;0;0;;
350664;11;9;2019;07:33;12494;AV CARNEIRO DE MENDONCA;RUA RIBEIRO LEITAO;;;;Colisão Transversal;Luz do Dia;Bom;Seca;Cruz;Pare;Residencial;0;2;1;1;0;0;0;0;0;1;0;0;-3,759608;-38,575714
350665;11;9;2019;08:19;0;AV JOVITA FEITOSA;;;1110;;Colisão Transversal;Luz do Dia;Bom;Seca;Meio de Quadra;Não Há Controle;Comercial;0;1;1;1;0;0;0;0;0;1;0;0;-3,73919;-38,55311
350666;11;9;2019;10:49;271;AV JOVITA FEITOSA;RUA AMADEU FURTADO;;0;;Colisão Lateral;Luz do Dia;Bom;Seca;Cruz;Semáforo;Comercial;0;1;0;0;0;0;0;0;0;1;0;0;-3,741173;-38,562915
350667;11;9;2019;20:04;19787;RUA PDE GUERRA;RUA DOM LINO;;;;Colisão Lateral;Via Iluminada;Bom;Seca;Cruz;Pare;Residencial;0;0;3;1;0;0;0;0;0;0;0;0;-3,738718;-38,556643
349486;11;9;2019;07:13;5122;RUA SAO PAULO;AV IMPERADOR;;;;Colisão;Luz do Dia;;;Cruz;Semáforo;Comercial;0;1;1;1;0;1;0;0;0;0;0;0;-3,724049;-38,533522
349498;11;9;2019;08:55;0;RD BR 222;;;;KM-03;Colisão;Luz do Dia;;;Meio de Quadra;;;0;2;0;0;0;0;0;0;0;1;0;0;-3,740300848;-38,59594097
349495;11;9;2019;08:47;0;RD BR 116;;;3000;KM-03;Colisão;Luz do Dia;;;Meio de Quadra;;;0;1;1;1;0;0;0;0;0;1;0;0;-3,779838;-38,514372
349493;11;9;2019;08:30;0;AV GODOFREDO MACIEL;;;2290;;Colisão;Luz do Dia;;;Meio de Quadra;;;0;1;0;1;0;0;0;0;0;1;0;0;-3,795452786;-38,56959843
349516;11;9;2019;11:41;0;AV SGT HERMINIO SAMPAIO;;;5167;;Atropelamento;Luz do Dia;;;Meio de Quadra;;;0;1;0;0;0;0;0;0;0;1;0;0;-3,734139;-38,585621
349508;11;9;2019;09:06;0;AV DEP PAULINO ROCHA;;;;;Queda;Luz do Dia;;;Meio de Quadra;;;0;1;0;0;0;0;0;0;0;1;0;0;;
349505;11;9;2019;09:04;10695;RUA MON HIPOLITO BRASIL;RUA PRO HERIBALDO COSTA;;;;Colisão;Luz do Dia;;;Cruz;Semáforo;Residencial;0;1;0;1;0;0;0;0;0;1;0;0;-3,757069;-38,582275
349491;11;9;2019;08:22;0;RUA CEL DIONISIO ALENCAR;;;350;;Atropelamento;Luz do Dia;;;Meio de Quadra;;;0;1;0;0;0;0;0;0;0;1;0;0;-3,8283843;-38,4864511
349501;11;9;2019;09:02;271;AV JOVITA FEITOSA;RUA AMADEU FURTADO;;;;Colisão;Luz do Dia;;;Cruz;Semáforo;Comercial;1;1;0;0;0;1;0;0;0;1;0;0;-3,741173;-38,562915
349532;11;9;2019;16:21;24372;AV LUCIANO CARNEIRO;RUA ALM RUFINO;;;;Colisão;Luz do Dia;;;Cruz;Semáforo;Comercial;0;1;0;1;0;0;0;0;0;1;0;0;-3,76658;-38,537195
349533;11;9;2019;16:24;0;RUA EMILIO DE MENESES;;;138;;Colisão;Luz do Dia;;;Meio de Quadra;;;0;1;0;0;0;0;0;0;0;1;0;0;-3,783033;-38,582887
349534;11;9;2019;17:24;0;AV PONTES VIEIRA;;;440;;Atropelamento;Anoitecer;;;Meio de Quadra;;;0;1;0;0;0;1;0;0;0;0;0;0;-3,7531185;-38,51684
349535;11;9;2019;17:26;0;RUA CON DE CASTRO;;;3606;;Colisão;Anoitecer;;;Meio de Quadra;;;0;2;0;1;0;0;0;0;0;1;0;0;-3,7988685;-38,58628343
349536;11;9;2019;17:42;0;AV AUGUSTO DOS ANJOS;;;2209;;Colisão;Anoitecer;;;Meio de Quadra;;;0;1;0;0;0;0;0;0;0;1;0;0;-3,785447;-38,583695
349537;11;9;2019;17:52;1502;RUA MON CATAO;RUA DES LEITE ALBUQUERQUE;;;;Atropelamento;Anoitecer;;;Outros;Pare;Residencial;0;1;0;1;0;0;0;0;0;0;0;0;-3,73975;-38,490892
349538;11;9;2019;18:37;3316;RUA VIRIATO RIBEIRO;RUA CHILE;;;;Colisão;;;;Cruz;Pare;Residencial;0;1;0;0;0;0;0;0;0;1;0;0;-3,746178;-38,565276
349539;11;9;2019;19:14;0;AV SEN FERNANDES TAVORA;;;892;;Queda;;;;Meio de Quadra;;;0;1;0;0;0;0;0;0;0;1;0;0;-3,762929333;-38,5807775
349540;11;9;2019;19:45;0;RUA BRUNO VALENTE;;;8544;;Queda;;;;Meio de Quadra;;;0;1;0;0;0;0;0;0;0;1;0;0;;
349541;11;9;2019;20:19;0;AV SEN CARLOS JEREISSATI (AEROPORTO);;;;;Colisão;;;;Meio de Quadra;;;0;1;0;1;0;0;0;0;0;1;0;0;;
349542;11;9;2019;21:33;6285;AV G CJ CEARA;AV C CJ CEARA;;;;Colisão;;;;T;Não Há Controle;Residencial;0;1;0;1;0;0;0;0;0;1;0;0;;
349543;11;9;2019;07:30;0;RD CE-040;;;;KM-02;Colisão;Luz do Dia;;;Meio de Quadra;;;0;2;0;1;0;0;0;0;0;1;0;0;-3,773616148;-38,4817994
349544;11;9;2019;22:19;17370;RUA BAR SOBRAL;RUA ALM RUBIM;;;;Colisão;;;;Cruz;Semáforo;Residencial;0;1;0;1;0;0;0;0;0;1;0;0;-3,766572;-38,554972
349525;11;9;2019;12:43;0;RUA VASCO DE ATAIDE;;;911;;Queda;Luz do Dia;;;Meio de Quadra;;;0;1;0;0;0;0;0;0;0;1;0;0;-3,824130514;-38,48613857
349527;11;9;2019;15:11;0;RUA TEN BARBOSA D46;;;74;;Atropelamento;Luz do Dia;;;Meio de Quadra;;;0;1;0;1;0;0;0;0;0;0;0;0;-3,763132917;-38,51230983
349528;11;9;2019;15:45;0;RUA PDE PEDRO DE ALENCAR;;;1410;;Queda;Luz do Dia;;;Meio de Quadra;;;0;1;0;0;0;0;0;0;0;1;0;0;-3,840432089;-38,49426953
349523;11;9;2019;12:41;18320;RUA ARARIUS;AV HIS RAIMUNDO GIRAO;;;;Colisão;Luz do Dia;;;Cruz;Semáforo;Residencial;0;1;0;0;0;0;0;0;0;1;0;0;-3,720447;-38,513581
349520;11;9;2019;12:06;5122;RUA SAO PAULO;AV IMPERADOR;;;;Colisão;Luz do Dia;;;Cruz;Semáforo;Comercial;0;1;0;1;0;0;0;0;0;1;0;0;-3,724049;-38,533522
349551;11;9;2019;21:30;0;RD CE-040;;;3;KM-03;Colisão;;;;Meio de Quadra;;;0;2;0;1;0;0;0;0;0;0;0;0;-3,782614325;-38,4810839
349562;11;9;2019;23:53;0;RUA ALBERTO MAGNO;;;1590;;Colisão;;;;Meio de Quadra;;;0;2;0;1;0;0;0;0;0;0;0;0;-3,767991;-38,552417
349557;11;9;2019;23:15;0;AV PERIMETRAL;;;588;;Queda;;;;Meio de Quadra;;;0;1;0;0;0;0;0;0;0;1;0;0;;
349514;11;9;2019;11:08;0;RUA POMPILIO GOMES;;;574;;Colisão;Luz do Dia;;;Meio de Quadra;;;0;1;0;1;0;0;0;0;0;1;0;0;;
349483;11;9;2019;05:50;0;RUA TEN MOACIR MATOS;;;541;;Queda;Amanhecer;;;Meio de Quadra;;;0;1;0;0;0;0;0;0;0;1;0;0;-3,766093373;-38,55420151
349484;11;9;2019;06:57;0;AV OLIVEIRA PAIVA;;;1216;;Atropelamento;Luz do Dia;;;Meio de Quadra;;;0;1;0;0;0;0;0;0;0;1;0;0;-3,795401571;-38,49523886
348441;11;9;2019;19:40;5051;RUA SEN POMPEU;RUA SEN JAGUARIBE;;;;Colisão Lateral;Anoitecer;Bom;Seca;Cruz;Pare;Comercial;0;0;2;1;0;0;0;0;0;0;0;0;-3,721667;-38,528055