COD_ACIDENTE;DIA;MES;ANO;HORA;INTERSECAO;LOG1;LOG2;LOG3;NUMERO;REFERENCIA;NATUREZA;ILUMINACAO;TEMPO;SUPERFICIEPISTA;TIPOCRUZAMENTO;CONTROLETRAFEGO;USOSOLO;MORTOS;FERIDOS;ILESOS;AUTOMOVEL;ONIBUS;BICICLETA;CAMINHAO;MICROONIBUS;CICLOMOTOR;MOTOCICLETA;TRACAOANIMAL;TREM;LATITUDE;LONGITUDE
348429;11;9;2019;09:30;0;AV PRS JUSCELINO KUBITSCHEK (PASSARÉ);;;3505;;Colisão Lateral;Luz do Dia;Bom;Seca;Meio de Quadra;Outros;Comercial;0;1;2;1;0;0;0;0;0;1;0;0;-3,811910667;-38,52847433
348458;11;9;2019;16:14;9132;AV 13 DE MAIO;RUA JAIME BENEVOLO;;;;Colisão Transversal;Luz do Dia;Bom;Seca;Cruz;Semáforo;Comercial;0;1;1;1;0;0;0;0;0;1;0;0;-3,748122;-38,530741
348481;12;9;2019;20:15;11035;RUA GERMANO FRANCK;RUA JULIO VERNE;;;;Colisão Transversal;Via Iluminada;Bom;Seca;Cruz;Pare;Comercial;0;1;1;1;0;0;0;0;0;1;0;0;-3,7745767;-38,5588603
348482;12;9;2019;08:40;0;AV FRANCISCO SA;;;6055;;Colisão Lateral;Luz do Dia;Bom;Seca;Meio de Quadra;Outros;Comercial;0;1;1;0;0;0;0;0;0;1;0;0;-3,70998;-38,579004
348468;12;9;2019;21:30;25043;AV CEL CARVALHO;RUA RIO TAPAJOS;;;;Colisão Lateral;Via Iluminada;Bom;Seca;T;Não Há Controle;Comercial;0;1;1;1;0;0;0;0;0;1;0;0;-3,708154;-38,590312
348461;12;9;2019;19:36;13018;AV JOAO DE ARAUJO LIMA;AV B CJ JOSE WALTER;;;;Colisão Traseira;Via Iluminada;Nublado;Seca;;Pare;Residencial;0;1;1;0;1;0;0;0;0;1;0;0;-3,825556;-38,558972
348490;12;9;2019;16:00;0;AV EDUARDO GIRAO;;;;;Colisão Traseira;Luz do Dia;Bom;Seca;Meio de Quadra;Semáforo;Residencial;0;0;2;1;0;0;0;0;0;0;0;0;;
349576;12;9;2019;06:59;0;RUA INACIO VASCONCELOS;;;270;;Colisão;Luz do Dia;;;;;;0;1;0;1;0;0;0;0;0;1;0;0;-3,8131113;-38,4972653
349579;12;9;2019;07:26;6285;AV C CJ CEARA;AV G CJ CEARA;;;;Colisão;Luz do Dia;;;T;Não Há Controle;Residencial;0;1;0;0;0;0;0;0;0;0;0;0;;
349583;12;9;2019;08:02;0;AV GAL OSORIO DE PAIVA;;;7491;;Colisão;Luz do Dia;;;Meio de Quadra;;;0;1;0;1;0;1;0;0;0;0;0;0;-3,81789325;-38,61483425
349592;12;9;2019;08:04;0;AV BEIRA MAR;;;;;Queda;Luz do Dia;;;Meio de Quadra;;;0;1;0;0;0;1;0;0;0;0;0;0;;
349558;12;9;2019;09:00;0;ACESSO F UI 401;;;3;;Colisão;Luz do Dia;;;Meio de Quadra;;;0;2;0;1;0;0;0;0;0;0;0;0;-3,801540714;-38,51069414
349570;12;9;2019;06:20;0;RUA VALPARAISO;;;1451;;Atropelamento;Luz do Dia;;;Meio de Quadra;;;0;1;0;0;0;0;0;0;0;0;0;0;-3,838186819;-38,53312498
349612;12;9;2019;14:38;0;AV ZEZE DIOGO;;;;;Colisão;Luz do Dia;;;Meio de Quadra;;;0;1;0;1;0;0;0;0;0;1;0;0;;
349613;12;9;2019;15:22;0;RUA PEDRO ARTUR;;;513;;Colisão;Luz do Dia;;;Meio de Quadra;;;0;1;0;1;0;0;0;0;0;1;0;0;-3,713133018;-38,55259258
349607;12;9;2019;13:08;0;AV DEP PAULINO ROCHA;;;1336;;Colisão;Luz do Dia;;;Meio de Quadra;;;0;1;0;1;0;0;0;0;0;1;0;0;-3,8109275;-38,5098149
349603;12;9;2019;12:17;0;RUA ROBERIO TAVORA;;;62;;Atropelamento;Luz do Dia;;;Meio de Quadra;;;0;1;0;1;0;0;0;0;0;0;0;0;-3,74341868;-38,51239416
349604;12;9;2019;12:51;0;RUA REGINA DE FATIMA;;;2630;;Colisão;Luz do Dia;;;Meio de Quadra;;;0;1;0;0;0;0;0;0;0;0;0;0;-3,80978;-38,52419
349605;12;9;2019;13:08;0;RUA JOAO SORONGO;;;793;;Colisão;Luz do Dia;;;Meio de Quadra;;;0;1;0;0;0;0;0;0;0;0;0;0;-3,74913852;-38,5455282
349599;12;9;2019;10:43;0;AV ZEZE DIOGO;;;38;;Atropelamento;Luz do Dia;;;Meio de Quadra;;;0;1;0;0;1;0;0;0;0;0;0;0;-3,7083488;-38,469767
349596;12;9;2019;08:54;0;RUA JOSE FACANHA;;;708;;Queda;Luz do Dia;;;Meio de Quadra;;;0;1;0;0;0;0;0;0;0;1;0;0;-3,751902;-38,55752675
349597;12;9;2019;09:42;0;AV ENG ALBERTO SA;;;571;;Queda;Luz do Dia;;;Meio de Quadra;;;0;1;0;0;0;0;0;0;0;1;0;0;-3,7348;-38,475012
349594;12;9;2019;08:51;0;RUA JOAQUIM ALBANO;;;;;Queda;Luz do Dia;;;Meio de Quadra;;;0;1;0;0;0;0;0;0;0;1;0;0;;
349625;12;9;2019;18:22;0;AV ABOLICAO;;;;;Queda;Anoitecer;;;Meio de Quadra;;;0;1;0;0;0;1;0;0;0;0;0;0;;
349622;12;9;2019;18:02;0;AV MAE LISBOA;;;;;Colisão;Anoitecer;;;Meio de Quadra;;;0;1;0;1;0;0;0;0;0;1;0;0;;
349609;12;9;2019;14:12;0;RUA PAULO FIRMEZA;;;544;;Queda;Luz do Dia;;;Meio de Quadra;;;0;1;0;0;0;0;0;0;0;1;0;0;-3,757286;-38,51462
349616;12;9;2019;15:46;0;AV PRS CASTELO BRANCO;;;2458;;Colisão;Luz do Dia;;;Meio de Quadra;;;0;1;0;0;0;0;1;0;0;1;0;0;-3,713327637;-38,54987726
349620;12;9;2019;16:52;0;RUA PARANA;;;878;;Atropelamento;Luz do Dia;;;Meio de Quadra;;;0;1;0;1;0;0;0;0;0;0;0;0;-3,755840628;-38,56747464
349633;12;9;2019;20:09;0;AV AUGUSTO DOS ANJOS;;;489;;Colisão;;;;Meio de Quadra;;;0;1;0;0;0;0;0;0;0;1;0;0;-3,773047;-38,5727921
349630;12;9;2019;18:58;0;AV GODOFREDO MACIEL;;;;;Atropelamento;;;;Meio de Quadra;;;0;1;0;0;0;0;0;0;0;0;0;0;;
349961;12;9;2019;22:00;0;RD CE-040;;;10;KM-10;Colisão;;;;Meio de Quadra;;;0;2;0;1;0;0;0;0;0;0;0;0;-3,84257666;-38,48088284
349971;12;9;2019;22:05;0;RD CE-040;;;4;KM-04;Colisão;;;;Meio de Quadra;;;0;2;0;1;0;0;0;0;0;1;0;0;-3,791613156;-38,48033084
349651;12;9;2019;22:54;0;RUA PDE VALDEVINO;;;2451;;Colisão;;;;Meio de Quadra;;;0;1;0;1;0;0;0;0;0;1;0;0;-3,743222;-38,503847
349652;12;9;2019;22:59;0;AV MAJ ASSIS;;;2341;;Colisão;;;;Meio de Quadra;;;0;1;0;0;0;0;0;0;0;1;0;0;-3,720465667;-38,60090217
349649;12;9;2019;22:00;0;AV CESAR CALS;;;510;;Queda;;;;Meio de Quadra;;;0;2;0;0;0;0;0;0;0;1;0;0;-3,7436405;-38,4533897
350669;12;9;2019;07:00;0;AV DEP PAULINO ROCHA;;;1345;;Colisão Traseira;Luz do Dia;Bom;Seca;Meio de Quadra;Semáforo;Comercial;0;1;1;0;1;0;0;0;0;1;0;0;-3,8109271;-38,5098143
350670;12;9;2019;07:20;15392;RUA ARAUJO TORREAO;RUA INACIO VASCONCELOS;;0;;Colisão Transversal;Luz do Dia;Bom;Seca;Cruz;Pare;Residencial;0;1;1;1;0;0;0;0;0;1;0;0;-3,812994;-38,496873
350671;12;9;2019;13:00;0;AV DEP PAULINO ROCHA;;;1336;;Atropelamento;Luz do Dia;Bom;Seca;Meio de Quadra;Não Há Controle;Comercial;0;1;1;0;0;0;0;0;0;1;0;0;-3,8109275;-38,5098149
350672;12;9;2019;12:45;20117;RUA REGINA DE FATIMA;RUA PRO JOSE SILVEIRA;;;;Colisão Transversal;Luz do Dia;Bom;Seca;Cruz;Pare;Residencial;0;1;1;0;1;0;0;0;0;1;0;0;-3,809617;-38,524013
350673;12;9;2019;16:31;0;AV DR THEBERGE;;;1378;;Colisão Transversal;Luz do Dia;Bom;Seca;Meio de Quadra;Não Há Controle;Comercial;0;1;1;1;0;0;0;0;0;1;0;0;-3,7141595;-38,56479913
350332;12;9;2019;15:30;0;RUA CAP CLOVIS MAIA;;;3835;;Colisão;Luz do Dia;;;Meio de Quadra;;;0;0;1;0;0;0;0;0;0;0;0;0;-3,72774;-38,45936
350334;12;9;2019;18:05;0;AV MAE LISBOA;;;;;Colisão;Anoitecer;;;Meio de Quadra;;;0;0;1;0;0;0;0;0;0;0;0;0;;
350344;12;9;2019;03:00;15225;RUA ILDEFONSO ALBANO;RUA TEN BENEVOLO;;;;Colisão;;;;Cruz;Semáforo;Comercial;0;0;1;0;0;0;0;0;0;0;0;0;-3,727294;-38,511332
350347;13;9;2019;02:08;0;AV CEL CARVALHO;;;640;;Colisão;;;;Meio de Quadra;;;0;0;1;0;0;0;0;0;0;0;0;0;-3,7066718;-38,5906896
350348;13;9;2019;23:30;0;AV DOS EXPEDICIONARIOS;;;5360;;Colisão;;;;Meio de Quadra;;;0;0;1;0;0;0;0;0;0;0;0;0;-3,766646;-38,541696
350674;13;9;2019;00:04;0;AV MAJ ASSIS;RUA 41 CJ DOS BANCARIOS;;0;;Colisão Transversal;Via Iluminada;Bom;Seca;T;Pare;Residencial;0;1;1;0;0;0;0;0;0;1;0;0;-3,720485;-38,600836
350675;13;9;2019;02:14;15225;RUA ILDEFONSO ALBANO;RUA TEN BENEVOLO;;0;;Colisão Transversal;Via Iluminada;Bom;Seca;Cruz;Semáforo;Comercial;0;0;2;1;0;0;0;0;0;0;0;0;-3,727294;-38,511332
350676;13;9;2019;05:31;23016;AV DR SILAS MUNGUBA;RUA PRA HELOISA F LIMA;;;;Colisão Lateral;Amanhecer;Bom;Seca;Cruz;Semáforo;Comercial;0;1;1;0;1;0;0;0;0;1;0;0;-3,788406;-38,545961
350677;13;9;2019;11:14;5203;RUA PEDRO PEREIRA;RUA AGAPITO DOS SANTOS;;0;;Colisão Transversal;Luz do Dia;Bom;Seca;Cruz;Pare;Comercial;0;0;1;1;0;0;0;0;0;0;0;0;-3,726324;-38,538907
350678;13;9;2019;15:21;0;AV 13 DE MAIO;;;200;;Colisão Traseira;Luz do Dia;Bom;Seca;Meio de Quadra;Semáforo;Comercial;0;1;1;1;0;0;0;0;0;1;0;0;-3,7537221;-38,5221348
350679;13;9;2019;15:20;13409;RUA JOAO BRIGIDO;RUA MON BRUNO;;;;Colisão Transversal;Luz do Dia;Bom;Seca;Cruz;Pare;Comercial;0;1;1;1;0;0;0;0;0;0;0;0;-3,74167;-38,512432
350680;13;9;2019;20:00;0;AV ALM HENRIQUE SABOIA;;;1220;;Colisão Lateral;Via Iluminada;Bom;Seca;Meio de Quadra;Semáforo;Comercial;0;1;1;1;0;0;0;0;0;1;0;0;-3,7466048;-38,4916628
350681;13;9;2019;20:05;5374;AV DUQ CAXIAS;RUA BAR RIO BRANCO;;;;Colisão Transversal;Via Iluminada;Bom;Seca;Cruz;Semáforo;Comercial;0;0;2;1;0;0;0;0;0;0;0;0;-3,731774;-38,529947
349655;13;9;2019;00:18;0;RUA ILDEFONSO ALBANO;;;1055;;Colisão;;;;Meio de Quadra;;;0;1;0;1;0;0;0;0;0;0;0;0;-3,72431;-38,51037
349659;13;9;2019;02:21;0;RUA BAR RIO BRANCO;;;1816;;Queda;;;;Meio de Quadra;;;0;1;0;0;0;0;0;0;0;1;0;0;-3,734707;-38,530891
349663;13;9;2019;05:48;0;RUA GERALDO BARBOSA;;;239;;Queda;Amanhecer;;;Meio de Quadra;;;0;1;0;0;0;0;0;0;0;1;0;0;-3,794307734;-38,59468808
349666;13;9;2019;06:54;0;RUA PAULO FIRMEZA;;;283;;Atropelamento;Luz do Dia;;;Meio de Quadra;;;0;1;0;0;0;0;0;0;0;1;0;0;-3,757586;-38,517454
349675;13;9;2019;07:07;0;AV ABOLICAO;;;3773;;Colisão;Luz do Dia;;;Meio de Quadra;;;0;1;0;1;0;0;0;0;0;1;0;0;-3,725683421;-38,48569145
349676;13;9;2019;07:28;0;AV MR HULL;;;5000;;Colisão;Luz do Dia;;;Meio de Quadra;;;0;1;1;0;0;0;1;0;0;1;0;0;-3,739210614;-38,5886706
349677;13;9;2019;07:50;0;AV SGT HERMINIO SAMPAIO;;;;;Colisão;Luz do Dia;;;Meio de Quadra;;;0;1;0;1;0;1;0;0;0;0;0;0;;
349678;13;9;2019;08:05;0;AV PRS CASTELO BRANCO;;;2490;;Atropelamento;Luz do Dia;;;Meio de Quadra;;;0;1;0;0;0;0;0;0;0;1;0;0;-3,713237264;-38,55017863
349679;13;9;2019;10:28;0;RUA PEDRO FERREIRA;;;1843;;Atropelamento;Luz do Dia;;;Meio de Quadra;;;0;1;0;0;0;0;0;0;0;0;0;0;-3,72245;-38,59913
349680;13;9;2019;10:43;17570;RUA ESPIRITO SANTO;RUA MARANHAO;;;;Colisão;Luz do Dia;;;T;Pare;Residencial;0;1;0;0;0;0;0;0;0;0;0;0;-3,753779;-38,568699
349681;13;9;2019;11:01;0;AV GODOFREDO MACIEL;;;5182;;Colisão;Luz do Dia;;;Meio de Quadra;;;0;2;0;1;0;0;0;0;0;1;0;0;-3,819400057;-38,5768436
349682;13;9;2019;11:15;0;RUA CON DE CASTRO;;;9524;;Queda;Luz do Dia;;;Meio de Quadra;;;0;1;0;0;0;0;0;0;0;1;0;0;-3,826181722;-38,60645156
349683;13;9;2019;14:13;0;AV A CJ JOSE WALTER;;;790;;Colisão;Luz do Dia;;;Meio de Quadra;;;0;1;0;0;0;0;0;0;0;1;0;0;-3,823884667;-38,55734217
349684;13;9;2019;15:24;0;RUA N ESPLANADA CASTELAO;;;8;;Colisão;Luz do Dia;;;Meio de Quadra;;;0;1;0;0;0;0;0;0;0;0;0;0;-3,817802143;-38,51795657
349685;13;9;2019;15:32;0;RUA MON BRUNO;;;2205;;Colisão;Luz do Dia;;;Meio de Quadra;;;0;1;0;0;0;0;0;0;0;0;0;0;-3,74176;-38,51246
349687;13;9;2019;16:57;0;AV SGT HERMINIO SAMPAIO;;;3441;;Atropelamento;Luz do Dia;;;Meio de Quadra;;;0;1;0;0;0;0;0;0;0;1;0;0;-3,728513;-38,571623
349688;13;9;2019;17:58;2766;RUA ZACARIAS FLORINDO;RUA BOM JESUS (GRANJA LISBOA);;;;Queda;Anoitecer;;;Cruz;Pare;Residencial;0;1;0;0;0;0;0;0;0;1;0;0;-3,792274;-38,607869
349689;13;9;2019;18:05;0;RUA JACINTO MATOS;;;;;Colisão;Anoitecer;;;Meio de Quadra;;;0;1;0;1;0;0;0;0;0;1;0;0;;
349690;13;9;2019;18:46;1370;RUA MARCOS MACEDO;RUA CEL JUCA;;;;Colisão;;;;Cruz;Pare;Comercial;0;1;0;1;0;0;0;0;0;1;0;0;-3,736456;-38,490901
349691;13;9;2019;18:55;0;RUA MARTINS DE LIMA;;;1189;;Queda;;;;Meio de Quadra;;;0;1;0;0;0;0;0;0;0;1;0;0;-3,8272311;-38,6038479
349692;13;9;2019;19:00;0;RUA QUINZE (CANINDEZINHO);;;447;;Atropelamento;;;;Meio de Quadra;;;0;1;0;0;0;0;0;0;0;1;0;0;-3,8204416;-38,6087499
349693;13;9;2019;19:05;0;AV EDUARDO GIRAO;;;420;;Colisão;;;;Meio de Quadra;;;0;1;0;1;0;0;0;0;0;1;0;0;-3,756395;-38,527576
349694;13;9;2019;19:45;0;RUA SAO FRANCISCO D34;;;100;;Colisão;;;;Meio de Quadra;;;0;2;0;0;0;0;0;0;0;1;0;0;-3,79981;-38,59888
349695;13;9;2019;19:58;23772;RUA COSTA FREIRE;RUA ARAPONGA;;;;Colisão;;;;Cruz;Pare;Residencial;0;1;0;1;0;0;0;0;0;1;0;0;-3,784514;-38,577606
349696;13;9;2019;20:00;0;RUA QUINZE (CANINDEZINHO);;;447;;Queda;;;;Meio de Quadra;;;0;1;0;0;0;0;0;0;0;1;0;0;-3,8204416;-38,6087499
349697;13;9;2019;21:05;15372;AV DOM LUIS;RUA CEL JUCA;;;;Colisão;;;;Cruz;Semáforo;Comercial;0;1;0;1;0;0;0;0;0;1;0;0;-3,735452;-38,490579
349698;13;9;2019;21:30;0;RUA VICENTE CELESTINO;;;1148;;Colisão;;;;Meio de Quadra;;;0;1;0;1;0;0;0;0;0;1;0;0;-3,82353;-38,59685
349699;13;9;2019;22:03;0;RUA E VENEZA TROPICAL;;;;;Colisão;;;;Meio de Quadra;;;0;1;0;1;0;0;0;0;0;1;0;0;;
349700;13;9;2019;22:07;0;RUA PERNAMBUCO;;;;;Queda;;;;Meio de Quadra;;;0;1;0;0;0;0;0;0;0;1;0;0;;
349701;13;9;2019;22:23;0;RUA 19 CJ ALTO ALEGRE;;;960;;Atropelamento;;;;Meio de Quadra;;;0;2;0;1;0;0;0;0;0;0;0;0;-3,71428;-38,59564
349702;13;9;2019;23:05;0;AV DEP PAULINO ROCHA;;;3455;;Colisão;;;;Meio de Quadra;;;0;1;0;1;0;0;0;0;0;1;0;0;;
349657;13;9;2019;00:41;10634;AV MIGUEL DIAS;AV WASHINGTON SOARES;;;;Colisão;;;;T;Semáforo;Comercial;0;1;0;1;0;0;0;0;0;0;0;0;-3,757742;-38,488341
348491;13;9;2019;21:00;10958;RUA EUZEBIO DE QUEIROS;RUA VILA LOBOS;;;;Colisão Transversal;;;;Cruz;Pare;Residencial;0;1;1;1;0;0;0;0;1;0;0;0;-3,772453;-38,556184
348493;13;9;2019;20:53;25071;AV DOS EXPEDICIONARIOS;RUA TEODORICO BARROSO;;;;Colisão Transversal;Mal Iluminada;Bom;Seca;Cruz;Pare;Comercial;0;1;1;1;0;0;0;0;0;1;0;0;-3,766646;-38,541696
348494;14;9;2019;20:00;0;AV FRANCISCO SA;;;5481;;Colisão Traseira;Via Iluminada;Bom;Seca;Meio de Quadra;Não Há Controle;Comercial;0;1;1;1;0;0;0;0;0;1;0;0;-3,711949;-38,573313
348495;14;9;2019;07:30;0;AV GAL OSORIO DE PAIVA;;;1470;;Colisão;Luz do Dia;Nublado;Seca;Meio de Quadra;Outros;Comercial;0;3;0;1;0;0;0;0;0;1;0;0;-3,780930091;-38,57487539
348496;14;9;2019;;0;RUA VALPARAISO;;;;;Choque c/ Obstáculo Fixo;;Bom;Seca;Meio de Quadra;Não Há Controle;Rural;0;1;0;1;0;0;0;0;0;0;0;0;;
349744;14;9;2019;17:13;5463;RUA BARBARA DE ALENCAR;RUA DNA LEOPOLDINA;;;;Colisão;Anoitecer;;;Cruz;Outros;Comercial;0;2;0;1;0;0;0;0;0;1;0;0;-3,735695;-38,521102
349751;14;9;2019;17:58;0;AV JOAO PESSOA;;;;;Atropelamento;Anoitecer;;;Meio de Quadra;;;0;1;0;0;0;0;0;0;0;1;0;0;;
349753;14;9;2019;18:18;0;RUA EURICO MEDINA;;;191;;Colisão;Anoitecer;;;Meio de Quadra;;;0;1;0;1;0;0;0;0;0;1;0;0;-3,7566332;-38,5849644
349741;14;9;2019;16:14;0;AV JOR THOMAZ COELHO;;;;;Atropelamento;Luz do Dia;;;Meio de Quadra;;;0;1;0;0;0;0;0;0;0;0;0;0;;
349735;14;9;2019;15:55;8954;AV DOMINGOS OLIMPIO;RUA DOM JERONIMO D06;;;;Colisão;Luz do Dia;;;Cruz;Pare;Comercial;0;1;0;1;0;1;0;0;0;0;0;0;-3,733201;-38,543457
349722;14;9;2019;15:19;0;RUA JABORANDI;;;1664;;Queda;Luz do Dia;;;Meio de Quadra;;;0;1;0;0;0;1;0;0;0;0;0;0;-3,841299677;-38,51754742
349792;14;9;2019;22:51;0;AV PERIMETRAL;;;1714;;Colisão;;;;Meio de Quadra;;;0;1;0;0;0;0;0;0;0;0;0;0;;
349790;14;9;2019;22:36;0;AV WASHINGTON SOARES;;;;;Colisão;;;;Meio de Quadra;;;0;1;0;1;0;0;0;0;0;1;0;0;;
349781;14;9;2019;21:38;0;AV MOZART PINHEIRO DE LUCENA;;;1926;;Colisão;;;;Meio de Quadra;;;0;1;0;0;0;0;0;0;0;0;0;0;-3,7193975;-38,5960115
349782;14;9;2019;21:47;7644;RUA GUANABARA;RUA CEARA;;;;Colisão;;;;;;;0;2;0;0;0;0;0;0;0;1;0;0;-3,756873;-38,568965
349784;14;9;2019;22:24;0;AV H CJ CEARA;;;1250;;Atropelamento;;;;Meio de Quadra;;;0;1;0;0;0;0;0;0;0;1;0;0;-3,775702;-38,609372
349778;14;9;2019;20:55;0;RUA NAPOLEAO QUEZADO;;;;;Colisão;;;;Meio de Quadra;;;0;1;0;0;0;0;1;0;0;1;0;0;;
349747;14;9;2019;17:21;25534;RUA CURITIBA;RUA VITORIA (AV. PERIMETRAL);;;;Colisão;Anoitecer;;;Cruz;Pare;Residencial;0;2;0;0;0;0;0;0;0;1;0;0;;
349776;14;9;2019;20:55;13278;AV G CJ JOSE WALTER;AV L CJ JOSE WALTER;;;;Queda;;;;Outros;Pare;Comercial;0;1;0;0;0;0;0;0;0;1;0;0;-3,837707;-38,55951
349773;14;9;2019;20:48;0;RUA SGT JOAO PINHEIRO;;;;;Queda;;;;Meio de Quadra;;;0;1;0;0;0;0;0;0;0;1;0;0;;
349768;14;9;2019;19:52;0;RUA PARANA;;;738;;Colisão;;;;Meio de Quadra;;;0;1;0;0;0;0;0;0;0;0;0;0;-3,753761764;-38,56614716
349769;14;9;2019;19:55;0;RUA DR PERIGUARI;;;34;;Colisão;;;;Meio de Quadra;;;0;2;0;1;0;0;0;0;0;1;0;0;-3,74031;-38,5864
349762;14;9;2019;18:26;5399;AV VIS RIO BRANCO;RUA PERO COELHO;;;;Queda;Anoitecer;;;;;;0;1;0;0;0;0;0;0;0;1;0;0;-3,732458;-38,524814
349765;14;9;2019;19:07;0;RUA VICENTE LINHARES;;;1191;;Colisão;;;;Meio de Quadra;;;0;1;0;1;0;0;0;0;0;1;0;0;-3,744049;-38,494402
349703;14;9;2019;00:34;0;AV WASHINGTON SOARES;;;;;Colisão;;;;Meio de Quadra;;;0;1;0;1;0;0;0;0;0;1;0;0;;
349704;14;9;2019;03:22;11642;TR RIO DE JANEIRO;RUA VITORIA (AV. PERIMETRAL);;;;Queda;;;;;;;0;2;0;0;0;0;0;0;0;1;0;0;-3,768826;-38,590369
349706;14;9;2019;07:43;0;AV AUGUSTO DOS ANJOS;;;1377;;Colisão;Luz do Dia;;;Meio de Quadra;;;0;1;0;1;0;0;0;0;0;1;0;0;-3,778743;-38,5779
349707;14;9;2019;08:01;0;AV MR HULL;;;;;Queda;Luz do Dia;;;Meio de Quadra;;;0;1;0;0;0;1;0;0;0;0;0;0;;
349708;14;9;2019;08:16;0;RUA JOSE TORRES;;;734;;Colisão;Luz do Dia;;;Meio de Quadra;;;0;1;0;0;0;0;0;0;0;0;0;0;-3,777463171;-38,60657123
349710;14;9;2019;09:14;0;RUA JONAS SAMPAIO;;;18;;Colisão;Luz do Dia;;;Meio de Quadra;;;0;1;0;1;0;0;0;0;0;1;0;0;-3,819999;-38,4795043
349713;14;9;2019;09:45;0;RUA PRIMEIRO DE JANEIRO;;;150;;Colisão;Luz do Dia;;;Meio de Quadra;;;0;1;0;1;0;0;0;0;0;1;0;0;-3,785294;-38,564552
349715;14;9;2019;09:45;15146;RUA FRANCISCO DIAS RIBEIRO;AV MON TABOSA;;;;Colisão;Luz do Dia;;;T;Não Há Controle;Residencial;0;1;0;1;0;0;0;0;0;1;0;0;-3,724513;-38,504556
349717;14;9;2019;09:52;0;AV PRO A CAMARA;;;393;;Colisão;Luz do Dia;;;Meio de Quadra;;;0;1;0;1;0;0;0;0;0;1;0;0;-3,8336339;-38,5937887
349718;14;9;2019;12:31;0;AV PDE ANTONIO TOMAS;;;765;;Colisão;Luz do Dia;;;Meio de Quadra;;;0;1;0;1;0;0;0;0;0;1;0;0;-3,741078385;-38,49683954
349720;14;9;2019;12:56;15815;RUA CEL GUILHERME ALENCAR;RUA MANUEL CASTELO BRANCO;;;;Colisão;Luz do Dia;;;Cruz;Pare;Comercial;0;1;1;0;1;0;0;0;0;1;0;0;-3,831934;-38,491829
350682;14;9;2019;05:55;9154;RUA DOM SEBASTIAO LEME;AV 13 DE MAIO;;;;Colisão Lateral;Amanhecer;Bom;Seca;Meio de Quadra;Semáforo;Comercial;0;1;1;1;0;0;0;0;0;1;0;0;-3,752832;-38,525221
350683;14;9;2019;13:58;0;AV PRS JUSCELINO KUBITSCHEK (PASSARÉ);;;0;;Choque c/ Obstáculo Fixo;Luz do Dia;Bom;Seca;Outros;Semáforo;Comercial;0;1;0;1;0;0;0;0;0;0;0;0;;
350354;14;9;2019;20:00;9188;RUA NAPOLEAO LAUREANO;RUA PDE BARBOSA DE JESUS;;;;Colisão;;;;Cruz;Pare;Comercial;0;0;1;0;0;0;0;0;0;0;0;0;-3,748917;-38,52854
349974;14;9;2019;02:40;0;RD CE-025;;;12;;Choque c/ Obstáculo Fixo;;;;Meio de Quadra;;;0;1;0;1;0;0;0;0;0;0;0;0;;
349976;14;9;2019;19:45;0;AV SEN CARLOS JEREISSATI (AEROPORTO);;;;;Colisão;;;;Meio de Quadra;;;0;1;1;1;0;0;0;0;0;1;0;0;;
349977;14;9;2019;22:30;0;RD CE-040;;;;KM-06;Colisão;;;;Meio de Quadra;;;0;2;0;1;0;0;0;0;0;1;0;0;-3,809596804;-38,47873348
349979;15;9;2019;14:40;0;RD CE-040;;;;KM-01;Choque c/ Obstáculo Fixo;Luz do Dia;;;Meio de Quadra;;;0;1;0;1;0;0;0;0;0;0;0;0;-3,764650449;-38,48258304
349981;15;9;2019;;0;RD CE-040;;;16;;Colisão;;;;Meio de Quadra;;;0;3;0;1;0;0;0;0;0;0;0;0;;
349983;15;9;2019;04:37;0;ACESSO F UI 401;;;3;;Colisão Lateral;;;;Meio de Quadra;;;0;0;1;1;0;0;0;0;0;0;0;0;-3,801540714;-38,51069414
350365;15;9;2019;23:04;0;AV BAR STUDART;;;;;Colisão;;;;Meio de Quadra;;;0;0;1;0;0;0;0;0;0;0;0;0;;
350684;15;9;2019;06:15;14341;AV PRS CASTELO BRANCO;RUA SEN POMPEU;;;;Colisão Lateral;Amanhecer;Bom;Seca;T;Não Há Controle;Comercial;0;0;2;0;0;0;0;0;0;1;0;0;-3,72107;-38,527917
350685;15;9;2019;06:06;25153;RUA RAIMUNDO NERY;RUA ANTONIO COSTA MENDES;;;;Colisão Traseira;Luz do Dia;Bom;Seca;Cruz;Gesto;Residencial;0;0;2;1;1;0;0;0;0;0;0;0;-3,7932465;-38,5867886
350687;15;9;2019;09:14;5086;RUA PDE MORORO;RUA SAO PAULO;;;;Colisão Transversal;Luz do Dia;Bom;Seca;Cruz;Semáforo;Comercial;0;1;1;1;0;0;0;0;0;1;0;0;-3,722996;-38,536741
349794;15;9;2019;00:16;0;AV MR HULL;;;;;Atropelamento;;;Seca;Meio de Quadra;;;0;1;1;0;0;0;0;0;0;1;0;0;;
349904;15;9;2019;23:46;0;AV GAL OSORIO DE PAIVA;;;;;Colisão;;;;Meio de Quadra;;;0;1;0;1;0;0;0;0;0;1;0;0;;
349901;15;9;2019;22:00;246;AV JOVITA FEITOSA;RUA DOM LINO;;;;Colisão;;;;Cruz;Semáforo;Comercial;0;1;0;1;0;0;0;0;0;1;0;0;-3,73985;-38,556413