COD_ACIDENTE;DIA;MES;ANO;HORA;INTERSECAO;LOG1;LOG2;LOG3;NUMERO;REFERENCIA;NATUREZA;ILUMINACAO;TEMPO;SUPERFICIEPISTA;TIPOCRUZAMENTO;CONTROLETRAFEGO;USOSOLO;MORTOS;FERIDOS;ILESOS;AUTOMOVEL;ONIBUS;BICICLETA;CAMINHAO;MICROONIBUS;CICLOMOTOR;MOTOCICLETA;TRACAOANIMAL;TREM;LATITUDE;LONGITUDE
349902;15;9;2019;22:31;0;RUA ERICO MOTA;;;267;;Colisão;;;;Meio de Quadra;;;0;1;0;1;0;0;0;0;0;1;0;0;-3,738351364;-38,56237855
349894;15;9;2019;21:46;0;AV DIOGUINHO;;;;;Colisão;;;;Meio de Quadra;;;0;1;0;1;0;0;0;0;0;1;0;0;;
349891;15;9;2019;21:31;0;RUA SILVINHA TELES D69;;;629;;Queda;;;;Meio de Quadra;;;0;1;0;0;0;0;0;0;0;1;0;0;-3,847523514;-38,52767414
349813;15;9;2019;02:40;0;AV BEZERRA DE MENEZES;;;2018;;Queda;;;;Meio de Quadra;;;0;1;0;0;0;0;0;0;0;1;0;0;-3,735305471;-38,56273876
349814;15;9;2019;03:12;1927;AV ISABEL BEZERRA;RUA MARIA QUINTINO;;;;Colisão;;;;Cruz;Pare;Residencial;0;1;0;1;0;0;0;0;0;1;0;0;-3,855018;-38,50073
349817;15;9;2019;03:51;0;AV 9 CJ PEQ MONDUBIM;;;331;;Choque c/ Obstáculo Fixo;;;;Meio de Quadra;;;0;1;0;1;0;0;0;0;0;0;0;0;;
349818;15;9;2019;04:58;0;AV DR SILAS MUNGUBA;;;;;Queda;;;;Meio de Quadra;;;0;1;0;0;0;0;0;0;0;1;0;0;;
349820;15;9;2019;07:52;0;RUA BETEL;;;;;Colisão;Luz do Dia;;;Meio de Quadra;;;0;1;0;1;1;0;0;0;0;0;0;0;;
349821;15;9;2019;08:02;0;AV WASHINGTON SOARES;;;;;Atropelamento;Luz do Dia;;;Meio de Quadra;;;0;1;0;1;0;0;0;0;0;0;0;0;;
349822;15;9;2019;08:11;0;AV BEZERRA DE MENEZES;;;692;;Colisão;Luz do Dia;;;Meio de Quadra;;;0;1;0;1;0;0;0;0;0;1;0;0;-3,732898;-38,551066
349823;15;9;2019;08:29;0;RUA SAO FRANCISCO DE ASSIS;;;;;Colisão;Luz do Dia;;;Meio de Quadra;;;0;1;0;1;0;0;0;0;0;1;0;0;;
349824;15;9;2019;08:32;74;RUA ANARIO BRAGA;RUA PANAMA;;;;Colisão;Luz do Dia;;;;;;0;1;0;1;0;0;0;0;0;1;0;0;-3,737226;-38,592166
349825;15;9;2019;09:10;5086;RUA PDE MORORO;RUA SAO PAULO;;;;Colisão;Luz do Dia;;;Cruz;Semáforo;Comercial;0;1;0;1;0;0;0;0;0;1;0;0;-3,722996;-38,536741
349826;15;9;2019;11:56;0;AV CONTORNO SUL;;;1037;;Atropelamento;Luz do Dia;;;Meio de Quadra;;;0;1;0;0;0;0;0;0;0;1;0;0;-3,836466032;-38,51822869
349827;15;9;2019;12:06;7643;RUA RIO GRANDE DO NORTE;RUA GUANABARA;;;;Colisão;Luz do Dia;;;Cruz;Pare;Residencial;0;1;0;1;0;0;0;0;0;1;0;0;-3,757469;-38,569353
349828;15;9;2019;12:13;10963;RUA 15 DE NOVEMBRO;RUA ANTONIO FIUZA;;;;Colisão;Luz do Dia;;;Cruz;Semáforo;Comercial;0;1;0;1;0;0;0;0;0;1;0;0;-3,770252;-38,552228
349829;15;9;2019;12:16;0;RUA STA CATARINA (BELA VISTA / PAN AMERICANO);;;988;;Colisão;Luz do Dia;;;Meio de Quadra;;;0;1;0;0;0;0;0;0;0;0;0;0;-3,755152788;-38,56618314
349830;15;9;2019;12:19;0;AV ALBERTO CRAVEIRO;;;2507;;Colisão;Luz do Dia;;;Meio de Quadra;;;0;1;0;1;0;0;0;0;0;1;0;0;-3,802187202;-38,52072096
349831;15;9;2019;12:25;0;AV RECREIO D64;;;260;;Colisão;Luz do Dia;;;Meio de Quadra;;;0;1;0;1;0;0;0;0;0;1;0;0;-3,807997;-38,448964
349832;15;9;2019;12:40;0;AV PRS CASTELO BRANCO;;;;;Colisão;Luz do Dia;;;Meio de Quadra;;;0;1;0;1;0;0;0;0;0;1;0;0;;
349833;15;9;2019;14:16;0;RUA PDE IBIAPINA;;;1117;;Queda;Luz do Dia;;;Meio de Quadra;;;0;1;0;0;0;0;0;0;0;1;0;0;-3,724914;-38,540752
349834;15;9;2019;16:11;0;AV GAL OSORIO DE PAIVA;;;7690;;Colisão;Luz do Dia;;;Meio de Quadra;;;0;1;0;0;0;0;0;0;0;0;0;0;-3,819531;-38,61640179
349835;15;9;2019;16:50;0;RUA VITAL BRASIL;;;1701;;Colisão;Luz do Dia;;;Meio de Quadra;;;0;1;0;0;0;0;0;0;0;0;0;0;-3,77858;-38,595995
349836;15;9;2019;17:55;3970;RUA PRO COSTA MENDES;RUA AQUIRAZ;;;;Colisão;Anoitecer;;;Cruz;Pare;Residencial;0;1;0;0;0;0;0;0;0;0;0;0;-3,755837;-38,545595
349837;15;9;2019;18:07;24914;AV DA INDEPENDENCIA;RUA EMILIA GONCALVES;;;;Colisão;Anoitecer;;;Cruz;Não Há Controle;Misto;0;1;0;1;0;1;0;0;0;0;0;0;;
349854;15;9;2019;19:07;0;AV JOSE BASTOS;;;3778;;Colisão;;;;Meio de Quadra;;;0;1;0;1;0;0;0;0;0;1;0;0;-3,7511595;-38,551618
349873;15;9;2019;20:03;0;AV CEL CARVALHO;;;;;Colisão;;;;Meio de Quadra;;;0;1;0;0;0;0;0;0;0;0;0;0;;
349874;15;9;2019;20:22;0;RUA 66 CJ JOSE WALTER;;;761;;Queda;;;;Meio de Quadra;;;0;1;0;0;0;1;0;0;0;0;0;0;-3,838295107;-38,56166779
349879;15;9;2019;20:37;0;AV PRS CASTELO BRANCO;;;2384;;Queda;;;;Meio de Quadra;;;0;1;0;0;0;1;0;0;0;0;0;0;-3,713536626;-38,54918036
349848;15;9;2019;18:47;0;AV CEL CARVALHO;;;1905;;Colisão;;;;Meio de Quadra;;;0;1;0;1;0;0;0;0;0;1;0;0;-3,719302;-38,587461
348497;15;9;2019;20:00;0;AV CEL CARVALHO;;;3548;;Choque c/ Obstáculo Fixo;Mal Iluminada;Bom;Seca;Meio de Quadra;Não Há Controle;Comercial;1;0;0;0;0;0;0;0;0;1;0;0;-3,703844;-38,5914271
348499;15;9;2019;20:30;1425;AV BAR STUDART;RUA JOAO CARVALHO;;;;Colisão Transversal;Mal Iluminada;Bom;Seca;Cruz;Semáforo;Comercial;0;2;1;1;0;0;0;0;0;1;0;0;-3,737632;-38,507567
348501;15;9;2019;17:15;0;RUA VITAL BRASIL;;;;;Choque c/ Obstáculo Fixo;Anoitecer;Bom;Seca;Meio de Quadra;Não Há Controle;Outros;0;1;0;1;0;0;0;0;0;0;0;0;;
348502;15;9;2019;19:10;3420;AV JOAO PESSOA;RUA DES PRAXEDES;;;;Colisão Lateral;Via Iluminada;Bom;Seca;Cruz;Semáforo;Comercial;0;1;1;0;1;0;0;0;0;1;0;0;-3,756946;-38,553504
348505;16;9;2019;01:10;25025;AV AUGUSTO DOS ANJOS;RUA EMILIO DE MENESES;;;;Colisão;Via Iluminada;Bom;Seca;T;Semáforo;Comercial;0;1;1;1;0;0;0;0;0;1;0;0;-3,783313;-38,581896
349563;16;9;2019;20:26;0;RUA SEBASTIAO DE ABREU;;;183;;Colisão;;;;Meio de Quadra;;;0;2;0;1;0;0;0;0;0;0;0;0;-3,79395;-38,56729
349559;16;9;2019;18:47;0;AV BEZERRA DE MENEZES;;;;;Colisão;;;;Meio de Quadra;;;0;1;0;1;0;0;0;0;0;1;0;0;;
349560;16;9;2019;20:23;0;AV ALM HENRIQUE SABOIA;;;;;Colisão;;;;Meio de Quadra;;;0;1;0;1;0;0;0;0;0;1;0;0;;
349566;16;9;2019;20:46;0;RUA MAJ GERARDO MENDES;;;92;;Queda;;;;Meio de Quadra;;;0;1;0;0;0;0;0;0;0;1;0;0;-3,7631286;-38,5137592
349567;16;9;2019;21:03;0;AV DEP PAULINO ROCHA;;;1311;;Colisão;;;;Meio de Quadra;;;0;1;0;1;0;0;0;0;0;1;0;0;-3,808586367;-38,50863609
349568;16;9;2019;21:18;5627;AV ROGACIANO LEITE;AV JOSE LEON;;;;Colisão;;;;Cruz;Semáforo;Comercial;0;1;0;0;0;0;0;0;0;1;0;0;-3,787355;-38,503527
349552;16;9;2019;17:35;0;RUA MARIA JULIA;;;1658;;Atropelamento;Anoitecer;;;Meio de Quadra;;;0;1;0;1;0;0;0;0;0;0;0;0;-3,79987;-38,60222
349553;16;9;2019;18:02;0;AV I CJ CEARA;;;501;;Queda;Anoitecer;;;Meio de Quadra;;;0;1;0;0;0;0;0;0;0;1;0;0;-3,8282498;-38,5516547
349555;16;9;2019;18:13;0;ET DO FIO (MESSEJANA);;;2570;;Colisão;Anoitecer;;;Meio de Quadra;;;0;1;0;1;0;0;0;0;0;1;0;0;;
349556;16;9;2019;18:21;0;RD BR 116;;;5922;KM-03;Colisão;Anoitecer;;;Meio de Quadra;;;0;2;0;1;0;0;0;0;0;1;0;0;-3,779838;-38,514372
349548;16;9;2019;16:05;15600;RUA CEL JOAO OLIVEIRA;RUA BRAS VIDAL;;;;Queda;Luz do Dia;;;;;;0;1;0;0;0;1;0;0;0;0;0;0;-3,823409;-38,483456
349549;16;9;2019;17:10;0;AV SEN FERNANDES TAVORA;;;;;Choque c/ Obstáculo Fixo;Anoitecer;;;Meio de Quadra;;;0;1;0;0;0;0;0;0;0;0;0;0;;
349550;16;9;2019;17:32;0;AV SGT HERMINIO SAMPAIO;;;3568;;Atropelamento;Anoitecer;;;Meio de Quadra;;;0;2;0;1;0;0;0;0;0;0;0;0;-3,728800579;-38,57239732
349521;16;9;2019;14:29;0;RUA BAR RIO BRANCO;;;2771;;Choque c/ Obstáculo Fixo;Luz do Dia;;;Meio de Quadra;;;0;1;0;1;0;0;0;0;0;1;0;0;-3,742749;-38,53346
349526;16;9;2019;15:42;0;RUA TAQUATIARA;;;114;;Colisão;Luz do Dia;;;;;;0;1;0;0;0;0;0;0;0;0;0;0;-3,830751228;-38,50056948
349500;16;9;2019;12:39;10740;RUA PORTO ALEGRE;RUA AUDISIO PINHEIRO;;;;Colisão;Luz do Dia;;;Cruz;Pare;Residencial;0;1;0;1;0;0;0;0;0;1;0;0;-3,760602;-38,589942
349506;16;9;2019;13:20;0;RUA ARAUJO TORREAO;;;221;;Colisão;Luz do Dia;;;Meio de Quadra;;;0;1;0;1;0;0;0;0;0;1;0;0;-3,814800537;-38,49607007
349503;16;9;2019;12:45;0;RUA ROMEU MARTINS;;;310;;Colisão;Luz do Dia;;;Meio de Quadra;;;0;2;0;0;0;0;0;0;0;1;0;0;-3,764338167;-38,5554895
349509;16;9;2019;13:46;0;RUA ALMEIDA REGO;;;217;;Colisão;Luz do Dia;;;Meio de Quadra;;;0;1;0;1;0;0;0;0;0;1;0;0;-3,8141426;-38,4966058
349513;16;9;2019;13:56;23889;AV PRO MURILO DA SILVEIRA;RUA OLIVEIRA FILHO;;;;Colisão;Luz do Dia;;;Cruz;Não Há Controle;Residencial;0;1;0;0;0;0;0;0;0;0;0;0;-3,724546;-38,465091
349518;16;9;2019;14:28;0;RUA PDE MIGUELINHO;;;277;;Colisão;Luz do Dia;;;Meio de Quadra;;;0;1;0;0;0;0;0;0;0;0;0;0;-3,7441787;-38,5290816
349494;16;9;2019;10:29;0;RUA TOMAS ACIOLI;;;705;;Colisão;Luz do Dia;;;Meio de Quadra;;;0;1;0;1;0;0;0;0;0;1;0;0;-3,744279545;-38,51154982
349490;16;9;2019;10:03;0;RUA GAL JOAO COUTO;;;951;;Choque c/ Obstáculo Fixo;Luz do Dia;;;Meio de Quadra;;;0;1;0;1;0;0;0;0;0;1;0;0;;
349496;16;9;2019;11:36;0;RUA BERNARDO MANUEL;;;13409;;Choque c/ Obstáculo Fixo;Luz do Dia;;;Meio de Quadra;;;0;1;0;1;0;0;0;0;0;1;0;0;-3,834859;-38,562372
349457;16;9;2019;09:48;0;AV A CJ CEARA;;;1170;;Capotamento;Luz do Dia;;;Meio de Quadra;;;0;1;0;1;0;0;0;0;0;1;0;0;-3,771402;-38,604899
349440;16;9;2019;09:22;0;AV WASHINGTON SOARES;;;;;Colisão;Luz do Dia;;;Meio de Quadra;;;0;1;0;0;0;1;0;0;0;1;0;0;;
349438;16;9;2019;08:13;0;AV CONTORNO SUL;;;;;Colisão;Luz do Dia;;;Meio de Quadra;;;0;1;0;1;0;0;0;0;0;1;0;0;;
349412;16;9;2019;03:23;0;AV PRS COSTA E SILVA;;;;;Queda;;;;Meio de Quadra;;;0;1;0;0;0;1;0;0;0;0;0;0;;
349409;16;9;2019;01:23;0;AV UM (ARVOREDO);;;347;;Atropelamento;;;;Meio de Quadra;;;0;1;0;0;0;0;0;0;0;0;0;0;-3,82106;-38,56634
349414;16;9;2019;04:31;0;AV PRS COSTA E SILVA;;;9997;;Colisão;;;;Meio de Quadra;;;0;1;0;1;0;0;0;0;0;1;0;0;;
349417;16;9;2019;05:45;0;AV PERIMETRAL;;;;;Queda;Amanhecer;;;Meio de Quadra;;;0;1;0;0;0;0;0;0;0;1;0;0;;
349424;16;9;2019;07:13;0;RUA DEMETRIO MENEZES;;;;;Queda;Luz do Dia;;;Meio de Quadra;;;0;1;0;0;0;0;0;0;0;1;0;0;;
349427;16;9;2019;07:19;0;AV SANTOS DUMONT;;;;;Colisão;Luz do Dia;;;Meio de Quadra;;;0;1;0;1;0;0;0;0;0;1;0;0;;
349435;16;9;2019;07:30;0;RUA TEN LIRA;;;41;;Colisão;Luz do Dia;;;Meio de Quadra;;;0;1;0;1;0;0;0;0;0;1;0;0;-3,73709;-38,6017
349436;16;9;2019;07:46;0;AV JOSE BASTOS;;;;;Colisão;Luz do Dia;;;Meio de Quadra;;;0;1;0;1;0;0;0;0;0;1;0;0;;
350688;16;9;2019;06:36;22069;AV ENG HUMBERTO MONTE;RUA PAPI JUNIOR;;;;Colisão Transversal;Luz do Dia;Bom;Seca;Cruz;Pare;Comercial;0;0;2;1;0;0;0;0;0;1;0;0;-3,752552;-38,557697
350689;16;9;2019;15:40;15778;RUA TAQUATIARA;RUA STA CLARA DE ASSIS;;;;Colisão Transversal;Luz do Dia;Bom;Seca;Cruz;Pare;Comercial;0;1;1;1;0;0;0;0;0;1;0;0;-3,830267;-38,502459
350690;16;9;2019;17:09;9168;AV LUCIANO CARNEIRO;AV BORGES DE MELO;;0;;Colisão Lateral;Luz do Dia;Bom;Seca;Cruz;Semáforo;Comercial;0;0;2;1;0;0;0;0;0;1;0;0;-3,756465;-38,534097
349984;16;9;2019;12:25;0;RD CE-040;;;;KM-11;Colisão;Luz do Dia;;;Meio de Quadra;;;0;2;0;1;0;0;0;0;0;0;0;0;-3,84962623;-38,47606989
349990;16;9;2019;19:30;0;ACESSO F UI 401;;;3;;Colisão;;;;Meio de Quadra;;;0;2;0;1;0;0;0;0;0;0;0;0;-3,801540714;-38,51069414
350350;17;9;2019;13:00;0;AV PRS JUSCELINO KUBITSCHEK (PASSARÉ);;;;;Tombamento;Luz do Dia;;;Meio de Quadra;;;0;0;1;0;0;0;0;0;0;0;0;0;;
350352;17;9;2019;07:20;0;RUA JOSE HOLANDA FREITAS;;;1070;;Colisão;Luz do Dia;;;Meio de Quadra;;;0;0;1;0;0;0;0;0;0;0;0;0;;
350691;17;9;2019;12:30;0;AV OLIVEIRA PAIVA;;;2849;;Choque c/ Obstáculo Fixo;Luz do Dia;Bom;Seca;Meio de Quadra;Semáforo;Comercial;0;0;1;0;0;0;0;0;0;0;0;0;-3,795924368;-38,48228637
350692;17;9;2019;16:24;0;AV PRS JUSCELINO KUBITSCHEK (PASSARÉ);;;4707;;Queda;Luz do Dia;Bom;Seca;Meio de Quadra;Não Há Controle;Comercial;0;1;0;0;0;0;0;0;0;1;0;0;-3,819625177;-38,53403714
350693;17;9;2019;19:15;0;AV DES GONZAGA;;;1729;;Choque c/ Obstáculo Fixo;Via Iluminada;Bom;Seca;Meio de Quadra;Não Há Controle;Comercial;0;1;1;1;0;0;0;0;0;1;0;0;-3,801415455;-38,49702655
350694;17;9;2019;20:00;0;RUA MARGARIDAS;AV JOSE TAVARES;;0;;Colisão Transversal;Via Iluminada;Bom;Seca;Cruz;Pare;Residencial;0;1;1;1;0;0;0;0;0;1;0;0;;
349569;17;9;2019;04:19;0;RUA CARLOS CHAGAS;;;343;;Queda;;;;Meio de Quadra;;;0;2;0;0;0;0;0;0;0;1;0;0;-3,78067;-38,58335
349571;17;9;2019;06:22;0;RUA FRE ODILON;;;1700;;Queda;Luz do Dia;;;Meio de Quadra;;;0;1;0;0;0;0;0;0;0;1;0;0;-3,73617;-38,5722
349575;17;9;2019;07:00;0;AV GODOFREDO MACIEL;;;;;Queda;Luz do Dia;;;Meio de Quadra;;;0;1;0;0;0;0;0;0;0;1;0;0;;
349573;17;9;2019;06:38;0;RUA ARI MAIA;;;1698;;Colisão;Luz do Dia;;;Meio de Quadra;;;0;1;0;0;0;0;0;0;0;0;0;0;-3,78834;-38,62274
349590;17;9;2019;07:33;0;AV PERIMETRAL;;;9636;;Colisão;Luz do Dia;;;Meio de Quadra;;;0;2;0;0;0;0;0;0;0;1;0;0;;
349587;17;9;2019;07:31;0;AV JOSE BASTOS;;;;;Colisão;Luz do Dia;;;Meio de Quadra;;;0;1;0;1;0;0;0;0;0;1;0;0;;
349631;17;9;2019;12:32;5413;RUA METON DE ALENCAR;RUA GAL SAMPAIO;;;;Colisão;Luz do Dia;;;Cruz;Semáforo;Escola;0;1;1;0;0;0;0;0;0;0;0;0;-3,733033;-38,5326
349635;17;9;2019;12:36;0;RUA PDE PERDIGAO SAMPAIO;;;1009;;Colisão;Luz do Dia;;;Meio de Quadra;;;0;1;0;0;0;0;0;0;0;0;0;0;-3,7461245;-38,59378739
349627;17;9;2019;12:25;0;RUA PALESTINA D65;;;680;;Colisão;Luz do Dia;;;Meio de Quadra;;;0;1;0;0;0;0;0;0;0;1;0;0;-3,8063794;-38,5351988
349619;17;9;2019;10:48;0;RD QUARTO ANEL VIARIO;;;2161;;Colisão;Luz do Dia;;;Meio de Quadra;;;0;1;0;0;0;0;0;0;0;1;0;0;-3,8666371;-38,5133138
349623;17;9;2019;12:09;0;AV PRS JUSCELINO KUBITSCHEK (PASSARÉ);;;;;Queda;Luz do Dia;;;Meio de Quadra;;;0;1;0;0;0;0;0;0;0;1;0;0;;
349601;17;9;2019;08:15;0;RUA TEODOMIRO DE CASTRO;;;4160;;Colisão;Luz do Dia;;;Meio de Quadra;;;0;1;0;1;0;0;0;0;0;1;0;0;-3,7193795;-38,571099
349608;17;9;2019;10:07;0;AV GAL OSORIO DE PAIVA;;;4759;;Colisão;Luz do Dia;;;Meio de Quadra;;;0;1;0;0;0;0;0;0;0;0;0;0;-3,800636167;-38,5981045
349615;17;9;2019;10:37;0;RUA ALTANEIRA;;;119;;Atropelamento;Luz do Dia;;;Meio de Quadra;;;0;1;0;0;0;0;0;0;0;1;0;0;-3,7285;-38,57985
349723;17;9;2019;19:11;25003;AV SGT HERMINIO SAMPAIO;AV DR THEBERGE;;;;Colisão;;;;Cruz;Semáforo;Misto;0;0;1;1;0;1;0;0;0;0;0;0;-3,727916;-38,569276
349724;17;9;2019;19:27;25069;RUA RAUL CABRAL;AV DOS EXPEDICIONARIOS;;;;Colisão;;;;Cruz;Semáforo;Comercial;0;2;0;1;0;0;0;0;0;1;0;0;-3,769605;-38,542595
349725;17;9;2019;19:35;0;RUA PDE ANTONIO NUNES GURGEL;;;101;;Atropelamento;;;;Meio de Quadra;;;0;1;0;0;0;0;0;0;0;1;0;0;-3,7728744;-38,5927754
349726;17;9;2019;19:37;0;RUA LIDIA BRIGIDO;;;655;;Queda;;;;Meio de Quadra;;;0;1;0;0;0;0;0;0;0;1;0;0;-3,793554;-38,484368
349732;17;9;2019;19:43;0;RUA MARIA GOMES DE SA;;;1155;;Colisão;;;;Meio de Quadra;;;0;1;0;1;0;0;0;0;0;1;0;0;-3,8259797;-38,5815004
349729;17;9;2019;19:39;0;RUA STA RITA;;;286;;Colisão;;;;Meio de Quadra;;;0;1;0;1;0;0;0;0;0;1;0;0;-3,80193;-38,59079
349736;17;9;2019;20:28;0;AV DEP PAULINO ROCHA;;;2701;;Colisão;;;;Meio de Quadra;;;0;1;0;1;0;1;0;0;0;0;0;0;-3,810076;-38,519652
349756;17;9;2019;20:39;0;RUA 1 CJ JOSE WALTER;;;750;;Colisão;;;;Meio de Quadra;;;0;2;0;0;0;0;0;0;0;0;0;0;;
349758;17;9;2019;20:42;0;RUA MARTINS NETO;;;379;;Colisão;;;;Meio de Quadra;;;0;1;0;0;0;0;0;0;0;1;0;0;-3,74035;-38,58898
349759;17;9;2019;23:16;0;RUA RIO GRANDE DO NORTE;;;11;;Colisão;;;;Meio de Quadra;;;0;1;0;1;0;0;0;0;0;1;0;0;-3,757014282;-38,57004515
349746;17;9;2019;20:30;0;RUA MARGARIDAS;;;382;;Colisão;;;;Meio de Quadra;;;0;1;0;1;0;0;0;0;0;1;0;0;-3,815319;-38,59541366
349743;17;9;2019;20:28;0;AV DEP PAULINO ROCHA;;;2701;;Queda;;;;Meio de Quadra;;;0;1;0;0;0;0;0;0;0;1;0;0;-3,810076;-38,519652
349721;17;9;2019;19:07;0;AV DES GONZAGA;;;1729;;Colisão;;;;Meio de Quadra;;;0;1;0;1;0;0;0;0;0;1;0;0;-3,801415455;-38,49702655
349719;17;9;2019;19:03;0;RUA PDE SEVERIANO;;;151;;Queda;;;;Meio de Quadra;;;0;1;0;0;0;0;0;0;0;1;0;0;-3,83485737;-38,4907272
349716;17;9;2019;18:46;0;AV JOSE BASTOS;;;5300;;Colisão;;;;Meio de Quadra;;;0;1;0;0;0;0;0;0;0;0;0;0;-3,758796;-38,563351
349714;17;9;2019;18:30;0;RUA 15 CJ JOSE WALTER;;;;;Colisão;Anoitecer;;;Meio de Quadra;;;0;2;0;0;0;0;0;0;0;0;0;0;;
349711;17;9;2019;17:42;0;AV HERACLITO GRACA;;;1245;;Colisão;Anoitecer;;;Meio de Quadra;;;0;0;1;1;0;0;0;0;0;1;0;0;-3,736795;-38,514339
349712;17;9;2019;18:21;0;RUA BERNARDO MANUEL;;;13631;;Colisão;Anoitecer;;;Meio de Quadra;;;0;1;0;1;0;0;0;0;0;1;0;0;-3,8368086;-38,56306394
349664;17;9;2019;17:17;0;RUA JANDIRA;;;1064;;Colisão;Anoitecer;;;Meio de Quadra;;;0;2;0;0;0;0;0;0;0;1;0;0;-3,7163;-38,58698
349662;17;9;2019;17:07;6737;AV PDE ANTONIO TOMAS;AV ENG SANTANA JUNIOR;;;;Colisão;Anoitecer;;;Meio de Quadra;Não Há Controle;Comercial;0;0;1;0;0;0;0;0;0;0;0;0;-3,743981;-38,488012
349656;17;9;2019;17:07;0;RUA JURANDIR L ALENCAR;;;41;;Colisão;Anoitecer;;;Meio de Quadra;;;0;1;0;1;0;1;0;0;0;0;0;0;-3,7253696;-38,526153
349653;17;9;2019;17:03;0;AV ROGACIANO LEITE;;;340;;Atropelamento;Anoitecer;;;Meio de Quadra;;;0;2;0;0;0;0;0;0;0;1;0;0;-3,761023;-38,493044
349650;17;9;2019;16:56;0;AV ENG SANTANA JUNIOR;;;;;Colisão;Luz do Dia;;;Meio de Quadra;;;0;1;0;0;0;0;0;0;0;0;0;0;;
349648;17;9;2019;16:49;0;AV CASTELO DE CASTRO;;;125;;Queda;Luz do Dia;;;Meio de Quadra;;;0;1;0;0;0;0;0;0;0;1;0;0;-3,82995;-38,52145
349640;17;9;2019;15:40;0;RUA CARLOS VASCONCELOS;;;1510;;Colisão;Luz do Dia;;;Meio de Quadra;;;0;1;0;1;0;1;0;0;0;0;0;0;-3,735321294;-38,51155159
349637;17;9;2019;13:18;0;AV LEITE BARBOSA;;;;;Colisão;Luz do Dia;;;Meio de Quadra;;;0;2;0;1;0;0;0;0;0;1;0;0;;
349643;17;9;2019;15:55;0;RUA MIN ALBUQUERQUE LIMA;;;156;;Colisão;Luz do Dia;;;Meio de Quadra;;;0;1;0;1;0;0;0;0;0;1;0;0;-3,767225;-38,60985
349645;17;9;2019;16:04;0;RUA VILEBALDO AGUIAR;;;1600;;Choque c/ Obstáculo Fixo;Luz do Dia;;;Meio de Quadra;;;0;1;0;1;0;0;0;0;0;1;0;0;-3,745131;-38,473588
349646;17;9;2019;16:30;0;AV RUI BARBOSA;;;6250;;Colisão;Luz do Dia;;;Meio de Quadra;;;0;1;0;0;0;0;0;0;0;0;0;0;;
349709;17;9;2019;17:29;0;RUA TEN JURANDIR ALENCAR;;;35;;Colisão;Anoitecer;;;Meio de Quadra;;;0;1;0;1;0;1;0;0;0;0;0;0;-3,83173;-38,49563
348508;17;9;2019;21:30;0;RUA TIBURCIO CAVALCANTE;;;1020;;Colisão;Via Iluminada;Bom;Seca;Meio de Quadra;Não Há Controle;Comercial;0;1;1;1;0;0;0;0;0;1;0;0;-3,7344675;-38,5020925
348498;17;9;2019;20:00;10721;RUA CURITIBA;RUA PRO MIRAMAR DA PONTE;;;;Colisão Transversal;Via Iluminada;Bom;Seca;Cruz;Pare;Residencial;0;0;2;1;0;0;0;0;0;0;0;0;-3,759586;-38,584628
348503;18;9;2019;08:20;13161;AV D CJ JOSE WALTER;RUA 69 CJ JOSE WALTER;;;;Colisão Lateral;Luz do Dia;Bom;Seca;Cruz;Pare;Residencial;0;1;1;0;1;0;0;0;0;1;0;0;-3,831825;-38,555098
348500;18;9;2019;03:50;25877;AV PRO JOSE ARTHUR CARVALHO;AV RECREIO D64;;;;Colisão Transversal;Via Iluminada;Bom;Seca;Duplo T;Semáforo;Comercial;0;1;1;1;0;0;0;0;0;1;0;0;-3,818288;-38,450662
348509;18;9;2019;22:30;3199;RUA VITAL BRASIL;RUA VERBENA;;;;Colisão Transversal;Via Iluminada;Bom;Seca;Cruz;Semáforo;Residencial;0;2;0;0;0;0;0;0;0;1;0;0;-3,780666;-38,58865
348512;18;9;2019;23:00;0;AV GAL OSORIO DE PAIVA;;;2946;;Colisão Lateral;Via Iluminada;Bom;Seca;Meio de Quadra;Outros;Comercial;0;1;1;1;0;0;0;0;0;1;0;0;-3,788585;-38,5863515
349760;18;9;2019;03:13;3869;RUA MAL DEODORO;RUA JOAQUIM MAGALHAES;;;;Colisão;;;;Cruz;Pare;Residencial;0;1;0;1;0;0;0;0;0;1;0;0;-3,737883;-38,534258
349761;18;9;2019;06:37;0;AV MAE LISBOA;;;;;Atropelamento;Luz do Dia;;;Meio de Quadra;;;0;3;0;0;0;0;0;0;0;1;0;0;;
349766;18;9;2019;07:56;0;AV DOM MANUEL;;;124;;Colisão;Luz do Dia;;;Meio de Quadra;;;0;2;0;1;0;0;0;0;0;1;0;0;-3,725138613;-38,52008
349763;18;9;2019;06:55;0;RUA RIO GRANDE DO SUL;;;385;;Atropelamento;Luz do Dia;;;Meio de Quadra;;;0;1;0;0;0;1;0;0;0;0;0;0;-3,752704404;-38,56377304
349764;18;9;2019;07:15;12565;RUA CECIL SALGADO;RUA GEORGE CAVALCANTE;;;;Colisão;Luz do Dia;;;;;;0;0;1;1;0;0;0;0;0;1;0;0;-3,723349;-38,592748
349771;18;9;2019;08:17;0;RUA NOSSA SRA DAS GRACAS;;;537;;Colisão;Luz do Dia;;;Meio de Quadra;;;0;2;0;0;0;0;0;0;0;1;0;0;-3,710253086;-38,55304951