COD_ACIDENTE;DIA;MES;ANO;HORA;INTERSECAO;LOG1;LOG2;LOG3;NUMERO;REFERENCIA;NATUREZA;ILUMINACAO;TEMPO;SUPERFICIEPISTA;TIPOCRUZAMENTO;CONTROLETRAFEGO;USOSOLO;MORTOS;FERIDOS;ILESOS;AUTOMOVEL;ONIBUS;BICICLETA;CAMINHAO;MICROONIBUS;CICLOMOTOR;MOTOCICLETA;TRACAOANIMAL;TREM;LATITUDE;LONGITUDE
349775;18;9;2019;08:40;0;AV C CJ JOSE WALTER;;;220;;Colisão;Luz do Dia;;;Meio de Quadra;;;0;1;0;0;0;0;0;0;0;0;0;0;-3,8292775;-38,553924
349779;18;9;2019;08:44;0;AV DOM MANUEL;;;1329;;Queda;Luz do Dia;;;Meio de Quadra;;;0;1;0;0;0;0;0;0;0;1;0;0;-3,73574186;-38,5235155
349872;18;9;2019;18:51;1258;AV SANTOS DUMONT;RUA MON BRUNO;;;;Colisão;;;;Cruz;Pare;Comercial;0;1;0;0;0;0;0;0;0;0;0;0;-3,732595;-38,509506
349880;18;9;2019;19:42;0;AV AUGUSTO DOS ANJOS;;;1962;;Atropelamento;;;;Meio de Quadra;;;0;1;0;1;0;0;0;0;0;0;0;0;-3,782734;-38,581387
349878;18;9;2019;19:20;0;RUA FIS PERDIGAO;;;655;;Colisão;;;;Meio de Quadra;;;0;1;0;1;0;0;0;0;0;1;0;0;-3,799988857;-38,4987541
349855;18;9;2019;15:02;0;AV SEN FERNANDES TAVORA;;;300;;Colisão;Luz do Dia;;;Meio de Quadra;;;0;2;0;0;0;0;0;0;0;1;0;0;-3,7672724;-38,5735183
349856;18;9;2019;17:12;0;RUA ANTONIO DE CASTRO;;;50;;Colisão;Anoitecer;;;Meio de Quadra;;;0;1;0;1;0;0;0;0;0;1;0;0;-3,7966718;-38,504239
349858;18;9;2019;17:30;0;AV PERIMETRAL;;;198;;Colisão;Anoitecer;;;Meio de Quadra;;;0;1;0;1;0;0;0;0;0;1;0;0;;
349859;18;9;2019;18:00;0;AV CARAPINIMA;;;1941;;Atropelamento;Anoitecer;;;Meio de Quadra;;;0;1;0;0;0;0;0;0;0;1;0;0;-3,738138;-38,538169
349860;18;9;2019;18:22;1706;RUA CAP CLOVIS MAIA;RUA CAP VASCONCELOS D46;;;;Colisão;Anoitecer;;;Cruz;Pare;Residencial;0;1;0;1;0;0;0;0;0;1;0;0;-3,769075;-38,516432
349838;18;9;2019;10:40;0;AV N CJ JOSE WALTER;;;;;Colisão;Luz do Dia;;;Meio de Quadra;;;0;2;0;0;0;0;0;0;0;1;0;0;;
349839;18;9;2019;11:52;0;AV DIOGUINHO;;;441;;Colisão;Luz do Dia;;;Meio de Quadra;;;0;1;0;1;0;0;0;0;0;1;0;0;-3,7776085;-38,4345656
349840;18;9;2019;11:54;0;AV PRS CASTELO BRANCO;;;70;;Colisão;Luz do Dia;;;Meio de Quadra;;;0;1;0;0;0;0;0;0;0;1;0;0;-3,7229185;-38,522493
349841;18;9;2019;12:06;0;RUA URUCUTUBA;;;1599;;Atropelamento;Luz do Dia;;;Meio de Quadra;;;0;2;0;1;0;0;0;0;0;0;0;0;-3,7979435;-38,61048236
349842;18;9;2019;12:50;0;RUA GUILHERME MENDES;;;786;;Colisão;Luz do Dia;;;Meio de Quadra;;;0;2;0;0;0;0;0;0;0;0;0;0;-3,720811;-38,585255
349843;18;9;2019;13:32;24235;RUA FAUSTO CABRAL;RUA JULIO AZEVEDO;;;;Colisão;Luz do Dia;;;Cruz;Pare;Residencial;0;1;0;1;0;0;0;0;0;0;0;0;-3,733662;-38,476448
349844;18;9;2019;13:57;5322;AV DUQ CAXIAS;AV IMPERADOR;;;;Colisão;Luz do Dia;;;Cruz;Semáforo;Comercial;0;1;0;0;0;0;0;0;0;0;0;0;-3,730048;-38,535297
349845;18;9;2019;14:03;12954;RUA BERNARDO MANUEL;AV PRS COSTA E SILVA;;;;Queda;Luz do Dia;;;Cruz;Semáforo;Comercial;0;1;0;0;0;0;0;0;0;1;0;0;-3,821079;-38,558276
349846;18;9;2019;14:03;0;RUA JULIO AZEVEDO;;;;;Colisão;Luz do Dia;;;Meio de Quadra;;;0;1;0;1;0;0;0;0;0;0;0;0;;
349815;18;9;2019;09:11;0;RUA MONTE LIBANO;;;410;;Colisão;Luz do Dia;;;Meio de Quadra;;;0;1;0;1;0;0;0;0;0;1;0;0;-3,823809;-38,56124267
349816;18;9;2019;10:07;0;RUA PDE PEDRO DE ALENCAR;;;61;;Colisão;Luz do Dia;;;Meio de Quadra;;;0;1;0;1;0;0;0;0;0;1;0;0;-3,827783;-38,493485
349892;18;9;2019;19:47;0;AV WASHINGTON SOARES;;;;;Colisão;;;;Meio de Quadra;;;0;1;0;1;0;0;0;0;0;1;0;0;;
349895;18;9;2019;19:52;0;RUA PDE PERDIGAO SAMPAIO;;;661;;Colisão;;;;Meio de Quadra;;;0;1;0;1;0;0;0;0;0;1;0;0;-3,742255;-38,594331
349900;18;9;2019;21:22;0;AV JOAO PESSOA;;;3574;;Queda;;;;Meio de Quadra;;;0;1;0;0;0;1;0;0;0;0;0;0;-3,7463336;-38,5439792
349897;18;9;2019;20:09;5675;RUA ALICE;RUA CHICO LEMOS;;;;Colisão;;;;Cruz;Pare;Residencial;0;2;0;1;0;0;0;0;0;1;0;0;-3,790026;-38,499726
349898;18;9;2019;21:19;0;RUA TIBURCIO CAVALCANTE;;;1020;;Colisão;;;;Meio de Quadra;;;0;1;0;1;0;0;0;0;0;1;0;0;-3,7344675;-38,5020925
349903;18;9;2019;21:29;0;RUA TEOFILO GURGEL;;;10;;Colisão;;;;Meio de Quadra;;;0;1;0;1;0;0;0;0;0;1;0;0;-3,7253142;-38,5462424
349906;18;9;2019;22:03;0;AV BEZERRA DE MENEZES;;;2071;;Queda;;;;Meio de Quadra;;;0;1;0;0;0;1;0;0;0;0;0;0;-3,735357;-38,562991
349910;18;9;2019;23:42;0;AV AUGUSTO DOS ANJOS;;;;;Colisão;;;;Meio de Quadra;;;0;2;0;0;0;0;0;0;0;0;0;0;;
350695;18;9;2019;04:55;3869;RUA MAL DEODORO;RUA JOAQUIM MAGALHAES;;0;;Colisão Transversal;Via Iluminada;Bom;Seca;Cruz;Pare;Comercial;0;1;1;1;0;0;0;0;0;1;0;0;-3,737883;-38,534258
350696;18;9;2019;10:58;0;RUA PDE PEDRO DE ALENCAR;RUA BADY MIGUEL;;0;;Colisão Transversal;Luz do Dia;Bom;Seca;Meio de Quadra;Semáforo;Residencial;0;0;2;1;0;0;0;0;0;1;0;0;-3,8277715;-38,4934213
350697;18;9;2019;17:52;0;RUA CHICO LEMOS;;;0;;Colisão Lateral;Via Iluminada;Bom;Seca;Cruz;Pare;Residencial;0;0;1;1;0;0;0;0;0;1;0;0;;
350361;18;9;2019;09:00;17433;RUA PRO TEODORICO;RUA CESAR ROSSAS;;;;Colisão;Luz do Dia;;;Cruz;Pare;Comercial;0;0;1;0;0;1;0;0;0;0;0;0;-3,76877;-38,553473
350362;18;9;2019;20:45;0;AV CEL CARVALHO;;;;;Colisão;;;;Meio de Quadra;;;0;0;1;0;0;0;0;0;0;0;0;0;;
350364;18;9;2019;23:45;0;RUA VITAL BRASIL;;;;;Colisão;;;;Meio de Quadra;;;0;0;1;0;0;0;0;0;0;1;0;0;;
350481;18;9;2019;20:53;0;AV WASHINGTON SOARES;;;;;Colisão;;;;Meio de Quadra;;;0;0;1;0;0;0;0;0;0;0;0;0;;
349991;18;9;2019;00:15;0;RUA 402 CJ CEARA;;;2;;Colisão;;;;Meio de Quadra;;;0;2;0;1;0;0;0;0;0;0;0;0;-3,762222;-38,609372
349995;18;9;2019;19:10;0;ACESSO F UI 401;;;3;;Colisão;;;;Meio de Quadra;;;0;2;0;1;0;0;0;0;0;0;0;0;-3,801540714;-38,51069414
350022;18;9;2019;22:35;0;RD CE-040;;;;KM-03;Colisão;;;;Meio de Quadra;;;0;2;0;1;1;0;0;0;0;0;0;0;-3,782614325;-38,4810839
351886;18;9;2019;15:35;0;RUA RIO BRANCO;;;1816;;Atropelamento;Luz do Dia;;;Meio de Quadra;;;1;0;1;0;0;0;0;0;0;1;0;0;-3,7378842;-38,5318914
350005;19;9;2019;17:38;0;AV WASHINGTON SOARES;;;;;Colisão;Anoitecer;;;Meio de Quadra;;;0;1;0;0;0;0;0;0;0;0;0;0;;
350026;19;9;2019;13:30;0;RD CE-040;;;;KM-10;Colisão;Luz do Dia;;;Meio de Quadra;;;0;2;0;1;0;0;0;0;0;0;0;0;-3,84257666;-38,48088284
350024;19;9;2019;09:00;0;RD CE-025;;;;KM-02;Colisão;Luz do Dia;;;Meio de Quadra;;;0;2;0;0;0;0;0;0;0;1;0;0;-3,807634505;-38,46108452
350028;19;9;2019;14:30;0;RD CE-040;;;;KM-06;Choque c/ Obstáculo Fixo;Luz do Dia;;;Meio de Quadra;;;0;2;0;1;0;0;1;0;0;0;0;0;-3,809596804;-38,47873348
350055;19;9;2019;21:07;0;AV CEL CARVALHO;;;1100;;Colisão;;;;Meio de Quadra;;;0;2;0;1;0;0;0;0;0;1;0;0;-3,711625609;-38,58939687
350053;19;9;2019;20:12;0;AV GODOFREDO MACIEL;;;;;Atropelamento;;;;Meio de Quadra;;;0;1;0;1;0;0;0;0;0;0;0;0;;
350050;19;9;2019;20:03;0;RUA PROF. MANOEL LOURENCO;;;95;;Queda;;;;Meio de Quadra;;;0;1;0;0;0;0;0;0;0;1;0;0;-3,8085872;-38,469443
350045;19;9;2019;19:12;0;RUA MIRTES CORDEIRO;;;1130;;Atropelamento;;;;Meio de Quadra;;;0;1;0;0;0;0;0;0;0;1;0;0;-3,7882;-38,60163
349989;19;9;2019;12:43;26086;AV JOSE JATAHY;RUA AZEVEDO BOLAO;;;;Colisão;Luz do Dia;;;Cruz;Semáforo;Residencial;0;2;0;0;0;0;1;0;0;1;0;0;-3,733663;-38,544494
350047;19;9;2019;19:29;0;RUA CEL MATOS DOURADO;;;;;Colisão;;;;Meio de Quadra;;;0;1;0;1;0;0;0;0;0;1;0;0;;
350039;19;9;2019;18:48;0;AV BENJAMIM BRASIL;;;1350;;Colisão;;;;Meio de Quadra;;;0;1;0;1;0;0;0;0;0;1;0;0;-3,806091;-38,563277
349998;19;9;2019;17:04;0;RUA MIN ALBUQUERQUE LIMA;;;142;;Colisão;Anoitecer;;;Meio de Quadra;;;0;2;0;1;0;0;0;0;0;1;0;0;-3,768193;-38,5760677
350003;19;9;2019;17:22;0;RUA ROSINHA SAMPAIO;;;1945;;Colisão;Anoitecer;;;Meio de Quadra;;;0;1;0;1;0;0;0;0;0;1;0;0;-3,724646682;-38,59595682
350001;19;9;2019;17:13;0;AV K CJ JOSE WALTER;;;401;;Colisão;Anoitecer;;;Meio de Quadra;;;0;1;0;1;0;0;0;0;0;1;0;0;;
350008;19;9;2019;17:41;0;RUA FAUSTO AGUIAR;;;;;Colisão;Anoitecer;;;Meio de Quadra;;;0;1;0;1;0;0;0;0;0;1;0;0;;
350009;19;9;2019;18:00;0;RUA PEDRO DANTAS;;;1043;;Colisão;Anoitecer;;;Meio de Quadra;;;0;2;0;1;0;0;0;0;0;1;0;0;-3,785021;-38,526875
350010;19;9;2019;18:28;9188;RUA NAPOLEAO LAUREANO;RUA PDE BARBOSA DE JESUS;;;;Colisão;Anoitecer;;;Cruz;Pare;Comercial;0;1;0;1;0;0;0;0;0;0;0;0;-3,748917;-38,52854
350011;19;9;2019;18:33;19688;RUA AZEVEDO BOLAO;RUA PRO RAIMUNDO ARRUDA;;;;Colisão;;;;Cruz;Pare;Residencial;0;1;0;1;0;0;0;0;0;1;0;0;-3,735414;-38,551701
349992;19;9;2019;15:39;0;RUA DOM HENRIQUE;;;562;;Atropelamento;Luz do Dia;;;Meio de Quadra;;;0;1;0;0;0;0;0;0;0;0;0;0;-3,786486538;-38,58262462
349993;19;9;2019;15:58;15204;AV ABOLICAO;RUA JULIO IBIAPINA;;;;Colisão;Luz do Dia;;;Outros;Semáforo;Comercial;0;1;0;1;0;0;0;0;0;1;0;0;-3,726679;-38,49129
349994;19;9;2019;16:18;0;RUA JOSE DE ALENCAR RAMOS;;;55;;Colisão;Luz do Dia;;;Meio de Quadra;;;0;1;0;1;0;0;0;0;0;1;0;0;-3,7830075;-38,461928
349986;19;9;2019;11:11;0;RUA EDUARDO GARCIA;;;57;;Colisão;Luz do Dia;;;Meio de Quadra;;;0;0;1;1;0;0;0;0;0;1;0;0;-3,738398857;-38,49838439
349987;19;9;2019;11:42;0;AV MR HULL;;;;;Queda;Luz do Dia;;;Meio de Quadra;;;0;1;0;0;0;0;0;0;0;1;0;0;;
349982;19;9;2019;11:03;25511;RUA VITORIA DA CONQUISTA;AV ADENANTERAS;;;;Colisão;Luz do Dia;;;;;;0;1;0;1;0;1;0;0;0;0;0;0;-3,7551275;-38,4683047
349980;19;9;2019;10:57;0;AV FRANCISCO SA;;;1801;;Colisão;Luz do Dia;;;Meio de Quadra;;;0;1;0;1;0;0;0;0;0;1;0;0;-3,7224765;-38,54189591
349978;19;9;2019;10:26;5463;RUA DNA LEOPOLDINA;RUA BARBARA DE ALENCAR;;;;Colisão;Luz do Dia;;;Cruz;Outros;Comercial;0;2;0;1;0;0;0;0;0;0;0;0;-3,735695;-38,521102
349975;19;9;2019;09:57;6766;AV PDE ANTONIO TOMAS;RUA PRO OTAVIO LOBO;;;;Colisão;Luz do Dia;;;Cruz;Semáforo;Comercial;0;0;1;1;0;0;0;0;0;1;0;0;-3,746548;-38,47994
350061;19;9;2019;21:37;0;AV GENIBAU;;;790;;Colisão;;;;Meio de Quadra;;;0;1;0;0;0;0;0;0;0;0;0;0;-3,7603952;-38,6018992
350068;19;9;2019;23:37;15190;AV ABOLICAO;RUA JOAQUIM NABUCO;;;;Colisão;;;;Cruz;Semáforo;Comercial;0;1;0;1;0;0;0;0;0;1;0;0;-3,726373;-38,498436
350063;19;9;2019;23:09;0;AV PRS CASTELO BRANCO;;;;;Colisão;;;;Meio de Quadra;;;0;2;0;1;0;0;0;0;0;1;0;0;;
350395;19;9;2019;13:30;841;RUA CAP OLAVO;RUA MAJ JOSE ARAUJO AGUIAR;;;;Colisão;Luz do Dia;;;Cruz;Pare;Residencial;0;0;1;0;0;0;0;0;0;0;0;0;-3,775642;-38,513793
350367;19;9;2019;00:35;0;AV WASHINGTON SOARES;;;;;Colisão;;;;Meio de Quadra;;;0;0;1;0;0;0;0;0;0;0;0;0;;
350375;19;9;2019;19:30;0;AV MIN JOSE AMERICO;;;;;Colisão;;;;Meio de Quadra;;;0;0;1;0;0;0;0;0;0;0;0;0;;
350372;19;9;2019;16:50;0;RUA TOMAS LOPES;;;113;;Choque c/ Obstáculo Fixo;Luz do Dia;;;Meio de Quadra;;;0;0;1;0;0;0;0;0;0;0;0;0;-3,721283837;-38,51571677
350357;19;9;2019;19:00;0;ROD CE 010;;;4;;Outros;;;;Meio de Quadra;;;0;1;0;0;0;0;0;0;0;1;0;0;;
350699;19;9;2019;15:54;25048;AV ABOLICAO;AV SEN VIRGILIO TAVORA;;;;Colisão Transversal;Luz do Dia;Bom;Seca;Cruz;Semáforo;Comercial;0;1;1;0;0;0;0;0;0;1;0;0;;
350700;19;9;2019;13:30;7948;RUA JOAQUIM NABUCO;AV PONTES VIEIRA;;;;Colisão Transversal;Luz do Dia;Bom;Seca;Cruz;Semáforo;Comercial;0;0;2;1;0;0;0;0;0;0;0;0;-3,751917;-38,506628
350708;19;9;2019;19:10;21473;AV MIN JOSE AMERICO;RUA FAUSTO AGUIAR;;0;;Colisão Lateral;Via Iluminada;Bom;Seca;Cruz;Não Há Controle;Comercial;0;0;2;0;0;0;0;0;0;1;0;0;-3,810151;-38,4932
350740;19;9;2019;19:57;9188;RUA PDE BARBOSA DE JESUS;RUA NAPOLEAO LAUREANO;;0;;Não Informado;Via Iluminada;Bom;Seca;Cruz;Pare;Comercial;0;1;1;1;0;0;0;0;0;0;0;0;-3,748917;-38,52854
349970;19;9;2019;07:44;0;RD QUARTO ANEL VIARIO;;;;;Colisão;Luz do Dia;;;Meio de Quadra;;;0;1;0;1;0;0;0;0;0;1;0;0;;
349972;19;9;2019;09:21;0;AV MAE LISBOA;;;;;Colisão;Luz do Dia;;;Meio de Quadra;;;0;1;0;0;0;0;1;0;0;1;0;0;;
349973;19;9;2019;09:27;0;RUA ALAN KARDEC;;;752;;Colisão;Luz do Dia;;;Meio de Quadra;;;0;1;0;1;0;0;0;0;0;1;0;0;-3,764281;-38,550631
349967;19;9;2019;07:22;0;RUA LEONARDO MOTA;;;2455;;Colisão;Luz do Dia;;;Meio de Quadra;;;0;1;0;1;0;0;0;0;0;1;0;0;-3,747308;-38,499748
349968;19;9;2019;07:23;0;AV OLIVEIRA PAIVA;;;1215;;Colisão;Luz do Dia;;;Meio de Quadra;;;0;1;0;1;0;1;0;0;0;0;0;0;-3,795441;-38,49572063
349962;19;9;2019;06:57;0;AV GODOFREDO MACIEL;;;4847;;Colisão;Luz do Dia;;;Meio de Quadra;;;0;1;0;1;0;0;0;0;0;1;0;0;-3,818114;-38,57541367
349963;19;9;2019;07:09;15326;AV BAR STUDART;RUA PEREIRA FILGUEIRAS;;;;Colisão;Luz do Dia;;;Cruz;Semáforo;Comercial;0;1;0;1;0;0;0;0;0;1;0;0;-3,73081;-38,505361
349958;19;9;2019;03:58;0;AV BEZERRA DE MENEZES;;;1051;;Queda;;;;Meio de Quadra;;;0;1;0;0;0;0;0;0;0;1;0;0;-3,733569;-38,554319
349959;19;9;2019;06:13;0;AV SANTOS DUMONT;;;847;;Queda;Luz do Dia;;;Meio de Quadra;;;0;1;0;0;0;0;0;0;0;1;0;0;-3,730535;-38,515848
349960;19;9;2019;06:55;0;AV GODOFREDO MACIEL;;;;;Colisão;Luz do Dia;;;Meio de Quadra;;;0;2;0;1;0;0;0;0;0;1;0;0;;
349955;19;9;2019;00:16;0;AV PERIMETRAL;;;;;Atropelamento;;;;Meio de Quadra;;;0;1;0;0;0;0;0;0;0;0;0;0;;
349956;19;9;2019;01:36;0;RUA FRE MANSUETO;;;968;;Colisão;;;;Meio de Quadra;;;0;1;0;1;0;0;0;0;0;1;0;0;-3,732695579;-38,48878111
348514;19;9;2019;21:40;0;AV ALM MAXIMIANO DA FONSECA;;;1355;;Colisão Lateral;Via Iluminada;Bom;Seca;Meio de Quadra;Outros;Comercial;0;0;2;1;0;0;0;0;0;1;0;0;;
348515;19;9;2019;18:10;3317;RUA CHILE;RUA MARIO DE ANDRADE;;;;Colisão Lateral;Via Iluminada;Bom;Seca;Cruz;Pare;Residencial;0;1;1;1;0;0;0;0;0;1;0;0;-3,746649;-38,565813
348516;19;9;2019;02:00;24988;RUA FRE MANSUETO;RUA TAVARES COUTINHO;;;;Colisão Lateral;Via Iluminada;Bom;Seca;Cruz;Semáforo;Comercial;0;1;1;1;0;0;0;0;0;1;0;0;-3,732638;-38,488784
348517;19;9;2019;19:00;0;AV FLAMBOYANTS;;;510;;Colisão Lateral;Luz do Dia;Bom;Seca;Outros;Não Há Controle;Residencial;0;1;1;1;0;0;0;0;0;1;0;0;-3,751447154;-38,47589769
348518;19;9;2019;21:00;19157;RUA DES WALDETARIO P MOTA;RUA JOAQUIM LIMA;;;;Colisão Transversal;Anoitecer;Bom;Seca;Cruz;Pare;Residencial;0;1;1;1;0;0;0;0;0;1;0;0;-3,740333;-38,48283
348519;20;9;2019;21:40;0;AV DUQ CAXIAS;;;201;;Atropelamento;Via Iluminada;Bom;Seca;Meio de Quadra;Semáforo;Comercial;0;1;1;1;0;0;0;0;0;0;0;0;-3,73292;-38,52638
348520;20;9;2019;08:30;25159;AV ALM MAXIMIANO DA FONSECA;AV MIGUEL DIAS;;;;Colisão;Luz do Dia;Bom;Seca;Meio de Quadra;Semáforo;Comercial;0;1;2;1;0;0;0;0;0;1;0;0;-3,770833;-38,487945
348521;20;9;2019;11:00;0;AV AGUANAMBI;;;1953;HOSPITAL ANTONIO PRUDENTE;Colisão;Luz do Dia;Bom;Seca;Outros;Não Há Controle;Residencial;0;1;1;0;1;1;0;0;0;0;0;0;-3,753844;-38,523451
348530;20;9;2019;22:59;579;AV FRANCISCO SA;RUA CRUZEIRO DO SUL;;;;Atropelamento;Via Iluminada;Bom;Seca;Cruz;Pare;Comercial;0;1;1;1;0;0;0;0;0;0;0;0;-3,715499;-38,563034
350701;20;9;2019;07:00;5410;RUA GAL CLARINDO DE QUEIROZ;RUA MAJ FACUNDO;;0;;Colisão Lateral;Luz do Dia;Bom;Seca;Cruz;Semáforo;Comercial;0;1;1;1;0;0;0;0;0;1;0;0;-3,732895;-38,529587
350702;20;9;2019;15:20;0;RUA PROF. MANOEL LOURENCO;;;50;;Choque c/ Obstáculo Fixo;Luz do Dia;Bom;Seca;Meio de Quadra;Não Há Controle;Comercial;0;1;2;1;0;0;0;0;0;1;0;0;-3,80812;-38,46949
350703;20;9;2019;14:28;0;AV GAL OSORIO DE PAIVA;;;7632;;Colisão Transversal;Luz do Dia;Bom;Seca;Meio de Quadra;Pare;Comercial;0;1;1;1;0;1;0;0;0;0;0;0;-3,818928;-38,6158056
350704;20;9;2019;11:30;15717;RUA DR JOAQUIM BENTO;RUA TOME DE SOUZA;;0;;Colisão Lateral;Luz do Dia;Bom;Seca;T;Pare;Comercial;0;1;1;0;1;0;0;0;0;1;0;0;-3,828285;-38,486128
350705;20;9;2019;18:50;8000;AV JOAO PESSOA;RUA DELMIRO FARIAS;;;;Colisão Transversal;Via Iluminada;Bom;Seca;Cruz;Pare;Comercial;0;3;1;0;1;0;0;0;0;1;0;0;-3,750275;-38,547538
350706;20;9;2019;18:20;10943;RUA ZACARIAS GONDIM;RUA DOM CARLOTO TAVORA;;;;Atropelamento;Via Iluminada;Bom;Seca;Cruz;Pare;Comercial;0;1;1;0;0;0;0;0;0;1;0;0;-3,768945;-38,558785
350698;20;9;2019;06:00;0;AV FRANCISCO SA;;;2164;;Choque c/ Obstáculo Fixo;Luz do Dia;Bom;Seca;Meio de Quadra;Não Há Controle;Comercial;0;1;0;0;0;0;0;0;0;1;0;0;-3,721473;-38,544958
350360;20;9;2019;21:55;0;ACESSO F UI 401;;;3;;Colisão;;;;Meio de Quadra;;;0;2;0;0;0;0;0;0;0;0;0;0;-3,801540714;-38,51069414
350355;20;9;2019;14:20;0;RD CE-025;;;;KM-01;Colisão;Luz do Dia;;;Meio de Quadra;;;0;2;0;1;0;0;0;0;0;0;0;0;-3,807811443;-38,4700486
350356;20;9;2019;14:30;0;RD CE-060;;;;KM-02;Colisão;Luz do Dia;;;Meio de Quadra;;;0;2;0;0;0;0;0;0;0;1;0;0;-3,834064;-38,582111
350349;20;9;2019;08:00;0;RD CE-040;;;;KM-01;Colisão;Luz do Dia;;;Meio de Quadra;;;0;3;0;1;0;0;0;0;0;0;0;0;-3,764650449;-38,48258304
350374;20;9;2019;05:00;0;AV SEN FERNANDES TAVORA;;;575;;Colisão;Amanhecer;;;Meio de Quadra;;;0;0;1;0;0;0;0;0;0;0;0;0;-3,764412721;-38,57799358
350381;20;9;2019;16:45;15717;RUA DR JOAQUIM BENTO;RUA TOME DE SOUZA;;;;Colisão;Luz do Dia;;;T;;Comercial;0;0;1;0;0;0;0;0;0;0;0;0;-3,828285;-38,486128
350376;20;9;2019;17:00;0;RUA SENA MADUREIRA;;;960;;Colisão;Anoitecer;;;Meio de Quadra;;;0;0;1;0;0;0;0;0;0;0;0;0;-3,729618;-38,525666
350377;20;9;2019;10:40;0;AV GAL OSORIO DE PAIVA;;;;;Colisão;Luz do Dia;;;Meio de Quadra;;;0;0;1;0;0;0;0;0;0;0;0;0;;
350378;20;9;2019;13:55;0;RUA LUIS VIEIRA;;;;;Outros;Luz do Dia;;;Meio de Quadra;;;0;0;1;0;0;0;0;0;0;0;0;0;;
350073;20;9;2019;05:50;0;AV GAL OSORIO DE PAIVA;;;6128;;Colisão;Amanhecer;;;Meio de Quadra;;;0;3;0;0;0;0;0;0;0;0;0;0;-3,809989;-38,607132
350096;20;9;2019;07:45;0;AV BORGES DE MELO;;;205;;Choque c/ Obstáculo Fixo;Luz do Dia;;;Meio de Quadra;;;0;1;0;1;0;0;0;0;0;0;0;0;-3,761261;-38,520855
350097;20;9;2019;07:50;24369;RUA ALBERTO MONTEZUMA;RUA DOMINGOS JAGUARIBE;;;;Colisão;Luz do Dia;;;Cruz;Pare;Residencial;0;1;0;1;0;0;0;0;0;1;0;0;-3,766452;-38,533453
350098;20;9;2019;08:15;0;RUA ALICE;;;;;Colisão;Luz do Dia;;;Meio de Quadra;;;0;1;0;1;0;0;0;0;0;1;0;0;;
350099;20;9;2019;08:21;0;RUA NUNES VALENTE;;;2075;;Queda;Luz do Dia;;;Meio de Quadra;;;0;1;0;0;0;0;0;0;0;1;0;0;-3,74274;-38,50581
350100;20;9;2019;08:46;0;AV ALM MAXIMIANO DA FONSECA;;;1395;;Colisão;Luz do Dia;;;Meio de Quadra;;;0;1;0;1;0;0;0;0;0;1;0;0;-3,77158;-38,484125
350077;20;9;2019;06:41;0;RUA GAL CLARINDO DE QUEIROZ;;;615;;Colisão;Luz do Dia;;;Meio de Quadra;;;0;1;0;1;0;0;0;0;0;1;0;0;-3,7328806;-38,52963047
350081;20;9;2019;07:15;25071;AV DOS EXPEDICIONARIOS;RUA TEODORICO BARROSO;;;;Colisão;Luz do Dia;;;Cruz;Pare;Comercial;0;1;0;1;0;0;0;0;0;1;0;0;-3,766646;-38,541696
350083;20;9;2019;07:17;3771;AV DA UNIVERSIDADE;AV DOMINGOS OLIMPIO;;;;Colisão;Luz do Dia;;;Cruz;Semáforo Intermitente;Comercial;0;1;0;1;0;0;0;0;0;1;0;0;-3,735594;-38,534216
350138;20;9;2019;18:59;0;AV FRANCISCO SA;;;;;Colisão;;;;Meio de Quadra;;;0;1;0;0;0;0;0;0;0;1;0;0;;
350139;20;9;2019;20:04;0;RUA DIONISIO ALENCAR FILHO;;;2379;;Colisão;;;;Meio de Quadra;;;0;1;0;0;0;0;0;0;0;0;0;0;;
350140;20;9;2019;21:10;0;RD BR 116;;;4210;;Atropelamento;;;;Meio de Quadra;;;0;1;0;0;0;0;0;0;0;1;0;0;;
350128;20;9;2019;18:29;0;AV SIQUEIRA CAMPOS;;;357;;Atropelamento;Anoitecer;;;Meio de Quadra;;;1;0;1;1;0;0;0;0;0;0;0;0;-3,8102;-38,5904
350129;20;9;2019;18:45;0;AV JOSE BASTOS;;;3770;;Colisão;;;;Meio de Quadra;;;0;1;0;0;0;0;0;0;0;0;0;0;-3,7511595;-38,551618
350124;20;9;2019;18:19;10943;RUA ZACARIAS GONDIM;RUA DOM CARLOTO TAVORA;;;;Atropelamento;Anoitecer;;;Cruz;Pare;Comercial;0;1;0;0;0;0;0;0;0;1;0;0;-3,768945;-38,558785
350125;20;9;2019;18:22;0;AV PRS COSTA E SILVA;;;;;Colisão;Anoitecer;;;Meio de Quadra;;;0;1;0;0;0;0;0;0;0;0;0;0;;
350111;20;9;2019;13:51;0;RUA MONTE PASCOAL;;;230;;Colisão;Luz do Dia;;;Meio de Quadra;;;0;1;0;1;0;0;0;0;0;1;0;0;-3,7485461;-38,4809553
350104;20;9;2019;10:32;0;AV L CJ CEARA;;;107;;Colisão;Luz do Dia;;;Meio de Quadra;;;0;1;0;1;0;0;0;0;0;1;0;0;-3,8257555;-38,5558762
350105;20;9;2019;11:29;0;AV ENG SANTANA JUNIOR;;;2277;;Queda;Luz do Dia;;;Meio de Quadra;;;0;2;0;0;0;0;0;0;0;1;0;0;-3,742678;-38,486538
350114;20;9;2019;13:58;7162;AV PASTEUR;RUA STA INES D20;;;;Atropelamento;Luz do Dia;;;Cruz;Não Há Controle;Residencial;0;1;0;0;1;0;0;0;0;0;0;0;-3,708095;-38,557959