COD_ACIDENTE;DIA;MES;ANO;HORA;INTERSECAO;LOG1;LOG2;LOG3;NUMERO;REFERENCIA;NATUREZA;ILUMINACAO;TEMPO;SUPERFICIEPISTA;TIPOCRUZAMENTO;CONTROLETRAFEGO;USOSOLO;MORTOS;FERIDOS;ILESOS;AUTOMOVEL;ONIBUS;BICICLETA;CAMINHAO;MICROONIBUS;CICLOMOTOR;MOTOCICLETA;TRACAOANIMAL;TREM;LATITUDE;LONGITUDE
350116;20;9;2019;15:24;0;RUA PROF. MANOEL LOURENCO;;;50;;Colisão;Luz do Dia;;;Meio de Quadra;;;0;1;0;1;0;0;0;0;0;1;0;0;-3,80812;-38,46949
350117;20;9;2019;15:57;0;RUA DA SALEMA;;;187;;Queda;Luz do Dia;;;Meio de Quadra;;;0;1;0;0;0;1;0;0;0;0;0;0;-3,6992;-38,57839
350118;20;9;2019;17:16;11572;RUA VER PEDRO PAULO MOREIRA;AV DR JOAO MACIEL FILHO;;;;Colisão;Anoitecer;;;;Não Há Controle;Residencial;0;1;0;0;0;0;0;0;0;0;0;0;-3,786316;-38,495768
350119;20;9;2019;17:25;0;RUA DES PRAXEDES;;;221;;Colisão;Anoitecer;;;Meio de Quadra;;;0;1;0;1;0;0;0;0;0;1;0;0;-3,757627167;-38,55249667
350120;20;9;2019;17:46;0;AV FRE CIRILO;;;400;;Colisão;Anoitecer;;;Meio de Quadra;;;0;1;0;1;0;0;0;0;0;1;0;0;-3,8122589;-38,4995514
350121;20;9;2019;17:56;0;AV SGT HERMINIO SAMPAIO;;;2672;;Colisão;Anoitecer;;;Meio de Quadra;;;0;1;0;1;0;0;0;0;0;1;0;0;-3,72703;-38,5642255
350037;20;9;2019;20:55;0;RD BR 116;;;8000;KM-08;Atropelamento;;;;Meio de Quadra;;;2;0;0;0;0;0;0;0;0;1;0;0;-3,822018;-38,503269
350142;20;9;2019;21:23;0;RUA PRO CARVALHO;;;615;;Colisão;;;;Meio de Quadra;;;0;1;0;1;0;0;0;0;0;1;0;0;-3,7721;-38,55553
350109;20;9;2019;12:04;3767;AV IMPERADOR;AV DOMINGOS OLIMPIO;;;;Colisão;Luz do Dia;;;Cruz;Semáforo Intermitente;Comercial;0;1;0;1;0;0;0;0;0;1;0;0;-3,73479;-38,536697
350136;20;9;2019;18:51;0;AV MAE LISBOA;;;1005;;Colisão;;;;Meio de Quadra;;;0;1;0;0;0;0;0;0;0;0;0;0;-3,8077642;-38,4700422
350144;20;9;2019;21:58;0;AV HERACLITO GRACA;;;125;;Colisão;;;;Meio de Quadra;;;0;1;0;1;0;0;0;0;0;1;0;0;-3,733849267;-38,52346027
350145;20;9;2019;21:59;0;AV SEN CARLOS JEREISSATI (AEROPORTO);;;;;Colisão;;;;Meio de Quadra;;;0;1;0;1;0;0;0;0;0;0;0;0;;
350146;20;9;2019;22:05;0;AV PRS COSTA E SILVA;;;;;Colisão;;;;Meio de Quadra;;;0;1;0;1;0;0;0;0;0;1;0;0;;
350149;20;9;2019;23:12;0;AV SEN CARLOS JEREISSATI (AEROPORTO);;;;;Colisão;;;;Meio de Quadra;;;0;3;0;1;0;0;0;0;0;0;0;0;;
350150;20;9;2019;23:59;0;TR SAO FRANCISCO D21;;;445;;Queda;;;;Meio de Quadra;;;0;1;0;0;0;0;0;0;0;1;0;0;-3,70647;-38,55723
350151;21;9;2019;01:42;0;RUA DOM LINO;;;172;;Atropelamento;;;;Meio de Quadra;;;0;1;0;1;0;0;0;0;0;0;0;0;-3,735982;-38,5572005
350153;21;9;2019;03:20;25043;AV CEL CARVALHO;RUA RIO TAPAJOS;;;;Colisão;;;;T;Não Há Controle;Comercial;0;1;0;1;0;0;0;0;0;1;0;0;-3,708154;-38,590312
350154;21;9;2019;04:12;0;RUA ROMEU MARTINS;;;820;;Colisão;;;;Meio de Quadra;;;0;1;0;1;0;0;0;0;0;1;0;0;-3,76704;-38,55156
350159;21;9;2019;06:45;5219;AV TRISTAO GONCALVES;RUA LIBERATO BARROSO;;;;Outros;Luz do Dia;;;Cruz;Semáforo;Comercial;0;2;0;0;0;0;0;0;0;1;0;0;-3,726826;-38,533116
350156;21;9;2019;04:32;0;RUA JUVENCIO BARROSO;;;27;;Colisão;;;;Meio de Quadra;;;0;1;0;1;0;0;0;0;0;1;0;0;-3,7142572;-38,5488874
350157;21;9;2019;06:17;0;RUA ANITA GARIBALDI;;;286;;Queda;Luz do Dia;;;Meio de Quadra;;;0;1;0;0;0;0;0;0;0;1;0;0;-3,78897;-38,53715
350167;21;9;2019;08:09;0;RUA G CJ VILA VELHA;;;9;;Colisão;Luz do Dia;;;Meio de Quadra;;;0;1;0;0;0;0;0;0;0;0;0;0;-3,7164966;-38,6015946
350168;21;9;2019;08:39;0;AV LAURO VIEIRA CHAVES;;;;;Queda;Luz do Dia;;;Meio de Quadra;;;0;1;0;0;0;0;0;0;0;1;0;0;;
350165;21;9;2019;07:32;0;AV GAL OSORIO DE PAIVA;;;678;;Colisão;Luz do Dia;;;Meio de Quadra;;;0;3;0;0;0;0;0;0;0;1;0;0;-3,776964;-38,568617
350161;21;9;2019;07:13;0;AV JOVITA FEITOSA;;;3101;;Colisão;Luz do Dia;;;Meio de Quadra;;;0;2;0;0;0;0;0;0;0;0;0;0;-3,741690083;-38,56541167
350180;21;9;2019;09:48;0;RUA ANTONIO IVO;;;1678;;Atropelamento;Luz do Dia;;;Meio de Quadra;;;0;1;0;1;0;0;0;0;0;0;0;0;-3,77098;-38,58697
350181;21;9;2019;09:58;0;RUA JOR ANTONIO P TAVARES;;;1028;;Colisão;Luz do Dia;;;Meio de Quadra;;;0;1;0;1;0;0;0;0;0;1;0;0;-3,814682233;-38,50766319
350182;21;9;2019;10:02;2764;RUA VALDEMAR PAES;RUA GERALDO BARBOSA;;;;Queda;Luz do Dia;;;Cruz;Não Há Controle;Misto;0;1;0;0;0;0;0;0;0;1;0;0;-3,792107;-38,601393
350183;21;9;2019;10:34;5466;AV VIS RIO BRANCO;RUA ROCHA LIMA;;;;Colisão;Luz do Dia;;;;;;0;1;0;1;0;0;0;0;0;1;0;0;-3,73577;-38,524153
350184;21;9;2019;10:38;0;AV LUCIANO CARNEIRO;;;1770;;Colisão;Luz do Dia;;;Meio de Quadra;;;0;1;0;1;0;0;0;0;0;1;0;0;-3,764194;-38,536449
350185;21;9;2019;10:43;0;RUA GUARANI D65;;;542;;Atropelamento;Luz do Dia;;;Meio de Quadra;;;0;1;0;0;0;1;0;0;0;0;0;0;-3,76409;-38,58011
350187;21;9;2019;12:01;0;AV SEN FERNANDES TAVORA;;;637;;Colisão;Luz do Dia;;;Meio de Quadra;;;0;1;0;1;0;0;0;0;0;1;0;0;-3,76402;-38,578721
350188;21;9;2019;12:21;0;RD BR 116;;;;;Colisão;Luz do Dia;;;Meio de Quadra;;;0;1;0;1;0;0;0;0;0;1;0;0;;
350189;21;9;2019;12:52;0;RUA CON DE CASTRO;;;3700;;Colisão;Luz do Dia;;;Meio de Quadra;;;0;1;0;1;0;0;0;0;0;1;0;0;-3,79959;-38,58701
350190;21;9;2019;13:06;0;RUA UBIRAJARA NEGREIROS;;;;;Colisão;Luz do Dia;;;Meio de Quadra;;;0;1;0;1;0;0;0;0;0;1;0;0;;
350215;21;9;2019;22:12;3831;AV 13 DE MAIO;RUA MAL DEODORO;;;;Atropelamento;;;;Cruz;Semáforo;Comercial;0;1;0;0;0;0;0;0;0;1;0;0;-3,743122;-38,536588
350178;21;9;2019;09:43;0;AV CASTELO DE CASTRO;;;1186;;Colisão;Luz do Dia;;;Meio de Quadra;;;0;1;0;0;0;0;0;0;0;0;0;0;-3,839579806;-38,52176432
350209;21;9;2019;19:51;0;RUA MIGUEL GURGEL;;;;;Queda;;;;Meio de Quadra;;;0;1;0;0;0;0;0;0;0;1;0;0;;
350176;21;9;2019;09:02;2775;RUA MARIA JULIA;RUA GERALDO BARBOSA;;;;Colisão;Luz do Dia;;;Cruz;Pare;Rural;0;1;0;1;0;0;0;0;0;1;0;0;-3,792568;-38,599942
350173;21;9;2019;08:54;0;AV DA INDEPENDENCIA;;;2220;;Colisão;Luz do Dia;;;Meio de Quadra;;;0;1;0;1;0;0;0;0;0;1;0;0;-3,724339;-38,599704
350205;21;9;2019;19:16;0;RUA VITAL BRASIL;;;1913;;Colisão;;;;Meio de Quadra;;;0;1;0;1;0;0;0;0;0;1;0;0;-3,778012;-38,597995
350206;21;9;2019;19:22;0;RUA DR HUGO ROCHA;;;642;;Colisão;;;;Meio de Quadra;;;0;1;0;1;0;0;0;0;0;1;0;0;-3,718223833;-38,56968683
350207;21;9;2019;19:27;0;RUA MARIA JULIA;;;874;;Colisão;;;;Meio de Quadra;;;0;1;0;0;0;0;0;0;0;0;0;0;-3,79351714;-38,60024279
350192;21;9;2019;13:09;0;RUA CEL DIONISIO ALENCAR;;;1680;;Colisão;Luz do Dia;;;;;;0;1;0;1;0;0;0;0;0;1;0;0;;
350193;21;9;2019;13:24;0;RUA CAP BRASIL;;;100;;Colisão;Luz do Dia;;;Meio de Quadra;;;0;1;0;1;0;1;0;0;0;0;0;0;-3,7352165;-38,58638396
350194;21;9;2019;13:57;1257;RUA SILVA PAULET;RUA COSTA BARROS;;;;Colisão;Luz do Dia;;;Cruz;Não Há Controle;Residencial;0;1;0;1;1;0;0;0;0;0;0;0;-3,732565;-38,504799
350195;21;9;2019;14:37;5333;RUA PRC ISABEL;RUA GAL CLARINDO DE QUEIROZ;;;;Colisão;Luz do Dia;;;Cruz;Pare;Comercial;0;1;0;1;0;0;0;0;0;1;0;0;-3,730592;-38,536711
350196;21;9;2019;14:46;0;RUA MORADA NOVA;;;500;;Colisão;Luz do Dia;;;Meio de Quadra;;;0;1;0;1;0;0;0;0;0;1;0;0;-3,84565;-38,51132
350197;21;9;2019;15:44;0;AV HILDEBRANDO DE MELO;;;1499;;Queda;Luz do Dia;;;Meio de Quadra;;;0;1;0;0;0;1;0;0;0;0;0;0;-3,72165;-38,58892
350198;21;9;2019;16:44;0;RUA GUILHERME ASSUNCAO;;;1028;;Colisão;Luz do Dia;;;Meio de Quadra;;;0;1;0;0;0;0;0;0;0;1;0;0;-3,8164228;-38,5093763
350199;21;9;2019;17:00;0;RUA CEL FABRICIANO;;;2010;;Colisão;Anoitecer;;;Meio de Quadra;;;0;1;0;1;0;0;0;0;0;1;0;0;-3,78227646;-38,6095626
350200;21;9;2019;18:40;0;RUA PRP NASSAU;;;46;;Atropelamento;;;;Meio de Quadra;;;0;1;0;1;0;0;0;0;0;0;0;0;-3,72886;-38,58077
350201;21;9;2019;18:42;0;AV DIOGUINHO;;;5916;;Colisão;;;;Meio de Quadra;;;0;2;0;1;0;0;0;0;0;1;0;0;-3,7655145;-38,4412655
350202;21;9;2019;18:45;0;RUA RENATO BRAGA;;;200;;Choque c/ Obstáculo Fixo;;;;Meio de Quadra;;;0;1;0;1;0;0;0;0;0;0;0;0;-3,731794667;-38,45963456
350203;21;9;2019;19:08;0;AV FRE CIRILO;;;4544;;Colisão;;;;Meio de Quadra;;;0;3;0;0;0;0;0;0;0;1;0;0;-3,82313273;-38,49488456
350211;21;9;2019;22:11;0;AV TEN LISBOA;;;1368;;Queda;;;;Meio de Quadra;;;0;1;0;0;0;0;0;0;0;1;0;0;-3,71785;-38,54795
350040;21;9;2019;12:15;0;RD BR 116;;;3000;KM-03;Tombamento;Luz do Dia;;Seca;Meio de Quadra;;;0;1;1;0;0;0;0;0;0;1;0;0;-3,779838;-38,514372
350043;21;9;2019;13:50;0;RD BR 222;;;5121;KM-02;Queda;Luz do Dia;;;Meio de Quadra;;;0;1;1;0;0;0;0;0;0;0;0;0;-3,7403624;-38,5969961
350399;21;9;2019;07:40;0;RD CE-040;;;;KM-09;Colisão;Luz do Dia;;;Meio de Quadra;;;0;2;0;1;0;0;0;0;0;0;0;0;-3,834450897;-38,48246582
350400;21;9;2019;15:00;0;RD CE-040;;;8;KM-08;Colisão;Luz do Dia;;;Meio de Quadra;;;0;2;0;1;0;0;0;0;0;0;0;0;-3,825515822;-38,48153832
350707;21;9;2019;07:35;0;AV TRISTAO GONCALVES;;;597;;Colisão;Luz do Dia;Bom;Seca;Meio de Quadra;Pare;Comercial;0;1;1;0;0;1;0;0;0;1;0;0;-3,726826;-38,533116
350714;21;9;2019;18:10;0;AV DIOGUINHO;;;5914;;Colisão Traseira;Mal Iluminada;Bom;Seca;Meio de Quadra;Semáforo;Residencial;0;1;1;0;0;0;0;0;0;1;0;0;-3,7655145;-38,4412655
350898;21;9;2019;10:55;0;AV OLIVEIRA PAIVA;;;760;;Colisão Traseira;Luz do Dia;Bom;Seca;Meio de Quadra;Não Há Controle;Comercial;0;1;2;1;0;0;0;0;0;0;0;0;-3,796825;-38,4992005
348532;21;9;2019;15:11;0;AV GOV PARSIFAL BARROSO;;;;;Choque c/ Obstáculo Fixo;Luz do Dia;Bom;Seca;Meio de Quadra;Não Há Controle;Comercial;0;0;1;1;0;0;0;0;0;0;0;0;;
348522;21;9;2019;12:50;1257;RUA SILVA PAULET;RUA COSTA BARROS;;;;Colisão Transversal;Luz do Dia;Bom;Seca;Cruz;Não Há Controle;Residencial;0;0;2;1;0;0;0;1;0;0;0;0;-3,732565;-38,504799
348513;21;9;2019;00:30;0;AV 13 DE MAIO;;;2292;;Colisão Traseira;Via Iluminada;Bom;Seca;Meio de Quadra;Não Há Controle;Comercial;0;0;3;1;0;0;0;0;0;0;0;0;-3,742548;-38,537252
348504;21;9;2019;12:45;25311;RUA ANTENOR ROCHA ALEXANDRE;RUA JOAO REGINO;;;;Colisão Lateral;Luz do Dia;Bom;Seca;Cruz;Pare;Residencial;0;0;2;1;0;0;0;0;0;1;0;0;-3,792178;-38,48281
348536;22;9;2019;21:40;0;AV RAD JOSE LIMA VERDE;;;118;;Atropelamento;Via Iluminada;Bom;Seca;Meio de Quadra;Não Há Controle;Comercial;0;3;0;0;0;0;0;0;0;1;0;0;-3,7035051;-38,592556
348534;22;9;2019;16:00;1510;AV JULIO VENTURA;RUA JOSE VILAR;;;;Colisão Transversal;Luz do Dia;Bom;Seca;Cruz;Semáforo;Comercial;0;0;2;1;0;0;0;0;0;0;0;0;-3,739985;-38,506014
350709;22;9;2019;06:00;0;AV GODOFREDO MACIEL;;;0;;Colisão;Luz do Dia;Nublado;Molhada;Meio de Quadra;Não Há Controle;Comercial;0;1;1;1;0;1;0;0;0;0;0;0;;
350710;22;9;2019;19:10;0;RUA 8 DE SETEMBRO;;;0;;Colisão Traseira;Anoitecer;Bom;Seca;Meio de Quadra;Semáforo;Comercial;0;0;3;1;0;0;0;0;0;0;0;0;;
350711;22;9;2019;22:51;13436;AV ANTONIO SALES;RUA DR JOSE LOURENCO;;0;;Colisão Transversal;Via Iluminada;Bom;Seca;Cruz;Semáforo;Comercial;0;0;2;1;0;0;0;0;0;0;0;0;-3,742954;-38,51045
350401;22;9;2019;01:00;0;RD CE-040;;;;KM-04;Colisão;;;;Meio de Quadra;;;0;2;0;1;0;0;0;0;0;1;0;0;-3,791613156;-38,48033084
350389;22;9;2019;20:40;0;RUA LINDOIA;;;;;Colisão;;;;Meio de Quadra;;;0;0;1;1;0;0;0;0;0;0;0;0;;
350390;22;9;2019;21:00;0;RUA 7 DE ABRIL;;;;;Colisão;;;;Meio de Quadra;;;0;0;1;0;0;0;0;0;0;0;0;0;;
350384;22;9;2019;14:50;2124;RUA DOM LUSTOSA;TR CASTELO;;;;Colisão;Luz do Dia;;;;;;0;0;1;0;0;0;0;0;0;0;0;0;-3,699958;-38,582113
350403;22;9;2019;16:50;0;RD CE-025;;;;KM-03;Atropelamento;Luz do Dia;;;Meio de Quadra;;;0;1;0;0;0;0;0;0;0;1;0;0;-3,805889179;-38,45224656
350404;22;9;2019;22:17;0;RD CE-040;;;;KM-10;Colisão;;;;Meio de Quadra;;;0;2;1;1;0;0;0;0;0;1;0;0;-3,84257666;-38,48088284
350253;22;9;2019;15:54;16587;RUA MONTE LIBANO;RUA AMARO JOSE DE SOUZA;;;;Colisão;Luz do Dia;;;Cruz;Pare;Residencial;0;1;0;1;0;0;0;0;0;1;0;0;-3,827632;-38,564113
350254;22;9;2019;16:29;15501;RUA FREDERICO SEVERO;AV FRE CIRILO;;;;Colisão;Luz do Dia;;;T;Pare;Residencial;0;1;0;0;0;0;0;0;0;0;0;0;-3,81987;-38,496307
350255;22;9;2019;17:08;0;AV MAE LISBOA;;;2024;;Atropelamento;Anoitecer;;;Meio de Quadra;;;0;1;0;0;0;0;0;0;0;1;0;0;-3,8061371;-38,4533739
350257;22;9;2019;17:34;0;RUA VIA FERREA;;;1121;;Queda;Anoitecer;;;Meio de Quadra;;;0;1;0;0;0;0;0;0;0;1;0;0;;
350259;22;9;2019;18:11;0;RUA SALVADOR CORREIA SA;;;470;;Atropelamento;Anoitecer;;;Meio de Quadra;;;0;1;0;1;0;0;0;0;0;0;0;0;-3,790319263;-38,47529089
350261;22;9;2019;19:07;0;RUA RAUL CABRAL;;;647;;Colisão;;;;Meio de Quadra;;;0;1;0;1;0;0;0;0;0;1;0;0;-3,769018;-38,544465
350263;22;9;2019;19:45;0;AV PERIMETRAL;;;3441;;Queda;;;;Meio de Quadra;;;0;1;0;0;0;0;0;0;0;1;0;0;;
350264;22;9;2019;19:48;0;RUA NOSSA SRA DAS GRACAS;;;1027;;Colisão;;;;Meio de Quadra;;;0;1;0;0;0;0;0;0;0;0;0;0;-3,709006973;-38,55743424
350265;22;9;2019;21:36;0;RUA TEODOMIRO DE CASTRO;;;6374;;Colisão;;;;Meio de Quadra;;;0;1;0;1;0;0;0;0;0;1;0;0;-3,716627395;-38,57740277
350266;22;9;2019;21:39;0;RUA CEL MOZART GONDIM;;;358;;Queda;;;;Meio de Quadra;;;0;1;0;0;0;0;0;0;0;1;0;0;-3,76336;-38,55603
350268;22;9;2019;22:56;0;RUA NOSSA SRA APARECIDA;;;263;;Choque c/ Obstáculo Fixo;;;;Meio de Quadra;;;0;1;0;1;0;0;0;0;0;0;0;0;-3,83561;-38,58827
350247;22;9;2019;12:13;0;AV MR HULL;;;;;Colisão;Luz do Dia;;;Meio de Quadra;;;0;1;0;1;0;0;0;0;0;1;0;0;;
350248;22;9;2019;12:52;0;AV BORGES DE MELO;;;;;Colisão;Luz do Dia;;;Meio de Quadra;;;0;1;0;1;0;0;0;0;0;1;0;0;;
350249;22;9;2019;14:43;0;RUA DR SEIXAS;;;257;;Colisão;Luz do Dia;;;Meio de Quadra;;;0;1;0;1;0;1;0;0;0;0;0;0;-3,773147253;-38,59490565
350250;22;9;2019;15:13;0;AV JOR THOMAZ COELHO;;;1268;;Atropelamento;Luz do Dia;;;Meio de Quadra;;;0;1;0;1;0;0;0;0;0;0;0;0;-3,83056;-38,50653
350245;22;9;2019;11:32;22200;AV SGT HERMINIO SAMPAIO;RUA CEL MOZART GONDIM;;;;Colisão;Luz do Dia;;;;;;0;1;0;1;0;0;0;0;0;1;0;0;-3,726516;-38,561327
350243;22;9;2019;11:22;3901;AV EDUARDO GIRAO;RUA JORGE DUMAR;;;;Colisão;Luz do Dia;;;Cruz;Semáforo;Residencial;0;1;0;1;0;0;0;0;0;1;0;0;-3,749691;-38,538695
350229;22;9;2019;07:43;0;RUA ADELAIDE PAULINO;;;448;;Queda;Luz do Dia;;;Meio de Quadra;;;0;1;0;0;0;0;0;0;0;1;0;0;-3,7636642;-38,5799968
350240;22;9;2019;10:20;0;AV LINEU MACHADO;;;300;;Queda;Luz do Dia;;;Meio de Quadra;;;0;1;0;0;0;0;0;0;0;1;0;0;-3,7627065;-38,5752185
350241;22;9;2019;10:48;0;RUA JUIZ DE FORA;;;65;;Queda;Luz do Dia;;;Meio de Quadra;;;0;1;0;0;0;1;0;0;0;0;0;0;-3,792500709;-38,48854538
350231;22;9;2019;08:35;0;AV MR HULL;;;;;Atropelamento;Luz do Dia;;;Meio de Quadra;;;0;1;0;1;0;0;0;0;0;0;0;0;;
350232;22;9;2019;08:52;0;AV PONTES VIEIRA;;;1011;;Queda;Luz do Dia;;;Meio de Quadra;;;0;1;0;0;0;0;0;0;0;1;0;0;-3,7525;-38,51187
350233;22;9;2019;09:06;0;RUA DEMETRIO MENEZES;;;;;Queda;Luz do Dia;;;Meio de Quadra;;;0;1;0;0;0;0;0;0;0;1;0;0;;
350236;22;9;2019;09:20;0;AV 13 DE MAIO;;;136;;Queda;Luz do Dia;;;Meio de Quadra;;;0;1;0;0;0;0;0;0;0;1;0;0;-3,753659667;-38,52163267
350237;22;9;2019;10:10;0;RUA VER PEDRO PAULO MOREIRA;;;1000;;Colisão;Luz do Dia;;;Meio de Quadra;;;0;1;0;1;0;0;0;0;0;1;0;0;-3,787178;-38,487345
350217;22;9;2019;02:06;0;RUA 3 CJ PEQ MONDUBIM;;;531;;Colisão;;;;Meio de Quadra;;;0;1;0;1;0;0;0;0;0;1;0;0;-3,81464;-38,5814
350223;22;9;2019;03:43;0;AV WASHINGTON SOARES;;;3939;;Colisão;;;;Meio de Quadra;;;0;1;0;1;0;0;0;0;0;1;0;0;-3,790675;-38,480381
350224;22;9;2019;04:07;0;AV AUGUSTO DOS ANJOS;;;1599;;Choque c/ Obstáculo Fixo;;;;Meio de Quadra;;;0;1;0;1;0;0;0;0;0;0;0;0;-3,780445;-38,579407
350226;22;9;2019;05:29;24909;AV MOZART PINHEIRO DE LUCENA;RUA ROSINHA SAMPAIO;;;;Colisão;Amanhecer;;;Cruz;Pare;Comercial;0;1;0;1;0;0;0;0;0;1;0;0;-3,724211;-38,597432
350227;22;9;2019;06:25;0;AV GODOFREDO MACIEL;;;;;Colisão;Luz do Dia;;;Meio de Quadra;;;0;1;0;1;0;1;0;0;0;0;0;0;;
350221;22;9;2019;02:39;0;AV DIOGUINHO;;;6039;;Queda;;;;Meio de Quadra;;;0;1;0;0;0;0;0;0;0;1;0;0;-3,7657497;-38,4412052
350219;22;9;2019;02:24;0;RUA ALVES BEZERRA;;;;;Colisão;;;;Meio de Quadra;;;0;1;0;1;0;0;0;0;0;1;0;0;;
350046;23;9;2019;05:20;0;RD BR 116;;;14000;KM-14;Colisão;Amanhecer;;;Meio de Quadra;;;0;2;0;0;0;0;0;0;0;1;0;0;-3,873523;-38,499242
350052;23;9;2019;18:39;0;RD BR 116;;;12000;KM-12;Colisão;;;;Meio de Quadra;;;0;2;0;1;0;0;0;0;0;1;0;0;-3,85574;-38,496066
350006;23;9;2019;16:36;3863;AV 13 DE MAIO;RUA SEN POMPEU;;;;Colisão;Luz do Dia;;;;;;0;1;0;1;0;0;0;0;0;1;0;0;-3,744515;-38,534969
349988;23;9;2019;11:22;0;AV SGT HERMINIO SAMPAIO;;;4026;;Queda;Luz do Dia;;;Meio de Quadra;;;0;1;0;0;0;0;0;0;0;1;0;0;-3,73057;-38,576842
350012;23;9;2019;17:30;0;RUA JULIO CESAR D12;;;440;;Colisão;Anoitecer;;;Meio de Quadra;;;0;1;0;1;0;1;0;0;0;0;0;0;-3,748096267;-38,5410598
350018;23;9;2019;17:54;0;AV PERIMETRAL;;;854;;Colisão;Anoitecer;;;Meio de Quadra;;;0;1;0;1;0;0;0;0;0;1;0;0;;
350019;23;9;2019;17:58;0;RUA BERNARDO MANUEL;;;50;;Colisão;Anoitecer;;;Meio de Quadra;;;0;1;0;1;0;1;0;0;0;0;0;0;-3,7425725;-38,5659222
349999;23;9;2019;16:27;0;RUA CRISTIANO OTONE;;;40;;Queda;Luz do Dia;;;Meio de Quadra;;;0;1;0;0;0;0;0;0;0;1;0;0;-3,81211;-38,55887
349996;23;9;2019;12:32;0;RUA CRISANTO ARRUDA;;;237;;Colisão;Luz do Dia;;;Meio de Quadra;;;0;1;0;1;0;0;0;0;0;0;0;0;-3,81174;-38,52293
349997;23;9;2019;15:23;0;RUA TAUBATE;;;500;;Queda;Luz do Dia;;;Meio de Quadra;;;0;1;0;0;0;0;0;0;0;1;0;0;-3,7774;-38,59784
350075;23;9;2019;23:52;7766;AV ANTONIO SALES;RUA TIBURCIO CAVALCANTE;;;;Colisão;;;;Cruz;Semáforo;Comercial;0;1;0;0;0;0;0;0;0;0;0;0;-3,744543;-38,505333
350066;23;9;2019;19:06;0;AV LINEU MACHADO;;;1332;;Atropelamento;;;;Meio de Quadra;;;0;1;0;0;0;0;0;0;0;1;0;0;-3,771235;-38,579672
350067;23;9;2019;20:50;0;AV ENG LUIS VIEIRA;;;490;;Colisão;;;;Meio de Quadra;;;0;2;0;0;0;0;0;0;0;0;0;0;-3,75304;-38,51617
350062;23;9;2019;18:35;0;RD BR 116;;;12000;KM-12;Colisão Transversal;;;;Meio de Quadra;;;0;2;1;0;0;0;0;0;0;1;0;0;-3,85574;-38,496066
350387;23;9;2019;10:30;0;RD BR 116;;;9000;KM-09;Outros;Luz do Dia;;;Meio de Quadra;;;0;0;1;0;0;0;0;0;0;1;0;0;-3,830837;-38,504865
350388;23;9;2019;17:20;0;AV AGUANAMBI;;;;;Colisão;Anoitecer;;;Meio de Quadra;;;0;0;1;1;0;0;0;0;0;0;0;0;;
350402;23;9;2019;14:25;0;ACESSO F UI 401;;;1;;Colisão;Luz do Dia;;;Meio de Quadra;;;0;3;0;1;0;0;0;0;0;0;0;0;-3,801523;-38,51069
350712;23;9;2019;15:10;5490;AV DOM MANUEL;RUA ANTONIO POMPEU;;;;Colisão Transversal;Luz do Dia;Bom;Seca;Cruz;Semáforo;Comercial;0;0;2;1;0;0;0;0;0;0;0;0;-3,736873;-38,523967
350713;23;9;2019;17:50;0;AV PRS COSTA E SILVA;;;854;;Colisão Traseira;Via Iluminada;Bom;Seca;Meio de Quadra;Não Há Controle;Comercial;0;1;1;1;0;0;0;0;0;1;0;0;-3,81251;-38,572642
350715;23;9;2019;21:00;15986;RUA GASTAO JUSTA;RUA CEL MANUEL ALBANO;;0;;Choque c/ Obstáculo Fixo;Via Iluminada;Bom;Seca;Cruz;Pare;Residencial;0;0;2;1;0;0;0;0;0;0;0;0;-3,806556;-38,569809
349957;23;9;2019;09:06;0;RUA SAO PAULO;;;1654;;Colisão;Luz do Dia;;;Meio de Quadra;;;0;1;0;1;0;1;0;0;0;0;0;0;-3,721939;-38,53998588
349948;23;9;2019;08:02;0;RUA DR THOMPSON BULCAO;;;;;Colisão;Luz do Dia;;;Meio de Quadra;;;0;1;0;1;0;0;0;0;0;1;0;0;;
349969;23;9;2019;09:25;0;RD BR 116;;;9000;KM-09;Queda;Luz do Dia;;;Meio de Quadra;;;0;1;0;0;0;0;0;0;0;1;0;0;-3,830837;-38,504865
349939;23;9;2019;07:22;0;RUA TEN QUEIROZ;;;58;;Atropelamento;Luz do Dia;;;Meio de Quadra;;;0;1;0;0;0;0;0;0;0;1;0;0;-3,83658;-38,5176
349945;23;9;2019;07:39;12737;RUA GRIJALVA COSTA;RUA MAJ WEYNE;;;;Colisão;Luz do Dia;;;Cruz;Pare;Comercial;0;1;0;1;0;0;0;0;0;1;0;0;-3,751483;-38,541145
349954;23;9;2019;08:02;17435;RUA PRO TEODORICO;RUA ALBERTO MAGNO;;;;Colisão;Luz do Dia;;;Cruz;Pare;Residencial;0;1;0;1;0;0;0;0;0;1;0;0;-3,768977;-38,552834
349926;23;9;2019;07:00;17947;RUA EVANDRO LUZ;RUA JOAQUIM ALBANO;;;;Colisão;Luz do Dia;;;Cruz;Pare;Residencial;0;1;0;1;0;0;0;0;0;1;0;0;-3,734821;-38,57699
349927;23;9;2019;07:13;0;AV PRS CASTELO BRANCO;;;;;Colisão;Luz do Dia;;;Meio de Quadra;;;0;1;0;0;0;0;0;0;0;1;0;0;;