COD_ACIDENTE;DIA;MES;ANO;HORA;INTERSECAO;LOG1;LOG2;LOG3;NUMERO;REFERENCIA;NATUREZA;ILUMINACAO;TEMPO;SUPERFICIEPISTA;TIPOCRUZAMENTO;CONTROLETRAFEGO;USOSOLO;MORTOS;FERIDOS;ILESOS;AUTOMOVEL;ONIBUS;BICICLETA;CAMINHAO;MICROONIBUS;CICLOMOTOR;MOTOCICLETA;TRACAOANIMAL;TREM;LATITUDE;LONGITUDE
349907;23;9;2019;02:56;0;RUA CEL TIBURCIO;;;;;Colisão;;;;Meio de Quadra;;;0;1;0;1;0;0;1;0;0;0;0;0;;
349924;23;9;2019;05:58;0;AV AUGUSTO DOS ANJOS;;;1140;;Colisão;Amanhecer;;;Meio de Quadra;;;0;1;0;1;0;0;0;0;0;1;0;0;-3,777064333;-38,57644056
348537;23;9;2019;10:40;26269;AV DR ALDY MENTOR;AV DIOGUINHO;;;;Colisão Frontal;Luz do Dia;Bom;Seca;Cruz;Semáforo;Comercial;0;1;1;1;0;0;0;0;0;1;0;0;-3,7559713;-38,4459697
348506;24;9;2019;02:00;0;AV DES GONZAGA;;;;;Outros;Via Iluminada;Bom;Seca;Meio de Quadra;Não Há Controle;Comercial;0;0;2;1;0;0;0;0;0;0;0;0;;
348507;24;9;2019;19:29;5687;RUA ESV AZEVEDO;RUA MELO CESAR;;;;Colisão Transversal;;Bom;Seca;Cruz;Não Há Controle;Residencial;0;1;1;1;0;0;0;0;0;1;0;0;-3,795367;-38,503959
350716;24;9;2019;07:23;21604;RUA DOM XISTO ALBANO;RUA DARCY VARGAS;;;;Colisão Transversal;Luz do Dia;Bom;Seca;Cruz;Pare;Comercial;0;1;1;0;0;0;0;0;0;1;0;0;-3,798206;-38,586618
350717;24;9;2019;09:42;1219;RUA JOAO CORDEIRO;RUA COSTA BARROS;;0;;Colisão Traseira;Luz do Dia;Bom;Seca;Cruz;Semáforo;Residencial;0;1;2;1;0;0;0;0;0;1;0;0;-3,729449;-38,514331
350718;24;9;2019;10:30;4080;AV JOSE BASTOS;RUA CEARA;;;;Colisão Traseira;Luz do Dia;Bom;Seca;Cruz;Semáforo;Comercial;0;1;1;1;0;0;0;0;0;1;0;0;-3,760008;-38,564112
350719;24;9;2019;10:46;0;RUA JOAQUIM ALBANO;RUA ALEXANDRINA;;0;;Colisão Traseira;Luz do Dia;Bom;Seca;Cruz;Pare;Comercial;0;0;1;1;0;0;0;0;0;1;0;0;-3,7357463;-38,5831638
350720;24;9;2019;10:12;7752;AV CARNEIRO DE MENDONCA;AV JOAO PESSOA;;;;Colisão Lateral;Luz do Dia;Bom;Seca;T;Semáforo;Comercial;0;0;2;0;0;0;1;0;0;0;0;0;-3,767222;-38,559808
350721;24;9;2019;11:20;25063;AV DOS EXPEDICIONARIOS;RUA ARMANDO MONTEIRO;;;;Colisão Transversal;Luz do Dia;Bom;Seca;Cruz;Pare;Comercial;0;1;1;0;0;0;0;0;0;1;0;0;-3,76223;-38,540372
350722;24;9;2019;12:40;11847;RUA JACINTO MATOS;AV FRANCISCO SA;;;;Colisão Transversal;Luz do Dia;Bom;Seca;Cruz;Semáforo;Comercial;0;1;1;0;1;0;0;0;0;1;0;0;-3,720881;-38,546796
350723;24;9;2019;16:26;55;RUA CEL JOAQUIM FRANKLIN;RUA SALGADO FILHO;;0;;Colisão Lateral;Luz do Dia;Bom;Seca;Cruz;Pare;Residencial;0;1;2;1;1;0;0;0;0;0;0;0;-3,743486;-38,594868
350725;24;9;2019;19:30;15258;RUA PEREIRA FILGUEIRAS;RUA ANTONIO AUGUSTO;;;;Colisão Transversal;Via Iluminada;Bom;Seca;Cruz;Pare;Comercial;0;1;1;1;0;0;0;0;0;1;0;0;-3,72838;-38,512866
350726;24;9;2019;20:18;25149;AV DOM LUIS;RUA MON CATAO;;0;;Colisão Transversal;Via Iluminada;Bom;Seca;T;Pare;Comercial;0;0;1;1;0;1;0;0;0;0;0;0;-3,735758;-38,489602
350727;24;9;2019;21:30;5463;RUA BARBARA DE ALENCAR;RUA DNA LEOPOLDINA;;0;;Colisão Transversal;Via Iluminada;Bom;Seca;Cruz;Pare;Residencial;0;1;2;1;0;0;0;0;0;1;0;0;-3,735695;-38,521102
350397;24;9;2019;10:00;22124;RUA PRO COSTA MENDES;RUA MAJ PEDRO SAMPAIO;;;;Colisão;Luz do Dia;;;Cruz;Pare;Residencial;0;0;1;1;0;0;0;0;0;0;0;0;-3,747674;-38,554665
350393;24;9;2019;15:00;0;RUA JOAQUIM ALBANO;;;;;Colisão;Luz do Dia;;;Meio de Quadra;;;0;0;1;0;0;0;0;0;0;1;0;0;;
350405;24;9;2019;08:15;0;RD CE-040;;;;KM-05;Colisão;Luz do Dia;;;Meio de Quadra;;;0;2;0;1;0;0;0;0;0;0;0;0;-3,800595823;-38,47953463
350407;24;9;2019;11:25;0;RD CE-040;;;;KM-11;Choque c/ Obstáculo Fixo;Luz do Dia;;;Meio de Quadra;;;0;0;1;0;0;0;0;0;0;0;0;0;-3,84962623;-38,47606989
350408;24;9;2019;14:50;0;ACESSO F UI 401;;;1;;Colisão;Luz do Dia;;;Meio de Quadra;;;0;2;0;1;0;0;0;0;0;1;0;0;-3,801523;-38,51069
350435;24;9;2019;12:00;0;RUA GAL SAMPAIO;;;1332;;Colisão;Luz do Dia;;;Meio de Quadra;;;0;0;1;1;0;0;0;0;0;0;0;0;-3,730026111;-38,531711
350076;24;9;2019;06:43;0;AV ALBERTO CRAVEIRO;;;;;Colisão;Luz do Dia;;;Meio de Quadra;;;0;1;0;0;0;0;0;0;0;1;0;0;;
350078;24;9;2019;06:52;183;AV SGT HERMINIO SAMPAIO;RUA DEMETRIO MENEZES;;;;Colisão;Luz do Dia;;;;;;0;1;0;1;0;0;0;0;0;1;0;0;-3,733867;-38,584316
350101;24;9;2019;11:34;5460;RUA NOGUEIRA ACIOLI;AV HERACLITO GRACA;;;;Colisão;Luz do Dia;;;Cruz;Semáforo;Comercial;0;1;0;1;0;0;0;0;0;1;0;0;-3,7354313;-38,5186861
350102;24;9;2019;12:02;0;RUA GUILHERME PESSOA;;;725;;Atropelamento;Luz do Dia;;;Meio de Quadra;;;0;1;0;0;0;0;0;0;0;1;0;0;-3,827021;-38,488614
350090;24;9;2019;08:11;261;AV JOVITA FEITOSA;RUA PRO LINO ENCARNACAO;;;;Colisão;Luz do Dia;;;Cruz;Semáforo Intermitente;Residencial;0;1;0;0;0;0;0;0;0;1;0;0;-3,74072;-38,560746
350091;24;9;2019;09:47;0;RUA JOAQUIM ALBANO;;;890;;Colisão;Luz do Dia;;;Meio de Quadra;;;0;1;0;1;0;0;0;0;0;1;0;0;-3,7358245;-38,583634
350092;24;9;2019;10:31;0;AV WASHINGTON SOARES;;;2115;;Colisão;Luz do Dia;;;Meio de Quadra;;;0;2;0;1;0;0;0;0;0;1;0;0;-3,777153538;-38,48153677
350094;24;9;2019;10:54;0;AV COSTA OESTE;;;148;;Colisão;Luz do Dia;;;Meio de Quadra;;;0;1;0;1;0;0;0;0;0;1;0;0;-3,6971084;-38,5777131
350095;24;9;2019;11:19;0;AV DOS EXPEDICIONARIOS;;;4905;;Colisão;Luz do Dia;;;Meio de Quadra;;;0;1;0;1;0;0;0;0;0;1;0;0;-3,762285731;-38,54038996
350122;24;9;2019;14:40;0;AV PRS COSTA E SILVA;;;;;Queda;Luz do Dia;;;Meio de Quadra;;;0;1;0;0;0;0;0;0;0;1;0;0;;
350123;24;9;2019;14:44;12727;RUA JOAO SORONGO;RUA JULIO CESAR D12;;;;Colisão;Luz do Dia;;;Cruz;Pare;Residencial;0;1;1;1;0;0;0;0;0;1;0;0;-3,750879;-38,543596
350106;24;9;2019;12:38;26073;AV FRANCISCO SA;AV JOSE JATAHY;;;;Colisão;Luz do Dia;;;T;Pare;Comercial;0;2;0;0;0;0;0;0;0;1;0;0;-3,720876;-38,5467873
350108;24;9;2019;13:51;0;AV GAL OSORIO DE PAIVA;;;4505;;Colisão;Luz do Dia;;;Meio de Quadra;;;0;1;0;1;0;0;0;0;0;1;0;0;-3,798068179;-38,59560186
350086;24;9;2019;07:37;12523;RUA PIERRE LUZ;RUA MARIA CLARA;;;;Colisão;Luz do Dia;;;Cruz;Pare;Comercial;0;1;0;1;0;0;0;0;0;1;0;0;-3,72512;-38,588502
350087;24;9;2019;07:56;10417;RUA ALVES BATISTA;RUA LUIZ MARIANO;;;;Colisão;Luz do Dia;;;;;;0;1;0;1;0;0;0;0;0;1;0;0;-3,761666;-38,601534
350088;24;9;2019;08:06;0;AV WASHINGTON SOARES;;;5248;;Atropelamento;Luz do Dia;;;Meio de Quadra;;;0;2;0;1;0;0;0;0;0;0;0;0;-3,804993;-38,4791672
350113;24;9;2019;14:25;0;RUA CON DE CASTRO;;;4188;;Colisão;Luz do Dia;;;Meio de Quadra;;;0;1;0;0;0;0;0;0;0;0;0;0;;
350126;24;9;2019;14:46;0;RUA TOMAS RODRIGUES;;;168;;Colisão;Luz do Dia;;;Meio de Quadra;;;0;1;0;1;0;0;0;0;0;1;0;0;;
350133;24;9;2019;15:08;0;RUA CEL JOAQUIM FRANKLIN;;;909;;Colisão;Luz do Dia;;;Meio de Quadra;;;0;1;0;1;1;0;0;0;0;0;0;0;-3,7438202;-38,5970458
350135;24;9;2019;15:12;1558;AV BAR STUDART;RUA PDE VALDEVINO;;;;Colisão;Luz do Dia;;;Cruz;Semáforo;Residencial;0;1;0;1;0;0;0;0;0;1;0;0;-3,741641;-38,508855
350210;24;9;2019;18:20;0;AV DR JOAO MACIEL FILHO;;;542;;Queda;Anoitecer;;;Meio de Quadra;;;0;1;0;0;0;1;0;0;0;0;0;0;-3,787642455;-38,49616193
350179;24;9;2019;17:11;0;RUA ESV AZEVEDO;;;711;;Colisão;Anoitecer;;;Meio de Quadra;;;0;1;0;1;0;0;0;0;0;1;0;0;-3,79399;-38,5009185
350204;24;9;2019;18:19;620;RUA COS GOUVEIA;RUA ENG JOAO NOGUEIRA;;;;Colisão;Anoitecer;;;Cruz;Pare;Residencial;0;1;0;0;0;0;0;0;0;1;0;0;-3,717019;-38,564143
350191;24;9;2019;17:49;0;AV ROGACIANO LEITE;;;2222;;Colisão;Anoitecer;;;Meio de Quadra;;;0;1;0;1;0;0;0;0;0;1;0;0;-3,774371922;-38,49946823
350166;24;9;2019;15:27;14421;AV SGT HERMINIO SAMPAIO;RUA PDE ANCHIETA;;;;Atropelamento;Luz do Dia;;;Cruz;Semáforo;Comercial;0;1;0;1;0;0;0;0;0;0;0;0;-3,724693;-38,551079
350169;24;9;2019;16:16;0;RUA SEN ALENCAR;;;415;;Colisão;Luz do Dia;;;Meio de Quadra;;;0;1;0;0;0;0;0;0;0;1;0;0;-3,7242588;-38,5297694
350171;24;9;2019;17:00;0;AV PRS COSTA E SILVA;;;;;Queda;Anoitecer;;;Meio de Quadra;;;0;1;0;0;0;0;0;0;0;1;0;0;;
350238;24;9;2019;19:17;5025;AV FILOMENO GOMES;RUA SEN ALENCAR;;;;Colisão;;;;T;Pare;Comercial;0;1;0;0;0;0;0;0;0;0;0;0;-3,720616;-38,541328
350269;24;9;2019;20:21;10793;RUA PRO HERIBALDO COSTA;RUA PORTO ALEGRE;;;;Queda;;;;Cruz;Não Há Controle;Comercial;0;1;0;0;0;0;0;0;0;1;0;0;-3,762997;-38,585433
350270;24;9;2019;21:20;0;RUA DNA LEOPOLDINA;;;1150;;Colisão;;;;;;;0;2;0;1;0;0;0;0;0;1;0;0;-3,73523;-38,52095
350271;24;9;2019;22:22;0;RUA COELHO DA FONSECA;;;180;;Colisão;;;;Meio de Quadra;;;0;1;0;0;0;0;0;0;0;0;0;0;-3,71462;-38,56099
350262;24;9;2019;20:03;0;RUA PERNAMBUCO;;;770;;Atropelamento;;;;Meio de Quadra;;;0;1;0;1;0;0;0;0;0;0;0;0;-3,7465126;-38,5827352
350260;24;9;2019;19:44;0;AV SEN CARLOS JEREISSATI (AEROPORTO);;;;;Queda;;;;Meio de Quadra;;;0;1;0;0;0;1;0;0;0;0;0;0;;
350258;24;9;2019;19:34;0;RUA BETEL;;;;;Colisão;;;;Meio de Quadra;;;0;1;0;0;0;0;0;0;0;0;0;0;;
350283;25;9;2019;07:20;0;RUA HERMINIA BONAVIDES;;;1300;;Colisão;Luz do Dia;;;Meio de Quadra;;;0;1;0;1;0;0;0;0;0;1;0;0;-3,73546;-38,46973
350279;25;9;2019;07:10;0;RUA BOM JESUS (GRANJA LISBOA);;;2721;;Colisão;Luz do Dia;;;Meio de Quadra;;;0;2;0;0;0;0;0;0;0;0;0;0;-3,7878193;-38,6222071
350273;25;9;2019;05:51;0;AV MAE LISBOA;;;1941;;Colisão;Amanhecer;;;Meio de Quadra;;;0;1;0;1;0;0;0;0;0;1;0;0;-3,807807556;-38,46217522
350274;25;9;2019;06:48;0;RD BR 020;;;;;Colisão;Luz do Dia;;;Meio de Quadra;;;0;1;0;1;0;0;0;0;0;1;0;0;;
350275;25;9;2019;07:03;0;AV CESAR CALS;;;;;Queda;Luz do Dia;;;Meio de Quadra;;;0;1;0;0;0;0;0;0;0;1;0;0;;
350306;25;9;2019;17:18;0;AV AUGUSTO DOS ANJOS;;;2038;;Colisão;Anoitecer;;;Meio de Quadra;;;0;2;0;0;0;0;1;0;0;1;0;0;-3,783313;-38,581896
350307;25;9;2019;17:46;0;RUA STA ELISA D21;;;1447;;Colisão;Anoitecer;;;Meio de Quadra;;;0;1;0;0;0;0;0;0;0;0;0;0;-3,7036457;-38,5666016
350308;25;9;2019;17:48;0;AV COSTA OESTE;;;6449;;Atropelamento;Anoitecer;;;Meio de Quadra;;;0;1;0;0;0;1;0;0;0;0;0;0;;
350309;25;9;2019;17:59;0;RUA AVELEDO;;;501;;Colisão;Anoitecer;;;Meio de Quadra;;;0;1;0;1;0;0;0;0;0;1;0;0;-3,836245;-38,50196708
350310;25;9;2019;18:11;0;RUA LAURO MAIA;;;1196;;Colisão;Anoitecer;;;Meio de Quadra;;;0;1;0;1;0;0;0;0;0;1;0;0;-3,750280855;-38,52227427
350311;25;9;2019;18:31;0;RUA BERNARDO MANUEL;;;;;Colisão;;;;Meio de Quadra;;;0;1;0;1;0;0;0;0;0;1;0;0;;
350312;25;9;2019;18:39;15293;AV BAR STUDART;RUA TEN BENEVOLO;;;;Atropelamento;;;;Cruz;Semáforo;Comercial;0;1;0;1;0;0;0;0;0;0;0;0;-3,72939;-38,504908
350313;25;9;2019;19:27;0;RUA PRO VIRGILIO DE MORAIS;;;655;;Queda;;;;Meio de Quadra;;;0;1;0;0;0;0;0;0;0;1;0;0;-3,754164;-38,597214
350314;25;9;2019;19:31;0;RUA PORTO VELHO;;;956;;Queda;;;;Meio de Quadra;;;0;1;0;0;0;0;0;0;0;1;0;0;-3,765076353;-38,58870141
350315;25;9;2019;19:49;0;RUA CEL DIONISIO ALENCAR;;;1446;;Colisão;;;;Meio de Quadra;;;0;1;0;0;0;0;0;0;0;0;0;0;;
350316;25;9;2019;19:55;0;AV AUGUSTO DOS ANJOS;;;1226;;Colisão;;;;Meio de Quadra;;;0;1;0;1;0;0;0;0;0;1;0;0;-3,7777742;-38,57705973
350317;25;9;2019;20:24;24990;AV PRS COSTA E SILVA;AV PRS JUSCELINO KUBITSCHEK (PASSARÉ);;;;Queda;;;;T;Semáforo;Residencial;0;1;0;0;0;0;0;0;0;1;0;0;-3,825648;-38,539516
350318;25;9;2019;21:40;0;AV DR SILAS MUNGUBA;;;5050;;Colisão;;;;Meio de Quadra;;;0;2;0;0;0;0;0;0;0;0;0;0;-3,797488788;-38,53148158
350319;25;9;2019;22:06;0;AV E CJ CEARA;;;277;;Colisão;;;;Meio de Quadra;;;0;1;0;1;0;0;0;0;0;1;0;0;-3,759173667;-38,60632033
350208;25;9;2019;14:40;0;AV GODOFREDO MACIEL;;;2640;;Colisão;Luz do Dia;;;Meio de Quadra;;;0;0;1;1;0;0;0;0;0;0;0;0;-3,798614;-38,57057
350436;25;9;2019;19:50;0;RUA MARIA JULIA ROCHA;;;;;Colisão;;;;Meio de Quadra;;;0;0;1;1;0;0;0;0;0;0;0;0;;
350296;25;9;2019;08:43;7733;AV JOAO PESSOA;RUA BAR SOBRAL;;;;Colisão;Luz do Dia;;;Cruz;Semáforo;Comercial;0;2;0;0;0;0;0;0;0;1;0;0;-3,7645096;-38,5587057
350297;25;9;2019;09:03;0;RUA SAO TOMAZ DE AQUINO;;;371;;Queda;Luz do Dia;;;Meio de Quadra;;;0;1;0;0;0;0;0;0;0;1;0;0;;
350298;25;9;2019;11:23;0;AV PRS COSTA E SILVA;;;;;Queda;Luz do Dia;;;Meio de Quadra;;;0;1;0;0;0;0;0;0;0;1;0;0;;
350299;25;9;2019;11:50;0;AV CARAPINIMA;;;1800;;Colisão;Luz do Dia;;;Meio de Quadra;;;0;1;0;1;0;0;0;0;0;1;0;0;-3,737496;-38,537593
350300;25;9;2019;12:18;0;RUA CAETANO SILVA (A. NUNES);;;679;;Colisão;Luz do Dia;;;Meio de Quadra;;;0;1;0;1;0;0;0;0;0;1;0;0;-3,7538731;-38,5988782
350301;25;9;2019;13:21;0;RUA ANARIO BRAGA;;;609;;Colisão;Luz do Dia;;;;;;0;2;0;1;0;0;0;0;0;1;0;0;-3,737371;-38,591676
350303;25;9;2019;15:50;7645;RUA ESTADO DO RIO;RUA PERNAMBUCO;;;;Colisão;Luz do Dia;;;Cruz;Pare;Residencial;0;1;0;1;0;0;0;0;0;1;0;0;-3,758439;-38,570848
350304;25;9;2019;16:20;0;AV SGT HERMINIO SAMPAIO;;;3460;;Colisão;Luz do Dia;;;Meio de Quadra;;;0;1;0;1;0;0;0;0;0;1;0;0;-3,7283493;-38,571168
350480;25;9;2019;11:10;0;AV SIQUEIRA CAMPOS;;;;;Colisão;Luz do Dia;;;Meio de Quadra;;;0;0;1;0;0;0;0;0;0;1;0;0;;
350728;25;9;2019;08:05;10659;RUA GONTRAN GIFFONI;RUA JOR CESAR MAGALHAES;;;;Colisão Transversal;Luz do Dia;Bom;Seca;Cruz;Pare;Residencial;0;2;1;0;0;0;0;0;0;1;0;0;-3,769449;-38,489127
350729;25;9;2019;13:20;75;RUA ANARIO BRAGA;TR MANUEL NUNES;;;;Colisão Transversal;Luz do Dia;Bom;Seca;T;Pare;Residencial;0;1;1;1;0;0;0;0;0;1;0;0;-3,737371;-38,591676
350730;25;9;2019;19:50;0;AV AUGUSTO DOS ANJOS;RUA VICENTE DE CASTRO;;0;;Colisão Transversal;Via Iluminada;Bom;Seca;Meio de Quadra;Pare;Comercial;0;1;1;1;0;0;0;0;0;1;0;0;;
348510;25;9;2019;15:50;1588;RUA VICENTE LINHARES;RUA VICENTE LEITE;;;;Colisão Lateral;Luz do Dia;Bom;Seca;Cruz;Pare;Residencial;0;0;2;1;0;0;0;0;0;0;0;0;-3,743092;-38,497368
348511;25;9;2019;12:54;7434;RUA PEDRO DANTAS;RUA 4 DE MAIO;;;;Colisão Lateral;Luz do Dia;Bom;Seca;T;Pare;Residencial;0;1;1;1;0;0;0;0;0;1;0;0;-3,785021;-38,526875
348525;26;9;2019;20:15;25524;AV AUGUSTO DOS ANJOS;RUA LEBOM MAIA;;;;Colisão Lateral;Via Iluminada;;Seca;T;Não Há Controle;Comercial;0;1;1;0;1;0;0;0;0;1;0;0;-3,783112;-38,58172
350731;26;9;2019;07:30;0;AV ROGACIANO LEITE;;;524;;Colisão Lateral;Luz do Dia;Bom;Seca;Meio de Quadra;Não Há Controle;Residencial;0;0;1;1;0;0;0;0;0;1;0;0;-3,763447491;-38,49449361
350732;26;9;2019;11:27;0;AV PRS JUSCELINO KUBITSCHEK (PASSARÉ);;;3707;;Engavetamento;Luz do Dia;Bom;Seca;Meio de Quadra;Semáforo;Comercial;0;0;4;1;0;0;0;0;0;0;0;0;-3,815311;-38,530912
350733;26;9;2019;19:47;0;RUA PINTO MADEIRA;;;1015;;Colisão Traseira;Via Iluminada;Bom;Seca;Meio de Quadra;Não Há Controle;Residencial;0;1;1;1;0;0;0;0;0;1;0;0;-3,732626;-38,516497
350735;26;9;2019;22:31;9170;AV EDUARDO GIRAO;RUA GAL SILVA JUNIOR;;0;;Colisão Transversal;Mal Iluminada;Bom;Seca;Cruz;Semáforo;Comercial;0;0;2;0;0;0;0;0;0;1;0;0;-3,754309;-38,530785
350486;26;9;2019;14:00;18939;RUA SILVINHA TELES D69;RUA EDILSON CANDEIAS;;;;Colisão;Luz do Dia;;;;;;0;0;1;1;0;0;0;0;0;0;0;0;-3,84718;-38,528083
350345;26;9;2019;13:44;0;RUA VENEZUELA;;;101;;Colisão;Luz do Dia;;;Meio de Quadra;;;0;2;0;0;0;0;0;0;0;1;0;0;-3,765188536;-38,54789971
350337;26;9;2019;10:45;0;RUA GABRIEL FIUZA;;;409;;Colisão;Luz do Dia;;;Meio de Quadra;;;0;1;0;0;0;0;0;0;0;0;0;0;-3,786882385;-38,58010123
350338;26;9;2019;10:53;0;RUA PLANALTINA (BONSUCESSO);;;1250;;Queda;Luz do Dia;;;Meio de Quadra;;;0;1;0;0;0;0;0;0;0;1;0;0;-3,83427;-38,57016
350339;26;9;2019;11:34;0;AV JOSE BASTOS;;;4530;;Colisão;Luz do Dia;;;Meio de Quadra;;;0;1;0;1;0;0;0;0;0;1;0;0;-3,756192;-38,5567375
350340;26;9;2019;12:04;0;RUA NOVA QUIETUDE;;;527;;Colisão;Luz do Dia;;;Meio de Quadra;;;0;1;0;1;0;0;0;0;0;1;0;0;-3,83000652;-38,50332996
350342;26;9;2019;13:19;0;RUA SAGRADA FAMILIA D-46;;;74;;Queda;Luz do Dia;;;Meio de Quadra;;;0;1;0;0;0;0;0;0;0;1;0;0;-3,780429468;-38,51322482
350343;26;9;2019;13:38;0;AV CARNEIRO DE MENDONCA;;;;;Colisão;Luz do Dia;;;Meio de Quadra;;;0;1;0;0;0;0;0;0;0;0;0;0;;
350359;26;9;2019;15:22;0;AV BEIRA MAR;;;;;Colisão;Luz do Dia;;;Meio de Quadra;;;0;1;0;1;0;0;0;0;0;1;0;0;;
350379;26;9;2019;18:26;0;AV PRS CASTELO BRANCO;;;;;Atropelamento;Anoitecer;;;Meio de Quadra;;;0;1;0;0;0;0;0;0;0;0;0;0;;
350380;26;9;2019;18:28;0;AV NORTE;;;318;;Colisão;Anoitecer;;;Meio de Quadra;;;0;1;0;1;0;0;0;0;0;1;0;0;-3,7725641;-38,5019178
350368;26;9;2019;16:57;0;AV 13 DE MAIO;;;2386;;Colisão;Luz do Dia;;;Meio de Quadra;;;0;1;0;0;0;0;0;0;0;0;0;0;-3,742163667;-38,53769967
350369;26;9;2019;18:15;0;RD BR 116;;;2700;;Queda;Anoitecer;;;Meio de Quadra;;;0;1;0;0;0;0;0;0;0;1;0;0;;
350370;26;9;2019;18:19;0;ET ANTIGA PARA AQUIRAZ;;;750;;Colisão;Anoitecer;;;Meio de Quadra;;;0;1;0;1;0;0;0;0;0;1;0;0;-3,83573;-38,48915
350363;26;9;2019;15:57;2022;RUA BOM JESUS (BARRA DO CEARA);RUA POR DO SOL;;;;Colisão;Luz do Dia;;;;;;0;2;0;0;0;0;0;0;0;0;0;0;-3,697116;-38,580753
350409;26;9;2019;18:41;5403;RUA PINTO MADEIRA;RUA GONCALVES LEDO;;;;Colisão;;;;Cruz;Pare;Residencial;0;1;0;1;0;0;0;0;0;1;0;0;-3,732626;-38,516497
350410;26;9;2019;19:00;0;AV SEN FERNANDES TAVORA;;;912;;Queda;;;;Meio de Quadra;;;0;1;0;0;0;0;0;0;0;1;0;0;-3,762833778;-38,5809525
350411;26;9;2019;19:18;122;RUA DR VALE COSTA;RUA CEL JOAQUIM FRANKLIN;;;;Colisão;;;;;;;0;1;0;1;0;0;0;0;0;1;0;0;-3,74259;-38,588899
350406;26;9;2019;18:37;11021;RUA MUNDICA PAULA;RUA ALM RUBIM;;;;Colisão;;;;Cruz;Pare;Comercial;0;1;0;1;0;0;0;0;0;1;0;0;-3,773259;-38,55747
350413;26;9;2019;19:42;3596;RD BR 116;RUA DAURA;;;;Colisão;;;;;;;0;1;0;1;0;0;0;0;0;1;0;0;-3,823112;-38,503522
350414;26;9;2019;19:56;0;RUA EMILIO DE MENESES;;;1950;;Atropelamento;;;;Meio de Quadra;;;0;1;0;1;0;0;0;0;0;0;0;0;-3,778717;-38,598188
350415;26;9;2019;21:11;0;RUA PDE VALDEVINO;;;1880;;Colisão;;;;Meio de Quadra;;;0;1;0;1;0;0;0;0;0;1;0;0;-3,7423;-38,506779
350416;26;9;2019;21:44;0;AV EDUARDO GIRAO;;;;;Colisão;;;;Meio de Quadra;;;0;1;0;0;0;0;0;0;0;1;0;0;;
350417;26;9;2019;22:52;0;RUA CAP ARAGAO;;;;;Colisão;;;;Meio de Quadra;;;0;1;0;0;0;0;0;0;0;0;0;0;;
350465;26;9;2019;20:16;0;RUA PINTO MADEIRA;;;;;Colisão;;;;Meio de Quadra;;;0;0;1;1;0;0;0;0;0;0;0;0;;
350320;26;9;2019;00:12;0;AV JOR THOMAZ COELHO;;;;;Atropelamento;;;;Meio de Quadra;;;0;1;0;1;0;0;0;0;0;0;0;0;;
350321;26;9;2019;06:15;0;AV C CJ CEARA;;;1829;;Colisão;Luz do Dia;;;Meio de Quadra;;;0;2;0;1;0;0;0;0;0;1;0;0;-3,774384;-38,615826
350322;26;9;2019;07:03;0;AV ALBERTO CRAVEIRO;;;;;Colisão;Luz do Dia;;;Meio de Quadra;;;0;1;0;0;0;0;0;0;0;1;0;0;;
350323;26;9;2019;07:21;0;AV ROGACIANO LEITE;;;900;;Queda;Luz do Dia;;;Meio de Quadra;;;0;1;0;0;0;0;0;0;0;1;0;0;-3,764977491;-38,49552761
350324;26;9;2019;07:29;12857;RUA FLORIANO PEIXOTO;RUA CARLOS GOMES;;;;Colisão;Luz do Dia;;;Cruz;Pare;Residencial;0;1;0;1;0;0;0;0;0;1;0;0;-3,739998;-38,531321
350325;26;9;2019;07:30;0;RUA INACIO PARENTE;;;155;;Colisão;Luz do Dia;;;Meio de Quadra;;;0;1;0;1;0;0;0;0;0;1;0;0;-3,782138892;-38,54382437
350326;26;9;2019;07:46;5333;RUA PRC ISABEL;RUA GAL CLARINDO DE QUEIROZ;;;;Colisão;Luz do Dia;;;Cruz;Pare;Comercial;0;1;0;1;0;0;0;0;0;1;0;0;-3,730592;-38,536711
350327;26;9;2019;07:53;0;RUA CON DE CASTRO;;;4359;;Colisão;Luz do Dia;;;Meio de Quadra;;;0;1;0;1;0;0;0;0;0;1;0;0;-3,80347037;-38,590573
350328;26;9;2019;09:00;0;AV DIOGUINHO;;;180;;Colisão;Luz do Dia;;;Meio de Quadra;;;0;1;0;1;0;0;0;0;0;1;0;0;-3,71993;-38,4649117
350329;26;9;2019;10:06;0;RUA ALEXANDRE BARAUNA;;;753;;Atropelamento;Luz do Dia;;;Meio de Quadra;;;0;1;0;0;0;0;0;0;0;1;0;0;-3,749516;-38,549978
350074;26;9;2019;18:30;0;RD BR 020;;;;KM 427;Queda;Anoitecer;;;Meio de Quadra;;;0;1;0;0;0;0;0;0;0;1;0;0;-3,866;-38,515
350072;26;9;2019;16:00;0;RD BR 020;;;;KM 429;Colisão Traseira;Luz do Dia;;;Meio de Quadra;;;0;1;1;0;0;0;0;0;0;1;0;0;-3,869;-38,507
350059;27;9;2019;07:15;0;RD BR 116;;;8000;KM-08;Colisão;Luz do Dia;;;Meio de Quadra;;;0;1;0;0;0;0;0;0;0;0;0;0;-3,822018;-38,503269
350051;27;9;2019;07:15;0;RD BR 116;;;8000;KM-08;Colisão;Luz do Dia;;;Meio de Quadra;;;0;0;4;0;0;0;0;0;0;0;0;0;-3,822018;-38,503269