COD_ACIDENTE;DIA;MES;ANO;HORA;INTERSECAO;LOG1;LOG2;LOG3;NUMERO;REFERENCIA;NATUREZA;ILUMINACAO;TEMPO;SUPERFICIEPISTA;TIPOCRUZAMENTO;CONTROLETRAFEGO;USOSOLO;MORTOS;FERIDOS;ILESOS;AUTOMOVEL;ONIBUS;BICICLETA;CAMINHAO;MICROONIBUS;CICLOMOTOR;MOTOCICLETA;TRACAOANIMAL;TREM;LATITUDE;LONGITUDE
350049;27;9;2019;16:50;0;RD BR 222;;;;KM-02;Colisão;Luz do Dia;;;Meio de Quadra;;;0;2;0;0;0;0;0;0;0;0;0;0;-3,7403624;-38,5969961
350143;27;9;2019;22:20;0;RD BR 116;;;9000;KM-09;Tombamento;;;;Meio de Quadra;;;0;0;4;0;0;0;0;0;0;0;0;0;-3,830837;-38,504865
350451;27;9;2019;19:29;0;RUA 28 CJ POLAR;;;1690;;Colisão;;;;Meio de Quadra;;;0;1;0;1;0;0;0;0;0;1;0;0;-3,71944;-38,60021
350452;27;9;2019;19:29;16289;RUA CEL QUEIROZ;RUA 19 DE MARCO;;;;Colisão;;;;;;;0;1;0;0;0;0;0;0;0;0;0;0;-3,83505;-38,565131
350453;27;9;2019;19:58;6803;RUA DR GILBERTO STUDART;RUA ALMEIDA PRADO;;;;Atropelamento;;;;Cruz;Pare;Comercial;0;1;0;0;0;0;0;0;0;1;0;0;-3,745323;-38,475665
350454;27;9;2019;21:05;0;AV RUI BARBOSA;;;320;;Queda;;;;Meio de Quadra;;;0;1;0;0;0;1;0;0;0;0;0;0;-3,7254415;-38,5060205
350455;27;9;2019;21:16;0;RD BR 116;;;1000;KM-01;Colisão;;;;Meio de Quadra;;;0;1;0;1;0;0;0;0;0;1;0;0;-3,762554;-38,518702
350456;27;9;2019;21:52;0;AV H CJ CEARA;;;2300;;Colisão;;;;Meio de Quadra;;;0;1;0;1;0;0;0;0;0;1;0;0;-3,77672;-38,61849
350457;27;9;2019;22:20;0;RUA DOS ABOLICIONISTAS;;;90;;Atropelamento;;;;Meio de Quadra;;;0;1;0;0;0;0;0;0;0;1;0;0;-3,6984544;-38,5790667
350458;27;9;2019;22:39;0;RUA NOSSA SRA APARECIDA;;;500;;Colisão;;;;Meio de Quadra;;;0;1;0;0;0;0;0;0;0;0;0;0;-3,75816;-38,60107
350426;27;9;2019;08:21;0;AV BORGES DE MELO;;;146;;Atropelamento;Luz do Dia;;;Meio de Quadra;;;0;1;0;1;0;0;0;0;0;0;0;0;-3,761316543;-38,52029546
350427;27;9;2019;08:23;0;AV PRO GOMES DE MATOS;;;519;;Colisão;Luz do Dia;;;Meio de Quadra;;;0;1;0;1;0;0;0;0;0;1;0;0;-3,758181829;-38,54306217
350428;27;9;2019;08:56;0;AV DEP PAULINO ROCHA;;;2413;;Colisão;Luz do Dia;;;Meio de Quadra;;;0;1;0;0;0;0;0;0;0;1;0;0;-3,81016;-38,51947
350430;27;9;2019;11:16;0;RUA DR JOAO MOREIRA;;;327;;Colisão;Luz do Dia;;;Meio de Quadra;;;0;1;0;0;0;0;0;0;0;1;0;0;-3,722686722;-38,52742061
350431;27;9;2019;11:17;0;RUA OTO DE ALENCAR;;;171;;Colisão;Luz do Dia;;;Meio de Quadra;;;0;1;0;1;0;0;0;0;0;0;0;0;-3,723952649;-38,54041304
350432;27;9;2019;11:42;0;RUA CEL QUEIROZ;;;669;;Atropelamento;Luz do Dia;;;Meio de Quadra;;;0;1;0;0;0;0;0;0;0;1;0;0;-3,83373;-38,5688167
350434;27;9;2019;11:49;0;RUA CON DE CASTRO;;;4124;;Atropelamento;Luz do Dia;;;Meio de Quadra;;;0;1;0;0;0;0;0;0;0;1;0;0;-3,802108491;-38,58939929
350460;27;9;2019;23:37;0;AV PRS CASTELO BRANCO;;;;;Atropelamento;;;;Meio de Quadra;;;0;1;0;0;0;0;0;0;0;1;0;0;;
350461;27;9;2019;23:53;0;AV PERIMETRAL;;;;;Queda;;;;Meio de Quadra;;;0;1;0;0;0;0;0;0;0;1;0;0;;
350418;27;9;2019;06:07;23772;RUA COSTA FREIRE;RUA ARAPONGA;;;;Colisão;Luz do Dia;;;Cruz;Pare;Residencial;0;1;0;1;0;0;0;0;0;1;0;0;-3,784514;-38,577606
350419;27;9;2019;06:27;0;AV PRS COSTA E SILVA;;;1466;;Queda;Luz do Dia;;;Meio de Quadra;;;0;1;0;0;0;0;0;0;0;1;0;0;-3,81878;-38,5633934
350420;27;9;2019;06:31;0;AV GOV RAUL BARBOSA;;;294;;Colisão;Luz do Dia;;;Meio de Quadra;;;0;1;0;1;0;0;0;0;0;1;0;0;-3,7571799;-38,50459
350421;27;9;2019;07:50;0;AV GODOFREDO MACIEL;;;3255;;Colisão;Luz do Dia;;;Meio de Quadra;;;0;1;0;1;0;0;0;0;0;1;0;0;-3,804088;-38,572296
350422;27;9;2019;08:09;0;AV GODOFREDO MACIEL;;;4747;;Colisão;Luz do Dia;;;Meio de Quadra;;;0;1;0;0;0;0;0;0;0;0;0;0;-3,817197;-38,574641
350423;27;9;2019;08:16;0;AV JOAO PESSOA;;;5819;;Colisão;Luz do Dia;;;Meio de Quadra;;;0;1;0;1;0;1;0;0;0;0;0;0;-3,761536077;-38,55738592
350437;27;9;2019;11:52;0;AV SEN FERNANDES TAVORA;;;2433;;Queda;Luz do Dia;;;Meio de Quadra;;;0;1;0;0;0;0;0;0;0;1;0;0;-3,755953;-38,593889
350438;27;9;2019;13:31;0;AV MR HULL;;;5651;;Atropelamento;Luz do Dia;;;Meio de Quadra;;;0;1;0;0;0;0;0;0;0;0;0;0;-3,740213;-38,59534
350439;27;9;2019;13:41;0;AV SGT HERMINIO SAMPAIO;;;4147;;Colisão;Luz do Dia;;;Meio de Quadra;;;0;1;0;0;0;0;0;0;0;1;0;0;-3,730712632;-38,57721411
350440;27;9;2019;13:43;260;RUA PRO LINO ENCARNACAO;RUA GAL BERNARDO FIGUEIREDO;;;;Colisão;Luz do Dia;;;Cruz;Pare;Residencial;0;1;0;0;0;0;0;0;0;0;0;0;-3,741453;-38,560606
350441;27;9;2019;14:26;0;RUA ANSELMO NOGUEIRA;;;170;;Colisão;Luz do Dia;;;Meio de Quadra;;;0;1;0;1;0;0;0;0;0;1;0;0;-3,78463;-38,58819
350442;27;9;2019;14:43;0;RUA GAVEA;;;71;;Atropelamento;Luz do Dia;;;Meio de Quadra;;;0;1;0;1;0;0;0;0;0;0;0;0;-3,750813932;-38,58246773
350443;27;9;2019;16:51;0;RUA DR JOSE LOURENCO;;;2422;;Colisão;Luz do Dia;;;Meio de Quadra;;;0;1;0;1;0;0;0;0;0;1;0;0;-3,744447;-38,510934
350444;27;9;2019;16:51;0;RUA VILEBALDO AGUIAR;;;1479;;Colisão;Luz do Dia;;;Meio de Quadra;;;0;1;0;0;0;0;0;0;0;0;0;0;-3,7446939;-38,4749847
350445;27;9;2019;17:08;12818;RUA ALBERTO MAGNO;RUA ANDRE CHAVES;;;;Colisão;Anoitecer;;;Cruz;Pare;Comercial;0;1;0;1;0;1;0;0;0;0;0;0;-3,756035;-38,54223
350446;27;9;2019;17:12;0;AV JOR JOAO RAMOS;;;2972;;Colisão;Anoitecer;;;Meio de Quadra;;;0;1;0;1;0;0;0;0;0;1;0;0;-3,8398;-38,581563
350447;27;9;2019;17:18;0;AV PRO JOSE ARTHUR CARVALHO;;;279;;Colisão;Anoitecer;;;Meio de Quadra;;;0;1;0;1;0;1;0;0;0;0;0;0;-3,825963085;-38,4762278
350448;27;9;2019;17:39;0;RUA PRO FRANCISCO CARLOS;;;1191;;Colisão;Anoitecer;;;Meio de Quadra;;;0;1;0;0;0;0;0;0;0;1;0;0;-3,8548558;-38,48268
350449;27;9;2019;17:48;0;AV PRO JOSE ARTHUR CARVALHO;;;2267;;Colisão;Anoitecer;;;Meio de Quadra;;;0;1;0;1;0;0;0;0;0;1;0;0;-3,8245551;-38,4578623
350578;27;9;2019;18:40;0;RD CE-040;;;;KM-03;Colisão;;;;Meio de Quadra;;;0;2;0;1;1;0;0;0;0;0;0;0;-3,782614325;-38,4810839
350736;27;9;2019;06:00;23772;RUA COSTA FREIRE;RUA ARAPONGA;;0;;Colisão Transversal;Luz do Dia;Bom;Seca;Cruz;Pare;Residencial;0;1;1;0;1;0;0;0;0;1;0;0;-3,784514;-38,577606
350737;27;9;2019;08:41;0;AV PRO GOMES DE MATOS;;;530;;Colisão Lateral;Luz do Dia;Bom;Seca;Meio de Quadra;Não Há Controle;Comercial;0;1;1;1;0;0;0;0;0;1;0;0;-3,758390217;-38,54324124
350738;27;9;2019;09:45;0;AV JOAO PESSOA;;;6643;;Colisão Lateral;Luz do Dia;Bom;Seca;Meio de Quadra;Não Há Controle;Comercial;0;2;1;1;0;0;0;0;0;1;0;0;-3,768608414;-38,56037203
350739;27;9;2019;11:15;10603;AV MIGUEL DIAS;RUA CEL HELDER BENEVIDES;;0;;Colisão Transversal;Luz do Dia;Bom;Seca;T;Pare;Comercial;0;0;2;0;1;0;0;0;0;0;0;0;-3,759262;-38,488185
350744;27;9;2019;13:40;260;RUA PRO LINO ENCARNACAO;RUA GAL BERNARDO FIGUEIREDO;;;;Colisão Transversal;Luz do Dia;Bom;Seca;Cruz;Pare;Comercial;0;1;1;0;1;0;0;0;0;1;0;0;-3,741453;-38,560606
348529;27;9;2019;20:00;25339;AV PRS COSTA E SILVA;RUA IDALINA MURINELY;;;;Colisão Lateral;Mal Iluminada;Bom;Seca;T;Não Há Controle;Comercial;0;0;2;1;0;0;0;0;0;0;0;0;;
348533;27;9;2019;11:20;0;RUA ALBERTO MAGNO;;;;;Colisão Transversal;Luz do Dia;Bom;Seca;Meio de Quadra;Semáforo;Comercial;0;0;2;1;0;0;1;0;0;0;0;0;;
348531;27;9;2019;14:00;20150;RUA ALENCAR OLIVEIRA;RUA PRO JOSE SILVEIRA;;;;Colisão Lateral;Luz do Dia;Bom;Seca;Cruz;Pare;Comercial;0;1;1;1;0;0;0;0;0;1;0;0;-3,811251;-38,518965
348538;28;9;2019;05:30;0;RUA PEREIRA FILGUEIRAS;;;1776;;Choque c/ Obstáculo Fixo;Amanhecer;Bom;Seca;Meio de Quadra;Não Há Controle;Comercial;0;0;1;1;0;0;0;0;0;0;0;0;-3,7301965;-38,5072665
348542;28;9;2019;20:55;21612;RUA JOAO RAMALHO;RUA DOM XISTO ALBANO;;;;Colisão Transversal;Via Iluminada;Bom;Seca;Cruz;Pare;Residencial;0;1;1;0;0;0;0;0;0;1;0;0;-3,799374;-38,587726
350745;28;9;2019;11:40;0;AV PRS COSTA E SILVA;;;3929;;Engavetamento;Luz do Dia;Bom;Seca;Meio de Quadra;Não Há Controle;Comercial;0;0;3;1;0;0;0;0;0;0;0;0;-3,8286563;-38,5313147
350746;28;9;2019;14:47;10051;RUA VITAL BRASIL;RUA TAUBATE;;0;;Colisão Lateral;Via Iluminada;Bom;Seca;Cruz;Pare;Comercial;0;1;1;1;0;0;0;0;0;1;0;0;-3,778012;-38,597995
350741;28;9;2019;01:16;13532;RUA CARLOS VASCONCELOS;RUA PDE CHEVALIER;;0;;Colisão Transversal;Via Iluminada;Bom;Seca;Cruz;Pare;Residencial;0;1;1;1;0;0;0;0;0;0;0;0;-3,747797;-38,515636
350742;28;9;2019;07:09;0;AV ANTONIO SALES;;;3525;;Colisão Traseira;Luz do Dia;Bom;Seca;Meio de Quadra;Não Há Controle;Residencial;0;0;1;1;0;0;0;0;1;0;0;0;-3,749257;-38,490039
350743;28;9;2019;08:00;0;RUA DOM SEBASTIAO LEME;;;369;;Colisão Traseira;Luz do Dia;Bom;Seca;Meio de Quadra;Não Há Controle;Comercial;0;1;1;0;0;0;0;0;0;1;0;0;-3,744931439;-38,52646032
350579;28;9;2019;00:00;0;RD CE-040;;;;KM-04;Colisão;;;;Meio de Quadra;;;0;2;0;0;1;0;0;0;0;0;0;0;-3,791613156;-38,48033084
350582;28;9;2019;13:30;0;RD CE-040;;;;KM-11;Colisão;Luz do Dia;;;Meio de Quadra;;;0;2;0;1;0;0;0;0;0;0;0;0;-3,84962623;-38,47606989
350492;28;9;2019;11:08;0;RUA DES OTACILIO PEIXOTO;;;67;;Colisão;Luz do Dia;;;Meio de Quadra;;;0;2;0;1;0;0;0;0;0;1;0;0;-3,800390978;-38,53098424
350493;28;9;2019;12:05;0;AV SEN VIRGILIO TAVORA;;;560;;Atropelamento;Luz do Dia;;;Meio de Quadra;;;0;1;0;1;0;0;0;0;0;0;0;0;-3,7413318;-38,4945939
350494;28;9;2019;14:03;0;RUA COS LAFAYETE;;;97;;Colisão;Luz do Dia;;;Meio de Quadra;;;0;1;0;1;0;0;0;0;0;1;0;0;-3,718363429;-38,57878186
350495;28;9;2019;14:21;1312;AV DOM LUIS;RUA LEONARDO MOTA;;;;Colisão;Luz do Dia;;;Cruz;Semáforo;Comercial;0;1;0;1;0;0;0;0;0;1;0;0;-3,733872;-38,495445
350496;28;9;2019;14:21;0;RUA STA ELISA D21;;;937;;Atropelamento;Luz do Dia;;;Meio de Quadra;;;0;1;0;0;0;0;0;0;0;1;0;0;-3,70578;-38,56142
350497;28;9;2019;14:27;0;AV BEZERRA DE MENEZES;;;79;;Colisão;Luz do Dia;;;Meio de Quadra;;;0;1;0;1;0;0;0;0;0;1;0;0;-3,7316402;-38,54510193
350498;28;9;2019;14:37;0;RUA 218 CJ CEARA;;;319;;Colisão;Luz do Dia;;;Meio de Quadra;;;0;1;0;1;0;0;0;0;0;1;0;0;-3,765496184;-38,60777332
350500;28;9;2019;15:39;0;RUA CEL MATOS DOURADO;;;;;Queda;Luz do Dia;;;Meio de Quadra;;;0;1;0;0;0;0;0;0;0;1;0;0;;
350501;28;9;2019;15:48;9168;AV LUCIANO CARNEIRO;AV BORGES DE MELO;;;;Colisão;Luz do Dia;;;Cruz;Semáforo;Comercial;0;1;0;1;0;0;0;0;0;1;0;0;-3,756465;-38,534097
350502;28;9;2019;19:37;0;RUA SENA MADUREIRA;;;934;;Colisão;;;;Meio de Quadra;;;0;1;0;0;0;0;0;0;0;1;0;0;-3,729160833;-38,52572017
350503;28;9;2019;20:32;0;AV NORTE SUL;;;55;;Colisão;;;;Meio de Quadra;;;0;1;0;1;0;0;0;0;0;1;0;0;-3,797328;-38,54870936
350504;28;9;2019;20:58;0;RUA JOSE SOMBRA;;;72;;Colisão;;;;Meio de Quadra;;;0;1;0;0;0;0;0;0;0;0;0;0;-3,732779054;-38,54738357
350505;28;9;2019;21:02;0;AV UM (PLANALTO AIRTON SENA);;;2340;;Colisão;;;;Meio de Quadra;;;0;1;0;0;0;0;0;0;0;0;0;0;;
350506;28;9;2019;21:07;0;RUA PRO JACINTO BOTELHO;;;340;;Colisão;;;;Meio de Quadra;;;0;1;0;0;0;0;0;0;0;1;0;0;-3,760249157;-38,49056652
350508;28;9;2019;21:23;0;AV ALBERTO CRAVEIRO;;;1240;;Colisão;;;;Meio de Quadra;;;0;4;0;0;0;0;0;0;0;1;0;0;-3,791548833;-38,51727317
350509;28;9;2019;21:50;0;AV PRS COSTA E SILVA;;;;;Atropelamento;;;;Meio de Quadra;;;0;1;0;0;0;0;0;0;0;1;0;0;;
350510;28;9;2019;21:57;0;AV GODOFREDO MACIEL;;;;;Colisão;;;;Meio de Quadra;;;0;1;0;1;0;0;0;0;0;1;0;0;;
350511;28;9;2019;21:58;0;AV ABOLICAO;;;2308;;Colisão;;;;Meio de Quadra;;;0;1;0;1;0;0;0;0;0;1;0;0;-3,726373;-38,498436
350512;28;9;2019;22:06;6354;AV C CJ CEARA;RUA 325 CJ CEARA;;;;Colisão;;;;Cruz;Outros;Residencial;0;1;0;1;0;0;0;0;0;1;0;0;-3,77138;-38,614288
350462;28;9;2019;00:07;3596;RD BR 116;RUA DAURA;;;;Colisão;;;;;;;0;1;0;1;0;0;0;0;0;1;0;0;-3,823112;-38,503522
350463;28;9;2019;05:35;0;RD BR 116;;;8000;KM-08;Capotamento;Amanhecer;;;Meio de Quadra;;;0;3;0;1;0;0;0;0;0;0;0;0;-3,822018;-38,503269
350467;28;9;2019;06:52;0;RUA AZEVEDO BOLAO;;;191;;Colisão;Luz do Dia;;;Meio de Quadra;;;0;1;0;1;0;0;0;0;0;1;0;0;-3,734074917;-38,54633621
350469;28;9;2019;15:40;10051;RUA VITAL BRASIL;RUA TAUBATE;;;;Colisão;Luz do Dia;;;Cruz;Pare;Comercial;0;1;0;1;0;0;0;0;0;1;0;0;-3,778012;-38,597995
350474;28;9;2019;07:09;0;AV ANTONIO SALES;;;3525;;Colisão;Luz do Dia;;;Meio de Quadra;;;0;2;0;1;0;0;0;0;0;1;0;0;-3,749257;-38,490039
350475;28;9;2019;07:24;0;AV ENG SANTANA JUNIOR;;;3000;;Colisão;Luz do Dia;;;Meio de Quadra;;;0;1;0;1;0;0;0;0;0;1;0;0;-3,7471625;-38,489573
350476;28;9;2019;07:50;0;AV GAL OSORIO DE PAIVA;;;;;Colisão;Luz do Dia;;;Meio de Quadra;;;0;1;0;0;0;0;0;0;0;0;0;0;;
350477;28;9;2019;08:03;13345;AV J CJ JOSE WALTER;AV H CJ JOSE WALTER;;;;Colisão;Luz do Dia;;;T;Pare;Residencial;0;1;0;0;0;0;0;0;0;0;0;0;-3,841244;-38,558743
350478;28;9;2019;22:40;0;RUA J (VILA VELHA);;;491;;Colisão;;;;Meio de Quadra;;;0;0;1;0;0;1;0;0;0;0;0;0;-3,779440664;-38,48429983
350479;28;9;2019;08:25;0;RUA JULIO SILVA;;;440;;Queda;Luz do Dia;;;Meio de Quadra;;;0;1;0;0;0;1;0;0;0;0;0;0;-3,74537;-38,45462
350482;28;9;2019;08:32;9024;RUA DOM SEBASTIAO LEME;RUA DR JOAO DE DEUS D11;;;;Colisão;Luz do Dia;;;Cruz;Pare;Residencial;0;1;0;1;0;0;0;0;0;1;0;0;-3,745333;-38,526391
350483;28;9;2019;12:30;0;AV AGUANAMBI;;;2270;;Colisão;Luz do Dia;;;Meio de Quadra;;;0;26;0;0;0;0;0;0;0;0;0;0;-3,757128;-38,523534
350484;28;9;2019;08:46;0;RUA MARTINS CARVALHO;;;3425;;Colisão;Luz do Dia;;;Meio de Quadra;;;0;1;0;0;0;0;0;0;0;0;0;0;-3,789063836;-38,62571751
350485;28;9;2019;09:04;0;AV DR SILAS MUNGUBA;;;6070;;Colisão;Luz do Dia;;;Meio de Quadra;;;0;1;0;1;0;0;0;0;0;1;0;0;-3,804268;-38,5274935
350488;28;9;2019;09:26;7811;RUA LIVIO BARRETO;RUA TIBURCIO CAVALCANTE;;;;Colisão;Luz do Dia;;;Cruz;Não Há Controle;Residencial;0;1;0;1;0;0;0;0;0;1;0;0;-3,751004;-38,507414
350489;28;9;2019;10:51;0;RUA PIAUI;;;1163;;Colisão;Luz do Dia;;;Meio de Quadra;;;0;1;0;1;0;1;0;0;0;0;0;0;-3,754781;-38,56976518
350490;28;9;2019;11:06;0;AV PRS COSTA E SILVA;;;;;Colisão;Luz do Dia;;;Meio de Quadra;;;0;1;0;1;0;0;0;0;0;1;0;0;;
350162;28;9;2019;16:50;0;RD BR 116;;;10000;KM-10;Colisão;Luz do Dia;;;Meio de Quadra;;;0;1;1;0;0;0;0;0;0;1;0;0;-3,834435;-38,503373
350065;28;9;2019;06:00;0;RD BR 020;;;;;Não Informado;Luz do Dia;;;Meio de Quadra;;;0;1;2;0;0;0;0;0;0;0;0;0;;
350079;28;9;2019;00:00;0;RD BR 116;;;8000;KM-08;Colisão Traseira;;;;Meio de Quadra;;;0;1;1;1;0;0;0;0;0;1;0;0;-3,822018;-38,503269
350069;29;9;2019;11:00;0;RD BR 116;;;14000;KM-14;Queda;Luz do Dia;;;Meio de Quadra;;;0;1;0;0;0;0;0;0;0;1;0;0;-3,873523;-38,499242
350471;29;9;2019;22:00;0;RUA VALDETARIO MOTA;;;;;Colisão;;;;Meio de Quadra;;;0;0;1;0;0;0;0;0;0;0;0;0;;
350473;29;9;2019;10:00;0;AV PAROARAS;;;31;;Colisão;Luz do Dia;;;Meio de Quadra;;;0;0;1;0;0;0;0;0;0;1;0;0;-3,812916273;-38,53561055
350513;29;9;2019;00:39;0;RUA SULAMITA PORTELA;;;292;;Queda;;;;Meio de Quadra;;;0;1;0;0;0;0;0;0;0;1;0;0;-3,72713;-38,60086
350514;29;9;2019;00:58;0;AV BENJAMIM BRASIL;;;;;Colisão;;;;Meio de Quadra;;;0;3;0;0;0;0;0;0;0;1;0;0;;
350515;29;9;2019;03:08;0;RUA PANORAMA;;;71;;Queda;;;;Meio de Quadra;;;0;1;0;0;0;0;0;0;0;1;0;0;-3,74867;-38,60052
350516;29;9;2019;04:22;0;AV CEL CARVALHO;;;1166;;Colisão;;;;Meio de Quadra;;;0;1;0;0;0;0;0;0;0;1;0;0;-3,712736545;-38,58910127
350517;29;9;2019;06:25;0;RUA GAL CLARINDO DE QUEIROZ;;;460;;Colisão;Luz do Dia;;;Meio de Quadra;;;0;1;0;1;0;0;0;0;0;1;0;0;-3,733329;-38,528262
350518;29;9;2019;06:51;15136;AV MON TABOSA;RUA ANTONIO AUGUSTO;;;;Colisão;Luz do Dia;;;Cruz;Pare;Comercial;0;1;0;1;0;0;0;0;0;1;0;0;-3,724092;-38,511469
350519;29;9;2019;11:27;0;AV DEP PAULINO ROCHA;;;;;Colisão;Luz do Dia;;;Meio de Quadra;;;0;1;0;1;0;0;0;0;0;1;0;0;;
350520;29;9;2019;14:23;0;AV CARNEIRO DE MENDONCA;;;556;;Colisão;Luz do Dia;;;Meio de Quadra;;;0;1;0;1;0;1;0;0;0;0;0;0;-3,765329;-38,564346
350521;29;9;2019;14:34;13366;RUA JOAO BRIGIDO;RUA DNA LEOPOLDINA;;;;Colisão;Luz do Dia;;;Cruz;Semáforo;Residencial;0;1;0;1;0;0;0;0;0;1;0;0;-3,738646;-38,522203
350522;29;9;2019;16:06;0;AV DOMINGOS OLIMPIO;;;186;;Queda;Luz do Dia;;;Meio de Quadra;;;0;1;0;0;0;1;0;0;0;0;0;0;-3,738137185;-38,52616785
350523;29;9;2019;16:33;0;AV CARNEIRO DE MENDONCA;;;485;;Atropelamento;Luz do Dia;;;Meio de Quadra;;;0;1;0;1;0;0;0;0;0;0;0;0;-3,765627;-38,563646
350524;29;9;2019;16:44;0;RUA JULIO BRAGA;;;1127;;Colisão;Luz do Dia;;;Meio de Quadra;;;0;1;0;1;0;0;0;0;0;1;0;0;-3,775470711;-38,58111997
350525;29;9;2019;17:19;0;RUA PRO GOMES BRASIL;;;;;Colisão;Anoitecer;;;Meio de Quadra;;;0;2;0;1;0;0;0;0;0;1;0;0;;
350526;29;9;2019;17:50;0;AV GAL OSORIO DE PAIVA;;;;;Colisão;Anoitecer;;;Meio de Quadra;;;0;1;0;0;0;0;0;0;0;0;0;0;;
350527;29;9;2019;18:07;0;RUA TAVARES COUTINHO;;;900;;Atropelamento;Anoitecer;;;Meio de Quadra;;;0;1;0;1;0;0;0;0;0;0;0;0;-3,73248;-38,4836727
350528;29;9;2019;18:52;0;AV DR SILAS MUNGUBA;;;;;Colisão;;;;Meio de Quadra;;;0;1;0;1;0;0;0;0;0;1;0;0;;
350529;29;9;2019;19:02;0;AV DR THEBERGE;;;;;Queda;;;;Meio de Quadra;;;0;1;0;0;0;0;0;0;0;1;0;0;;
350530;29;9;2019;19:03;0;RUA 24 DE OUTUBRO;;;996;;Atropelamento;;;;Meio de Quadra;;;0;1;0;0;0;0;0;0;0;1;0;0;-3,755056;-38,60323957
350531;29;9;2019;19:32;23340;RUA JOAQUIM NABUCO;RUA EDUARDO BEZERRA;;;;Queda;;;;Cruz;Pare;Residencial;0;1;0;0;0;1;0;0;0;0;0;0;-3,753238;-38,507115
350532;29;9;2019;20:22;19157;RUA DES WALDETARIO P MOTA;RUA JOAQUIM LIMA;;;;Colisão;;;;Cruz;Pare;Residencial;0;1;0;1;0;0;0;0;0;1;0;0;-3,740333;-38,48283
350533;29;9;2019;21:23;0;RUA SERENO;;;1127;;Colisão;;;;Meio de Quadra;;;0;2;0;0;0;0;0;0;0;0;0;0;;
350534;29;9;2019;21:37;0;RUA STA INES D20;;;1077;;Atropelamento;;;;Meio de Quadra;;;0;2;0;1;0;0;0;0;0;0;0;0;-3,708698773;-38,55636311
350535;29;9;2019;22:10;20575;RUA SIMAO SANTOS;RUA CEL XAVIER CHAVES;;;;Colisão;;;;Cruz;Não Há Controle;Residencial;0;1;0;0;0;0;0;0;0;1;0;0;-3,862078;-38,493196
350536;29;9;2019;22:21;0;RUA TANCREDO NEVES UI 505;;;214;;Queda;;;;Meio de Quadra;;;0;1;0;0;0;0;0;0;0;1;0;0;-3,8132598;-38,5697499
350487;29;9;2019;21:45;21795;RUA JOAO TINOCO;RUA MARIA JOSE TEIXEIRA;;;;Colisão;;;;Cruz;Não Há Controle;Comercial;0;1;0;0;0;0;0;0;0;0;0;0;-3,729962;-38,59248
350583;29;9;2019;19:40;0;RD CE-040;;;;KM-01;Colisão;;;;Meio de Quadra;;;0;2;0;1;0;0;0;0;0;0;0;0;-3,764650449;-38,48258304
350747;29;9;2019;07:09;15136;RUA ANTONIO AUGUSTO;AV MON TABOSA;;0;;Colisão Transversal;Luz do Dia;Bom;Seca;Cruz;Pare;Comercial;0;1;1;1;0;0;0;0;0;1;0;0;-3,724092;-38,511469
350748;29;9;2019;06:40;0;AV JOAO PESSOA;;;5252;;Colisão Frontal;Luz do Dia;Bom;Seca;Meio de Quadra;Não Há Controle;Comercial;0;1;1;1;1;0;0;0;0;0;0;0;-3,757378679;-38,55389057
350749;30;9;2019;07:10;0;AV JOSE JATAHY;;;0;;Queda;Luz do Dia;Nublado;Molhada;Meio de Quadra;Não Há Controle;Comercial;0;1;0;0;0;0;0;0;0;1;0;0;;
350750;30;9;2019;07:34;23435;RUA MON SALAZAR;RUA FIS VIEIRA;;;;Colisão Transversal;Luz do Dia;Bom;Seca;Cruz;Não Há Controle;Comercial;0;1;1;1;0;0;0;0;0;1;0;0;-3,756255;-38,515394
350751;30;9;2019;11:45;0;AV SANTOS DUMONT;;;954;;Colisão Traseira;Luz do Dia;Bom;Seca;Meio de Quadra;Semáforo;Comercial;0;1;1;0;0;0;0;0;0;1;0;0;-3,730785297;-38,51506938
350752;30;9;2019;08:37;0;RUA VINTE QUATRO DE MAIO;RUA SEN ALENCAR;;0;;Colisão Transversal;Luz do Dia;Bom;Seca;Cruz;Semáforo;Comercial;0;0;2;1;0;0;0;1;0;0;0;0;-3,7238842;-38,531015
350753;30;9;2019;17:00;0;AV BERNARDO MANUEL;RUA LAGO AZUL;;0;;Colisão Lateral;Via Iluminada;Bom;Seca;Meio de Quadra;Pare;Residencial;0;1;1;1;0;0;0;0;0;1;0;0;-3,8376294;-38,5633071
350754;30;9;2019;17:00;14952;RUA CON DE CASTRO;RUA FERNANDO FARIAS DE MELO (MANUEL SÁTIRO);;0;;Colisão Transversal;Via Iluminada;Bom;Seca;T;Pare;Residencial;0;1;1;1;0;0;0;0;0;1;0;0;-3,790043;-38,578102
350755;30;9;2019;21:40;8054;AV JOAO PESSOA;RUA APOLO;;;;Colisão Lateral;Via Iluminada;Bom;Seca;T;Pare;Comercial;0;0;2;1;1;0;0;0;0;0;0;0;-3,755045;-38,5518