COD_ACIDENTE;DIA;MES;ANO;HORA;INTERSECAO;LOG1;LOG2;LOG3;NUMERO;REFERENCIA;NATUREZA;ILUMINACAO;TEMPO;SUPERFICIEPISTA;TIPOCRUZAMENTO;CONTROLETRAFEGO;USOSOLO;MORTOS;FERIDOS;ILESOS;AUTOMOVEL;ONIBUS;BICICLETA;CAMINHAO;MICROONIBUS;CICLOMOTOR;MOTOCICLETA;TRACAOANIMAL;TREM;LATITUDE;LONGITUDE
350756;30;9;2019;21:10;25226;AV GAL OSORIO DE PAIVA;RUA JARDIM FLUMINENSE;;0;;Colisão Transversal;Via Iluminada;Bom;Seca;T;Pare;Residencial;0;1;1;1;0;1;0;0;0;0;0;0;-3,80817;-38,605395
350584;30;9;2019;18:40;0;RD CE-040;;;;KM-04;Colisão;;;;Meio de Quadra;;;0;2;0;1;0;0;0;0;0;1;0;0;-3,791613156;-38,48033084
350560;30;9;2019;16:57;0;AV GODOFREDO MACIEL;;;5618;;Colisão;Luz do Dia;;;Meio de Quadra;;;0;1;0;1;0;0;0;0;0;1;0;0;-3,8239255;-38,57865
350568;30;9;2019;19:57;0;AV FRE CIRILO;;;4700;;Queda;;;;Meio de Quadra;;;0;1;0;0;0;0;0;0;0;1;0;0;-3,824650663;-38,49423032
350569;30;9;2019;20:37;0;AV DUQ CAXIAS;;;201;;Atropelamento;;;;Meio de Quadra;;;0;1;0;1;0;0;0;0;0;0;0;0;-3,73292;-38,52638
350570;30;9;2019;21:40;0;RUA SGT JOAO PINHEIRO;;;;;Acidente Pessoal;;;;Meio de Quadra;;;0;1;0;0;0;0;0;0;0;1;0;0;;
350571;30;9;2019;22:03;0;RD BR 116;;;1400;;Queda;;;;Meio de Quadra;;;0;1;0;0;0;0;0;0;0;1;0;0;;
350558;30;9;2019;16:38;0;RUA BOM JESUS (GRANJA LISBOA);;;1144;;Colisão;Luz do Dia;;;Meio de Quadra;;;0;1;0;1;0;0;0;0;0;1;0;0;-3,7880452;-38,6214477
350562;30;9;2019;17:08;13275;RUA BERNARDO MANUEL;RUA LAGO AZUL;;;;Colisão;Anoitecer;;;;;;0;1;0;1;0;0;0;0;0;1;0;0;-3,8376294;-38,5633071
350563;30;9;2019;18:06;17528;RUA ALVARO CORREIA;RUA DOM AMARO;;;;Atropelamento;Anoitecer;;;;;;0;1;0;0;0;0;0;0;0;1;0;0;-3,728304;-38,486555
350564;30;9;2019;18:19;0;RUA CON DE CASTRO;;;2324;;Colisão;Anoitecer;;;Meio de Quadra;;;0;1;0;1;0;0;0;0;0;1;0;0;-3,7899835;-38,578036
350565;30;9;2019;18:46;0;AV WASHINGTON SOARES;;;4000;;Colisão;;;;Meio de Quadra;;;0;1;0;0;0;0;0;0;0;0;0;0;-3,791968;-38,480259
350546;30;9;2019;07:54;16023;AV BENJAMIM BRASIL;RUA JOAQUIM JERONIMO;;;;Colisão;Luz do Dia;;;Cruz;Pare;Residencial;0;1;0;1;0;0;0;0;0;1;0;0;-3,805487;-38,565006
350547;30;9;2019;07:55;0;AV BEZERRA DE MENEZES;;;;;Colisão;Luz do Dia;;;Meio de Quadra;;;0;1;0;0;0;0;0;0;0;1;0;0;;
350548;30;9;2019;07:58;0;RUA ANA FACO;;;;;Colisão;Luz do Dia;;;Meio de Quadra;;;0;1;0;1;0;0;0;0;0;1;0;0;;
350549;30;9;2019;08:03;0;AV DUQ CAXIAS;;;33;;Colisão;Luz do Dia;;;Meio de Quadra;;;0;1;0;1;0;0;0;0;0;1;0;0;-3,7323495;-38,5280619
350552;30;9;2019;10:08;0;AV BEIRA MAR;;;4792;;Queda;Luz do Dia;;;Meio de Quadra;;;0;1;0;0;0;0;0;0;0;1;0;0;;
350553;30;9;2019;11:26;5199;RUA LIBERATO BARROSO;RUA PRC ISABEL;;;;Queda;Luz do Dia;;;Cruz;Pare;Comercial;0;1;0;0;0;0;0;0;0;1;0;0;-3,726167;-38,535356
350554;30;9;2019;11:40;0;RUA OLIVEIRA FILHO;;;946;;Colisão;Luz do Dia;;;Meio de Quadra;;;0;1;0;0;0;0;0;0;0;1;0;0;-3,72612;-38,46442
350555;30;9;2019;12:14;0;RUA CATOLE;;;2600;;Colisão;Luz do Dia;;;Meio de Quadra;;;0;1;0;1;0;0;0;0;0;1;0;0;-3,852599905;-38,52195071
350556;30;9;2019;12:22;0;AV SANTOS DUMONT;;;658;;Colisão;Luz do Dia;;;Meio de Quadra;;;0;1;0;1;0;0;0;0;0;1;0;0;-3,7318;-38,51202
350537;30;9;2019;00:13;0;RUA SGT JOAO PINHEIRO;;;;;Atropelamento;;;;Meio de Quadra;;;0;1;0;0;0;0;0;0;0;0;0;0;;
350538;30;9;2019;03:02;0;RUA BENI DE CARVALHO;;;665;;Queda;;;;Meio de Quadra;;;0;1;0;0;0;1;0;0;0;0;0;0;-3,746213286;-38,49434257
350540;30;9;2019;07:06;0;AV SEN VIRGILIO TAVORA;;;1890;;Colisão;Luz do Dia;;;Meio de Quadra;;;0;1;0;0;0;0;0;0;0;1;0;0;-3,742765;-38,495066
350541;30;9;2019;07:08;0;AV JOSE JATAHY;;;;;Queda;Luz do Dia;;;Meio de Quadra;;;0;1;0;0;0;0;0;0;0;1;0;0;;
350542;30;9;2019;07:15;12757;RUA MAJ WEYNE;RUA DAMASCENO GIRAO;;;;Queda;Luz do Dia;;;;;;0;1;0;0;0;1;0;0;0;0;0;0;-3,752487;-38,540018
350543;30;9;2019;07:24;5421;AV VIS RIO BRANCO;AV HERACLITO GRACA;;;;Colisão;Luz do Dia;;;;;;0;1;0;1;0;0;0;0;0;1;0;0;-3,733481;-38,524603
350084;30;9;2019;16:40;0;RD BR 116;;;15000;KM-15;Queda;Luz do Dia;;;Meio de Quadra;;;0;2;1;0;0;0;0;0;0;1;0;0;-3,882329;-38,501113
350082;30;9;2019;18:39;0;RD BR 116;;;14000;KM-14;Atropelamento;;;;Meio de Quadra;;;0;1;1;1;0;0;0;0;0;0;0;0;-3,873523;-38,499242
348544;30;9;2019;19:10;0;AV FRANCISCO SA;;;2000;;Colisão Lateral;Mal Iluminada;Bom;Seca;;;;0;1;1;1;0;0;0;0;0;1;0;0;-3,721979;-38,543416
348545;30;9;2019;06:30;0;AV JOR THOMAZ COELHO;;;200;;Atropelamento;Luz do Dia;Bom;Seca;Meio de Quadra;Semáforo;Comercial;0;1;1;0;1;0;0;0;0;0;0;0;-3,8324529;-38,4985129
348527;1;10;2019;18:58;1256;RUA JOAO CORDEIRO;RUA PDE LUIS FIGUEIRA;;;;Colisão Frontal;Via Iluminada;Bom;Seca;Cruz;Pare;Residencial;0;1;1;1;0;1;0;0;0;0;0;0;-3,732118;-38,515178
348524;1;10;2019;18:30;0;AV DIOGUINHO;;;6290;;Atropelamento;Anoitecer;Bom;Seca;Meio de Quadra;Não Há Controle;Misto;0;1;1;0;0;0;1;0;0;0;0;0;-3,7677624;-38,4402594
350573;1;10;2019;13:30;0;AV MIN JOSE AMERICO;;;;;Colisão;Luz do Dia;;Seca;Meio de Quadra;;;0;0;2;1;0;0;1;0;0;0;0;0;;
350574;1;10;2019;22:40;0;AV SEN CARLOS JEREISSATI (AEROPORTO);;;;KM 01;Colisão;;;Seca;Meio de Quadra;;;0;0;1;0;0;0;0;0;0;1;0;0;-3,783753;-38,52685
350757;1;10;2019;13:00;0;RUA OSCAR ARARIPE;;;2486;;Colisão Traseira;Luz do Dia;Bom;Seca;Meio de Quadra;;;0;1;1;1;0;0;0;0;0;1;0;0;-3,78677692;-38,61302212
350758;1;10;2019;20:41;0;AV 02 DE MAIO UI 503;AV CENTRAL;;0;;Colisão Frontal;Via Iluminada;Bom;Seca;T;Pare;Residencial;0;1;1;0;1;0;0;0;0;1;0;0;;
350759;1;10;2019;19:03;5331;AV SANTOS DUMONT;RUA GONCALVES LEDO;;;;Colisão Lateral;Via Iluminada;Bom;Seca;Cruz;Pare;Comercial;0;1;1;1;0;0;0;0;0;1;0;0;-3,730535;-38,515848
350941;1;10;2019;00:41;0;RUA ESPIRITO SANTO;;;254;;Queda;;;;Meio de Quadra;;;0;1;0;0;0;0;0;0;0;1;0;0;-3,75046375;-38,5665925
350942;1;10;2019;03:21;0;RUA EMILIO DE MENESES;;;1558;;Colisão;;;;Meio de Quadra;;;0;1;0;1;0;0;0;0;0;0;0;0;-3,779277;-38,596166
350984;1;10;2019;06:19;0;RUA ANSELMO NOGUEIRA;;;730;;Colisão;Luz do Dia;;;Meio de Quadra;;;0;1;0;0;0;0;0;0;0;0;0;0;-3,7839881;-38,5879943
350985;1;10;2019;06:55;0;RUA TEODORETO SOUTO;;;813;;Colisão;Luz do Dia;;;Meio de Quadra;;;0;1;0;1;0;1;0;0;0;0;0;0;-3,740014;-38,544382
350986;1;10;2019;07:03;0;AV BORGES DE MELO;;;900;;Queda;Luz do Dia;;;Meio de Quadra;;;0;1;0;0;0;0;0;0;0;1;0;0;-3,7606433;-38,5271287
350988;1;10;2019;10:35;0;AV AUGUSTO DOS ANJOS;;;1599;;Colisão;Luz do Dia;;;Meio de Quadra;;;0;1;0;1;0;0;0;0;0;1;0;0;-3,780445;-38,579407
350989;1;10;2019;11:26;0;RUA RODRIGUES JUNIOR;;;231;;Colisão;Luz do Dia;;;Meio de Quadra;;;0;1;0;1;0;0;0;0;0;1;0;0;-3,726718339;-38,51934986
350990;1;10;2019;11:47;0;RUA 856 CJ CEARA;;;;;Atropelamento;Luz do Dia;;;Meio de Quadra;;;0;1;0;1;0;0;0;0;0;0;0;0;;
350991;1;10;2019;11:53;0;AV DR SILAS MUNGUBA;;;5700;;Colisão;Luz do Dia;;;Meio de Quadra;;;0;1;0;1;0;0;0;0;0;1;0;0;-3,804268;-38,5274935
350992;1;10;2019;12:07;0;AV PONTES VIEIRA;;;133;;Colisão;Luz do Dia;;;Meio de Quadra;;;0;1;0;1;0;0;0;0;0;1;0;0;-3,753373481;-38,5190253
351009;1;10;2019;12:39;185;RUA BALDUINO FREIRE;AV ENG SERRAINE;;;;Colisão;Luz do Dia;;;Cruz;Pare;Residencial;0;2;0;0;0;0;0;0;0;1;0;0;-3,735387;-38,585511
351010;1;10;2019;14:04;0;RUA EUSEBIO DE SOUZA;;;1410;;Colisão;Luz do Dia;;;Meio de Quadra;;;0;1;0;1;0;0;0;0;0;1;0;0;-3,748709;-38,529218
351011;1;10;2019;16:34;0;AV MR HULL;;;5202;;Colisão;Luz do Dia;;;Meio de Quadra;;;0;1;0;1;0;0;0;0;0;1;0;0;-3,739571353;-38,59091412
351012;1;10;2019;16:35;0;RUA PEDRO DANTAS;;;817;;Colisão;Luz do Dia;;;Meio de Quadra;;;0;1;0;1;0;0;0;0;0;1;0;0;-3,785382;-38,524906
351013;1;10;2019;16:42;0;RUA UIRAPURU;;;1597;;Colisão;Luz do Dia;;;Meio de Quadra;;;0;1;0;0;0;0;0;0;0;1;0;0;-3,795667774;-38,57743995
351014;1;10;2019;17:04;0;RUA JOSE HIPOLITO;;;281;;Colisão;Anoitecer;;;Meio de Quadra;;;0;1;0;0;0;0;0;0;0;0;0;0;-3,832916846;-38,49273592
351015;1;10;2019;17:21;0;RUA ANTONIO COSTA MENDES (PQ SÃO JOSÉ);;;1775;;Atropelamento;Anoitecer;;;Meio de Quadra;;;0;1;0;1;0;0;0;0;0;0;0;0;-3,7975604;-38,5902339
351016;1;10;2019;17:32;0;RUA DES AVELAR;;;1167;;Queda;Anoitecer;;;Meio de Quadra;;;0;1;0;0;0;1;0;0;0;0;0;0;;
351017;1;10;2019;18:15;0;RUA ROMEU MARTINS;;;345;;Colisão;Anoitecer;;;Meio de Quadra;;;0;1;0;0;0;0;0;0;0;0;0;0;-3,764274;-38,555582
351018;1;10;2019;18:29;0;AV PRS COSTA E SILVA;;;;;Queda;Anoitecer;;;Meio de Quadra;;;0;1;0;0;0;0;0;0;0;1;0;0;;
351023;1;10;2019;21:26;0;RUA BERNARDO MANUEL;;;;;Queda;;;;Meio de Quadra;;;0;1;0;0;0;0;0;0;0;1;0;0;;
351028;1;10;2019;22:55;0;AV ALBERTO CRAVEIRO;;;;;Queda;;;;Meio de Quadra;;;0;1;0;0;0;0;0;0;0;1;0;0;;
351706;1;10;2019;09:40;0;RD CE-060;;;;;Atropelamento;Luz do Dia;;;Meio de Quadra;;;0;1;1;1;0;0;0;0;0;0;0;0;;
351707;1;10;2019;15:04;0;RD CE-060;;;;;Colisão;Luz do Dia;;;Meio de Quadra;;;0;0;1;1;0;0;0;0;0;0;0;0;;
351708;1;10;2019;17:17;0;RUA PEDRO LAZAR;;;;;Colisão;Anoitecer;;;Meio de Quadra;;;0;0;1;1;0;0;0;0;0;0;0;0;;
351716;1;10;2019;06:55;0;RD BR 116;;;8000;KM-08;Choque c/ Obstáculo Fixo;Luz do Dia;;;Meio de Quadra;;;0;2;3;1;0;0;0;0;0;0;0;0;-3,822018;-38,503269
351718;1;10;2019;10:00;5466;RUA ROCHA LIMA;AV VIS RIO BRANCO;;;;Colisão;Luz do Dia;;;;;;0;0;1;0;0;0;0;0;0;1;0;0;-3,73577;-38,524153
351712;1;10;2019;06:40;25887;AV RAD JOSE LIMA VERDE;AV 20 DE JANEIRO;;;;Colisão;Luz do Dia;;;T;Pare;Comercial;0;0;1;0;0;0;1;0;0;0;0;0;-3,702568;-38,591295
351710;1;10;2019;09:20;0;AV DIOGUINHO;;;7290;;Atropelamento;Luz do Dia;;;Meio de Quadra;;;0;1;1;0;0;0;0;0;0;0;0;0;-3,7666303;-38,4407748
351728;2;10;2019;07:40;0;RD BR 222;;;;KM-03;Colisão Transversal;Luz do Dia;;Seca;Meio de Quadra;;;0;2;0;0;0;1;0;0;0;1;0;0;-3,740300848;-38,59594097
351744;2;10;2019;13:47;0;RD BR 222;;;;KM-02;Colisão Traseira;Luz do Dia;;;Meio de Quadra;;;0;2;1;1;0;0;0;0;0;1;0;0;-3,7403624;-38,5969961
351709;2;10;2019;09:20;0;AV MR HULL;;;;;Colisão;Luz do Dia;;;Meio de Quadra;;;0;0;1;0;0;1;0;0;0;0;0;0;;
351040;2;10;2019;05:37;0;RUA ANTONIO FIUZA;;;1921;;Queda;Amanhecer;;;Meio de Quadra;;;0;1;0;0;0;0;0;0;0;1;0;0;-3,76842;-38,55163
351044;2;10;2019;07:06;5122;AV IMPERADOR;RUA SAO PAULO;;;;Queda;Luz do Dia;;;Cruz;Semáforo;Comercial;0;1;0;0;0;1;0;0;0;0;0;0;-3,724049;-38,533522
351045;2;10;2019;07:18;0;RD BR 116;;;14000;KM-14;Engavetamento;Luz do Dia;;;Meio de Quadra;;;0;2;3;1;0;0;0;0;0;1;0;0;-3,873523;-38,499242
351046;2;10;2019;07:43;0;AV CARAPINIMA;;;2004;;Atropelamento;Luz do Dia;;;Meio de Quadra;;;1;0;1;0;0;0;0;0;0;1;0;0;-3,738446;-38,538483
351047;2;10;2019;08:22;0;RUA ANSELMO NOGUEIRA;;;130;;Colisão;Luz do Dia;;;Meio de Quadra;;;0;1;0;0;0;0;0;0;0;1;0;0;-3,780376;-38,586986
351054;2;10;2019;09:14;0;RUA REV OSMAR LIMA;;;1070;;Colisão;Luz do Dia;;;Meio de Quadra;;;0;1;0;0;0;0;0;0;0;1;0;0;-3,736258;-38,5226586
351055;2;10;2019;09:24;0;RUA DR PERIGUARI;;;365;;Colisão;Luz do Dia;;;Meio de Quadra;;;0;1;0;1;0;0;0;0;0;1;0;0;-3,74276;-38,58619
351056;2;10;2019;09:48;0;AV WASHINGTON SOARES;;;10215;;Colisão;Luz do Dia;;;Meio de Quadra;;;0;1;0;0;0;0;0;0;0;0;0;0;-3,83945;-38,4802
351057;2;10;2019;09:55;0;AV JOAO PESSOA;;;5368;;Atropelamento;Luz do Dia;;;Meio de Quadra;;;0;1;0;0;1;0;0;0;0;0;0;0;-3,758343887;-38,55475291
351058;2;10;2019;09:59;0;RD BR 116;;;13000;KM-13;Colisão;Luz do Dia;;;Meio de Quadra;;;0;2;1;0;0;0;1;0;0;1;0;0;-3,86467;-38,497727
351059;2;10;2019;10:20;0;AV DR SILAS MUNGUBA;;;557;;Queda;Luz do Dia;;;Meio de Quadra;;;0;1;0;0;0;0;0;0;0;1;0;0;-3,78557;-38,55161
351051;2;10;2019;09:02;0;RUA CEL GUILHERME ALENCAR;;;;;Queda;Luz do Dia;;;Meio de Quadra;;;0;1;0;0;0;1;0;0;0;0;0;0;;
351062;2;10;2019;10:21;14755;RUA STA LIDUINA D42;RUA ALBANO AMARAL;;;;Colisão;Luz do Dia;;;Cruz;Pare;Residencial;0;1;0;1;0;0;0;0;0;1;0;0;-3,797816;-38,584983
351066;2;10;2019;10:33;0;RUA MELO DE OLIVEIRA;;;1141;;Colisão;Luz do Dia;;;Meio de Quadra;;;0;1;0;1;0;0;0;0;0;1;0;0;-3,77525;-38,57961
351067;2;10;2019;11:16;0;AV ODILON GUIMARAES;;;1825;;Atropelamento;Luz do Dia;;;Meio de Quadra;;;0;1;0;0;0;0;0;0;0;1;0;0;-3,822184;-38,477032
351069;2;10;2019;11:16;0;RUA MANUEL GALDINO;;;4088;;Colisão;Luz do Dia;;;Meio de Quadra;;;0;3;0;0;0;0;0;0;0;1;0;0;-3,7893314;-38,6273305
351072;2;10;2019;11:29;4080;AV JOSE BASTOS;RUA CEARA;;;;Colisão;Luz do Dia;;;Cruz;Semáforo;Comercial;0;1;0;1;0;0;0;0;0;1;0;0;-3,760008;-38,564112
351074;2;10;2019;11:29;0;AV CASTELO DE CASTRO;;;2813;;Colisão;Luz do Dia;;;Meio de Quadra;;;0;1;0;0;0;0;0;0;0;1;0;0;-3,851822421;-38,52344729
351090;2;10;2019;11:35;26086;AV JOSE JATAHY;RUA AZEVEDO BOLAO;;;;Colisão;Luz do Dia;;;Cruz;Semáforo;Residencial;0;1;0;0;0;0;0;0;0;0;0;0;-3,733663;-38,544494
351095;2;10;2019;12:48;10790;RUA NOEL ROSA;RUA FLORIANOPOLIS;;;;Colisão;Luz do Dia;;;;;;0;1;0;0;0;0;0;0;0;1;0;0;-3,762797;-38,583452
351092;2;10;2019;11:43;0;RUA 101 CJ ESPERANCA;;;;;Queda;Luz do Dia;;;Meio de Quadra;;;0;1;0;0;0;1;0;0;0;0;0;0;;
351102;2;10;2019;13:03;0;AV GAL OSORIO DE PAIVA;;;636;;Colisão;Luz do Dia;;;Meio de Quadra;;;0;1;0;1;0;0;0;0;0;1;0;0;-3,776593;-38,568029
351113;2;10;2019;13:18;0;AV JOSE BASTOS;;;4915;;Colisão;Luz do Dia;;;Meio de Quadra;;;0;1;0;0;0;0;0;0;0;0;0;0;-3,75723716;-38,5597861
351124;2;10;2019;13:40;0;AV MR HULL;;;;;Colisão;Luz do Dia;;;Meio de Quadra;;;0;1;0;0;0;0;0;0;0;0;0;0;;
351125;2;10;2019;14:39;0;RUA CASTRO E SILVA;;;97;;Atropelamento;Luz do Dia;;;Meio de Quadra;;;0;1;0;0;0;0;0;0;0;0;0;0;-3,724196;-38,5263472
351126;2;10;2019;14:40;0;AV PERIMETRAL;;;1349;;Colisão;Luz do Dia;;;Meio de Quadra;;;0;1;0;1;0;0;0;0;0;1;0;0;;
351127;2;10;2019;14:59;0;RUA CON DE CASTRO;;;3814;;Colisão;Luz do Dia;;;Meio de Quadra;;;0;2;0;0;0;0;1;0;0;1;0;0;-3,799982043;-38,58732796
351128;2;10;2019;15:01;0;RUA ANTONIO MARTINS;;;351;;Colisão;Luz do Dia;;;Meio de Quadra;;;0;1;0;1;0;0;0;0;0;1;0;0;-3,753186333;-38,55461333
351129;2;10;2019;15:39;0;RUA JULIO SILVA;;;440;;Queda;Luz do Dia;;;Meio de Quadra;;;0;1;0;0;0;0;0;0;0;1;0;0;-3,74537;-38,45462
351132;2;10;2019;16:39;10489;RUA B CJ RESD GUAJERU;RUA E CJ RESD GUAJERU;;;;Colisão;Luz do Dia;;;;;;0;1;0;1;0;0;0;0;0;1;0;0;-3,834876;-38,47751
351133;2;10;2019;16:42;0;AV JOR THOMAZ COELHO;;;;;Colisão;Luz do Dia;;;Meio de Quadra;;;0;1;0;1;0;0;0;0;0;1;0;0;;
351134;2;10;2019;17:23;0;AV BENJAMIM BRASIL;;;;;Colisão;Anoitecer;;;Meio de Quadra;;;0;1;0;1;0;0;0;0;0;1;0;0;;
351159;2;10;2019;17:44;0;AV J CJ CEARA;;;16;;Queda;Anoitecer;;;Meio de Quadra;;;0;1;0;0;0;1;0;0;0;0;0;0;-3,7578495;-38,6118395
351160;2;10;2019;17:55;0;AV DR SILAS MUNGUBA;;;;;Colisão;Anoitecer;;;Meio de Quadra;;;0;1;0;1;0;0;0;0;0;1;0;0;;
351161;2;10;2019;17:56;0;RUA CEL JOAO CORREIA;;;3797;;Colisão;Anoitecer;;;Meio de Quadra;;;0;1;0;0;0;0;0;0;0;0;0;0;-3,7851605;-38,6263713
351162;2;10;2019;18:43;0;RUA 42 CJ HAB ST S JOAO;;;263;;Colisão;;;;Meio de Quadra;;;0;1;0;0;0;0;0;0;0;0;0;0;-3,851025217;-38,51354683
351163;2;10;2019;19:46;0;RUA VALPARAISO;;;300;;Colisão;;;;Meio de Quadra;;;0;1;0;0;0;0;0;0;0;0;0;0;-3,84594;-38,5231621
350760;2;10;2019;09:36;0;AV BEZERRA DE MENEZES;;;2137;;Colisão Transversal;Luz do Dia;Bom;Seca;;;;0;2;1;1;0;0;0;0;0;1;0;0;-3,735575476;-38,56401024
350761;2;10;2019;08:00;13553;RUA MON BRUNO;AV SORIANO ALBUQUERQUE;;;;Colisão Transversal;Luz do Dia;Bom;Seca;Cruz;Pare;Comercial;0;1;1;1;0;0;0;0;0;1;0;0;-3,749117;-38,51484
350762;2;10;2019;10:08;12871;RUA BAR ARATANHA;RUA JOAQUIM MAGALHAES;;;;Colisão Lateral;Luz do Dia;Bom;Seca;Cruz;Não Há Controle;Residencial;0;0;2;1;0;0;0;0;0;0;0;0;-3,739716;-38,528666
350763;2;10;2019;06:30;5504;RUA PDE VALDEVINO;RUA JOAO CORDEIRO;;;;Colisão Transversal;Luz do Dia;Bom;Seca;Cruz;Semáforo;Residencial;0;1;1;1;0;0;0;0;0;1;0;0;-3,738896;-38,51755
350764;2;10;2019;13:40;8974;AV DUQ CAXIAS;RUA EPIFANIO LEITE;;;;Colisão Transversal;Luz do Dia;Bom;Seca;Cruz;Pare;Residencial;0;1;0;1;0;0;0;0;0;1;0;0;-3,727112;-38,544236
350765;2;10;2019;15:08;0;BC CON CASTRO (VL. PERY);;;3814;;Colisão Traseira;Luz do Dia;Bom;Seca;Meio de Quadra;Não Há Controle;Comercial;0;0;2;0;0;0;0;0;0;1;0;0;-3,79218;-38,58009
350766;2;10;2019;16:40;11724;RUA JULIO BRAGA;RUA 12 DE JULHO;;;;Colisão Transversal;Luz do Dia;Bom;Seca;Cruz;Pare;Comercial;0;1;1;0;0;0;0;0;0;1;0;0;-3,773246;-38,584407
350767;2;10;2019;22:10;9178;RUA MIN JOAQUIM BASTOS D14;RUA MON LIBERATO;;;;Colisão Lateral;Via Iluminada;Bom;Seca;T;Pare;Comercial;0;2;0;0;1;0;0;0;0;1;0;0;-3,750827;-38,531661
350575;2;10;2019;08:40;0;AV SEN CARLOS JEREISSATI (AEROPORTO);;;;KM 03;Colisão;Luz do Dia;;Seca;Meio de Quadra;;;0;1;1;1;0;0;0;0;0;1;0;0;-3,779641;-38,544038
350576;2;10;2019;15:05;0;RD CE-040;;;;KM-01;Colisão;Luz do Dia;;;Meio de Quadra;;;0;0;3;1;0;0;0;0;0;0;0;0;-3,764650449;-38,48258304
348526;2;10;2019;01:30;0;AV DR SILAS MUNGUBA;;;2800;;Choque c/ Obstáculo Fixo;Via Iluminada;Bom;Seca;Meio de Quadra;Não Há Controle;Residencial;0;0;1;1;0;0;0;0;0;0;0;0;-3,787195;-38,548631
348528;2;10;2019;18:00;19947;RUA TERTULIANO SALES;RUA JAU;;;;Colisão Lateral;Via Iluminada;Bom;Seca;Cruz;Pare;Residencial;0;1;1;1;0;0;0;0;0;1;0;0;-3,76076;-38,53082
348535;2;10;2019;08:00;0;RUA EMILIO DE MENESES;;;1260;;Colisão Traseira;Luz do Dia;Nublado;Seca;Meio de Quadra;Outros;Residencial;0;0;2;1;0;0;0;0;0;1;0;0;-3,780240342;-38,59277103
348539;3;10;2019;07:30;0;RUA PDE MORORO;;;1717;;Queda;Luz do Dia;Bom;Seca;Meio de Quadra;Não Há Controle;Comercial;0;1;1;0;0;0;0;0;0;1;0;0;-3,731867;-38,53941388
350581;3;10;2019;08:59;0;RD CE-040;;;;KM-04;Colisão;Luz do Dia;;;Meio de Quadra;;;0;0;2;1;0;0;0;0;0;0;0;0;-3,791613156;-38,48033084
350768;3;10;2019;07:57;0;RUA REINO UNIDO;AV JOSE LEON;;;;Colisão Transversal;Luz do Dia;Bom;Molhada;Meio de Quadra;Pare;Residencial;0;3;0;0;0;0;0;0;0;1;0;0;-3,7870003;-38,5048462
350769;3;10;2019;16:08;0;AV BERNARDO MANUEL;AV II LOT EXPEDICIONARIOS II;;;;Colisão Transversal;Luz do Dia;Bom;Seca;Meio de Quadra;Pare;Residencial;0;2;1;1;0;1;0;0;0;1;0;0;;
350770;3;10;2019;19:48;5384;RUA ANTONIO POMPEU;RUA PDE MORORO;;0;;Colisão Transversal;Via Iluminada;Bom;Seca;Cruz;Pare;Comercial;0;0;1;1;0;0;0;0;0;1;0;0;-3,731997;-38,53945
350771;3;10;2019;20:10;15227;AV ABOLICAO;AV DES MOREIRA;;;;Colisão Lateral;Via Iluminada;Bom;Seca;Y;Semáforo;Residencial;0;0;2;1;1;0;0;0;0;0;0;0;-3,727331;-38,495474
350772;3;10;2019;21:35;0;AV RAD JOSE LIMA VERDE;;;552;;Colisão Lateral;Via Iluminada;Bom;Seca;Meio de Quadra;Gesto;Comercial;0;0;2;1;0;0;0;0;0;0;0;0;-3,696423;-38,586423
350777;3;10;2019;15:35;0;RUA PRO HERIBALDO COSTA;;;0;;Capotamento;Luz do Dia;Bom;Seca;Cruz;Pare;Residencial;0;1;0;1;0;0;0;0;0;0;0;0;;
351164;3;10;2019;06:58;0;RUA JOAQUIM ALBANO;;;719;;Colisão;Luz do Dia;;;Meio de Quadra;;;0;1;0;1;0;0;0;0;0;1;0;0;-3,735593;-38,58213
351170;3;10;2019;07:36;0;AV ODILON GUIMARAES;;;4668;;Queda;Luz do Dia;;;Meio de Quadra;;;0;2;0;0;0;0;0;0;0;1;0;0;-3,808540517;-38,46205004
351171;3;10;2019;07:38;0;RD BR 116;;;7000;KM-07;Colisão;Luz do Dia;;;Meio de Quadra;;;0;1;0;1;0;0;0;0;0;1;0;0;-3,786276359;-38,5115614
351173;3;10;2019;08:18;0;AV SGT HERMINIO SAMPAIO;;;;;Colisão;Luz do Dia;;;Meio de Quadra;;;0;1;0;1;0;0;0;0;0;1;0;0;;
351174;3;10;2019;08:45;0;RUA JULIO BRAGA;;;440;;Colisão;Luz do Dia;;;Meio de Quadra;;;0;1;0;1;0;0;0;0;0;1;0;0;-3,777038118;-38,57551141
351175;3;10;2019;09:02;0;RUA PRO HERIBALDO COSTA;;;680;;Colisão;Luz do Dia;;;Meio de Quadra;;;0;1;0;1;0;0;0;0;0;1;0;0;-3,760524;-38,5841513
351176;3;10;2019;09:38;0;AV DIOGUINHO;;;6472;;Queda;Luz do Dia;;;Meio de Quadra;;;0;1;0;0;0;0;0;0;0;1;0;0;-3,7662817;-38,4409458
351177;3;10;2019;09:40;0;AV GODOFREDO MACIEL;;;5469;;Colisão;Luz do Dia;;;Meio de Quadra;;;0;1;0;0;0;0;0;0;0;1;0;0;-3,822582;-38,57822
351178;3;10;2019;10:54;0;RUA OSCAR ARARIPE;;;2836;;Queda;Luz do Dia;;;Meio de Quadra;;;0;1;0;0;0;0;0;0;0;1;0;0;-3,785793;-38,616195