COD_ACIDENTE;DIA;MES;ANO;HORA;INTERSECAO;LOG1;LOG2;LOG3;NUMERO;REFERENCIA;NATUREZA;ILUMINACAO;TEMPO;SUPERFICIEPISTA;TIPOCRUZAMENTO;CONTROLETRAFEGO;USOSOLO;MORTOS;FERIDOS;ILESOS;AUTOMOVEL;ONIBUS;BICICLETA;CAMINHAO;MICROONIBUS;CICLOMOTOR;MOTOCICLETA;TRACAOANIMAL;TREM;LATITUDE;LONGITUDE
351179;3;10;2019;11:47;0;AV JOSE BASTOS;;;2846;;Colisão;Luz do Dia;;;Meio de Quadra;;;0;3;0;1;0;0;0;0;0;1;0;0;-3,7451565;-38,545579
351180;3;10;2019;12:02;0;RUA EUCLIDES O DE SOUSA;;;;;Colisão;Luz do Dia;;;Meio de Quadra;;;0;1;0;1;0;0;0;0;0;1;0;0;;
351181;3;10;2019;12:51;0;AV UM (ARVOREDO);;;2441;;Colisão;Luz do Dia;;;Meio de Quadra;;;0;1;0;0;0;0;0;0;0;0;0;0;-3,82776;-38,57103
351182;3;10;2019;13:16;25515;AV DA INDEPENDENCIA;AV HILDEBRANDO DE MELO;;;;Colisão;Luz do Dia;;;Cruz;Não Há Controle;Residencial;0;2;0;0;0;0;0;0;0;1;0;0;-3,727339;-38,589467
351183;3;10;2019;14:25;0;AV HEROIS DO ACRE;;;5541;;Colisão;Luz do Dia;;;Meio de Quadra;;;0;1;0;0;0;0;0;0;0;0;0;0;-3,80306;-38,52869
351184;3;10;2019;14:30;0;RUA CEL FRANCISCO PEREIRA (MESSEJANA);;;397;;Colisão;Luz do Dia;;;Meio de Quadra;;;0;1;0;1;0;0;0;0;0;1;0;0;-3,83238;-38,49302
351185;3;10;2019;14:48;0;RUA CEL JUCA;;;;;Colisão;Luz do Dia;;;Meio de Quadra;;;0;1;0;1;0;0;0;0;0;1;0;0;;
351186;3;10;2019;15:34;0;RUA CAMPO;;;333;;Colisão;Luz do Dia;;;Meio de Quadra;;;0;1;0;1;0;0;0;0;0;1;0;0;-3,758942286;-38,57545229
351188;3;10;2019;16:09;0;RUA GUARANI D35 (JOAO XXIII);;;407;;Colisão;Luz do Dia;;;Meio de Quadra;;;0;1;0;1;0;0;0;0;0;1;0;0;-3,76259;-38,57933
351193;3;10;2019;16:34;12866;RUA SOLON PINHEIRO;RUA JOAQUIM MAGALHAES;;;;Colisão;Luz do Dia;;;Cruz;Pare;Residencial;0;1;0;1;0;0;0;0;0;0;0;0;-3,73949;-38,529352
351195;3;10;2019;17:46;0;AV MR HULL;;;;;Colisão;Anoitecer;;;Meio de Quadra;;;0;1;0;1;0;0;0;0;0;1;0;0;;
351198;3;10;2019;17:58;5384;RUA PDE MORORO;RUA ANTONIO POMPEU;;;;Colisão;Anoitecer;;;Cruz;Pare;Comercial;0;1;0;1;0;0;0;0;0;1;0;0;-3,731997;-38,53945
351204;3;10;2019;18:26;4672;AV MIN JOSE AMERICO;RUA PEDRO LAZAR;;;;Colisão;Anoitecer;;;;Não Há Controle;Comercial;0;1;0;1;0;0;0;0;0;1;0;0;-3,808267;-38,48929
351211;3;10;2019;18:29;0;AV GOV RAUL BARBOSA;;;6987;;Atropelamento;Anoitecer;;;Meio de Quadra;;;0;1;0;0;0;0;0;0;0;1;0;0;-3,77438848;-38,51285696
351212;3;10;2019;19:14;0;AV CONTORNO SUL;;;;;Atropelamento;;;;Meio de Quadra;;;0;1;0;0;0;0;0;0;0;1;0;0;;
351213;3;10;2019;19:24;12514;RUA JULIO BRAGA;AV LINEU MACHADO;;;;Colisão;;;;Outros;Semáforo;Residencial;0;2;0;0;0;0;0;0;0;0;0;0;-3,775335;-38,58179
351214;3;10;2019;20:12;0;AV MR HULL;;;;;Colisão;;;;Meio de Quadra;;;0;1;0;0;0;0;0;0;0;1;0;0;;
351201;3;10;2019;18:14;0;RUA JULIO JORGE VIEIRA;;;389;;Queda;Anoitecer;;;Meio de Quadra;;;0;1;0;0;0;1;0;0;0;0;0;0;-3,79195;-38,50664
351217;3;10;2019;20:17;0;RUA 102 CJ NOVO MONDUBIM;;;20;;Colisão;;;;Meio de Quadra;;;0;1;0;0;0;0;0;0;0;0;0;0;-3,806881837;-38,58719727
351218;3;10;2019;20:31;0;AV IMPERADOR;;;1305;;Atropelamento;;;;Meio de Quadra;;;0;1;0;0;0;0;0;0;0;1;0;0;-3,732625389;-38,53605844
351220;3;10;2019;20:47;0;AV PRS CASTELO BRANCO;;;;;Colisão;;;;Meio de Quadra;;;0;1;0;0;0;0;0;0;0;0;0;0;;
351221;3;10;2019;21:01;0;AV GAL OSORIO DE PAIVA;;;93;;Queda;;;;Meio de Quadra;;;0;1;0;0;0;0;0;0;0;1;0;0;-3,773611;-38,5640045
351233;3;10;2019;23:04;0;RD BR 116;;;3000;KM-03;Colisão;;;;Meio de Quadra;;;0;1;0;1;0;0;0;0;0;1;0;0;-3,779838;-38,514372
351234;3;10;2019;23:36;0;RD BR 116;;;;;Atropelamento;;;;Meio de Quadra;;;0;1;0;1;0;0;0;0;0;0;0;0;;
351745;3;10;2019;23:00;0;RD BR 116;;;2000;KM-02;Tombamento;;;;Meio de Quadra;;;1;0;1;1;0;0;0;0;0;1;0;0;-3,771391;-38,51678
351719;3;10;2019;16:45;0;RUA PRO HERIBALDO COSTA;;;1125;;Colisão;Luz do Dia;;;Meio de Quadra;;;0;0;1;1;0;0;0;0;0;0;0;0;-3,76249;-38,58511
351736;3;10;2019;09:10;0;RUA GAL SILVA JUNIOR;;;623;;Outros;Luz do Dia;;;Meio de Quadra;;;0;0;1;0;0;0;0;0;0;0;0;0;-3,755934747;-38,53215115
352935;3;10;2019;22:00;0;LOGRADOURO SEM NOME;;;;;Queda;;;;Meio de Quadra;;;1;0;0;0;0;0;0;0;0;1;0;0;;
351741;4;10;2019;17:55;0;AV DIOGUINHO;;;;;Outros;Anoitecer;;;Meio de Quadra;;;0;0;1;0;0;0;0;0;0;0;0;0;;
351751;4;10;2019;07:00;0;RD BR 116;;;8000;KM-08;Colisão Traseira;Luz do Dia;;;Meio de Quadra;;;0;1;2;1;0;0;0;0;0;1;0;0;-3,822018;-38,503269
351729;4;10;2019;20:50;10404;RUA TAILANDIA;AV D CJ CEARA;;;;Colisão;;;;;;;0;0;1;0;0;0;0;0;0;0;0;0;-3,75993;-38,603746
351731;4;10;2019;23:05;0;AV WASHINGTON SOARES;;;;;Atropelamento;;;;Meio de Quadra;;;0;1;1;0;0;0;0;0;0;0;0;0;;
351713;4;10;2019;00:02;0;RD BR 116;;;3000;KM-03;Colisão;;;;Meio de Quadra;;;0;0;1;1;0;0;0;0;0;0;0;0;-3,779838;-38,514372
351714;4;10;2019;10:50;0;RUA SEN ROBERT KENNEDY;;;353;;Colisão;Luz do Dia;;;Meio de Quadra;;;0;0;1;0;0;0;0;0;0;1;0;0;-3,703095;-38,578553
351715;4;10;2019;14:30;0;AV WASHINGTON SOARES;;;6180;;Colisão;Luz do Dia;;;Meio de Quadra;;;0;0;1;1;0;0;0;0;0;0;0;0;-3,813292;-38,479989
351268;4;10;2019;18:03;0;AV PRS JUSCELINO KUBITSCHEK (PASSARÉ);;;5800;;Queda;Anoitecer;;;Meio de Quadra;;;0;1;0;0;0;0;0;0;0;1;0;0;-3,8243584;-38,5377762
351275;4;10;2019;18:13;0;RUA CON DE CASTRO;;;86;;Colisão;Anoitecer;;;Meio de Quadra;;;0;1;0;1;0;0;0;0;0;1;0;0;-3,79859;-38,58608
351278;4;10;2019;18:15;10404;AV E CJ CEARA;AV D CJ CEARA;;;;Colisão;Anoitecer;;;Cruz;;Residencial;0;1;0;1;0;0;0;0;0;1;0;0;-3,75993;-38,603746
351280;4;10;2019;18:45;0;RUA ANSELMO NOGUEIRA;;;278;;Colisão;;;;Meio de Quadra;;;0;1;0;1;0;0;0;0;0;1;0;0;-3,780544;-38,58703307
351281;4;10;2019;18:50;0;AV ALBERTO CRAVEIRO;;;;;Colisão;;;;Meio de Quadra;;;0;1;0;0;0;0;0;0;0;1;0;0;;
351283;4;10;2019;18:58;0;AV BEZERRA DE MENEZES;;;;;Atropelamento;;;;Meio de Quadra;;;0;1;0;0;0;0;0;0;0;0;0;0;;
351303;4;10;2019;23:26;15701;RUA BRAS VIDAL;RUA GUILHERME PESSOA;;;;Colisão;;;;Cruz;Pare;Residencial;1;0;1;1;0;0;0;0;0;1;0;0;-3,827579;-38,484005
351295;4;10;2019;19:48;0;AV PRS CASTELO BRANCO;;;4631;;Colisão;;;;Meio de Quadra;;;0;1;0;1;0;0;0;0;0;1;0;0;-3,706653091;-38,57320482
351285;4;10;2019;18:58;0;AV GAL OSORIO DE PAIVA;;;1844;;Colisão;;;;Meio de Quadra;;;0;1;0;0;0;0;0;0;0;1;0;0;-3,783010848;-38,57813963
351287;4;10;2019;19:28;11283;RUA CARLOS STUDART;RUA ROSA CRUZ;;;;Colisão;;;;;;;0;1;0;1;0;0;0;0;0;1;0;0;-3,798079;-38,56945
351289;4;10;2019;19:28;0;RD BR 116;;;2000;KM-02;Colisão;;;;Meio de Quadra;;;0;1;0;1;0;0;0;0;0;1;0;0;-3,771391;-38,51678
351290;4;10;2019;19:29;0;RUA BETEL;;;;;Atropelamento;;;;Meio de Quadra;;;0;1;0;0;0;1;0;0;0;0;0;0;;
351297;4;10;2019;20:09;0;AV JOR THOMAZ COELHO;;;2301;;Queda;;;;Meio de Quadra;;;0;1;0;0;0;0;0;0;0;1;0;0;-3,828141;-38,516928
351298;4;10;2019;20:16;0;RUA NOVA CONQUISTA (GRANJA LISBOA);;;1995;;Colisão;;;;Meio de Quadra;;;0;1;0;1;0;0;0;0;0;1;0;0;-3,79175;-38,61191
351299;4;10;2019;21:34;6941;AV CONTORNO NORTE D71;AV PENETRACAO NORTE SUL;;;;Colisão;;;;;;;0;1;0;1;0;0;0;0;0;1;0;0;-3,811235;-38,589921
351300;4;10;2019;22:25;0;AV PLACIDO CASTELO;;;391;;Colisão;;;;Meio de Quadra;;;0;2;0;1;0;0;0;0;0;1;0;0;-3,783735;-38,50864
351235;4;10;2019;02:46;0;RUA 434 CJ CEARA;;;2497;;Queda;;;;Meio de Quadra;;;0;2;0;0;0;0;0;0;0;1;0;0;;
351236;4;10;2019;06:34;0;RUA DES PRAXEDES;;;1900;;Queda;Luz do Dia;;;Meio de Quadra;;;0;1;0;0;0;0;0;0;0;1;0;0;-3,76432;-38,53867
351238;4;10;2019;06:42;0;AV 13 DE MAIO;;;1356;;Queda;Luz do Dia;;;Meio de Quadra;;;0;1;0;0;0;0;0;0;0;1;0;0;-3,748122;-38,530741
351239;4;10;2019;06:45;0;AV ENG HUMBERTO MONTE;;;;;Colisão;Luz do Dia;;;Meio de Quadra;;;0;1;0;1;0;0;0;0;0;1;0;0;;
351240;4;10;2019;06:48;0;RUA POMPILIO GOMES;;;1929;;Colisão;Luz do Dia;;;Meio de Quadra;;;0;1;0;0;0;0;0;0;0;0;0;0;-3,81143;-38,52
351241;4;10;2019;06:52;0;RUA CEL MATOS DOURADO;;;;;Colisão;Luz do Dia;;;Meio de Quadra;;;0;1;0;1;0;0;0;0;0;1;0;0;;
351242;4;10;2019;06:54;0;AV DOMINGOS OLIMPIO;;;;;Queda;Luz do Dia;;;Meio de Quadra;;;0;1;0;0;0;0;0;0;0;1;0;0;;
351243;4;10;2019;07:18;0;RD BR 116;;;8000;KM-08;Colisão;Luz do Dia;;;Meio de Quadra;;;0;1;0;1;0;0;0;0;0;1;0;0;-3,822018;-38,503269
351244;4;10;2019;07:33;0;AV CASTELO DE CASTRO;;;1829;;Colisão;Luz do Dia;;;Meio de Quadra;;;0;1;0;0;0;0;0;0;0;0;0;0;-3,8458118;-38,521777
351245;4;10;2019;08:09;0;RUA TEN BENEVOLO;;;196;;Colisão;Luz do Dia;;;Meio de Quadra;;;0;1;0;1;0;0;0;0;0;0;0;0;-3,724716;-38,519317
351246;4;10;2019;08:34;0;AV DOLOR BARREIRA;;;800;;Colisão;Luz do Dia;;;Meio de Quadra;;;0;1;0;1;0;0;0;0;0;1;0;0;-3,7346;-38,47005
351247;4;10;2019;09:02;0;RUA CEL FABRICIANO;;;2085;;Colisão;Luz do Dia;;;Meio de Quadra;;;0;1;0;1;0;1;0;0;0;0;0;0;-3,782125;-38,610116
351248;4;10;2019;09:27;0;AV JOAO PESSOA;;;6000;;Atropelamento;Luz do Dia;;;Meio de Quadra;;;0;1;0;0;1;0;0;0;0;0;0;0;-3,763056857;-38,55808857
351249;4;10;2019;10:18;17357;RUA ALAN KARDEC;RUA QUEIROZ RIBEIRO;;;;Colisão;Luz do Dia;;;Cruz;Pare;Residencial;0;1;0;1;0;0;0;0;0;1;0;0;-3,765962;-38,548436
351250;4;10;2019;11:01;0;RUA STA LIDUINA D42;;;294;;Colisão;Luz do Dia;;;Meio de Quadra;;;0;1;0;1;0;0;0;0;0;1;0;0;-3,800585;-38,58514
351251;4;10;2019;11:07;0;AV DR SILAS MUNGUBA;;;;;Colisão;Luz do Dia;;;Meio de Quadra;;;0;1;0;1;0;0;0;0;0;1;0;0;;
351252;4;10;2019;11:39;15190;AV ABOLICAO;RUA JOAQUIM NABUCO;;;;Colisão;Luz do Dia;;;Cruz;Semáforo;Comercial;0;1;0;1;0;0;1;0;0;0;0;0;-3,726373;-38,498436
351253;4;10;2019;12:11;3336;RUA RIO GRANDE DO SUL;RUA VIRIATO RIBEIRO;;;;Colisão;Luz do Dia;;;Cruz;Pare;Escola;0;1;0;1;0;0;0;0;0;1;0;0;-3,750184;-38,561355
351254;4;10;2019;14:26;0;RUA FRE ORLANDO;;;300;;Colisão;Luz do Dia;;;Meio de Quadra;;;0;1;0;1;0;0;0;0;0;1;0;0;-3,756513083;-38,54734322
351255;4;10;2019;14:36;0;RUA SERIDIAO MONTENEGRO;;;144;;Colisão;Luz do Dia;;;Meio de Quadra;;;0;1;0;0;0;0;0;0;0;0;0;0;-3,81279;-38,61209
351256;4;10;2019;15:12;0;RUA CRISANTO ARRUDA;;;;;Colisão;Luz do Dia;;;Meio de Quadra;;;0;1;0;1;0;0;0;0;0;1;0;0;;
351257;4;10;2019;15:40;0;AV MAE LISBOA;;;;;Capotamento;Luz do Dia;;;Meio de Quadra;;;0;2;0;1;0;0;0;0;0;0;0;0;;
351258;4;10;2019;16:26;1322;AV DOM LUIS;RUA VICENTE LEITE;;;;Colisão;Luz do Dia;;;Cruz;Semáforo;Comercial;0;1;0;1;0;0;0;0;0;1;0;0;-3,734197;-38,494467
351259;4;10;2019;16:30;0;RUA ROSA MISTICA;;;285;;Queda;Luz do Dia;;;Meio de Quadra;;;0;1;0;0;0;0;0;0;0;1;0;0;-3,79547;-38,6070902
351260;4;10;2019;16:51;0;RD BR 116;;;4000;KM-04;Colisão;Luz do Dia;;;Meio de Quadra;;;0;1;1;1;0;0;0;0;0;1;0;0;-3,802354;-38,503869
351261;4;10;2019;17:56;0;AV H CJ CEARA;;;2040;;Atropelamento;Anoitecer;;;Meio de Quadra;;;0;1;0;0;0;0;0;0;0;1;0;0;-3,7765605;-38,6169425
350778;4;10;2019;08:17;0;AV BERNARDO MANUEL;;;10742;;Colisão Traseira;Luz do Dia;Bom;Seca;Meio de Quadra;Não Há Controle;Residencial;0;0;2;1;0;0;0;0;0;1;0;0;-3,81315;-38,55587
350779;4;10;2019;19:45;0;AV PRS JUSCELINO KUBITSCHEK (PASSARÉ);;;4505;;Colisão;Anoitecer;Bom;Seca;Meio de Quadra;Não Há Controle;Comercial;0;1;1;1;0;0;0;0;0;1;0;0;-3,818916644;-38,53352379
350773;4;10;2019;06:32;0;AV BORGES DE MELO;;;0;;Colisão Traseira;Luz do Dia;Chuva;Molhada;Outros;Não Há Controle;Comercial;0;1;1;1;0;0;0;0;0;1;0;0;;
350774;4;10;2019;08:28;5501;RUA PDE VALDEVINO;RUA GONCALVES LEDO;;0;;Colisão Transversal;Luz do Dia;Bom;Seca;Cruz;Pare;Comercial;0;0;2;1;0;0;0;0;0;0;0;0;-3,738571;-38,51861
350775;4;10;2019;09:49;5466;AV VIS RIO BRANCO;RUA ROCHA LIMA;;;;Colisão Transversal;Luz do Dia;Bom;Seca;Cruz;Semáforo;Comercial;0;1;1;0;0;0;0;0;0;1;0;0;-3,73577;-38,524153
350776;4;10;2019;09:20;9114;AV BORGES DE MELO;RUA DEP OSWALDO STUDART;;1575;;Colisão Lateral;Luz do Dia;Bom;Seca;Cruz;Semáforo;Comercial;0;0;2;1;0;0;0;0;0;0;0;0;-3,758147;-38,532143
350927;4;10;2019;10:15;0;AV SEN CARLOS JEREISSATI (AEROPORTO);;;;KM 01;Colisão;Luz do Dia;;Seca;Meio de Quadra;;;0;0;2;1;0;0;1;0;0;0;0;0;-3,783753;-38,52685
350588;4;10;2019;07:30;0;RD CE-040;;;;KM-10;Colisão;Luz do Dia;;Seca;Outros;;;0;0;2;1;0;0;0;0;0;0;0;0;-3,84257666;-38,48088284
350589;4;10;2019;08:00;0;AV MIN JOSE AMERICO;;;;;Colisão;Luz do Dia;;Seca;Meio de Quadra;;;0;0;2;1;0;0;0;0;0;0;0;0;;
350594;4;10;2019;13:00;0;RD CE-040;;;;KM-07;Colisão;Luz do Dia;;Seca;Meio de Quadra;;;0;0;2;1;0;0;0;0;0;0;0;0;-3,817159445;-38,48303286
350595;4;10;2019;14:45;0;RD CE-040;;;;KM-06;Colisão;Luz do Dia;;Seca;Meio de Quadra;;;0;0;2;1;0;0;0;0;0;0;0;0;-3,809596804;-38,47873348
350607;4;10;2019;14:35;0;RD CE-040;;;;KM-07;Colisão;Luz do Dia;;Seca;Meio de Quadra;;;0;0;2;1;0;0;0;0;0;0;0;0;-3,817159445;-38,48303286
350608;4;10;2019;15:30;0;RD CE-025;;;;KM-06;Tombamento;Luz do Dia;;Seca;Meio de Quadra;;;0;0;2;1;0;0;0;0;0;0;0;0;-3,810983084;-38,42708101
348541;4;10;2019;09:10;0;RUA ADOLFO CAMINHA;;;217;MARINA PARK;Colisão Traseira;Luz do Dia;Bom;Seca;Meio de Quadra;Não Há Controle;Comercial;0;1;1;0;0;0;0;0;0;1;0;0;-3,721036394;-38,52508319
348550;4;10;2019;22:31;0;RUA BERNARDO MANUEL;;;;;Colisão Lateral;Via Iluminada;Bom;Seca;Meio de Quadra;Não Há Controle;Residencial;0;1;1;1;0;0;0;0;0;0;0;0;;
348543;5;10;2019;22:45;1701;RUA CAP ARAGAO;RUA CAP VASCONCELOS D46;;;;Colisão Transversal;Via Iluminada;Bom;Seca;Cruz;Semáforo;Residencial;0;2;0;1;0;0;0;0;0;0;0;0;-3,765538;-38,517041
348546;5;10;2019;04:40;935;AV BORGES DE MELO;TR GRAVATAI;;;;Colisão;Amanhecer;Bom;Seca;Cruz;Semáforo;Residencial;0;3;1;1;0;0;0;0;1;0;0;0;-3,761261;-38,520855
348547;5;10;2019;21:30;5039;AV ALBERTO NEPOMUCENO;RUA ADOLFO CAMINHA;;;;Colisão Lateral;Via Iluminada;Bom;Seca;Cruz;Semáforo;Comercial;0;0;2;0;0;0;0;0;0;1;0;0;-3,721257;-38,523212
350907;5;10;2019;19:07;0;RD CE-025;;;;KM-02;Colisão;;;Seca;Meio de Quadra;;;0;0;2;1;0;0;0;0;0;0;0;0;-3,807634505;-38,46108452
350780;5;10;2019;04:54;0;AV H CJ CEARA;;;2000;;Choque c/ Obstáculo Fixo;Via Iluminada;Bom;Seca;Meio de Quadra;Semáforo;Comercial;0;0;1;0;0;0;0;0;0;0;0;0;-3,776518;-38,616458
350781;5;10;2019;05:12;24886;AV MOZART PINHEIRO DE LUCENA;AV MAJ ASSIS;;;;Choque c/ Obstáculo Fixo;Amanhecer;Bom;Seca;Cruz;Semáforo;Comercial;0;0;1;1;0;0;0;0;0;0;0;0;-3,7214444;-38,5966762
350782;5;10;2019;09:59;3819;AV CARAPINIMA;RUA JUVENAL GALENO;;;;Colisão Lateral;Luz do Dia;Bom;Seca;Cruz;Semáforo;Comercial;0;2;1;1;0;0;0;0;0;1;0;0;-3,738998;-38,539176
350783;5;10;2019;10:55;0;AV PDE ANTONIO TOMAS;;;0;;Colisão Traseira;Luz do Dia;Bom;Seca;T;Semáforo;Comercial;0;0;2;1;0;0;0;0;0;0;0;0;;
350784;5;10;2019;19:08;1547;RUA CAROLINA SUCUPIRA;AV DES MOREIRA;;;;Colisão Transversal;Via Iluminada;Bom;Seca;Cruz;Gesto;Comercial;0;4;0;1;0;0;0;0;0;0;0;0;-3,741192;-38,499948
351322;5;10;2019;16:04;0;RUA NICOLAU COELHO;;;375;;Colisão;Luz do Dia;;;Meio de Quadra;;;0;1;0;0;0;0;0;0;0;0;0;0;-3,818246643;-38,49207043
351335;5;10;2019;16:39;24235;RUA JULIO AZEVEDO;RUA FAUSTO CABRAL;;;;Colisão;Luz do Dia;;;Cruz;Pare;Residencial;0;1;0;0;0;0;0;0;0;1;0;0;-3,733662;-38,476448
351341;5;10;2019;19:19;0;RUA URUCUTUBA;;;1422;;Atropelamento;;;;Meio de Quadra;;;0;1;0;0;0;0;0;0;0;1;0;0;-3,7974395;-38,60736
351343;5;10;2019;19:49;0;AV MR HULL;;;;;Atropelamento;;;;Meio de Quadra;;;0;1;0;1;0;0;0;0;0;0;0;0;;
351356;5;10;2019;19:50;0;AV LINEU MACHADO;;;240;;Colisão;;;;Meio de Quadra;;;0;1;0;1;0;0;0;0;0;1;0;0;-3,7627065;-38,5752185
351357;5;10;2019;19:53;0;RUA REV BOLIVAR P BANDEIRA;;;414;;Colisão;;;;Meio de Quadra;;;0;2;0;1;0;0;0;0;0;1;0;0;-3,720429;-38,4659441
351363;5;10;2019;20:07;0;RUA L CJ VILA VELHA;;;;;Queda;;;;Meio de Quadra;;;0;1;0;0;0;0;0;0;0;1;0;0;;
351381;5;10;2019;23:35;2976;RUA MARIA JULIA;RUA SAO FRANCISCO D50;;;;Queda;;;;Cruz;Pare;Comercial;0;1;0;0;0;0;0;0;0;1;0;0;-3,80092;-38,602742
351371;5;10;2019;21:12;0;AV N CJ JOSE WALTER;;;1965;;Colisão;;;;Meio de Quadra;;;0;1;0;1;0;0;0;0;0;1;0;0;-3,7765189;-38,4891107
351372;5;10;2019;21:18;0;RUA FRANCISCA MARIA DA CONCEICAO;;;1480;;Colisão;;;;Meio de Quadra;;;0;2;0;1;0;0;0;0;0;1;0;0;-3,8366895;-38,5726305
351368;5;10;2019;20:39;26083;AV BEZERRA DE MENEZES;AV JOSE JATAHY;;;;Colisão;;;;Cruz;Semáforo;Comercial;0;1;0;1;0;0;0;0;0;1;0;0;-3,7315183;-38,5450206
351375;5;10;2019;22:21;13602;AV GAL MURILO BORGES;AV ROGACIANO LEITE;;;;Colisão;;;;;;;0;1;0;1;0;0;0;0;0;1;0;0;-3,767788;-38,496968
351378;5;10;2019;23:14;0;AV GAL OSORIO DE PAIVA;;;2359;;Colisão;;;;Meio de Quadra;;;0;1;0;1;0;0;0;0;0;0;0;0;-3,786239629;-38,58324482
351304;5;10;2019;05:10;0;RUA BAR RIO BRANCO;;;2375;;Queda;Amanhecer;;;Meio de Quadra;;;0;1;0;0;0;0;0;0;0;1;0;0;-3,739628;-38,532451
351305;5;10;2019;05:33;0;AV DUQ CAXIAS;;;;;Colisão;Amanhecer;;;Meio de Quadra;;;0;1;0;1;0;0;0;0;0;1;0;0;;
351306;5;10;2019;07:29;0;AV BEZERRA DE MENEZES;;;365;;Queda;Luz do Dia;;;Meio de Quadra;;;0;2;0;0;0;0;0;0;0;1;0;0;-3,7322795;-38,5481129
351307;5;10;2019;08:30;0;AV BEZERRA DE MENEZES;;;;;Atropelamento;Luz do Dia;;;Meio de Quadra;;;0;1;0;0;1;0;0;0;0;0;0;0;;
351308;5;10;2019;13:01;0;RUA JOSE AUGUSTO;;;97;;Colisão;Luz do Dia;;;Meio de Quadra;;;0;1;0;0;0;0;0;0;0;0;0;0;-3,799626234;-38,51808583
351309;5;10;2019;13:37;0;RUA BAR ARACATI;;;774;;Colisão;Luz do Dia;;;Meio de Quadra;;;0;1;0;1;0;0;0;0;0;1;0;0;-3,728173967;-38,51043228
351310;5;10;2019;13:41;0;RUA EDGAR FALCAO;;;222;;Colisão;Luz do Dia;;;Meio de Quadra;;;0;1;0;0;0;0;0;0;0;1;0;0;-3,7304213;-38,57176144
351311;5;10;2019;14:05;0;RUA CEL MATOS DOURADO;;;1280;;Atropelamento;Luz do Dia;;;Meio de Quadra;;;0;1;0;0;0;0;0;0;0;1;0;0;-3,749716;-38,584391
351312;5;10;2019;;0;AV DO PASSARE;;;23;;Queda;;;;Meio de Quadra;;;0;1;0;0;0;0;0;0;0;1;0;0;;
351313;5;10;2019;15:53;0;AV GAL OSORIO DE PAIVA;;;;;Queda;Luz do Dia;;;Meio de Quadra;;;0;1;0;0;0;1;0;0;0;0;0;0;;
351735;5;10;2019;22:30;0;AV MR HULL;;;3448;;Colisão;;;;Meio de Quadra;;;0;0;1;0;0;0;0;0;0;1;0;0;-3,737421;-38,575246
351767;6;10;2019;02:15;0;RD BR 116;;;3000;KM-03;Colisão;;;;Meio de Quadra;;;1;0;1;0;0;1;0;0;0;1;0;0;-3,779838;-38,514372
351732;6;10;2019;10:34;0;AV CASTELO DE CASTRO;;;;;Colisão;Luz do Dia;;;Meio de Quadra;;;0;0;1;1;0;0;0;0;0;0;0;0;;
351747;6;10;2019;01:30;1701;RUA CAP VASCONCELOS D46;RUA CAP ARAGAO;;;;Colisão;;;;Cruz;Semáforo;Residencial;0;0;1;0;0;0;0;0;0;0;0;0;-3,765538;-38,517041
351467;6;10;2019;19:23;0;RUA AZEVEDO BOLAO;;;987;;Atropelamento;;;;Meio de Quadra;;;0;2;0;1;0;0;0;0;0;0;0;0;-3,735699455;-38,55306036
351477;6;10;2019;20:14;0;RD BR 020;;;;;Queda;;;;Meio de Quadra;;;0;1;0;0;0;0;0;0;0;1;0;0;;
351478;6;10;2019;20:19;5086;RUA PDE MORORO;RUA SAO PAULO;;;;Atropelamento;;;;Cruz;Semáforo;Comercial;0;1;0;0;0;0;0;0;0;1;0;0;-3,722996;-38,536741
351480;6;10;2019;20:55;0;RUA PORTO VELHO;;;534;;Colisão;;;;Meio de Quadra;;;0;1;0;1;0;0;0;0;0;1;0;0;-3,766751;-38,585548
351481;6;10;2019;21:23;0;RUA DES PRAXEDES;;;426;;Colisão;;;;Meio de Quadra;;;0;1;0;1;0;0;0;0;0;1;0;0;-3,759157318;-38,54995855
351482;6;10;2019;21:48;0;RUA BERNARDO MANUEL;;;7238;;Atropelamento;;;;Meio de Quadra;;;0;1;0;0;0;0;0;0;0;0;0;0;-3,781759429;-38,54622471
351483;6;10;2019;22:30;0;RUA SAO RAIMUNDO (PIRAMBU);;;305;;Queda;;;;Meio de Quadra;;;0;1;0;0;0;1;0;0;0;0;0;0;-3,7089;-38,55409
351484;6;10;2019;23:24;0;AV PRS CASTELO BRANCO;;;3127;;Atropelamento;;;;Meio de Quadra;;;1;1;0;0;0;0;0;0;0;1;0;0;-3,711416;-38,558025
351485;6;10;2019;23:36;0;AV DIOGUINHO;;;;;Queda;;;;Meio de Quadra;;;0;2;0;0;0;0;0;0;0;1;0;0;;
351443;6;10;2019;12:08;0;RUA JUVENAL GALENO;;;686;;Queda;Luz do Dia;;;Meio de Quadra;;;0;1;0;0;0;0;0;0;0;1;0;0;-3,737604111;-38,54080344
351436;6;10;2019;09:47;0;RUA MAL BITENCOURT;;;1197;;Colisão;Luz do Dia;;;Meio de Quadra;;;0;1;0;0;0;0;0;0;0;1;0;0;-3,7941375;-38,53064433