COD_ACIDENTE;DIA;MES;ANO;HORA;INTERSECAO;LOG1;LOG2;LOG3;NUMERO;REFERENCIA;NATUREZA;ILUMINACAO;TEMPO;SUPERFICIEPISTA;TIPOCRUZAMENTO;CONTROLETRAFEGO;USOSOLO;MORTOS;FERIDOS;ILESOS;AUTOMOVEL;ONIBUS;BICICLETA;CAMINHAO;MICROONIBUS;CICLOMOTOR;MOTOCICLETA;TRACAOANIMAL;TREM;LATITUDE;LONGITUDE
351397;6;10;2019;01:46;25198;RUA BAR AQUIRAZ;RUA MIGUEL GURGEL;;;;Colisão;;;;T;Não Há Controle;Comercial;0;1;0;1;0;0;0;0;0;1;0;0;-3,842357;-38,48355
351399;6;10;2019;03:22;0;AV DEP PAULINO ROCHA;;;;;Queda;;;;Meio de Quadra;;;0;1;0;0;0;0;0;0;0;1;0;0;;
351402;6;10;2019;03:57;0;AV DEP PAULINO ROCHA;;;1700;;Colisão;;;;Meio de Quadra;;;0;1;0;1;0;0;0;0;0;0;0;0;-3,811696168;-38,51231919
351403;6;10;2019;05:11;0;AV JOVITA FEITOSA;;;;;Queda;Amanhecer;;;Meio de Quadra;;;0;1;0;0;0;0;0;0;0;1;0;0;;
351405;6;10;2019;05:59;0;AV PERIMETRAL;;;200;;Colisão;Amanhecer;;;Meio de Quadra;;;0;1;0;1;0;0;0;0;0;1;0;0;;
351407;6;10;2019;06:32;0;RUA GRANJA CASTELO;;;207;;Queda;Luz do Dia;;;Meio de Quadra;;;0;1;0;0;0;0;0;0;0;1;0;0;-3,830184574;-38,50015087
351410;6;10;2019;06:44;0;AV ABOLICAO;;;3690;;Queda;Luz do Dia;;;Meio de Quadra;;;0;2;0;0;0;0;0;0;0;1;0;0;-3,725907;-38,486613
351414;6;10;2019;07:38;0;RUA 1139 CJ CEARA;;;;;Colisão;Luz do Dia;;;Meio de Quadra;;;0;3;0;0;0;0;0;0;0;0;0;0;;
351425;6;10;2019;08:28;0;RUA ROSINHA SAMPAIO;;;2004;;Colisão;Luz do Dia;;;Meio de Quadra;;;0;1;0;1;0;0;0;0;0;1;0;0;-3,724523321;-38,59638071
351427;6;10;2019;08:39;0;AV GAL OSORIO DE PAIVA;;;5858;;Colisão;Luz do Dia;;;Meio de Quadra;;;0;1;0;1;0;0;0;0;0;1;0;0;-3,807645;-38,6049072
351434;6;10;2019;09:33;0;AV 13 DE MAIO;;;3281;;Colisão;Luz do Dia;;;Meio de Quadra;;;0;1;0;1;0;0;0;0;0;1;0;0;-3,737282;-38,543694
351438;6;10;2019;09:48;0;RUA CAP OLAVO;;;579;;Colisão;Luz do Dia;;;Meio de Quadra;;;0;1;0;1;0;0;0;0;0;1;0;0;-3,767261676;-38,51561589
351439;6;10;2019;10:40;0;AV COSTA OESTE;;;40;;Queda;Luz do Dia;;;Meio de Quadra;;;0;1;0;0;0;0;0;0;0;1;0;0;-3,698167;-38,5766223
351441;6;10;2019;12:01;0;AV GAL OSORIO DE PAIVA;;;;;Queda;Luz do Dia;;;Meio de Quadra;;;0;1;0;0;0;1;0;0;0;0;0;0;;
351447;6;10;2019;13:18;0;AV MR HULL;;;;;Colisão;Luz do Dia;;;Meio de Quadra;;;0;1;0;0;0;0;0;0;0;0;0;0;;
351448;6;10;2019;13:53;0;AV 13 DE MAIO;;;1700;;Atropelamento;Luz do Dia;;;Meio de Quadra;;;0;1;0;1;0;0;0;0;0;0;0;0;-3,745924;-38,533303
351449;6;10;2019;14:00;0;RUA CEL MANUEL ANTONIO LEITE;;;243;;Colisão;Luz do Dia;;;Meio de Quadra;;;0;2;0;0;0;0;0;0;0;1;0;0;-3,77412;-38,59274
351450;6;10;2019;14:49;0;RUA CEL JOAO OLIVEIRA;;;868;;Queda;Luz do Dia;;;Meio de Quadra;;;0;1;0;0;0;1;0;0;0;0;0;0;-3,822957;-38,4870805
351451;6;10;2019;15:30;0;RUA PRO MIRAMAR DA PONTE;;;1181;;Colisão;Luz do Dia;;;Meio de Quadra;;;0;1;0;0;0;0;0;0;0;0;0;0;-3,765266266;-38,58761909
351452;6;10;2019;15:32;0;RUA CUIABA;;;1415;;Colisão;Luz do Dia;;;Meio de Quadra;;;0;1;0;1;0;0;0;0;0;1;0;0;-3,764554;-38,587238
351453;6;10;2019;16:29;0;AV EDUARDO GIRAO;;;;;Colisão;Luz do Dia;;;Meio de Quadra;;;0;1;0;1;0;0;0;0;0;1;0;0;;
351454;6;10;2019;16:30;10698;RUA PDE SA LEITAO;RUA SILVA BAIMA;;;;Queda;Luz do Dia;;;;;;0;1;0;0;0;0;0;0;0;1;0;0;-3,757493;-38,579062
351455;6;10;2019;16:30;387;RUA GRACO CARDOSO;RUA VIRGILIO BRANDAO;;;;Colisão;Luz do Dia;;;Cruz;Não Há Controle;Residencial;0;2;0;1;0;0;0;0;0;1;0;0;-3,751956;-38,596042
351456;6;10;2019;17:07;0;RUA AZEVEDO BOLAO;;;1179;;Colisão;Anoitecer;;;Meio de Quadra;;;0;1;0;1;0;0;0;0;0;1;0;0;-3,736056182;-38,55481345
351457;6;10;2019;17:35;0;RUA JOHN LENNON;;;366;;Colisão;Anoitecer;;;Meio de Quadra;;;0;2;0;1;0;0;0;0;0;1;0;0;-3,822146967;-38,49062927
351458;6;10;2019;18:02;0;AV DO VAQUEIRO;;;1572;;Queda;Anoitecer;;;Meio de Quadra;;;0;1;0;0;0;0;0;0;0;1;0;0;-3,859312793;-38,50499593
351459;6;10;2019;18:08;0;AV PERIMETRAL;;;3189;;Colisão;Anoitecer;;;Meio de Quadra;;;0;2;0;0;0;0;0;0;0;1;0;0;;
351460;6;10;2019;18:19;0;AV HIS RAIMUNDO GIRAO;;;271;;Atropelamento;Anoitecer;;;Meio de Quadra;;;0;1;0;1;0;0;0;0;0;0;0;0;-3,720464059;-38,51348924
351461;6;10;2019;18:38;0;RUA PRO GOMES BRASIL;;;475;;Colisão;;;;Meio de Quadra;;;0;1;0;0;0;0;0;0;0;0;0;0;-3,771573;-38,569423
351462;6;10;2019;19:22;0;RUA 860 CJ CEARA;;;;;Atropelamento;;;;Meio de Quadra;;;0;1;0;1;0;0;0;0;0;0;0;0;;
351382;6;10;2019;01:06;0;RUA CASTRO E SILVA;;;130;;Atropelamento;;;;Meio de Quadra;;;0;1;0;1;0;0;0;0;0;0;0;0;-3,724082;-38,526703
351383;6;10;2019;01:38;0;AV DR SILAS MUNGUBA;;;1555;;Colisão;;;;Meio de Quadra;;;0;4;0;1;0;0;0;0;0;1;0;0;-3,78395;-38,55391
350785;6;10;2019;08:12;5466;AV VIS RIO BRANCO;RUA METON DE ALENCAR;;0;;Colisão Transversal;Luz do Dia;Bom;Seca;Cruz;Semáforo;Comercial;0;0;2;1;0;0;0;0;0;0;0;0;-3,73577;-38,524153
350786;6;10;2019;14:39;0;AV 13 DE MAIO;;;1245;;Atropelamento;Luz do Dia;Bom;Seca;Outros;Semáforo;Comercial;0;1;1;1;0;0;0;0;0;0;0;0;-3,7536929;-38,5225128
350787;6;10;2019;20:22;22008;RUA PDE CICERO;RUA FRANCISCA CLOTILDE;;;;Colisão Transversal;Via Iluminada;Bom;Seca;Cruz;Pare;Residencial;0;1;0;1;0;0;0;0;0;1;0;0;-3,739665;-38,550121
350788;6;10;2019;16:13;0;AV JOR THOMAZ COELHO;;;609;;Colisão Lateral;Luz do Dia;Bom;Seca;Outros;Semáforo;Comercial;0;0;2;0;1;0;0;0;0;0;0;0;-3,832182156;-38,5013988
350908;6;10;2019;20:40;25486;AV ALBERTO CRAVEIRO;AV SEN CARLOS JEREISSATI (AEROPORTO);;;;Choque c/ Obstáculo Fixo;;;Seca;Y;Semáforo Intermitente;Outros;0;1;0;0;0;0;0;0;0;1;0;0;-3,783767;-38,516874
348548;6;10;2019;15:10;5254;RUA JOAO CORDEIRO;RUA PEREIRA FILGUEIRAS;;;;Colisão Frontal;Luz do Dia;;Seca;Cruz;Pare;Comercial;0;0;2;1;0;0;0;0;0;0;0;0;-3,728001;-38,513877
348549;6;10;2019;18:30;0;AV DEP PAULINO ROCHA;;;2845;;Colisão Lateral;Via Iluminada;Bom;Seca;Meio de Quadra;Não Há Controle;Comercial;0;0;2;1;0;0;0;0;0;0;0;0;-3,809534;-38,5217958
348558;6;10;2019;21:30;0;RUA CRISANTO M DA ROCHA;;;;;Colisão Traseira;Via Iluminada;Bom;Seca;Meio de Quadra;;Residencial;0;0;2;1;0;0;0;0;0;0;0;0;;
348559;6;10;2019;09:15;0;RUA 1139 CJ CEARA;;;186;;Choque c/ Obstáculo Fixo;Luz do Dia;Bom;Seca;Meio de Quadra;Outros;Residencial;0;0;1;1;0;0;0;0;0;0;0;0;-3,7588774;-38,6110193
348560;6;10;2019;02:00;22937;AV DR SILAS MUNGUBA;RUA GOV JOAO CARLOS;;;;Colisão Lateral;Luz do Dia;Bom;;T;Semáforo;Comercial;0;0;2;1;0;0;0;0;0;1;0;0;-3,78395;-38,55391
348540;6;10;2019;04:00;0;AV DEP PAULINO ROCHA;;;1731;;Colisão;Via Iluminada;Nublado;Molhada;Meio de Quadra;Não Há Controle;Comercial;0;0;1;1;0;0;0;0;0;0;0;0;-3,811689737;-38,51268095
348562;7;10;2019;01:00;0;RUA DES PRAXEDES;;;;;Colisão Lateral;;Nublado;Seca;Meio de Quadra;Pare;Residencial;0;1;1;1;0;0;0;0;0;1;0;0;;
350909;7;10;2019;08:30;0;AV MIN JOSE AMERICO;;;;;Outros;Luz do Dia;;Seca;Meio de Quadra;;;0;0;1;0;0;0;0;0;0;0;0;0;;
350910;7;10;2019;11:40;0;RD CE-040;;;;KM-08;Colisão;Luz do Dia;;Seca;Meio de Quadra;;;0;0;2;1;0;0;0;0;0;0;0;0;-3,825515822;-38,48153832
350789;7;10;2019;05:30;0;RUA GERMANO FRANCK;;;267;EWERTON CAR;Colisão Transversal;Luz do Dia;Nublado;Seca;Com Via Férrea;Cancela;Comercial;0;1;1;0;0;0;0;0;0;0;0;0;-3,7748205;-38,5591435
350790;7;10;2019;08:23;0;AV JOSE JATAHY;;;1037;;Colisão Transversal;Luz do Dia;Nublado;Seca;Meio de Quadra;Não Há Controle;Comercial;0;1;1;1;0;0;0;0;0;1;0;0;-3,73057;-38,54487
350791;7;10;2019;10:02;19833;AV JOVITA FEITOSA;AV ENG HUMBERTO MONTE;;0;;Colisão Traseira;Luz do Dia;Nublado;Molhada;Cruz;Semáforo;Residencial;0;0;2;1;0;0;0;0;0;0;0;0;-3,741963;-38,566544
350792;7;10;2019;13:15;1306;RUA TORRES CAMARA;RUA MON BRUNO;;;;Atropelamento;Luz do Dia;Bom;Seca;Cruz;Não Há Controle;Comercial;1;0;2;1;0;0;0;0;0;0;0;0;-3,734594;-38,510152
350793;7;10;2019;21:37;2822;AV GAL OSORIO DE PAIVA;RUA OSCAR ARARIPE;;;;Engavetamento;Via Iluminada;Bom;Seca;Outros;Não Há Controle;Comercial;0;0;3;1;0;0;0;0;0;0;0;0;-3,794165;-38,591823
350272;7;10;2019;19:30;7983;AV JOAO PESSOA;RUA JOAO SORONGO;;;;Colisão Lateral;Via Iluminada;Bom;Seca;Cruz;Pare;Residencial;0;1;1;0;1;0;0;0;0;1;0;0;-3,748663;-38,546069
351492;7;10;2019;08:38;21382;AV JOVITA FEITOSA;RUA PRO ANACLETO;;;;Queda;Luz do Dia;;;Meio de Quadra;Não Há Controle;Comercial;0;1;0;0;0;0;0;0;0;1;0;0;-3,738978;-38,552078
351486;7;10;2019;03:28;0;RUA 747 CJ CEARA;;;10;;Colisão;;;;Meio de Quadra;;;0;1;0;0;0;0;0;0;0;0;0;0;-3,773717571;-38,60337057
351487;7;10;2019;05:22;0;RUA CANAMARIM;;;;;Colisão;Amanhecer;;;Meio de Quadra;;;0;2;0;0;0;0;0;0;0;0;0;0;;
351488;7;10;2019;05:44;0;AV GODOFREDO MACIEL;;;;;Queda;Amanhecer;;;Meio de Quadra;;;0;1;0;0;0;0;0;0;0;1;0;0;;
351489;7;10;2019;06:03;0;AV JOR JOAO RAMOS;;;1978;;Queda;Luz do Dia;;;Meio de Quadra;;;0;1;0;0;0;0;0;0;0;1;0;0;-3,841614;-38,574603
351490;7;10;2019;07:53;0;AV DR SILAS MUNGUBA;;;4741;;Queda;Luz do Dia;;;Meio de Quadra;;;0;1;0;0;0;0;0;0;0;1;0;0;-3,794737532;-38,53343261
351506;7;10;2019;08:52;0;AV PRS COSTA E SILVA;;;;;Choque c/ Obstáculo Fixo;Luz do Dia;;;Meio de Quadra;;;0;1;0;1;0;1;0;0;0;0;0;0;;
351507;7;10;2019;08:55;0;AV FRE CIRILO;;;4340;;Queda;Luz do Dia;;;Meio de Quadra;;;0;1;0;0;0;0;0;0;0;1;0;0;-3,822257;-38,495262
351508;7;10;2019;09:27;0;RUA SUBLIME;;;;;Queda;Luz do Dia;;;Meio de Quadra;;;0;1;0;0;0;0;0;0;0;1;0;0;;
351510;7;10;2019;09:31;19360;RUA EDUARDO PERDIGAO;AV GODOFREDO MACIEL;;;;Acidente Pessoal;Luz do Dia;;;T;Outros;Comercial;0;1;0;0;0;0;0;0;0;1;0;0;-3,776654;-38,563845
351511;7;10;2019;10:38;0;AV LUCIANO CARNEIRO;;;2650;;Colisão;Luz do Dia;;;Meio de Quadra;;;0;1;0;1;0;0;0;0;0;1;0;0;-3,7718289;-38,5387727
351512;7;10;2019;11:42;0;AV L CJ CEARA;;;;;Colisão;Luz do Dia;;;Meio de Quadra;;;0;1;0;1;0;0;0;0;0;1;0;0;;
351514;7;10;2019;12:34;0;AV ANTONIO SALES;;;2020;;Atropelamento;Luz do Dia;;;Meio de Quadra;;;0;1;0;1;0;0;0;0;0;0;0;0;-3,7443135;-38,50606875
351515;7;10;2019;12:58;0;RUA VITAL BRASIL;;;1701;;Colisão;Luz do Dia;;;Meio de Quadra;;;0;1;0;0;0;0;0;0;0;1;0;0;-3,77858;-38,595995
351516;7;10;2019;13:47;0;AV PERIMETRAL;;;381;;Colisão;Luz do Dia;;;Meio de Quadra;;;0;2;0;1;0;0;0;0;0;1;0;0;;
351527;7;10;2019;14:25;0;RUA BERNARDO MANUEL;;;8545;;Colisão;Luz do Dia;;;Meio de Quadra;;;0;1;0;1;0;0;0;0;0;1;0;0;-3,794072286;-38,550004
351536;7;10;2019;15:35;3233;RUA EMILIO DE MENESES;RUA ARACA;;;;Colisão;Luz do Dia;;;Cruz;Pare;Comercial;0;1;0;0;0;0;0;0;0;0;0;0;-3,782708;-38,584038
351537;7;10;2019;16:51;17331;RUA ROMEU MARTINS;RUA BAR CANINDE;;;;Colisão;Luz do Dia;;;Cruz;Pare;Residencial;0;1;0;1;0;0;0;0;0;1;0;0;-3,76489;-38,554694
351538;7;10;2019;17:09;0;RUA GAL CLARINDO DE QUEIROZ;;;770;;Colisão;Anoitecer;;;Meio de Quadra;;;0;1;0;0;0;0;1;0;0;1;0;0;-3,732353;-38,531279
351534;7;10;2019;14:40;0;RUA FLOR DE LIS;;;544;;Queda;Luz do Dia;;;Meio de Quadra;;;0;1;0;0;0;0;0;0;0;1;0;0;;
351540;7;10;2019;17:38;0;AV ISABEL BEZERRA;;;338;;Colisão;Anoitecer;;;Meio de Quadra;;;0;1;0;0;0;0;0;0;0;1;0;0;-3,8047989;-38,6293646
351543;7;10;2019;17:56;0;AV DES GONZAGA;;;1743;;Colisão;Anoitecer;;;Meio de Quadra;;;0;2;0;1;0;0;0;0;0;1;0;0;-3,8017018;-38,4967482
351545;7;10;2019;17:56;0;AV H CJ CEARA;;;1375;;Colisão;Anoitecer;;;Meio de Quadra;;;0;1;0;0;0;0;0;0;0;0;0;0;-3,77581;-38,610207
351558;7;10;2019;20:20;0;RUA MARGARIDA DE QUEIROZ;;;497;;Colisão;;;;Meio de Quadra;;;0;1;0;1;0;0;0;0;0;1;0;0;-3,793757;-38,503091
351559;7;10;2019;20:31;0;RUA TERESINA;;;985;;Queda;;;;Meio de Quadra;;;0;1;0;0;0;0;0;0;0;1;0;0;-3,762633254;-38,59345297
351560;7;10;2019;22:07;0;RUA GAL GOIS MONTEIRO;;;810;;Atropelamento;;;;Meio de Quadra;;;0;1;0;0;0;0;0;0;0;1;0;0;-3,8022339;-38,4820914
351561;7;10;2019;22:10;0;AV VICENTE DE CASTRO;;;4521;;Colisão;;;;Meio de Quadra;;;0;1;0;1;0;0;0;0;0;1;0;0;-3,72026;-38,47673
351562;7;10;2019;23:06;0;RUA ALVARO FERNANDES;;;191;;Colisão;;;;Meio de Quadra;;;0;1;0;1;0;0;0;0;0;1;0;0;-3,760646778;-38,554131
351742;7;10;2019;07:20;0;RUA GERMANO FRANCK;;;;;Colisão;Luz do Dia;;;Meio de Quadra;;;0;0;1;0;0;0;0;0;0;0;0;1;;
351733;7;10;2019;00:20;0;AV PRS CASTELO BRANCO;;;;;Atropelamento;;;;Meio de Quadra;;;0;1;1;0;0;0;0;0;0;0;0;0;;
351734;7;10;2019;01:50;17315;RUA DES PRAXEDES;RUA PDE JOAO PIAMARTA;;;;Colisão;;;;;;;0;0;2;0;0;0;0;0;0;1;0;0;-3,762866;-38,543546
351778;7;10;2019;06:40;0;RD BR 116;;;5000;KM-05;Colisão Traseira;Luz do Dia;;;Meio de Quadra;;;0;1;4;1;0;0;0;0;0;0;0;0;-3,796502;-38,506787
351548;7;10;2019;18:11;0;AV AGUANAMBI;;;155;;Colisão;Anoitecer;;;Meio de Quadra;;;0;1;0;0;0;0;0;0;0;0;0;0;-3,738683;-38,524628
351551;7;10;2019;18:26;0;RUA DA PAZ;;;378;;Colisão;Anoitecer;;;Meio de Quadra;;;0;1;0;1;0;0;0;0;0;1;0;0;-3,72494;-38,48623
351552;7;10;2019;18:54;0;RUA ANTONIO NERY;;;937;;Atropelamento;;;;Meio de Quadra;;;0;2;0;0;0;0;0;0;0;1;0;0;-3,780858529;-38,60094212
351554;7;10;2019;19:08;0;AV JOAO PESSOA;;;3955;;Colisão;;;;Meio de Quadra;;;0;2;0;1;0;0;0;0;0;1;0;0;-3,7488224;-38,5462114
351796;7;10;2019;17:00;0;RD BR 116;;;3000;KM-03;Colisão Lateral;Anoitecer;;;Meio de Quadra;;;0;2;1;1;0;0;1;0;0;0;0;0;-3,779838;-38,514372
351643;8;10;2019;14:04;0;AV 13 DE MAIO;;;1900;;Colisão;Luz do Dia;;;Meio de Quadra;;;0;1;0;0;0;0;0;0;0;1;0;0;-3,745129;-38,534255
351644;8;10;2019;14:23;0;AV JOVITA FEITOSA;;;;;Atropelamento;Luz do Dia;;;Meio de Quadra;;;0;1;0;0;0;0;0;0;0;1;0;0;;
351660;8;10;2019;14:39;0;AV FRANCISCO SA;;;5928;;Colisão;Luz do Dia;;;Meio de Quadra;;;0;1;0;1;0;0;0;0;0;1;0;0;-3,7104045;-38,577821
351661;8;10;2019;15:30;0;AV COSTA OESTE;;;957;;Colisão;Luz do Dia;;;Meio de Quadra;;;0;1;0;0;0;0;0;0;0;0;0;0;-3,6943774;-38,5842249
351666;8;10;2019;16:34;0;AV PERIMETRAL;;;;;Colisão;Luz do Dia;;;Meio de Quadra;;;0;1;0;0;0;0;0;0;0;0;0;0;;
351701;8;10;2019;18:49;0;RUA POMPILIO GOMES;;;1114;;Colisão;;;;Meio de Quadra;;;0;1;0;0;0;0;0;0;0;0;0;0;;
351689;8;10;2019;18:15;0;AV CARNEIRO DE MENDONCA;;;556;;Colisão;Anoitecer;;;Meio de Quadra;;;0;1;0;0;0;0;0;0;0;1;0;0;-3,765329;-38,564346
351671;8;10;2019;16:56;0;AV PERIMETRAL;;;5295;;Colisão;Luz do Dia;;;Meio de Quadra;;;0;3;0;0;0;0;0;0;0;1;0;0;;
351674;8;10;2019;17:06;0;AV DOMINGOS OLIMPIO;;;519;;Colisão;Anoitecer;;;Meio de Quadra;;;0;1;0;1;0;0;0;0;0;1;0;0;-3,73742;-38,528511
351679;8;10;2019;17:08;0;RUA ANTONIO PEREIRA;;;528;;Colisão;Anoitecer;;;Meio de Quadra;;;0;1;0;0;0;0;0;0;0;0;0;0;-3,83282;-38,56575
351682;8;10;2019;17:28;0;AV ABOLICAO;;;;;Colisão;Anoitecer;;;;;;0;1;1;1;0;0;0;0;0;1;0;0;;
351686;8;10;2019;17:40;0;RUA DR JOSE ROBERTO SALES;;;;;Queda;Anoitecer;;;Meio de Quadra;;;0;1;0;0;0;0;0;0;0;1;0;0;;
351687;8;10;2019;17:49;0;AV GODOFREDO MACIEL;;;5833;;Colisão;Anoitecer;;;Meio de Quadra;;;0;1;0;1;0;0;0;0;0;1;0;0;-3,825405;-38,579157
351711;8;10;2019;20:46;0;RUA PERNAMBUCO;;;2023;;Colisão;;;;Meio de Quadra;;;0;2;0;1;0;0;0;0;0;1;0;0;-3,754844213;-38,57489337
351738;8;10;2019;10:52;0;RUA LIV EDESIO;;;;;Colisão;Luz do Dia;;;Meio de Quadra;;;0;0;1;1;0;0;0;0;0;0;0;0;;
351739;8;10;2019;15:00;0;RUA PDE IBIAPINA;;;729;;Colisão;Luz do Dia;;;Meio de Quadra;;;0;0;1;0;0;0;0;0;0;0;0;0;-3,7263143;-38,4913824
351740;8;10;2019;21:30;0;RUA CAP CLOVIS MAIA;;;;;Outros;;;;Meio de Quadra;;;0;0;1;0;0;0;0;0;0;0;0;0;;
351563;8;10;2019;05:34;0;AV PRS CASTELO BRANCO;;;;;Queda;Amanhecer;;;Meio de Quadra;;;0;1;0;0;0;0;0;0;0;1;0;0;;
351564;8;10;2019;06:43;0;AV ALM HENRIQUE SABOIA;;;2286;;Colisão;Luz do Dia;;;Meio de Quadra;;;0;3;0;0;0;0;0;0;0;0;0;0;-3,730739;-38,481793
351565;8;10;2019;06:54;0;AV JOAO PESSOA;;;3653;;Colisão;Luz do Dia;;;Meio de Quadra;;;0;1;0;0;0;0;1;0;0;1;0;0;-3,74679;-38,544388
351566;8;10;2019;07:28;0;AV DR SILAS MUNGUBA;;;5475;;Atropelamento;Luz do Dia;;;Meio de Quadra;;;0;1;0;0;0;0;0;0;0;1;0;0;-3,800522818;-38,530285
351567;8;10;2019;08:10;0;RUA ALUISIO AZEVEDO;;;821;;Atropelamento;Luz do Dia;;;Meio de Quadra;;;0;1;0;1;0;0;0;0;0;0;0;0;-3,770212;-38,579184
351568;8;10;2019;08:44;0;RUA TULIPA;;;363;;Colisão;Luz do Dia;;;Meio de Quadra;;;0;1;0;1;0;0;0;0;0;1;0;0;-3,713467243;-38,57916743
351569;8;10;2019;10:12;0;RUA COS LAFAYETE;;;282;;Colisão;Luz do Dia;;;Meio de Quadra;;;0;1;0;1;0;0;0;0;0;1;0;0;-3,73322;-38,57435
351570;8;10;2019;11:40;0;AV JOAO DE ARAUJO LIMA;;;;;Atropelamento;Luz do Dia;;;Meio de Quadra;;;0;1;0;0;0;0;0;0;0;1;0;0;;
351571;8;10;2019;12:59;0;AV COS GOMES DE FREITAS (SAPIRANGA/COITE);;;3340;;Atropelamento;Luz do Dia;;;Meio de Quadra;;;0;1;0;0;0;0;0;0;0;1;0;0;-3,795487;-38,477418
351572;8;10;2019;13:01;0;RUA VALMIR PONTES;;;;;Colisão;Luz do Dia;;;Meio de Quadra;;;0;2;0;1;0;0;0;0;0;1;0;0;;
351573;8;10;2019;13:23;0;AV PRS CASTELO BRANCO;;;168;;Colisão;Luz do Dia;;;Meio de Quadra;;;0;1;0;1;0;0;0;0;0;1;0;0;-3,72312;-38,521563
350276;8;10;2019;01:10;0;RUA 15 DE NOVEMBRO;;;351;;Choque c/ Obstáculo Fixo;Via Iluminada;Bom;Seca;Meio de Quadra;Não Há Controle;Residencial;0;1;1;1;0;0;0;0;0;0;0;0;-3,7683734;-38,5574581
350794;8;10;2019;08:41;17357;RUA ALAN KARDEC;RUA QUEIROZ RIBEIRO;;0;;Colisão Transversal;Luz do Dia;Bom;Seca;Cruz;Pare;Residencial;0;1;1;1;0;0;0;0;0;1;0;0;-3,765962;-38,548436
350795;8;10;2019;07:51;0;RUA DR JOSE LINO;;;1030;;Choque c/ Obstáculo Fixo;Luz do Dia;Bom;Seca;Outros;Não Há Controle;Residencial;0;1;1;1;0;0;0;0;0;0;0;0;-3,73089;-38,48221
350796;8;10;2019;09:02;15244;RUA DEP MOREIRA DA ROCHA;RUA JOSE VILAR;;;;Colisão Transversal;Luz do Dia;Bom;Seca;Cruz;Pare;Residencial;0;1;1;1;0;0;0;0;0;0;0;0;-3,727832;-38,502113
350797;8;10;2019;08:30;0;RUA DR JOAO MOREIRA;;;149;;Colisão Traseira;Luz do Dia;Bom;Seca;Meio de Quadra;Não Há Controle;Comercial;0;0;1;1;0;0;0;0;0;0;0;0;-3,723216316;-38,52586921
350798;8;10;2019;13:57;13381;RUA JOAO CORDEIRO;RUA JOAO BRIGIDO;;;;Colisão Transversal;Luz do Dia;Bom;Seca;Cruz;Semáforo;Comercial;0;0;3;0;0;0;0;0;0;1;0;0;-3,739927;-38,51787
350799;8;10;2019;20:00;20688;RUA LERISSE PORTO;RUA ENOQUE FALCAO;;;;Atropelamento;Anoitecer;Bom;Seca;Cruz;Não Há Controle;Residencial;0;1;0;0;0;0;0;0;0;0;0;0;-3,877858;-38,496629
350807;8;10;2019;09:30;0;RUA LIV EDESIO;;;180;;Colisão Frontal;Luz do Dia;Bom;Seca;Meio de Quadra;Não Há Controle;Residencial;0;0;2;1;0;0;0;0;0;0;0;0;-3,750112;-38,497795
350803;8;10;2019;14:06;2794;RUA BOM JESUS (GRANJA LISBOA);RUA VALVERDE;;;;Colisão Lateral;Luz do Dia;Bom;Seca;Cruz;Pare;Residencial;0;1;1;1;0;0;0;0;0;1;0;0;-3,793205;-38,604864
350920;8;10;2019;13:40;0;RD CE-040;;;;KM-10;Colisão;Luz do Dia;;Seca;Meio de Quadra;;;0;0;2;1;0;0;0;0;0;1;0;0;-3,84257666;-38,48088284
350917;8;10;2019;08:30;0;RD CE-040;;;;KM-08;Colisão;Luz do Dia;;Seca;Meio de Quadra;;;0;0;2;1;0;0;0;0;0;0;0;0;-3,825515822;-38,48153832
350924;8;10;2019;14:42;0;RD CE-040;;;;KM-01;Colisão;Luz do Dia;;Seca;Meio de Quadra;;;0;0;2;1;0;0;0;0;0;0;0;0;-3,764650449;-38,48258304
350925;8;10;2019;17:45;0;RD CE-060;;;;KM-03;Colisão;Anoitecer;;Seca;Meio de Quadra;;;0;0;2;1;0;0;0;0;0;0;0;0;-3,843038;-38,585133
350928;9;10;2019;12:30;0;RD CE-040;;;;KM-06;Colisão;Luz do Dia;;Seca;Meio de Quadra;;;0;0;2;1;0;0;0;0;0;0;0;0;-3,809596804;-38,47873348
350943;9;10;2019;02:02;0;AV CARNEIRO DE MENDONCA;;;1090;;Colisão;;;;Meio de Quadra;;;0;1;0;0;0;0;0;0;0;0;0;0;-3,76300263;-38,56881193
350944;9;10;2019;06:37;0;AV MAJ ASSIS;;;495;;Queda;Luz do Dia;;;Meio de Quadra;;;0;1;0;0;0;0;0;0;0;1;0;0;-3,7240986;-38,5829758
350945;9;10;2019;06:55;0;RUA PRO GOMES BRASIL;;;263;;Queda;Luz do Dia;;;Meio de Quadra;;;0;1;0;0;0;1;0;0;0;0;0;0;-3,773338;-38,568096
350946;9;10;2019;07:19;0;RUA NAT FEIJO;;;848;;Outros;Luz do Dia;;;Meio de Quadra;;;0;1;0;0;0;0;0;0;0;0;0;0;-3,721439;-38,556589
350947;9;10;2019;07:29;0;RUA CATOLE;;;2210;;Colisão;Luz do Dia;;;Meio de Quadra;;;0;1;0;1;0;0;0;0;0;1;0;0;-3,84916;-38,520947
350948;9;10;2019;08:11;0;RUA BARBARA DE ALENCAR;;;315;;Outros;Luz do Dia;;;Meio de Quadra;;;0;1;0;0;0;0;0;0;0;0;0;0;-3,735695;-38,521102