COD_ACIDENTE;DIA;MES;ANO;HORA;INTERSECAO;LOG1;LOG2;LOG3;NUMERO;REFERENCIA;NATUREZA;ILUMINACAO;TEMPO;SUPERFICIEPISTA;TIPOCRUZAMENTO;CONTROLETRAFEGO;USOSOLO;MORTOS;FERIDOS;ILESOS;AUTOMOVEL;ONIBUS;BICICLETA;CAMINHAO;MICROONIBUS;CICLOMOTOR;MOTOCICLETA;TRACAOANIMAL;TREM;LATITUDE;LONGITUDE
350949;9;10;2019;08:37;0;RUA JUVENCIO VASCONCELOS;;;;;Colisão;Luz do Dia;;;Meio de Quadra;;;0;1;0;1;0;0;0;0;0;1;0;0;;
350950;9;10;2019;09:28;0;RUA DEMETRIO MENEZES;;;;;Colisão;Luz do Dia;;;Meio de Quadra;;;0;1;0;1;0;0;0;0;0;1;0;0;;
350951;9;10;2019;09:55;0;AV MR HULL;;;4135;;Atropelamento;Luz do Dia;;;Meio de Quadra;;;1;1;1;1;0;0;0;0;0;0;0;0;-3,738202556;-38,58160122
350952;9;10;2019;10:02;0;AV JOSE BASTOS;;;298;;Colisão;Luz do Dia;;;Meio de Quadra;;;0;1;0;0;0;0;0;0;0;0;0;0;-3,7424023;-38,5428047
350953;9;10;2019;10:36;0;RUA SEN ROBERT KENNEDY;;;582;;Colisão;Luz do Dia;;;Meio de Quadra;;;0;2;0;1;0;0;0;0;0;1;0;0;-3,705320259;-38,579606
350954;9;10;2019;11:04;0;RUA BOM JESUS (BARRA DO CEARA);;;569;;Atropelamento;Luz do Dia;;;Meio de Quadra;;;0;1;0;0;0;0;0;0;0;1;0;0;-3,6960257;-38,5804343
350955;9;10;2019;11:07;0;RUA CON DE CASTRO;;;158;;Colisão;Luz do Dia;;;Meio de Quadra;;;0;1;0;1;0;0;0;0;0;1;0;0;-3,77577937;-38,56495816
350956;9;10;2019;11:34;0;AV JOAO DE ARAUJO LIMA;;;2343;CURVA DA VIUVA;Colisão;Luz do Dia;;;Meio de Quadra;;;0;2;0;0;0;0;0;0;0;0;0;0;-3,842874034;-38,56283346
350957;9;10;2019;12:38;0;RUA E LT PARAISO VERDE;;;110;;Queda;Luz do Dia;;;Meio de Quadra;;;0;1;0;0;0;1;0;0;0;0;0;0;-3,8125572;-38,6220612
350958;9;10;2019;13:00;0;AV WASHINGTON SOARES;;;4446;;Atropelamento;Luz do Dia;;;Meio de Quadra;;;0;1;0;1;0;0;0;0;0;0;0;0;-3,7923043;-38,4803005
350959;9;10;2019;13:06;0;RUA CEL FABRICIANO;;;1548;;Colisão;Luz do Dia;;;Meio de Quadra;;;0;1;0;0;0;0;0;0;0;0;0;0;-3,7833125;-38,605868
350960;9;10;2019;13:07;0;AV FRANCISCO SA;;;275;;Colisão;Luz do Dia;;;Meio de Quadra;;;0;1;0;0;0;0;0;0;0;0;0;0;-3,71395;-38,56749
350961;9;10;2019;14:11;0;RUA ARTUR DE CARVALHO;;;640;;;Luz do Dia;;;Meio de Quadra;;;0;1;0;1;0;0;0;0;0;1;0;0;-3,7962618;-38,6012459
350962;9;10;2019;14:17;0;RUA MIN ALBUQUERQUE LIMA;;;1414;;Colisão;Luz do Dia;;;Meio de Quadra;;;0;1;0;1;0;0;0;0;0;1;0;0;-3,770591923;-38,60040246
350963;9;10;2019;14:39;0;AV GODOFREDO MACIEL;;;2440;;Atropelamento;Luz do Dia;;;Meio de Quadra;;;0;1;0;0;0;0;0;0;0;0;0;0;-3,796849;-38,570037
350964;9;10;2019;15:15;0;AV 13 DE MAIO;;;2081;;Colisão;Luz do Dia;;;Meio de Quadra;;;0;1;0;1;0;0;0;0;0;1;0;0;-3,744162;-38,535383
350965;9;10;2019;15:35;0;RUA BERNARDO MANUEL;;;13710;;Colisão;Luz do Dia;;;Meio de Quadra;;;0;1;0;0;0;0;0;0;0;1;0;0;-3,838205582;-38,56356931
350966;9;10;2019;16:58;0;AV COS GOMES DE FREITAS (SAPIRANGA/COITE);;;1217;;Atropelamento;Luz do Dia;;;Meio de Quadra;;;0;1;0;0;0;0;0;0;0;1;0;0;-3,79475;-38,46789
350967;9;10;2019;17:43;0;AV SGT HERMINIO SAMPAIO;;;2346;;Atropelamento;Anoitecer;;;Meio de Quadra;;;0;1;0;0;0;0;0;0;0;1;0;0;-3,7266353;-38,5618689
350968;9;10;2019;19:02;12580;RUA ROSINHA SAMPAIO;RUA PDE TEODORO (QUNTINO CUNHA);;;;Colisão;Anoitecer;;;Cruz;Pare;Residencial;0;1;0;0;0;0;0;0;0;0;0;0;-3,725989;-38,591336
350969;9;10;2019;20:17;0;AV PRS JUSCELINO KUBITSCHEK (PASSARÉ);;;3700;;Colisão;;;;Meio de Quadra;;;0;1;0;1;0;0;0;0;0;1;0;0;-3,813772;-38,529791
350970;9;10;2019;21:59;0;AV PINTO BANDEIRA D56;;;247;;Colisão;;;;Meio de Quadra;;;0;1;0;0;0;0;0;0;0;0;0;0;-3,774227607;-38,48704652
350971;9;10;2019;05:06;7426;AV SEN FERNANDES TAVORA;RUA NATAL;;;;Colisão;Amanhecer;;;Cruz;Não Há Controle;Comercial;0;1;0;1;0;0;0;0;0;1;0;0;-3,757915;-38,590172
350804;9;10;2019;15:03;0;RUA VALDETARIO MOTA;;;0;;Colisão Lateral;Luz do Dia;Bom;Seca;Cruz;Semáforo;Residencial;0;0;2;1;0;0;0;0;0;1;0;0;;
350805;9;10;2019;14:07;25735;RUA DR JOSE FURTADO;RUA VIRGILIO PAES;;;;Colisão Lateral;Luz do Dia;Bom;Seca;T;Pare;Residencial;0;2;1;1;0;0;0;0;0;1;0;0;-3,79722;-38,488225
350806;9;10;2019;09:20;0;RUA BARBARA DE ALENCAR;;;315;;Choque c/ Obstáculo Fixo;Luz do Dia;Bom;Seca;Meio de Quadra;Não Há Controle;Comercial;0;0;1;1;0;0;0;0;0;0;0;0;-3,735695;-38,521102
350800;9;10;2019;07:31;17378;RUA ALBERTO MAGNO;RUA ROMEU MARTINS;;;;Colisão Transversal;Luz do Dia;Bom;Seca;Cruz;Pare;Comercial;0;0;2;1;0;0;0;0;0;1;0;0;-3,766914;-38,551758
350801;9;10;2019;08:15;3883;AV DOS EXPEDICIONARIOS;RUA COSTA SOUZA;;;;Colisão Transversal;Luz do Dia;Bom;Seca;T;Pare;Comercial;0;1;2;1;0;0;0;0;0;1;0;0;-3,747745;-38,535932
350802;9;10;2019;07:47;0;RUA PRO RAIMUNDO VITOR;;;60;;Colisão Lateral;Luz do Dia;Bom;Seca;Meio de Quadra;Pare;Residencial;0;0;2;0;0;0;0;0;0;0;0;0;-3,736562806;-38,56613693
350808;10;10;2019;08:23;0;RUA MARTINS NETO;;;317;;Colisão Frontal;Luz do Dia;Bom;Seca;Meio de Quadra;Pare;Residencial;0;0;2;1;0;0;0;0;0;0;0;0;-3,740201;-38,587841
350809;10;10;2019;08:30;0;AV DUQ CAXIAS;;;1037;;Colisão Traseira;Luz do Dia;Bom;Seca;Meio de Quadra;Semáforo;Comercial;0;0;1;1;0;0;0;0;1;0;0;0;-3,730566833;-38,53367275
350810;10;10;2019;10:12;15531;AV FRE CIRILO;RUA PAULO SETUBAL;;;;Colisão Transversal;Luz do Dia;Bom;Seca;T;Semáforo;Comercial;0;0;2;1;0;0;0;0;0;0;0;0;-3,820502;-38,496028
350811;10;10;2019;14:11;0;AV CARAPINIMA;;;2200;SHOPPING BENFICA;Colisão Traseira;Luz do Dia;Bom;Seca;Meio de Quadra;Semáforo;Comercial;0;1;1;1;0;0;0;0;0;1;0;0;-3,7394995;-38,5397075
350812;10;10;2019;15:04;0;RUA DR ALFREDO WEYNE D14;RUA COELHO NETO;;;;Colisão Transversal;Luz do Dia;Bom;Seca;Meio de Quadra;Pare;Residencial;0;1;1;1;0;0;0;0;0;1;0;0;;
350813;10;10;2019;16:27;0;RUA BENTO ALBUQUERQUE;;;360;;Colisão;Luz do Dia;Bom;Seca;Meio de Quadra;Semáforo;Residencial;0;1;1;0;0;0;0;0;0;1;0;0;-3,742678;-38,486538
350814;10;10;2019;15:15;15360;AV DES MOREIRA;AV DOM LUIS;;;;Colisão Lateral;Luz do Dia;Bom;Seca;Rotatória;Semáforo;Comercial;0;1;1;1;0;0;0;0;0;1;0;0;-3,733239;-38,497383
350815;10;10;2019;15:38;271;AV JOVITA FEITOSA;RUA AMADEU FURTADO;;;;Colisão Traseira;Luz do Dia;Bom;Seca;Cruz;Semáforo;Comercial;0;1;1;1;0;0;0;0;0;1;0;0;-3,741173;-38,562915
350816;10;10;2019;19:00;12521;AV AUGUSTO DOS ANJOS;RUA JULIO BRAGA;;0;;Colisão Frontal;Via Iluminada;Bom;Seca;Cruz;Semáforo;Comercial;0;0;2;1;0;0;0;0;0;1;0;0;-3,776779;-38,576193
350972;10;10;2019;06:32;0;RUA AZEVEDO BOLAO;;;1070;;Colisão;Luz do Dia;;;Meio de Quadra;;;0;1;0;1;0;0;0;0;0;1;0;0;-3,7379616;-38,5641471
350973;10;10;2019;06:43;0;AV A CJ JOSE WALTER;;;220;;Colisão;Luz do Dia;;;Meio de Quadra;;;0;4;0;0;0;0;0;0;0;1;0;0;-3,825286462;-38,55273085
350974;10;10;2019;06:45;0;RUA VIRIATO RIBEIRO;;;1295;;Colisão;Luz do Dia;;;Meio de Quadra;;;0;1;0;1;0;0;0;0;0;1;0;0;-3,747181;-38,564284
350975;10;10;2019;07:11;0;RUA EMILIO DE MENESES;;;;;Colisão;Luz do Dia;;;Meio de Quadra;;;0;1;0;1;0;0;0;0;0;1;0;0;;
350976;10;10;2019;07:17;0;RUA VERBENA;;;788;;Colisão;Luz do Dia;;;Meio de Quadra;;;0;1;0;1;0;0;0;0;0;1;0;0;-3,783022;-38,58929973
350978;10;10;2019;09:43;0;AV WASHINGTON SOARES;;;;;Colisão;Luz do Dia;;;Meio de Quadra;;;0;1;0;1;0;0;0;0;0;1;0;0;;
350979;10;10;2019;11:36;0;RUA MON SALAZAR;;;1362;;Colisão;Luz do Dia;;;Meio de Quadra;;;0;1;0;1;0;0;0;0;0;1;0;0;-3,75545875;-38,5070155
350980;10;10;2019;11:53;0;AV GODOFREDO MACIEL;;;2113;;Colisão;Luz do Dia;;;Meio de Quadra;;;0;1;0;1;0;0;0;0;0;1;0;0;-3,794361661;-38,56924236
350981;10;10;2019;11:54;0;RUA NUNES VALENTE;;;2322;;Colisão;Luz do Dia;;;Meio de Quadra;;;0;1;0;1;0;0;0;0;0;1;0;0;-3,74475;-38,50648
350982;10;10;2019;13:35;0;AV VIS RIO BRANCO;;;4000;;Outros;Luz do Dia;;;Meio de Quadra;;;0;1;0;0;0;0;0;0;0;0;0;0;-3,755643;-38,520075
350929;10;10;2019;09:03;0;RD CE-040;;;;KM-04;Colisão;Luz do Dia;;Seca;Meio de Quadra;;;0;0;3;1;0;0;1;0;0;0;0;0;-3,791613156;-38,48033084
350930;10;10;2019;16:45;0;RD CE-040;;;;KM-02;Colisão;Luz do Dia;;Seca;Meio de Quadra;;;0;0;2;0;0;0;0;0;0;0;0;0;-3,773616148;-38,4817994
350993;10;10;2019;13:35;18028;RUA RENATO BRAGA;AV DIOGUINHO;;;;Colisão;Luz do Dia;;;Cruz;Semáforo;Comercial;0;1;0;1;0;0;0;0;0;0;0;0;-3,731428;-38,458889
350994;10;10;2019;14:27;0;RUA 107 CJ NOVO MONDUBIM;;;292;;Atropelamento;Luz do Dia;;;Meio de Quadra;;;0;1;0;0;0;0;0;0;0;1;0;0;-3,8131592;-38,5911826
350995;10;10;2019;14:30;0;RUA CAMPO MAIOR;;;237;;Queda;Luz do Dia;;;Meio de Quadra;;;0;1;0;0;0;1;0;0;0;0;0;0;-3,7955203;-38,5526622
350996;10;10;2019;14:43;0;RUA HONORIO VIEIRA;;;420;;Queda;Luz do Dia;;;Meio de Quadra;;;0;1;0;0;0;0;0;0;0;1;0;0;-3,790954254;-38,48699897
350997;10;10;2019;14:51;0;AV SANTOS DUMONT;;;;;Queda;Luz do Dia;;;Meio de Quadra;;;0;1;0;0;0;0;0;0;0;1;0;0;;
350998;10;10;2019;15:15;0;AV DOM LUIS;;;;;Colisão;Luz do Dia;;;Meio de Quadra;;;0;1;0;1;0;0;0;0;0;1;0;0;;
350999;10;10;2019;15:16;0;AV DES MOREIRA;;;500;;Colisão;Luz do Dia;;;Meio de Quadra;;;0;1;0;1;0;0;0;0;0;1;0;0;-3,730308;-38,496432
351000;10;10;2019;15:22;0;RUA BENTO ALBUQUERQUE;;;399;;Colisão;Luz do Dia;;;Meio de Quadra;;;0;1;0;1;0;0;0;0;0;1;0;0;-3,743274;-38,484685
351002;10;10;2019;17:02;0;RUA BAIXA DO MILAGRE;;;3488;;Atropelamento;Anoitecer;;;Meio de Quadra;;;0;1;0;1;0;0;0;0;0;0;0;0;-3,732666644;-38,60212158
351003;10;10;2019;17:04;0;AV SEN FERNANDES TAVORA;;;2870;;Colisão;Anoitecer;;;Meio de Quadra;;;0;1;0;1;0;0;0;0;0;1;0;0;-3,755286;-38,597421
351004;10;10;2019;17:28;0;RUA BAR CANINDE;;;270;;Colisão;Anoitecer;;;Meio de Quadra;;;0;1;0;0;0;0;0;0;0;1;0;0;-3,772539147;-38,55809297
351005;10;10;2019;17:45;0;AV GAL OSORIO DE PAIVA;;;2821;;Colisão;Anoitecer;;;Meio de Quadra;;;0;1;0;0;0;0;0;0;0;0;0;0;-3,788246;-38,585999
351006;10;10;2019;17:49;0;AV PRS CASTELO BRANCO;;;1227;;Atropelamento;Anoitecer;;;Meio de Quadra;;;0;1;0;0;0;0;0;0;0;1;0;0;-3,7172159;-38,53978845
351007;10;10;2019;17:54;0;RUA CANDIDO MAIA;;;;;Atropelamento;Anoitecer;;;Meio de Quadra;;;0;1;0;0;0;0;0;0;0;0;0;0;;
351008;10;10;2019;17:57;0;RUA VIRGILIO NOGUEIRA PAES;;;1360;;Colisão;Anoitecer;;;Meio de Quadra;;;0;1;0;1;0;0;0;0;0;1;0;0;-3,795260167;-38,61083004
350278;10;10;2019;06:38;0;AV MON TABOSA;AV PRS CASTELO BRANCO;;;;Colisão Lateral;Luz do Dia;Bom;Seca;Meio de Quadra;Semáforo Intermitente;Comercial;0;1;1;1;0;0;0;0;0;1;0;0;-3,723554;-38,519439
351743;10;10;2019;08:25;0;AV GODOFREDO MACIEL;;;;;Colisão;Luz do Dia;;;Meio de Quadra;;;0;0;1;1;0;0;0;0;0;0;0;0;;
351748;10;10;2019;21:00;0;RUA SAO ANASTACIO;;;15;;Colisão;;;;Meio de Quadra;;;0;0;1;0;0;0;0;0;0;0;0;0;-3,77062;-38,49261
351746;10;10;2019;15:40;0;RD BR 020;;;;KM 416;Colisão;Luz do Dia;;;Meio de Quadra;;;0;0;1;0;0;0;0;0;0;1;0;0;;
351329;10;10;2019;23:36;13402;RUA ILDEFONSO ALBANO;AV ANTONIO SALES;;;;Colisão;;;;Cruz;Semáforo;Comercial;0;1;0;1;0;0;0;0;0;1;0;0;-3,741238;-38,515947
351314;10;10;2019;10:18;24909;AV MOZART PINHEIRO DE LUCENA;RUA ROSINHA SAMPAIO;;;;Outros;Luz do Dia;;;Cruz;Pare;Comercial;0;1;0;0;0;0;0;0;0;0;0;0;-3,724211;-38,597432
351315;10;10;2019;18:31;0;AV PERIMETRAL;;;1891;;Colisão;;;;Meio de Quadra;;;0;1;0;1;0;0;0;0;0;1;0;0;;
351316;10;10;2019;18:34;0;AV MOZART PINHEIRO DE LUCENA;;;2305;;Outros;;;;Meio de Quadra;;;0;1;0;0;0;0;0;0;0;0;0;0;-3,724211;-38,597432
351317;10;10;2019;10:56;0;RUA RAIMUNDO NERY;;;355;;Colisão;Luz do Dia;;;Meio de Quadra;;;0;1;0;0;0;0;0;0;0;1;0;0;-3,795067;-38,586043
351318;10;10;2019;18:58;0;AV GAL OSORIO DE PAIVA;;;4699;;Atropelamento;;;;Meio de Quadra;;;0;1;0;0;0;0;0;0;0;1;0;0;-3,8002546;-38,5977373
351319;10;10;2019;18:58;0;AV GAL OSORIO DE PAIVA;;;4699;;Atropelamento;;;;Meio de Quadra;;;0;1;0;1;0;0;0;0;0;0;0;0;-3,8002546;-38,5977373
351320;10;10;2019;19:04;0;RD BR 116;;;;;Colisão;;;;Meio de Quadra;;;0;1;0;0;0;0;0;0;0;0;0;0;;
351321;10;10;2019;22:42;0;RUA OLIVEIRA VIANA;;;290;;Colisão;;;;Meio de Quadra;;;0;1;0;0;0;0;0;0;0;0;0;0;-3,73101;-38,47838
351813;10;10;2019;18:20;0;RD BR 116;;;2000;KM-02;Colisão Lateral;Anoitecer;;;Meio de Quadra;;;0;0;2;1;0;0;0;0;0;1;0;0;-3,771391;-38,51678
351815;11;10;2019;02:10;0;RD BR 116;;;8000;KM-08;Colisão Traseira;;;;Meio de Quadra;;;0;1;2;1;0;0;0;0;0;0;0;0;-3,822018;-38,503269
351828;11;10;2019;19:41;0;RUA CEL VIRGILIO NOGUEIRA (BOM JARDIM);;;1294;;Colisão;;;;Meio de Quadra;;;0;1;0;1;0;0;0;0;0;1;0;0;-3,79497;-38,61076
351831;11;10;2019;20:14;0;AV ROGACIANO LEITE;;;;;Queda;;;;Meio de Quadra;;;0;1;0;0;0;0;0;0;0;1;0;0;;
351832;11;10;2019;22:10;0;AV MR HULL;;;4173;;Colisão;;;;Meio de Quadra;;;0;2;0;1;0;1;0;0;0;0;0;0;-3,738256741;-38,58196996
351833;11;10;2019;23:41;0;RUA BERNARDO MANUEL;;;;;Colisão;;;;Meio de Quadra;;;0;1;0;0;0;0;0;0;0;1;0;0;;
351799;11;10;2019;17:52;0;AV DIOGUINHO;;;5940;BARATAO;Colisão;Anoitecer;;;Meio de Quadra;;;0;1;0;1;0;0;0;0;0;1;0;0;-3,7665;-38,4407865
351800;11;10;2019;07:58;0;AV GAL OSORIO DE PAIVA;;;3700;;Atropelamento;Luz do Dia;;;Meio de Quadra;;;0;1;0;0;0;0;0;0;0;0;0;0;-3,792451908;-38,59011848
351801;11;10;2019;18:56;0;AV AGUANAMBI;;;560;;Colisão;;;;Meio de Quadra;;;0;1;0;1;0;0;0;0;0;1;0;0;-3,7417536;-38,5260455
351802;11;10;2019;19:10;0;RUA FRE ODILON;;;624;;Queda;;;;Meio de Quadra;;;0;1;0;0;0;1;0;0;0;0;0;0;-3,7311263;-38,5727771
351803;11;10;2019;19:19;0;RUA AMANCIO PEREIRA;;;777;;Colisão;;;;Meio de Quadra;;;0;1;0;1;0;1;0;0;0;0;0;0;-3,81292;-38,52233
351858;11;10;2019;00:15;0;AV DR THEBERGE;;;;;Colisão;;;;Meio de Quadra;;;0;0;1;0;0;0;0;0;0;0;0;0;;
351330;11;10;2019;00:12;0;AV GUTEMBERG;;;2170;;Colisão;;;;Meio de Quadra;;;0;1;0;0;0;0;0;0;0;0;0;0;;
351331;11;10;2019;07:38;0;RUA PARAISO VERDE;;;690;;Colisão;Luz do Dia;;;Meio de Quadra;;;0;1;0;1;0;0;0;0;0;1;0;0;-3,81304;-38,62138
351332;11;10;2019;08:02;0;RUA DR GILBERTO STUDART;;;423;;Colisão;Luz do Dia;;;Meio de Quadra;;;0;1;0;0;0;0;0;0;0;0;0;0;-3,742559;-38,484239
351333;11;10;2019;09:16;0;AV GAL MURILO BORGES;;;;;Colisão;Luz do Dia;;;Meio de Quadra;;;0;1;0;1;0;0;0;0;0;1;0;0;;
351336;11;10;2019;11:14;0;AV ENG HUMBERTO MONTE;;;1065;;Atropelamento;Luz do Dia;;;Meio de Quadra;;;0;1;0;0;0;0;0;0;0;1;0;0;-3,749708163;-38,56001896
351337;11;10;2019;11:17;0;AV GOV RAUL BARBOSA;;;5006;;Colisão;Luz do Dia;;;Meio de Quadra;;;0;1;0;1;0;0;0;0;0;1;0;0;-3,7633778;-38,5086914
351338;11;10;2019;11:25;0;AV SEN FERNANDES TAVORA;;;623;;Queda;Luz do Dia;;;Meio de Quadra;;;0;1;0;0;0;1;0;0;0;0;0;0;-3,764088;-38,57859
351339;11;10;2019;11:40;0;RUA SEN ALVARO ADOLFO;;;1482;;Colisão;Luz do Dia;;;Meio de Quadra;;;0;1;0;0;0;0;0;0;0;1;0;0;-3,7335658;-38,582071
351340;11;10;2019;12:20;0;AV SANTOS DUMONT;;;2075;;Colisão;Luz do Dia;;;Meio de Quadra;;;0;1;0;1;0;0;0;0;0;1;0;0;-3,733905846;-38,50549938
351758;11;10;2019;15:59;0;AV SEN CARLOS JEREISSATI (AEROPORTO);;;;;Colisão;Luz do Dia;;;Meio de Quadra;;;0;1;0;1;0;0;0;0;0;1;0;0;;
351759;11;10;2019;16:24;0;AV GAL OSORIO DE PAIVA;;;424;;Atropelamento;Luz do Dia;;;Meio de Quadra;;;0;1;0;0;0;0;0;0;0;1;0;0;-3,7759788;-38,5670366
351760;11;10;2019;17:02;0;AV DEP PAULINO ROCHA;;;1851;;Colisão;Anoitecer;;;Meio de Quadra;;;0;1;0;1;0;0;0;0;0;1;0;0;-3,811508482;-38,51382444
351768;11;10;2019;17:23;0;RUA SENA MADUREIRA;;;760;;Colisão;Anoitecer;;;Meio de Quadra;;;0;1;0;0;0;0;0;0;0;0;0;0;-3,727736;-38,525891
351769;11;10;2019;17:33;0;AV GAL OSORIO DE PAIVA;;;6100;;Atropelamento;Anoitecer;;;Meio de Quadra;;;0;1;0;0;0;0;0;0;0;1;0;0;-3,809369;-38,606539
351762;11;10;2019;17:06;7951;AV PONTES VIEIRA;RUA OSVALDO CRUZ (ALDEOTA);;;;Colisão;Anoitecer;;;Cruz;Semáforo;Comercial;0;1;0;0;0;0;0;0;0;1;0;0;-3,751781;-38,505539
351765;11;10;2019;14:50;0;AV SANTOS DUMONT;;;;;Colisão;Luz do Dia;;;Meio de Quadra;;;0;0;1;0;0;0;0;0;0;1;0;0;;
351766;11;10;2019;00:01;0;RUA OLIVEIRA VIANA;;;330;;Colisão;;;;Meio de Quadra;;;0;0;1;1;0;0;0;0;0;0;0;0;-3,7311421;-38,4778866
351749;11;10;2019;15:06;0;RD CE-060;;;;;Colisão;Luz do Dia;;;Meio de Quadra;;;0;0;1;0;0;0;0;0;0;0;0;0;;
351750;11;10;2019;18:45;15372;RUA CEL JUCA;AV DOM LUIS;;;;Colisão;;;;Cruz;Semáforo;Comercial;0;0;1;0;0;0;0;0;0;0;0;0;-3,735452;-38,490579
351720;11;10;2019;13:14;0;AV GOV PARSIFAL BARROSO;;;;;Colisão;Luz do Dia;;;Meio de Quadra;;;0;1;0;1;0;0;0;0;0;1;0;0;;
351721;11;10;2019;13:26;0;AV JOAO PESSOA;;;6943;;Colisão;Luz do Dia;;;Meio de Quadra;;;0;1;0;1;0;0;0;0;0;1;0;0;-3,771044;-38,561379
351722;11;10;2019;13:38;0;RUA BERNARDO MANUEL;;;10231;;;Luz do Dia;;;Meio de Quadra;;;0;1;0;0;0;0;0;0;0;1;0;0;-3,808745581;-38,5544935
351723;11;10;2019;14:12;0;RUA EMIDIO LOBO;;;;;Colisão;Luz do Dia;;;Meio de Quadra;;;0;1;0;1;0;0;0;0;0;1;0;0;;
351724;11;10;2019;14:35;0;AV CARNEIRO DE MENDONCA;;;455;;Colisão;Luz do Dia;;;Meio de Quadra;;;0;1;0;1;0;0;0;0;0;1;0;0;-3,765664429;-38,56355557
351725;11;10;2019;14:37;0;RUA CEL JOAQUIM FRANKLIN;;;1006;;Queda;Luz do Dia;;;Meio de Quadra;;;0;1;0;0;0;0;0;0;0;1;0;0;-3,743697;-38,596316
351726;11;10;2019;14:37;0;RUA MANUEL FIGUEIREDO;;;223;;Colisão;Luz do Dia;;;Meio de Quadra;;;0;1;0;0;0;0;0;0;0;0;0;0;-3,822446608;-38,51043894
351727;11;10;2019;15:06;0;RUA NATAL;;;688;;Colisão;Luz do Dia;;;Meio de Quadra;;;0;1;0;0;0;0;0;0;0;1;0;0;-3,76182241;-38,59221343
350281;11;10;2019;20:07;4251;AV FRANCISCO SA;RUA MARIO STUDART;;;;Não Informado;Via Iluminada;Bom;Seca;T;Pare;Comercial;0;2;1;1;0;0;0;0;0;1;0;0;-3,71968;-38,550501
350931;11;10;2019;16:20;0;AV SEN CARLOS JEREISSATI (AEROPORTO);;;;KM 04;Colisão;Luz do Dia;;Seca;Meio de Quadra;;;0;0;2;1;0;0;0;0;0;1;0;0;-3,77402;-38,550907
350834;11;10;2019;00:41;0;AV DR THEBERGE;;;2175;;Colisão Traseira;Via Iluminada;Bom;Seca;Meio de Quadra;Semáforo;Comercial;0;0;2;0;1;0;0;0;0;0;0;0;-3,719563;-38,56657
350817;11;10;2019;11:04;19363;AV GAL OSORIO DE PAIVA;RUA IGUAPE;;;;Colisão Transversal;Luz do Dia;Bom;Seca;Cruz;Pare;Comercial;0;1;1;1;0;0;0;0;0;1;0;0;-3,776964;-38,568617
350818;11;10;2019;15:15;10614;RUA JUSTINO CAFE NETO;RUA PRO JACINTO BOTELHO;;;;Colisão Transversal;Luz do Dia;Bom;Seca;Cruz;Pare;Residencial;0;0;2;1;0;0;0;0;0;0;0;0;-3,758929;-38,490636
350819;11;10;2019;19:40;0;AV BORGES DE MELO;;;208;IGREJA DA BASE AÉREA;Choque c/ Obstáculo Fixo;Via Iluminada;Bom;Seca;Meio de Quadra;Semáforo;Residencial;0;0;1;0;0;0;0;0;0;0;0;0;-3,7612069;-38,521372
350820;12;10;2019;01:39;0;RUA CON LIMA SUCUPIRA;AV BERNARDO MANUEL;;1225;;Colisão Lateral;Via Iluminada;Bom;Seca;Outros;Não Há Controle;Comercial;0;1;1;0;0;0;0;0;0;1;0;0;-3,7799712;-38,5457441
350821;12;10;2019;01:22;0;RUA OSVALDO CRUZ;RUA ANA BILHAR;;0;;Colisão Transversal;Via Iluminada;Bom;Seca;Cruz;Semáforo;Residencial;0;1;0;1;0;0;0;0;0;0;0;0;-3,7286861;-38,4981146
350822;12;10;2019;03:30;26227;AV GAL OSORIO DE PAIVA;RUA AGAMENON;;0;;Colisão Lateral;Via Iluminada;Bom;Seca;Cruz;Semáforo;Comercial;0;0;2;1;1;0;0;0;0;0;0;0;-3,7902314;-38,5880718
350932;12;10;2019;10:30;0;AV MIN JOSE AMERICO;;;;;Colisão;Luz do Dia;;;Meio de Quadra;;;0;0;2;0;0;0;0;0;0;1;0;0;;
350933;12;10;2019;17:18;0;AV SEN CARLOS JEREISSATI (AEROPORTO);;;;KM 03;Colisão;Anoitecer;;Seca;Meio de Quadra;;;0;0;1;1;0;0;0;0;0;0;0;0;-3,779641;-38,544038
350289;12;10;2019;12:30;0;RUA WASHINGTON DE MORAIS;;;;;Colisão Transversal;Luz do Dia;Bom;Seca;;;;0;0;2;1;0;0;0;0;0;1;0;0;;
350295;12;10;2019;20:28;15334;RUA CANUTO DE AGUIAR;RUA VICENTE LEITE;;;;Colisão Lateral;Via Iluminada;Bom;Seca;Cruz;Pare;Residencial;0;1;1;1;0;0;0;0;0;0;0;0;-3,731247;-38,493529
351752;12;10;2019;16:00;19696;RUA GUSTAVO SAMPAIO;RUA DOM JOSE LOURENCO  D27;;;;Colisão;Luz do Dia;;;Cruz;Pare;Comercial;0;0;1;0;0;0;0;0;0;0;0;0;-3,73588;-38,559501
351753;12;10;2019;17:00;23204;RUA URUCUTUBA;RUA JARDIM DO EDEN;;;;Colisão;Anoitecer;;;;;;0;0;1;0;0;0;0;0;0;0;0;0;-3,798013;-38,62903