COD_ACIDENTE;DIA;MES;ANO;HORA;INTERSECAO;LOG1;LOG2;LOG3;NUMERO;REFERENCIA;NATUREZA;ILUMINACAO;TEMPO;SUPERFICIEPISTA;TIPOCRUZAMENTO;CONTROLETRAFEGO;USOSOLO;MORTOS;FERIDOS;ILESOS;AUTOMOVEL;ONIBUS;BICICLETA;CAMINHAO;MICROONIBUS;CICLOMOTOR;MOTOCICLETA;TRACAOANIMAL;TREM;LATITUDE;LONGITUDE
351755;12;10;2019;06:24;5033;RUA PDE MORORO;RUA CASTRO E SILVA;;;;Colisão;Luz do Dia;;;T;Pare;Outros;0;0;1;0;0;0;0;0;0;1;0;0;-3,720971;-38,536084
351774;12;10;2019;06:47;0;AV WASHINGTON SOARES;;;;;Choque c/ Obstáculo Fixo;Luz do Dia;;;Meio de Quadra;;;0;0;1;0;0;0;0;0;0;1;0;0;;
351775;12;10;2019;02:00;15273;RUA ANA BILHAR;RUA OSVALDO CRUZ (ALDEOTA);;;;Colisão;;;;Cruz;Semáforo;Residencial;0;0;1;0;0;0;0;0;0;0;0;0;-3,728699;-38,498091
351836;12;10;2019;01:29;0;AV GAL OSORIO DE PAIVA;;;3767;;Colisão;;;;Meio de Quadra;;;0;1;0;1;0;0;0;0;0;0;0;0;-3,79637;-38,5939
351853;12;10;2019;00:13;0;AV INTEGRACAO PQ. ARATURI;;;612;;Colisão;;;;Meio de Quadra;;;0;0;1;0;0;0;0;0;0;0;0;0;;
351834;12;10;2019;00:23;15273;RUA ANA BILHAR;RUA OSVALDO CRUZ (ALDEOTA);;;;Colisão;;;;Cruz;Semáforo;Residencial;0;2;0;0;0;0;0;0;0;0;0;0;-3,728699;-38,498091
351891;12;10;2019;02:09;0;AV PRS COSTA E SILVA;;;;;Colisão;;;;Meio de Quadra;;;0;1;0;0;0;0;0;0;0;1;0;0;;
351900;12;10;2019;02:44;0;RUA ARTUR DE CARVALHO;;;1053;;Colisão;;;;Meio de Quadra;;;0;1;0;0;0;0;0;0;0;1;0;0;-3,7954529;-38,6038639
351901;12;10;2019;02:48;0;AV BEZERRA DE MENEZES;;;;;Colisão;;;;Meio de Quadra;;;0;1;0;1;0;0;0;0;0;1;0;0;;
351902;12;10;2019;05:29;0;RUA TEODORO DE CASTRO;;;1853;;Colisão;Amanhecer;;;Meio de Quadra;;;0;1;0;0;0;0;0;0;0;0;0;0;-3,779127474;-38,60728738
351903;12;10;2019;05:54;0;RUA TEODORO DE CASTRO;;;1853;;Colisão;Amanhecer;;;Meio de Quadra;;;0;1;0;0;0;0;0;0;0;0;0;0;-3,779127474;-38,60728738
351908;12;10;2019;07:11;25780;AV GAL OSORIO DE PAIVA;RUA ENG LUIS MONTENEGRO;;;;Colisão;Luz do Dia;;;T;Não Há Controle;Comercial;0;1;0;1;0;0;0;0;0;1;0;0;-3,8158047;-38,6129689
351909;12;10;2019;08:20;0;RUA ABEL FERREIRA;;;376;;Atropelamento;Luz do Dia;;;Meio de Quadra;;;0;1;0;1;0;0;0;0;0;0;0;0;;
351910;12;10;2019;08:33;0;AV PRS COSTA E SILVA;;;5632;;Colisão;Luz do Dia;;;Meio de Quadra;;;0;1;0;1;0;0;0;0;0;1;0;0;;
351911;12;10;2019;11:42;0;AV RAD JOSE LIMA VERDE;;;2643;;Colisão;Luz do Dia;;;Meio de Quadra;;;0;1;0;1;0;0;0;0;0;1;0;0;-3,8140933;-38,474225
351912;12;10;2019;12:32;0;TR SAO SALDANHA;;;67;;Colisão;Luz do Dia;;;Meio de Quadra;;;0;1;0;0;0;0;0;0;0;0;0;0;-3,757991838;-38,57800178
351913;12;10;2019;15:41;19696;RUA DOM JOSE LOURENCO  D27;RUA GUSTAVO SAMPAIO;;;;Colisão;Luz do Dia;;;Cruz;Pare;Comercial;0;4;0;1;0;0;0;0;0;1;0;0;-3,73588;-38,559501
351914;12;10;2019;16:21;0;RUA BETEL;;;2355;;Queda;Luz do Dia;;;Meio de Quadra;;;0;1;0;0;0;0;0;0;0;1;0;0;;
351948;12;10;2019;18:36;0;RUA DOM XISTO ALBANO;;;1216;;Queda;;;;Meio de Quadra;;;0;1;0;0;0;0;0;0;0;1;0;0;-3,79498;-38,58369823
351949;12;10;2019;19:06;0;RUA NUNES VALENTE;;;2220;;Colisão;;;;Meio de Quadra;;;0;1;0;1;0;1;0;0;0;0;0;0;-3,744237;-38,506314
351950;12;10;2019;20:39;0;AV WASHINGTON SOARES;;;6148;;Colisão;;;;Meio de Quadra;;;0;1;0;1;0;0;0;0;0;1;0;0;-3,811999348;-38,47908709
351951;12;10;2019;20:45;19833;AV JOVITA FEITOSA;AV ENG HUMBERTO MONTE;;;;Colisão;;;;Cruz;Semáforo;Residencial;0;1;0;1;0;0;0;0;0;1;0;0;-3,741963;-38,566544
351952;12;10;2019;21:37;0;RUA BAR AQUIRAZ;;;1550;;Colisão;;;;Meio de Quadra;;;0;1;0;1;0;0;0;0;0;1;0;0;-3,840763368;-38,4850502
351953;12;10;2019;22:18;0;RUA MONTE PASCOAL;;;680;;Colisão;;;;Meio de Quadra;;;0;1;0;0;0;0;0;0;0;1;0;0;-3,80276;-38,47399
351954;12;10;2019;22:18;0;RUA RIO TOCANTINS;;;2382;;Tombamento;;;;Meio de Quadra;;;0;1;0;0;0;0;0;0;0;1;0;0;;
351955;12;10;2019;22:23;0;RUA FRANCISCA CLOTILDE;;;1220;;Queda;;;;Meio de Quadra;;;0;1;0;0;0;1;0;0;0;0;0;0;-3,7475525;-38,5572305
351956;12;10;2019;23:54;0;AV GODOFREDO MACIEL;;;;;Colisão;;;;Meio de Quadra;;;0;1;0;0;0;0;0;0;0;0;0;0;;
351967;12;10;2019;23:58;25190;AV VIS RIO BRANCO;RUA PAULO FIRMEZA;;;;Queda;;;;T;Não Há Controle;Comercial;0;1;0;0;0;0;0;0;0;1;0;0;-3,757629;-38,519684
351968;13;10;2019;03:20;0;RUA ARTUR DE CARVALHO;;;116;;Atropelamento;;;;Meio de Quadra;;;0;1;0;1;0;0;0;0;0;0;0;0;-3,760386872;-38,53452352
351970;13;10;2019;05:58;0;RUA NOSSA SRA DAS GRACAS;;;1110;;Colisão;Amanhecer;;;Meio de Quadra;;;0;1;0;1;0;0;0;0;0;1;0;0;-3,708381885;-38,55938531
351971;13;10;2019;06:48;0;AV DA INDEPENDENCIA;;;941;;Colisão;Luz do Dia;;;Meio de Quadra;;;0;1;0;1;0;0;0;0;0;1;0;0;-3,72756;-38,58877
351972;13;10;2019;08:13;0;AV OLIVEIRA PAIVA;;;;;Colisão;Luz do Dia;;;Meio de Quadra;;;0;1;0;1;0;0;0;0;0;1;0;0;;
351973;13;10;2019;08:25;0;RUA DES WALDETARIO P MOTA;;;875;;Colisão;Luz do Dia;;;Meio de Quadra;;;0;1;0;1;0;0;0;0;0;1;0;0;-3,736632;-38,480491
351982;13;10;2019;13:19;99;RUA TOMAS RODRIGUES;RUA MARTINS NETO;;;;Colisão;Luz do Dia;;;Cruz;Pare;Residencial;0;2;0;1;0;0;0;0;0;1;0;0;-3,741063;-38,593771
351984;13;10;2019;13:23;0;RUA CEL NUNES DE MELO;;;427;;Queda;Luz do Dia;;;Meio de Quadra;;;0;1;0;0;0;0;0;0;0;1;0;0;-3,742954836;-38,54774552
351985;13;10;2019;13:27;0;AV SEN FERNANDES TAVORA;;;2223;;Colisão;Luz do Dia;;;Meio de Quadra;;;0;1;0;1;0;0;0;0;0;1;0;0;-3,757244;-38,591428
351975;13;10;2019;08:28;0;AV OLIVEIRA PAIVA;;;;;Queda;Luz do Dia;;;Meio de Quadra;;;0;1;0;0;0;0;0;0;0;1;0;0;;
351976;13;10;2019;12:37;0;AV GAL OSORIO DE PAIVA;;;5723;;Colisão;Luz do Dia;;;Meio de Quadra;;;0;1;0;0;0;0;0;0;0;1;0;0;-3,807025263;-38,60431332
352011;13;10;2019;14:25;0;RUA DIOGO CORREIA;;;499;;Queda;Luz do Dia;;;Meio de Quadra;;;0;1;0;0;0;1;0;0;0;0;0;0;-3,769902;-38,590623
352012;13;10;2019;14:43;0;AV GAL OSORIO DE PAIVA;;;3484;;Atropelamento;Luz do Dia;;;Meio de Quadra;;;0;1;1;1;0;0;0;0;0;0;0;0;-3,791671309;-38,58936678
352013;13;10;2019;16:13;25697;RUA JOAO CORDEIRO;RUA ROCHA LIMA;;;;Colisão;Luz do Dia;;;Cruz;Pare;Comercial;0;1;0;1;0;1;0;0;0;0;0;0;-3,738;-38,517275
352014;13;10;2019;16:46;0;RUA ELZA  L ALBUQUERQUE;;;40;;Colisão;Luz do Dia;;;Meio de Quadra;;;0;1;0;1;0;0;0;0;0;1;0;0;-3,81691;-38,48347
352015;13;10;2019;18:44;15227;AV DES MOREIRA;AV ABOLICAO;;;;Colisão;;;;Y;Semáforo;Residencial;0;1;0;0;0;1;0;0;0;0;0;0;-3,727331;-38,495474
352017;13;10;2019;10:53;0;AV JOSE BASTOS;;;5057;;Colisão;Luz do Dia;;;Meio de Quadra;;;0;1;0;0;0;0;0;0;0;0;0;0;-3,757491358;-38,5615646
352020;13;10;2019;19:04;0;AV JOSE BASTOS;;;5057;;Queda;;;;Meio de Quadra;;;0;1;0;0;0;0;0;0;0;1;0;0;-3,757491358;-38,5615646
352022;13;10;2019;19:04;0;AV AUGUSTO DOS ANJOS;;;1800;;Colisão;;;;Meio de Quadra;;;0;1;0;1;0;0;0;0;0;1;0;0;-3,78173075;-38,58053467
352023;13;10;2019;19:29;0;AV PRS CASTELO BRANCO;;;;;Colisão;;;;Meio de Quadra;;;0;1;0;1;0;0;0;0;0;1;0;0;;
352024;13;10;2019;19:29;0;RUA COS LAFAYETE;;;266;;Atropelamento;;;;Meio de Quadra;;;0;1;0;0;0;0;0;0;0;1;0;0;-3,7182535;-38,580034
352025;13;10;2019;20:18;0;AV PRS COSTA E SILVA;;;2000;;Colisão;;;;Meio de Quadra;;;0;1;0;0;0;0;0;0;0;1;0;0;-3,818558199;-38,5636877
352026;13;10;2019;20:29;0;RUA ALM RUBIM;;;124;;Colisão;;;;Meio de Quadra;;;0;1;0;0;0;0;0;0;0;1;0;0;-3,760464245;-38,54971953
352033;13;10;2019;21:42;0;AV JOVITA FEITOSA;;;800;;Atropelamento;;;;Meio de Quadra;;;0;1;0;1;0;0;0;0;0;0;0;0;-3,738742;-38,550998
351889;13;10;2019;04:00;14854;RUA PDE RODOLFO;TR WALDIR DIOGO;;;;Colisão;;;;;;;1;0;1;1;0;0;0;0;0;1;0;0;-3,806446;-38,583522
351839;13;10;2019;09:15;0;RD BR 116;;;5000;KM-05;Engavetamento;Luz do Dia;;;Meio de Quadra;;;0;2;2;1;0;0;0;0;0;0;0;0;-3,796502;-38,506787
351840;13;10;2019;17:55;0;RD BR 116;;;12000;KM-12;Choque c/ Obstáculo Fixo;Anoitecer;;;Meio de Quadra;;;0;0;1;0;0;0;0;0;0;0;0;0;-3,85574;-38,496066
351841;13;10;2019;18:10;0;RD BR 222;;;;KM-02;Atropelamento;Anoitecer;;;Meio de Quadra;;;1;0;1;1;0;0;0;0;0;0;0;0;-3,7403624;-38,5969961
351776;13;10;2019;01:05;0;AV GODOFREDO MACIEL;;;;;Colisão;;;;Meio de Quadra;;;0;0;1;1;0;0;0;0;0;0;0;0;;
351771;13;10;2019;18:13;0;AV GODOFREDO MACIEL;;;;;Colisão;Anoitecer;;;Meio de Quadra;;;0;0;1;0;0;1;0;0;0;0;0;0;;
351761;13;10;2019;19:30;0;RUA COS LAFAYETE;;;266;;Atropelamento;;;;Meio de Quadra;;;1;2;0;0;0;0;0;0;0;1;0;0;-3,7182535;-38,580034
351763;13;10;2019;08:15;0;RUA ALBERTO MAGNO;;;;;Colisão;Luz do Dia;;;Meio de Quadra;;;0;0;1;0;0;0;0;0;1;0;0;0;;
351754;13;10;2019;03:45;0;RUA METON DE ALENCAR;;;;;Choque c/ Obstáculo Fixo;;;;Meio de Quadra;;;0;0;1;1;0;0;0;0;0;0;0;0;;
350335;13;10;2019;02:00;0;RUA CEL DIONISIO ALENCAR;;;1570;;Choque c/ Obstáculo Fixo;Via Iluminada;Bom;Seca;Meio de Quadra;Não Há Controle;;0;0;1;1;0;0;0;0;0;0;0;0;;
350305;13;10;2019;13:22;0;RUA BERNARDO MANUEL;;;10000;;Colisão Traseira;Luz do Dia;Bom;Seca;Meio de Quadra;Não Há Controle;Residencial;0;2;1;0;0;0;0;0;0;1;0;0;-3,80566;-38,553501
350330;13;10;2019;12:10;0;RUA JOAQUIM DOS ANJOS;;;1230;;Não Informado;Luz do Dia;Bom;Seca;Meio de Quadra;;Comercial;0;0;2;1;0;0;0;0;0;0;0;0;-3,830079583;-38,57150625
350331;13;10;2019;20:00;22153;RUA MAJ WEYNE;RUA BAR VASCONCELOS D10;;;;Tombamento;Anoitecer;Bom;Seca;Cruz;Pare;Residencial;0;0;2;1;0;0;0;0;0;0;0;0;-3,74615;-38,547229
350934;13;10;2019;22:25;0;RD CE-040;;;;KM-02;Colisão;;;Seca;Meio de Quadra;;;0;0;2;1;0;0;0;0;0;0;0;0;-3,773616148;-38,4817994
350824;13;10;2019;07:00;24999;AV DA INDEPENDENCIA;RUA PIERRE LUZ;;;;Colisão Lateral;Luz do Dia;Bom;Seca;Cruz;Pare;Comercial;0;1;1;1;0;0;0;0;0;1;0;0;-3,727545;-38,588753
350825;13;10;2019;20:26;25058;AV AUGUSTO DOS ANJOS;RUA VITAL BRASIL;;0;;Colisão Traseira;Via Iluminada;Bom;Seca;T;Semáforo;Comercial;0;0;1;1;0;0;0;0;0;1;0;0;-3,782734;-38,581387
350826;14;10;2019;08:30;0;AV PRS COSTA E SILVA;;;586;;Choque c/ Obstáculo Fixo;Luz do Dia;Nublado;Molhada;Meio de Quadra;Semáforo;Comercial;0;0;1;1;0;0;0;0;0;0;0;0;-3,811955;-38,574221
350827;14;10;2019;10:59;0;AV GOV RAUL BARBOSA;;;6987;;Engavetamento;Luz do Dia;Nublado;Molhada;Outros;Não Há Controle;Comercial;0;2;3;1;0;0;0;0;0;1;0;0;-3,77438848;-38,51285696
350828;14;10;2019;11:00;0;AV 13 DE MAIO;;;2298;PRACA GENTILANDIA;Engavetamento;Luz do Dia;Bom;Seca;Meio de Quadra;Semáforo;Comercial;0;3;2;1;0;0;0;0;0;0;0;0;-3,742548;-38,537252
350829;14;10;2019;15:36;0;AV JOSE JATAHY;RUA MON DANTAS;;0;;Colisão Transversal;Luz do Dia;Bom;Seca;Meio de Quadra;Não Há Controle;Comercial;0;1;1;1;0;0;0;0;0;1;0;0;-3,7197536;-38,5466797
350830;14;10;2019;19:24;0;RUA VALDETARIO MOTA;RUA EDUARDO SABOIA;;0;;Colisão Lateral;Via Iluminada;Bom;Seca;Cruz;Pare;Residencial;0;0;1;0;0;0;0;0;0;1;0;0;-3,7373597;-38,4809586
350831;14;10;2019;16:00;0;AV DOS EXPEDICIONARIOS;;;3696;;Colisão Lateral;Luz do Dia;Bom;Seca;Meio de Quadra;Não Há Controle;Residencial;0;0;2;1;0;0;0;0;0;0;0;0;-3,751296;-38,537035
350832;14;10;2019;07:51;0;AV ALM HENRIQUE SABOIA;;;336;;Colisão Traseira;Luz do Dia;Chuva;Molhada;Meio de Quadra;Não Há Controle;Residencial;0;1;1;1;0;0;0;0;0;1;0;0;-3,746239;-38,4913871
350935;14;10;2019;08:35;0;AV GODOFREDO MACIEL;;;;;Colisão;Luz do Dia;;Seca;Meio de Quadra;;;0;0;2;1;0;0;0;0;0;0;0;0;;
350936;14;10;2019;15:15;0;AV MIN JOSE AMERICO;;;;;Engavetamento;Luz do Dia;;Seca;Meio de Quadra;;;0;0;4;1;0;0;0;0;0;0;0;0;;
350937;14;10;2019;20:30;0;RD CE-040;;;;KM-04;Colisão;;;Seca;Meio de Quadra;;;0;0;2;1;0;0;0;0;0;0;0;0;-3,791613156;-38,48033084
350938;14;10;2019;21:40;0;RD CE-040;;;;KM-08;Colisão;;;Seca;Meio de Quadra;;;0;0;3;1;1;0;0;0;0;0;0;0;-3,825515822;-38,48153832
350865;14;10;2019;22:50;8053;RUA ANTONIO MARTINS;RUA JOAO MELO;;0;;Não Informado;Via Iluminada;Bom;Seca;Cruz;Pare;Residencial;0;0;2;1;0;0;0;0;0;0;0;0;-3,754901;-38,552744
350336;14;10;2019;16:20;5463;RUA DNA LEOPOLDINA;RUA BARBARA DE ALENCAR;;;;Colisão Lateral;Luz do Dia;Bom;Seca;Cruz;Pare;Comercial;0;0;2;0;1;0;0;0;0;1;0;0;-3,735695;-38,521102
350358;14;10;2019;19:30;3355;RUA VIRIATO RIBEIRO;RUA MAJ PEDRO SAMPAIO;;;;Colisão Frontal;Via Iluminada;Bom;Seca;Cruz;Pare;Residencial;0;2;1;1;0;0;0;0;0;1;0;0;-3,752218;-38,55934
350366;14;10;2019;08:10;10615;RUA JUSTINO CAFE NETO;RUA ALBERT SABIN;;;;Colisão Transversal;Luz do Dia;Nublado;Molhada;Cruz;Pare;Residencial;0;1;1;1;0;0;0;0;0;1;0;0;-3,75891;-38,490164
351770;14;10;2019;09:30;10749;AV SEN FERNANDES TAVORA;RUA PRO HERIBALDO COSTA;;;;Colisão;Luz do Dia;;;Cruz;Semáforo;Comercial;0;1;0;1;0;0;0;0;0;0;0;0;-3,761006;-38,584384
351772;14;10;2019;22:00;0;RUA PEDRO SAMPAIO;;;;;Colisão;;;;Meio de Quadra;;;0;0;1;0;0;0;0;0;0;0;0;0;;
351773;14;10;2019;20:35;0;RUA EDUARDO SABOIA;;;;;Colisão;;;;Meio de Quadra;;;0;0;1;0;0;0;0;0;0;0;0;0;;
351842;14;10;2019;13:15;0;RD BR 116;;;13000;KM-13;Tombamento;Luz do Dia;;;Meio de Quadra;;;0;2;0;0;0;1;0;0;0;1;0;0;-3,86467;-38,497727
351890;14;10;2019;17:45;0;AV ABOLICAO;;;3790;PAO DE ACUCAR;Atropelamento;Anoitecer;;;Meio de Quadra;;;1;0;1;0;0;0;0;0;0;1;0;0;-3,7256525;-38,485564
351915;14;10;2019;00:52;0;RD BR 116;;;;;Queda;;;;Meio de Quadra;;;0;1;0;0;0;0;0;0;0;1;0;0;;
351916;14;10;2019;01:39;0;AV DOM LUIS;;;1075;;Colisão;;;;Meio de Quadra;;;0;1;0;1;0;0;0;0;0;1;0;0;-3,735126;-38,491572
351957;14;10;2019;13:07;0;RUA JACINTO MATOS;;;944;;Colisão;Luz do Dia;;;Meio de Quadra;;;0;1;0;1;0;0;0;0;0;1;0;0;-3,71929;-38,54676
351958;14;10;2019;13:53;0;AV LUCIANO CARNEIRO;;;1443;;Colisão;Luz do Dia;;;Meio de Quadra;;;0;1;0;1;0;0;0;0;0;1;0;0;-3,761378429;-38,535599
351959;14;10;2019;14:16;0;RUA JORGE DUMAR;;;2053;;Colisão;Luz do Dia;;;Meio de Quadra;;;0;1;0;1;0;0;0;0;0;1;0;0;-3,753907667;-38,53965033
351960;14;10;2019;14:59;2699;RUA OSCAR ARARIPE;RUA CEL VIRGILIO NOGUEIRA (BOM JARDIM);;;;Colisão;Luz do Dia;;;Cruz;Semáforo;Comercial;0;1;0;0;0;0;0;0;0;1;0;0;-3,7882527;-38,6086345
351961;14;10;2019;15:52;0;RUA ORQUIDEA VERDE;;;1350;;Colisão;Luz do Dia;;;Meio de Quadra;;;0;1;0;0;0;0;0;0;0;0;0;0;-3,83556;-38,57329
351962;14;10;2019;16:05;12614;AV CEL CARVALHO;RUA COS LAFAYETE;;;;Colisão;Luz do Dia;;;Cruz;Semáforo;Comercial;0;1;0;0;0;0;0;0;0;0;0;0;-3,717512;-38,587938
351963;14;10;2019;16:45;0;RUA CEL VIRGILIO NOGUEIRA (BOM JARDIM);;;627;;Colisão;Luz do Dia;;;;;;0;1;0;1;0;0;0;0;0;1;0;0;-3,78878;-38,60876
351964;14;10;2019;16:46;0;RUA PDE GUERRA;;;1350;;Queda;Luz do Dia;;;Meio de Quadra;;;0;1;0;0;0;1;0;0;0;0;0;0;-3,7386185;-38,5561435
351965;14;10;2019;17:23;0;AV GAL OSORIO DE PAIVA;;;;;Colisão;Anoitecer;;;Meio de Quadra;;;0;1;0;0;0;0;0;0;0;0;0;0;;
351966;14;10;2019;17:34;0;AV GAL OSORIO DE PAIVA;;;;;Colisão;Anoitecer;;;Meio de Quadra;;;0;1;0;1;0;1;0;0;0;0;0;0;;
351919;14;10;2019;04:47;0;AV PONTES VIEIRA;;;1010;;Colisão;;;;Meio de Quadra;;;0;1;0;0;0;0;0;0;0;0;0;0;-3,752462;-38,511225
351921;14;10;2019;06:11;0;RUA BERNARDO MANUEL;;;1546;;Colisão;Luz do Dia;;;Meio de Quadra;;;0;2;0;1;0;0;0;0;0;1;0;0;-3,7426485;-38,5659893
351924;14;10;2019;06:17;0;RUA BENTO ALBUQUERQUE;;;1311;;Colisão;Luz do Dia;;;Meio de Quadra;;;0;1;0;0;0;0;0;0;0;0;0;0;-3,7459018;-38,4765368
351926;14;10;2019;06:36;0;AV CEL CARVALHO;;;;;Queda;Luz do Dia;;;Meio de Quadra;;;0;1;0;0;0;0;0;0;0;1;0;0;;
351927;14;10;2019;06:42;0;RUA ITU;;;1195;;Colisão;Luz do Dia;;;Meio de Quadra;;;0;1;0;1;0;0;0;0;0;1;0;0;-3,78737;-38,60153
351931;14;10;2019;08:02;25895;AV PDE ANTONIO TOMAS;RUA MAG POMPEU;;;;Queda;Luz do Dia;;;T;Gesto;Residencial;0;1;0;0;0;0;0;0;0;1;0;0;;
351977;14;10;2019;17:47;0;AV ABOLICAO;;;3808;;Atropelamento;Anoitecer;;;Meio de Quadra;;;0;1;0;0;0;0;0;0;0;1;0;0;-3,72560669;-38,48537518
351978;14;10;2019;18:00;3808;AV CARAPINIMA;RUA SEN CATUNDA;;;;Queda;Anoitecer;;;;;;0;1;0;0;0;0;0;0;0;1;0;0;-3,738138;-38,538169
351979;14;10;2019;18:03;5407;AV DUQ CAXIAS;RUA SOLON PINHEIRO;;;;Colisão;Anoitecer;;;Cruz;Semáforo;Comercial;0;1;0;1;0;0;0;0;0;1;0;0;-3,732704;-38,527034
351980;14;10;2019;18:36;0;AV SEN FERNANDES TAVORA;;;1060;;Colisão;;;;Meio de Quadra;;;0;1;0;1;0;0;0;0;0;1;0;0;-3,762007134;-38,58249901
351981;14;10;2019;19:03;6112;AV A CJ CEARA;AV F CJ CEARA;;;;Colisão;;;;Cruz;Não Há Controle;Misto;0;1;0;0;0;0;0;0;0;1;0;0;-3,767855;-38,603189
351986;14;10;2019;19:16;0;RD BR 116;;;4000;KM-04;Atropelamento;;;;Meio de Quadra;;;0;1;0;0;0;0;0;0;0;1;0;0;-3,802354;-38,503869
351987;14;10;2019;21:57;0;RUA 50 CJ JOSE WALTER;;;191;;Colisão;;;;Meio de Quadra;;;0;1;0;0;0;0;0;0;0;0;0;0;-3,82947581;-38,55960776
351988;14;10;2019;23:28;0;RUA PDE PEDRO DE ALENCAR;;;1620;;Atropelamento;;;;Meio de Quadra;;;0;1;0;1;0;0;0;0;0;0;0;0;-3,842251;-38,494322
351974;14;10;2019;17:46;0;AV MR HULL;;;;;Atropelamento;Anoitecer;;;Meio de Quadra;;;0;1;0;0;0;0;0;0;0;1;0;0;;
351969;14;10;2019;17:37;0;RUA VALDETARIO MOTA;;;;;Colisão;Anoitecer;;;Meio de Quadra;;;0;1;0;1;0;0;0;0;0;1;0;0;;
351937;14;10;2019;08:36;0;RUA BOM PRINCIPIO;;;170;;Queda;Luz do Dia;;;Meio de Quadra;;;0;1;0;0;0;0;0;0;0;1;0;0;-3,785176143;-38,508876
351929;14;10;2019;06:55;7888;AV DES MOREIRA;RUA TOMAS ACIOLI;;;;Queda;Luz do Dia;;;;;;0;2;0;0;0;0;0;0;0;1;0;0;-3,747526;-38,501963
351935;14;10;2019;08:12;0;RUA NELSON COELHO;;;847;;Colisão;Luz do Dia;;;Meio de Quadra;;;0;1;0;1;0;0;0;0;0;1;0;0;-3,832534;-38,461547
351941;14;10;2019;10:49;3084;AV LINEU MACHADO;TR LINEU MACHADO;;;;Colisão;Luz do Dia;;;Cruz;Não Há Controle;Misto;0;1;0;0;0;0;0;0;0;1;0;0;-3,776384;-38,5824
351942;14;10;2019;11:46;0;AV ROGACIANO LEITE;;;986;;Queda;Luz do Dia;;;Meio de Quadra;;;0;1;0;0;0;0;0;0;0;1;0;0;-3,76606;-38,49629
351943;14;10;2019;11:59;0;RUA SAO JORGE;;;1020;;Queda;Luz do Dia;;;Meio de Quadra;;;0;1;0;0;0;0;0;0;0;1;0;0;-3,847158;-38,4728541
351944;14;10;2019;12:00;0;RUA BAR CRATO;;;1044;;Atropelamento;Luz do Dia;;;Meio de Quadra;;;0;1;0;0;1;0;0;0;0;0;0;0;-3,721069;-38,55824963
351945;14;10;2019;12:29;0;AV ENG HUMBERTO MONTE;;;2008;;Queda;Luz do Dia;;;Meio de Quadra;;;0;2;0;0;0;0;0;0;0;1;0;0;-3,74321;-38,565335
351946;14;10;2019;12:31;5292;RUA GONCALVES LEDO;RUA COSTA BARROS;;;;Colisão;Luz do Dia;;;Cruz;Pare;Comercial;0;1;0;1;0;0;0;0;0;1;0;0;-3,729088;-38,515426
351947;14;10;2019;12:46;0;RUA JOSE TORRES;;;207;;Colisão;Luz do Dia;;;Meio de Quadra;;;0;2;0;1;0;0;0;0;0;1;0;0;-3,776673747;-38,60635155
352097;14;10;2019;13:20;0;RD CE-040;;;;KM-12;Colisão;Luz do Dia;;;Meio de Quadra;;;0;0;3;1;0;0;0;0;0;0;0;0;-3,857690949;-38,47204254
351989;15;10;2019;06:56;0;RUA LAURA BEZERRA;;;;;Colisão;Luz do Dia;;;Meio de Quadra;;;0;1;0;1;0;0;0;0;0;1;0;0;;
351990;15;10;2019;08:00;0;RUA BERNARDO MANUEL;;;;;Colisão;Luz do Dia;;;Meio de Quadra;;;0;1;0;1;0;0;0;0;0;1;0;0;;
351991;15;10;2019;08:50;0;AV GAL OSORIO DE PAIVA;;;1431;;Colisão;Luz do Dia;;;Meio de Quadra;;;0;1;0;1;0;0;0;0;0;1;0;0;-3,780428636;-38,5741302
351992;15;10;2019;09:13;0;AV SEN FERNANDES TAVORA;;;3297;;Atropelamento;Luz do Dia;;;Meio de Quadra;;;0;1;0;0;0;0;0;0;0;1;0;0;-3,7543915;-38,602177
351993;15;10;2019;09:34;0;RUA HENRIQUE DE CASTRO;;;841;;Queda;Luz do Dia;;;Meio de Quadra;;;0;1;0;0;0;1;0;0;0;0;0;0;-3,77709;-38,50007
351994;15;10;2019;09:40;0;AV ALM MAXIMIANO DA FONSECA;;;1028;;Colisão;Luz do Dia;;;Meio de Quadra;;;0;1;0;1;0;0;0;0;0;1;0;0;-3,7710075;-38,486618
351995;15;10;2019;11:09;0;RUA BOA VISTA;;;609;;Colisão;Luz do Dia;;;Meio de Quadra;;;0;1;0;1;0;0;0;0;0;1;0;0;-3,769076;-38,585964
351996;15;10;2019;11:38;0;AV SGT HERMINIO SAMPAIO;;;;;Colisão;Luz do Dia;;;Meio de Quadra;;;0;3;0;1;0;0;0;0;0;1;0;0;;
351997;15;10;2019;11:49;0;RUA JOAO DE FRANCA (DENDÊ);;;8600;;Atropelamento;Luz do Dia;;;Meio de Quadra;;;0;1;0;0;0;0;1;0;0;0;0;0;-3,79508;-38,55101
351998;15;10;2019;12:49;3234;RUA VITAL BRASIL;AV GAL OSORIO DE PAIVA;;;;Colisão;Luz do Dia;;;;;;0;1;0;0;0;0;0;0;0;0;0;0;;