COD_ACIDENTE;DIA;MES;ANO;HORA;INTERSECAO;LOG1;LOG2;LOG3;NUMERO;REFERENCIA;NATUREZA;ILUMINACAO;TEMPO;SUPERFICIEPISTA;TIPOCRUZAMENTO;CONTROLETRAFEGO;USOSOLO;MORTOS;FERIDOS;ILESOS;AUTOMOVEL;ONIBUS;BICICLETA;CAMINHAO;MICROONIBUS;CICLOMOTOR;MOTOCICLETA;TRACAOANIMAL;TREM;LATITUDE;LONGITUDE
351999;15;10;2019;12:57;0;RUA ALM RUBIM;;;1351;;Colisão;Luz do Dia;;;Meio de Quadra;;;0;1;0;1;0;0;0;0;0;1;0;0;-3,769567;-38,55619
352000;15;10;2019;13:13;0;RUA TEODORO DE CASTRO;;;1576;;Colisão;Luz do Dia;;;Meio de Quadra;;;0;1;0;1;0;0;0;0;0;1;0;0;-3,779761;-38,605012
352001;15;10;2019;14:32;0;AV SANTOS DUMONT;;;1343;;Colisão;Luz do Dia;;;Meio de Quadra;;;0;1;0;1;0;0;0;0;0;1;0;0;-3,731737;-38,512136
352002;15;10;2019;14:53;0;AV SEN FERNANDES TAVORA;;;820;;Colisão;Luz do Dia;;;Meio de Quadra;;;0;1;0;0;0;0;0;0;0;0;0;0;-3,76321619;-38,58024524
352003;15;10;2019;15:02;0;RUA GASTAO JUSTA;;;129;;Colisão;Luz do Dia;;;Meio de Quadra;;;0;1;0;1;0;0;0;0;0;1;0;0;-3,80555;-38,56955
352004;15;10;2019;16:48;0;AV PERIMETRAL;;;71;;Colisão;Luz do Dia;;;Meio de Quadra;;;0;1;0;0;0;0;0;0;0;0;0;0;;
352005;15;10;2019;17:35;0;AV SANTOS DUMONT;;;5225;;Queda;Anoitecer;;;Meio de Quadra;;;0;1;0;0;0;0;0;0;0;1;0;0;-3,740506;-38,485132
352006;15;10;2019;18:05;0;AV SEN FERNANDES TAVORA;;;;;Colisão;Anoitecer;;;Meio de Quadra;;;0;2;0;0;0;0;0;0;0;1;0;0;;
352007;15;10;2019;18:48;0;RUA DR JOSE ROBERTO SALES;;;433;;Queda;;;;Meio de Quadra;;;0;1;0;0;0;0;0;0;0;1;0;0;-3,7401;-38,56427
352008;15;10;2019;19:02;0;AV DES GONZAGA;;;1376;;Atropelamento;;;;Meio de Quadra;;;0;1;0;0;0;0;0;0;0;1;0;0;-3,799084312;-38,49905044
352009;15;10;2019;20:35;0;AV I CJ JOSE WALTER;;;860;;Colisão;;;;Meio de Quadra;;;0;1;0;1;0;0;0;0;0;1;0;0;-3,831796;-38,5527595
352010;15;10;2019;21:11;0;AV 13 DE MAIO;;;;;Colisão;;;;Meio de Quadra;;;0;1;0;0;0;0;0;0;0;1;0;0;;
352016;15;10;2019;22:46;0;RD BR 116;;;10000;KM-10;Colisão;;;;Meio de Quadra;;;0;1;0;0;0;0;0;0;0;1;0;0;-3,834435;-38,503373
351820;15;10;2019;17:30;0;AV MAE LISBOA;;;2099;;Colisão;Anoitecer;;;Meio de Quadra;;;0;0;1;0;0;0;0;0;0;0;0;0;-3,807521647;-38,46072347
351777;15;10;2019;11:00;5031;RUA PESSOA ANTA;AV ALM TAMANDARE;;;;Colisão;Luz do Dia;;;Cruz;Pare;Comercial;0;1;0;1;0;1;0;0;0;0;0;0;-3,720821;-38,519885
351781;15;10;2019;14:30;0;RUA DR RODRIGO C SANDOVAL;;;;;Colisão;Luz do Dia;;;Meio de Quadra;;;0;0;1;0;0;0;0;0;0;1;0;0;;
351782;15;10;2019;12:00;0;AV AGUANAMBI;;;358;;Atropelamento;Luz do Dia;;;Meio de Quadra;;;0;2;0;0;0;0;0;0;0;0;0;0;-3,740026;-38,5249295
351783;15;10;2019;10:00;9721;RUA GERALDO BARBOSA;RUA SGT BARBOSA;;;;Atropelamento;Luz do Dia;;;;;;0;2;1;0;0;0;0;0;0;0;0;0;-3,786066;-38,620518
351784;15;10;2019;18:15;0;RUA PARQUE SUL;;;;;Colisão;Anoitecer;;;Meio de Quadra;;;0;0;1;0;0;0;0;0;0;0;0;0;;
350835;15;10;2019;22:36;14444;AV SGT HERMINIO SAMPAIO;RUA DR ALMEIDA FILHO;;;;Colisão Transversal;Via Iluminada;Bom;Seca;T;Não Há Controle;Comercial;1;0;1;0;1;0;0;0;0;1;0;0;-3,72598;-38,558358
350836;15;10;2019;09:30;22719;AV ENG LEAL LIMA VERDE (SAPIRANGA/COITE);RUA EUCLIDES O DE SOUSA;;;;Colisão Transversal;Via Iluminada;Bom;Seca;Cruz;Pare;Residencial;0;3;0;1;0;0;0;0;0;1;0;0;-3,797866;-38,475497
350939;15;10;2019;07:15;0;RD CE-040;;;;KM-10;Engavetamento;Luz do Dia;;Seca;Meio de Quadra;;;0;0;3;1;0;0;0;0;0;0;0;0;-3,84257666;-38,48088284
350940;15;10;2019;18:20;0;RD CE-040;;;;KM-05;Colisão;Anoitecer;;Seca;Meio de Quadra;;;0;0;3;1;0;0;0;0;0;0;0;0;-3,800595823;-38,47953463
350833;15;10;2019;10:38;0;AV ALM BARROSO;;;435;;Colisão Lateral;Luz do Dia;Bom;Seca;T;Semáforo;Comercial;0;0;1;0;0;1;0;0;0;0;0;0;-3,720749;-38,519363
350837;16;10;2019;06:45;5177;RUA SEN POMPEU;RUA SAO PAULO;;;;Colisão Transversal;Luz do Dia;Nublado;Molhada;Cruz;Semáforo;Comercial;0;2;1;1;0;0;0;0;0;1;0;0;-3,725486;-38,529196
350838;16;10;2019;10:30;0;RUA TIBURCIO CAVALCANTE;;;1040;;Não Informado;Luz do Dia;Bom;Seca;Meio de Quadra;Não Há Controle;Comercial;0;0;1;0;0;0;0;0;0;0;0;0;-3,7344675;-38,5020925
350371;16;10;2019;16:10;0;AV PRS CASTELO BRANCO;;;77;;Choque c/ Obstáculo Fixo;Luz do Dia;Bom;Seca;Meio de Quadra;Outros;Comercial;0;1;1;0;0;0;0;0;0;1;0;0;-3,6998574;-38,5879152
350382;16;10;2019;23:00;0;AV ALM BARROSO;;;672;;Colisão Lateral;Via Iluminada;Bom;Seca;Meio de Quadra;Não Há Controle;Comercial;1;1;1;1;0;0;0;0;0;1;0;0;-3,720485;-38,517341
350585;16;10;2019;17:30;0;RD CE-060;;;;KM-02;Colisão;Anoitecer;;;Meio de Quadra;;;0;2;0;1;0;0;0;0;0;0;0;0;-3,834064;-38,582111
351785;16;10;2019;11:25;0;AV ALBERTO CRAVEIRO;;;1231;;Colisão;Luz do Dia;;;Meio de Quadra;;;0;1;1;0;0;0;1;0;0;1;0;0;-3,791337;-38,51722788
351786;16;10;2019;14:40;0;AV GODOFREDO MACIEL;;;;;Colisão;Luz do Dia;;;Meio de Quadra;;;0;0;1;0;0;0;0;0;0;1;0;0;;
351787;16;10;2019;04:20;0;AV PRS COSTA E SILVA;;;290;;Colisão;;;;Meio de Quadra;;;0;1;1;0;0;0;0;0;0;0;0;0;-3,82011;-38,56025
351843;16;10;2019;07:45;0;RD BR 116;;;6000;KM-06;Colisão;Luz do Dia;;;Meio de Quadra;;;0;0;3;0;0;0;0;0;0;0;0;0;-3,804691;-38,503053
352034;16;10;2019;07:19;239;AV JOVITA FEITOSA;RUA CRUZ SALDANHA;;;;Queda;Luz do Dia;;;Cruz;Não Há Controle;Residencial;0;1;0;0;0;0;0;0;0;1;0;0;-3,739205;-38,553174
352035;16;10;2019;07:21;0;AV ANTONIO SALES;;;3407;;Colisão;Luz do Dia;;;Meio de Quadra;;;0;1;0;1;0;0;0;0;0;1;0;0;-3,748174;-38,493642
352036;16;10;2019;07:38;0;AV ROGACIANO LEITE;;;2561;;Colisão;Luz do Dia;;;Meio de Quadra;;;0;1;0;1;0;0;0;0;0;1;0;0;-3,780456;-38,50163524
352037;16;10;2019;07:43;0;AV ENG SANTANA JUNIOR;;;;;Colisão;Luz do Dia;;;Meio de Quadra;;;0;1;0;1;0;0;0;0;0;1;0;0;;
352038;16;10;2019;08:03;0;AV DUQ CAXIAS;;;2125;;Queda;Luz do Dia;;;Meio de Quadra;;;0;1;0;0;0;0;0;0;0;1;0;0;-3,727484;-38,543143
352039;16;10;2019;08:13;0;RUA PRA HELOISA F LIMA;;;1438;;Colisão;Luz do Dia;;;Meio de Quadra;;;0;1;0;1;0;0;0;0;0;1;0;0;-3,784072;-38,544709
352040;16;10;2019;08:41;100;AV MR HULL;RUA TOMAS RODRIGUES;;;;Queda;Luz do Dia;;;Cruz;Semáforo;Comercial;0;1;0;0;0;0;0;0;0;1;0;0;-3,740004;-38,593915
352041;16;10;2019;08:53;0;AV WASHINGTON LUIS;;;494;;Colisão;Luz do Dia;;;Meio de Quadra;;;0;1;0;1;0;0;0;0;0;1;0;0;-3,716522905;-38,59293639
352042;16;10;2019;09:20;0;AV LINEU MACHADO;;;823;;Colisão;Luz do Dia;;;Meio de Quadra;;;0;1;0;0;0;0;0;0;0;1;0;0;-3,7671319;-38,5775259
352043;16;10;2019;10:04;0;RUA SABINO BATISTA;;;125;;Queda;Luz do Dia;;;Meio de Quadra;;;0;1;0;0;0;0;0;0;0;1;0;0;-3,723260308;-38,55300464
352044;16;10;2019;10:20;0;AV TRISTAO GONCALVES;;;1250;;Colisão;Luz do Dia;;;Meio de Quadra;;;0;1;0;0;0;0;0;0;0;0;0;0;-3,73259225;-38,53485475
352045;16;10;2019;11:43;0;RUA 208 CJ SAO CRISTOVAO;;;208;;Colisão;Luz do Dia;;;Meio de Quadra;;;0;1;0;1;0;0;0;0;0;1;0;0;-3,834170588;-38,52334019
352046;16;10;2019;11:49;0;RUA MOZART PINTO;;;241;;Colisão;Luz do Dia;;;Meio de Quadra;;;0;1;0;1;0;0;0;0;0;1;0;0;-3,726937067;-38,55202447
352047;16;10;2019;14:08;0;AV ANTONIO JUSTA;;;3435;;Colisão;Luz do Dia;;;Meio de Quadra;;;0;1;0;0;0;0;0;0;0;0;0;0;-3,728875;-38,490692
352048;16;10;2019;14:15;0;AV SEN FERNANDES TAVORA;;;254;;Colisão;Luz do Dia;;;Meio de Quadra;;;0;1;0;1;0;0;0;0;0;1;0;0;-3,7674872;-38,5733718
352049;16;10;2019;14:39;484;RUA PRO VIRGILIO DE MORAIS;RUA PORTO ALEGRE;;;;Queda;Luz do Dia;;;;;;0;1;0;0;0;0;0;0;0;1;0;0;-3,757439;-38,597855
352050;16;10;2019;17:27;0;AV SGT HERMINIO SAMPAIO;;;4163;;Colisão;Anoitecer;;;Meio de Quadra;;;0;1;0;0;0;0;0;0;0;0;0;0;-3,730826737;-38,57751179
352051;16;10;2019;17:28;0;AV 13 DE MAIO;;;3008;;Colisão;Anoitecer;;;Meio de Quadra;;;0;1;0;1;0;0;0;0;0;1;0;0;-3,738159;-38,542298
352052;16;10;2019;17:38;0;AV 13 DE MAIO;;;17;;Colisão;Anoitecer;;;Meio de Quadra;;;0;1;0;1;0;0;0;0;0;1;0;0;-3,7535476;-38,5206937
352053;16;10;2019;18:11;0;AV CARAPINIMA;;;2040;;Colisão;Anoitecer;;;Meio de Quadra;;;0;2;0;1;0;0;0;0;0;1;0;0;-3,7404875;-38,5407025
352054;16;10;2019;19:11;8643;AV EDILSON B SOARES;AV ENG LEAL LIMA VERDE (SAPIRANGA/COITE);;;;Colisão;;;;Cruz;Semáforo;Comercial;0;2;0;0;0;0;0;0;0;1;0;0;-3,789082;-38,476215
352055;16;10;2019;19:15;11115;RUA 5 VENEZA TROPICAL;AV A VENEZA TROPICAL;;;;Queda;;;;;;;0;1;0;0;0;0;0;0;0;1;0;0;-3,794409;-38,539561
352056;16;10;2019;20:09;0;AV ABOLICAO;;;4140;;Atropelamento;;;;Meio de Quadra;;;0;1;0;0;0;0;0;0;0;1;0;0;-3,72419;-38,48201
352057;16;10;2019;20:41;0;AV DR SILAS MUNGUBA;;;;;Acidente Pessoal;;;;Meio de Quadra;;;0;1;0;0;0;0;0;0;0;1;0;0;;
352058;16;10;2019;20:42;0;RUA CANDIDO MAIA;;;;;Queda;;;;Meio de Quadra;;;0;1;0;0;0;0;0;0;0;1;0;0;;
352059;16;10;2019;21:00;0;RUA MEM DE SA;;;562;;Atropelamento;;;;Meio de Quadra;;;0;1;0;0;1;0;0;0;0;0;0;0;-3,827516454;-38,48535025
352060;16;10;2019;22:07;0;RUA GAL CAIADO DE CASTRO;;;445;;Queda;;;;Meio de Quadra;;;0;2;0;0;0;0;0;0;0;1;0;0;-3,786953;-38,488961
352061;16;10;2019;22:14;0;AV GOV RAUL BARBOSA;;;;;Atropelamento;;;;Meio de Quadra;;;0;1;0;1;0;0;0;0;0;0;0;0;;
352062;16;10;2019;23:35;0;AV PRS CASTELO BRANCO;;;;;Colisão;;;;Meio de Quadra;;;0;1;0;1;0;0;0;0;0;1;0;0;;
352028;16;10;2019;06:09;0;AV JOSE BASTOS;;;4999;;Queda;Luz do Dia;;;Meio de Quadra;;;0;1;0;0;0;0;0;0;0;1;0;0;-3,757387531;-38,56083817
352029;16;10;2019;06:20;0;AV SEN FERNANDES TAVORA;;;855;;Queda;Luz do Dia;;;Meio de Quadra;;;0;1;0;0;0;0;0;0;0;1;0;0;-3,76313;-38,58041
352030;16;10;2019;06:29;0;RUA TUPI D35;;;625;;Colisão;Luz do Dia;;;Meio de Quadra;;;0;1;0;1;0;0;0;0;0;1;0;0;-3,7631702;-38,58043152
352031;16;10;2019;07:01;0;AV BAR STUDART;;;2626;;Queda;Luz do Dia;;;Meio de Quadra;;;0;1;0;0;0;0;0;0;0;1;0;0;-3,7465945;-38,5104305
352032;16;10;2019;07:12;0;AV DEP PAULINO ROCHA;;;;;Colisão;Luz do Dia;;;Meio de Quadra;;;0;1;0;0;0;0;0;0;0;1;0;0;;
352019;16;10;2019;05:54;0;RUA CARLOS AMORA;;;1422;;Queda;Amanhecer;;;Meio de Quadra;;;0;1;0;0;0;0;0;0;0;1;0;0;-3,8154132;-38,5787721
351844;17;10;2019;12:30;0;RD BR 222;;;;KM-02;Colisão Lateral;Luz do Dia;;;Meio de Quadra;;;0;0;2;1;0;0;0;0;0;0;0;0;-3,7403624;-38,5969961
351845;17;10;2019;16:30;0;RD BR 020;;;;KM 429;Colisão Traseira;Luz do Dia;;;Meio de Quadra;;;0;1;1;1;0;0;0;0;0;1;0;0;-3,869;-38,507
351846;17;10;2019;18:25;0;RD BR 116;;;13000;KM-13;Choque c/ Obstáculo Fixo;Anoitecer;;;Meio de Quadra;;;0;0;1;1;0;0;0;0;0;0;0;0;-3,86467;-38,497727
351854;17;10;2019;03:08;0;RD DR MENDEL STEINBRUCH;;;9845;;Colisão;;;;Meio de Quadra;;;0;0;1;0;0;0;0;0;0;0;0;0;;
351879;17;10;2019;09:00;0;AV GODOFREDO MACIEL;;;;;;Luz do Dia;;;Meio de Quadra;;;0;0;1;0;0;0;0;0;0;1;0;0;;
352931;17;10;2019;06:50;20037;AV PALESTINA D68;RUA OITICICAS;;;;Colisão;Luz do Dia;;;Cruz;Pare;Comercial;1;0;1;1;0;0;0;0;0;1;0;0;-3,806077;-38,536013
350385;17;10;2019;00:50;0;AV JOVITA FEITOSA;;;3028;;Colisão Traseira;Via Iluminada;;Seca;Meio de Quadra;;;1;1;0;0;0;0;0;0;0;1;0;0;-3,741584615;-38,56492038
350840;17;10;2019;15:45;0;RUA VITAL BRASIL;;;1183;;Colisão Lateral;Luz do Dia;Bom;Seca;Meio de Quadra;Não Há Controle;Comercial;0;1;1;1;0;0;0;0;0;1;0;0;-3,779884;-38,5914258
350841;17;10;2019;20:02;3205;RUA CARLOS CHAGAS;RUA THOMPSON GONCALVES;;;;Colisão Transversal;Anoitecer;Bom;Seca;Cruz;Não Há Controle;Residencial;0;1;2;1;0;0;0;0;0;1;0;0;-3,78097;-38,582303
350842;17;10;2019;19:30;3800;AV 13 DE MAIO;RUA CAIO CARLOS;;;;Colisão Lateral;Via Iluminada;Bom;Seca;Cruz;Não Há Controle;Comercial;0;0;2;1;0;0;0;0;0;1;0;0;-3,738286;-38,54216
351048;17;10;2019;06:34;0;AV GAL OSORIO DE PAIVA;;;1976;;Queda;Luz do Dia;;;Meio de Quadra;;;0;1;0;0;0;0;0;0;0;1;0;0;-3,784071667;-38,5798587
351049;17;10;2019;07:57;0;AV BEZERRA DE MENEZES;;;2495;;Colisão;Luz do Dia;;;Meio de Quadra;;;0;1;0;0;0;0;0;0;0;0;0;0;-3,736164357;-38,56680457
351086;17;10;2019;16:26;1242;RUA DR JOSE LOURENCO;RUA COSTA BARROS;;;;Colisão;Luz do Dia;;;Cruz;Pare;Comercial;0;1;0;1;0;0;0;0;0;1;0;0;-3,73187;-38,506927
351076;17;10;2019;16:24;0;RUA ANTONELE BEZERRA;;;293;;Atropelamento;Luz do Dia;;;Meio de Quadra;;;0;1;0;1;0;0;0;0;0;0;0;0;-3,725030419;-38,50559207
351064;17;10;2019;15:05;0;AV ALBERTO CRAVEIRO;;;;;Queda;Luz do Dia;;;Meio de Quadra;;;0;1;0;0;0;0;0;0;0;1;0;0;;
351052;17;10;2019;11:56;0;AV GOV RAUL BARBOSA;;;;;Colisão;Luz do Dia;;;Meio de Quadra;;;0;1;0;1;0;0;0;0;0;1;0;0;;
351053;17;10;2019;13:14;0;AV MR HULL;;;4965;;Colisão;Luz do Dia;;;Meio de Quadra;;;0;1;0;1;0;0;0;0;0;0;0;0;-3,73942;-38,58858
351135;17;10;2019;21:22;0;AV DIOGUINHO;;;1030;;Atropelamento de Animal;;;;Meio de Quadra;;;0;1;0;0;0;0;0;0;0;1;0;0;-3,74041;-38,45401
351136;17;10;2019;21:54;15311;AV RUI BARBOSA;RUA PEREIRA FILGUEIRAS;;;;Colisão;;;;Cruz;Semáforo;Comercial;0;2;0;0;0;0;0;0;0;0;0;0;-3,730106;-38,507546
351117;17;10;2019;19:06;0;AV PRS COSTA E SILVA;;;;;Colisão;;;;Meio de Quadra;;;0;1;0;1;0;0;0;0;0;1;0;0;;
351118;17;10;2019;19:10;0;RUA BENTO ALBUQUERQUE;;;2300;;Atropelamento;;;;Meio de Quadra;;;0;1;0;0;0;0;0;0;0;1;0;0;-3,748142;-38,4695245
351110;17;10;2019;18:41;0;AV BAR STUDART;;;345;;Colisão;;;;Meio de Quadra;;;0;1;0;1;0;1;0;0;0;0;0;0;-3,727254;-38,504238
351130;17;10;2019;19:15;25159;AV MIGUEL DIAS;AV ALM MAXIMIANO DA FONSECA;;;;Colisão;;;;Meio de Quadra;Semáforo;Comercial;0;1;0;1;0;0;0;0;0;1;0;0;-3,770833;-38,487945
351131;17;10;2019;20:42;0;AV 13 DE MAIO;;;3000;;Colisão;;;;Meio de Quadra;;;0;1;0;1;0;0;0;0;0;1;0;0;-3,738159;-38,542298
351114;17;10;2019;18:53;0;RUA BENTO ALBUQUERQUE;;;2300;;Atropelamento;;;;Meio de Quadra;;;0;1;0;0;0;0;0;0;0;0;0;0;-3,748142;-38,4695245
351106;17;10;2019;18:03;13545;AV RUI BARBOSA;RUA PDE CHEVALIER;;;;Colisão;Anoitecer;;;T;Não Há Controle;Comercial;0;1;0;1;0;0;0;0;0;1;0;0;-3,748483;-38,513451
351103;17;10;2019;17:58;0;AV GODOFREDO MACIEL;;;;;Colisão;Anoitecer;;;Meio de Quadra;;;0;1;0;0;0;0;0;0;0;0;0;0;;
351099;17;10;2019;17:33;0;AV PRS COSTA E SILVA;;;700;;Colisão;Anoitecer;;;Meio de Quadra;;;0;1;0;1;0;0;0;0;0;1;0;0;-3,812359938;-38,57310619
351100;17;10;2019;17:52;0;RD QUARTO ANEL VIARIO;;;;;Colisão;Anoitecer;;;Meio de Quadra;;;0;1;0;1;0;0;0;0;0;1;0;0;;
351143;18;10;2019;03:02;0;AV GODOFREDO MACIEL;;;;;Colisão;;;;Meio de Quadra;;;0;1;0;0;0;0;0;0;0;0;0;0;;
351145;18;10;2019;05:23;0;RUA MAL DEODORO;;;1070;;Colisão;Amanhecer;;;Meio de Quadra;;;0;1;0;1;0;0;0;0;0;1;0;0;-3,7446605;-38,537294
351154;18;10;2019;07:06;0;RUA ROMEU MARTINS;;;306;;Colisão;Luz do Dia;;;Meio de Quadra;;;0;1;0;1;0;0;0;0;0;1;0;0;-3,7643125;-38,5555265
351223;18;10;2019;16:57;0;AV PERIMETRAL;;;1466;;Colisão;Luz do Dia;;;Meio de Quadra;;;0;1;0;1;0;0;0;0;0;1;0;0;;
351219;18;10;2019;16:48;7634;RUA MINAS GERAIS;AV CARNEIRO DE MENDONCA;;;;Colisão;Luz do Dia;;;Cruz;Pare;Comercial;0;1;0;1;0;0;0;0;0;1;0;0;-3,762798;-38,5692
351202;18;10;2019;12:33;0;RUA VALPARAISO;;;1555;;Colisão;Luz do Dia;;;Meio de Quadra;;;0;1;0;0;0;0;0;0;0;0;0;0;-3,839105277;-38,5320029
351203;18;10;2019;12:43;0;AV A VENEZA TROPICAL;;;986;;Atropelamento;Luz do Dia;;;Meio de Quadra;;;0;1;0;1;0;0;0;0;0;0;0;0;-3,8513927;-38,5054436
351225;18;10;2019;17:54;0;RUA OSCAR ARARIPE;;;1996;;Colisão;Anoitecer;;;Meio de Quadra;;;0;1;0;0;0;0;0;0;0;0;0;0;-3,788122338;-38,60884421
351228;18;10;2019;18:45;0;RUA MAL BITENCOURT;;;373;;Colisão;;;;Meio de Quadra;;;0;2;0;1;0;0;0;0;0;1;0;0;-3,787657439;-38,52881454
351230;18;10;2019;19:23;0;AV ALM HENRIQUE SABOIA;;;164;;Queda;;;;Meio de Quadra;;;0;1;0;0;0;0;0;0;0;1;0;0;-3,723125806;-38,47999366
351232;18;10;2019;19:29;2614;RUA DES HERMES PARAHYBA;AV CEL CARVALHO;;;;Colisão;;;;Cruz;Semáforo;Comercial;0;1;0;1;0;0;0;0;0;1;0;0;-3,713855;-38,58883
351215;18;10;2019;15:52;4530;AV DEP PAULINO ROCHA;RUA TEN TITO BARROS;;;;Colisão;Luz do Dia;;;T;Não Há Controle;Comercial;0;1;0;0;0;0;0;0;0;0;0;0;-3,801032;-38,507311
351216;18;10;2019;16:18;0;AV FRANCISCO SA;;;;;Queda;Luz do Dia;;;Meio de Quadra;;;0;1;0;0;0;0;0;0;0;1;0;0;;
351205;18;10;2019;13:06;0;RUA JOAO CORDEIRO;;;2730;;Colisão;Luz do Dia;;;Meio de Quadra;;;0;1;0;1;0;0;0;0;0;0;0;0;-3,744343;-38,519279
351206;18;10;2019;13:49;15951;AV FRE CIRILO;RUA PDE PEDRO DE ALENCAR;;;;Colisão;Luz do Dia;;;T;Não Há Controle;Comercial;0;1;0;1;0;0;0;0;0;1;0;0;-3,827783;-38,493485
351207;18;10;2019;14:10;0;AL DALIAS;;;191;;Atropelamento;Luz do Dia;;;Meio de Quadra;;;0;1;0;1;0;0;0;0;0;0;0;0;-3,75153104;-38,4741294
351208;18;10;2019;15:30;15227;AV ABOLICAO;AV DES MOREIRA;;;;Atropelamento;Luz do Dia;;;Y;Semáforo;Residencial;0;1;0;1;0;0;0;0;0;0;0;0;-3,727331;-38,495474
351209;18;10;2019;15:50;22940;RUA JAPI;RUA BERNARDO MANUEL;;;;Colisão;Luz do Dia;;;Cruz;Pare;Comercial;0;2;0;1;0;0;0;0;0;1;0;0;-3,784073;-38,546927
351199;18;10;2019;11:54;0;RUA FRANCISCO CALACA;;;750;;Colisão;Luz do Dia;;;Meio de Quadra;;;0;1;0;1;0;0;0;0;0;1;0;0;-3,708144927;-38,57068995
351200;18;10;2019;12:15;0;RUA JOAO CORDEIRO;;;2762;;Colisão;Luz do Dia;;;Meio de Quadra;;;0;2;0;1;0;0;0;0;0;0;0;0;-3,744343;-38,519279
351196;18;10;2019;09:06;10952;RUA EQUADOR;RUA 15 DE NOVEMBRO;;;;Colisão;Luz do Dia;;;Cruz;Semáforo;Residencial;0;1;0;0;0;0;0;0;0;0;0;0;-3,770577;-38,551314
351197;18;10;2019;11:16;0;AV PRO JOSE ARTHUR CARVALHO;;;2220;;Colisão;Luz do Dia;;;Meio de Quadra;;;0;1;0;1;0;0;0;0;0;1;0;0;-3,824517;-38,459224
351194;18;10;2019;08:18;0;AV HERACLITO GRACA;;;505;;Colisão;Luz do Dia;;;Meio de Quadra;;;0;1;0;1;0;0;0;0;0;1;0;0;-3,73496;-38,52006
351151;18;10;2019;05:37;0;RUA DNA LUCIA PINHEIRO (QUINTINO CUNHA);;;50;;Queda;Amanhecer;;;Meio de Quadra;;;0;1;0;0;0;0;0;0;0;1;0;0;-3,7321275;-38,5975145
351189;18;10;2019;07:19;0;RUA PORTO VELHO;;;982;;Colisão;Luz do Dia;;;Meio de Quadra;;;0;1;0;1;0;0;0;0;0;1;0;0;-3,764772;-38,589265
351190;18;10;2019;07:35;0;AV MR HULL;;;5651;;Colisão;Luz do Dia;;;Meio de Quadra;;;0;1;0;0;0;0;0;0;0;1;0;0;-3,740213;-38,59534
351191;18;10;2019;07:36;0;RUA J DA PENHA;;;505;;Colisão;Luz do Dia;;;Meio de Quadra;;;0;1;0;1;0;0;0;0;0;1;0;0;-3,735935069;-38,52002231
351192;18;10;2019;07:53;0;RUA FRE ODILON;;;23;;Colisão;Luz do Dia;;;Meio de Quadra;;;0;1;0;1;0;0;0;0;0;1;0;0;-3,72035;-38,56996
350843;18;10;2019;16:47;0;AV BERNARDO MANUEL;RUA JAPI;;0;;Colisão Transversal;Luz do Dia;Bom;Seca;Meio de Quadra;Pare;Comercial;0;1;1;1;0;0;0;0;0;1;0;0;-3,7840998;-38,5468433
350844;18;10;2019;19:08;7762;AV ANTONIO SALES;RUA NUNES VALENTE;;;;Colisão Transversal;Via Iluminada;Bom;Seca;Cruz;Gesto;Comercial;0;0;2;1;0;0;0;0;0;1;0;0;-3,744237;-38,506314
350859;18;10;2019;12:30;10953;RUA DOM CARLOTO TAVORA;RUA ALM RUBIM;;;;Colisão Transversal;Luz do Dia;Bom;Seca;Cruz;Pare;Comercial;0;2;1;1;1;0;0;0;0;0;0;0;-3,76982;-38,556269
350586;18;10;2019;11:15;0;RD CE-040;;;;KM-06;Colisão;Luz do Dia;;;Meio de Quadra;;;0;2;0;0;1;0;0;0;0;1;0;0;-3,809596804;-38,47873348
351805;18;10;2019;23:41;0;RUA CON DE CASTRO;;;;;Colisão;;;;Meio de Quadra;;;0;0;1;1;0;0;0;0;0;0;0;0;;
351788;18;10;2019;11:15;0;RD CE-040;;;;KM-10;Colisão;Luz do Dia;;;Meio de Quadra;;;0;0;1;0;0;0;0;0;0;1;0;0;-3,84257666;-38,48088284
351344;18;10;2019;22:38;0;AV MIN JOSE AMERICO;;;;CAMBEBA;Colisão;;;;Meio de Quadra;;;0;1;0;1;0;0;0;0;0;0;0;0;;
351323;18;10;2019;19:53;0;AV PDE ANTONIO TOMAS;;;871;;Atropelamento;;;;Meio de Quadra;;;0;1;0;0;0;0;0;0;0;1;0;0;-3,741435;-38,495728
351324;18;10;2019;20:08;25046;RUA AMERICO ROCHA LIMA;RUA FERNANDO FARIAS DE MELO (MANUEL SÁTIRO);;;;Colisão;;;;Cruz;Pare;Residencial;0;1;0;1;0;0;0;0;0;1;0;0;-3,79908;-38,578449
351325;18;10;2019;20:54;0;AV FRANCISCO SA;;;3290;;Queda;;;;Meio de Quadra;;;0;1;0;0;0;1;0;0;0;0;0;0;-3,7182598;-38,5547606
351326;18;10;2019;21:41;0;AV GAL OSORIO DE PAIVA;;;5128;;Colisão;;;;Meio de Quadra;;;0;1;0;1;0;0;0;0;0;1;0;0;-3,7995967;-38,5972313