COD_ACIDENTE;DIA;MES;ANO;HORA;INTERSECAO;LOG1;LOG2;LOG3;NUMERO;REFERENCIA;NATUREZA;ILUMINACAO;TEMPO;SUPERFICIEPISTA;TIPOCRUZAMENTO;CONTROLETRAFEGO;USOSOLO;MORTOS;FERIDOS;ILESOS;AUTOMOVEL;ONIBUS;BICICLETA;CAMINHAO;MICROONIBUS;CICLOMOTOR;MOTOCICLETA;TRACAOANIMAL;TREM;LATITUDE;LONGITUDE
351327;18;10;2019;22:25;0;RUA BAR CRATO;;;260;;Colisão;;;;Meio de Quadra;;;0;1;0;1;0;0;0;0;0;1;0;0;-3,72281;-38,56542
351328;18;10;2019;22:30;0;AV HERACLITO GRACA;;;57;;Atropelamento;;;;Meio de Quadra;;;0;1;0;1;0;0;0;0;0;0;0;0;-3,73368725;-38,52396317
351345;19;10;2019;01:21;0;RUA FAUSTO CABRAL;;;925;;Queda;;;;Meio de Quadra;;;0;1;0;0;0;0;0;0;0;1;0;0;-3,734695745;-38,47285617
351346;19;10;2019;03:18;0;AV FRANCISCO SA;;;4829;;Atropelamento;;;;Meio de Quadra;;;0;1;0;1;0;0;0;0;0;0;0;0;-3,714234;-38,566692
351384;19;10;2019;13:19;0;AV I CJ JOSE WALTER;;;220;;Colisão;Luz do Dia;;;Meio de Quadra;;;0;1;0;1;0;0;0;0;0;1;0;0;-3,826336;-38,551088
351385;19;10;2019;14:50;0;RUA QUADRA G CJ C BRANCO;;;198;;Queda;Luz do Dia;;;Meio de Quadra;;;0;1;0;0;0;1;0;0;0;0;0;0;-3,7298772;-38,5702446
351366;19;10;2019;10:36;0;RUA COM GARCIA;;;148;;Colisão;Luz do Dia;;;Meio de Quadra;;;0;1;0;0;0;0;0;0;0;0;0;0;-3,7650439;-38,561636
351350;19;10;2019;06:01;0;AV DES MOREIRA;;;2528;;Colisão;Luz do Dia;;;Meio de Quadra;;;0;1;0;0;0;0;0;0;0;1;0;0;-3,747526;-38,501963
351355;19;10;2019;09:01;0;AV SGT HERMINIO SAMPAIO;;;;;Colisão;Luz do Dia;;;Meio de Quadra;;;0;1;0;0;0;0;0;0;0;0;0;0;;
351352;19;10;2019;06:33;0;RUA MANUEL SATIRO;;;1164;;Queda;Luz do Dia;;;Meio de Quadra;;;0;1;0;0;0;0;0;0;0;1;0;0;-3,80722;-38,57765
351463;19;10;2019;19:24;0;RUA COLETORA A (MONDUBIM);;;927;;Atropelamento;;;;Meio de Quadra;;;0;1;0;1;0;0;0;0;0;0;0;0;-3,81522;-38,58211
351464;19;10;2019;19:42;7914;AV ANTONIO SALES;RUA LEONARDO MOTA;;;;Colisão;;;;Cruz;Semáforo;Comercial;0;1;0;1;0;0;0;0;0;1;0;0;-3,746358;-38,499442
351465;19;10;2019;19:49;0;AV SGT HERMINIO SAMPAIO;;;1823;;Colisão;;;;Meio de Quadra;;;0;1;0;1;0;0;0;0;0;1;0;0;-3,725727;-38,557016
351466;19;10;2019;20:00;0;RUA DR CORREIA LIMA;;;2825;;Colisão;;;;Meio de Quadra;;;0;1;0;1;0;0;0;0;0;1;0;0;-3,7861;-38,4594
351442;19;10;2019;17:24;2283;RUA SEN ROBERT KENNEDY;RUA DOMINGOS DA VEIGA;;;;Colisão;Anoitecer;;;Cruz;Pare;Residencial;0;1;0;1;0;0;0;0;0;1;0;0;-3,703095;-38,578553
351435;19;10;2019;17:12;0;AV SEN FERNANDES TAVORA;;;597;;Colisão;Anoitecer;;;Meio de Quadra;;;0;1;0;0;0;0;0;0;0;1;0;0;-3,764304;-38,578199
351409;19;10;2019;15:36;0;AV ALM HENRIQUE SABOIA;;;;;Colisão;Luz do Dia;;;Meio de Quadra;;;0;1;0;1;0;0;0;0;0;1;0;0;;
351433;19;10;2019;16:56;24993;RUA ROCHA LIMA;AV DOM MANUEL;;;;Queda;Luz do Dia;;;Cruz;Semáforo;Comercial;0;1;0;0;0;0;0;0;0;1;0;0;-3,735959;-38,523587
351412;19;10;2019;15:56;10947;RUA LIVINO DE CARVALHO;RUA CABRAL DE ALENCAR;;;;Colisão;Luz do Dia;;;Cruz;Pare;Residencial;0;1;0;0;0;0;0;0;0;1;0;0;-3,771142;-38,5586
351413;19;10;2019;16:05;15374;AV DOM LUIS;RUA FREDERICO BORGES;;;;Colisão;Luz do Dia;;;Cruz;Semáforo;Comercial;0;2;0;1;0;0;0;0;0;1;0;0;-3,73589;-38,489136
351415;19;10;2019;16:10;0;RUA PORTO VELHO;;;1362;;Colisão;Luz do Dia;;;Meio de Quadra;;;0;1;0;1;0;0;0;0;0;1;0;0;-3,7432536;-38,52324
351370;19;10;2019;11:23;0;RUA MAL DEODORO;;;434;;Queda;Luz do Dia;;;Meio de Quadra;;;0;1;0;0;0;0;0;0;0;1;0;0;-3,739604947;-38,53502201
351380;19;10;2019;11:44;24221;RUA JOSE CARLOS GURGEL NOGUEIRA;RUA PRO HERACLITO;;;;Colisão;Luz do Dia;;;Cruz;Não Há Controle;Residencial;0;1;0;1;0;0;0;0;0;1;0;0;-3,732973;-38,47386
351476;19;10;2019;20:01;0;RUA PRO PEDRO DE MORAIS BORGES;;;61;;Colisão;;;;Meio de Quadra;;;0;1;0;1;0;0;0;0;0;1;0;0;-3,7260697;-38,55685
351517;19;10;2019;22:55;0;RUA PDE JOAO PIAMARTA;;;832;;Queda;;;;Meio de Quadra;;;0;1;0;0;0;0;0;0;0;1;0;0;-3,762102049;-38,54322985
351513;19;10;2019;21:29;0;RUA CORREIA LIMA D39;;;;;Colisão;;;;Meio de Quadra;;;0;1;0;1;0;0;0;0;0;1;0;0;;
351509;19;10;2019;21:24;12872;RUA FLORIANO PEIXOTO;RUA JOAQUIM MAGALHAES;;;;Colisão;;;;Cruz;Pare;Residencial;0;4;0;0;0;0;0;0;0;1;0;0;-3,738958;-38,530974
351444;19;10;2019;17:25;0;RUA HERCULES;;;64;;Atropelamento;Anoitecer;;;Meio de Quadra;;;0;1;0;1;0;0;0;0;0;0;0;0;-3,776173684;-38,55533656
351445;19;10;2019;18:44;0;AV JOSE LEON;;;135;;Colisão;;;;Meio de Quadra;;;0;1;0;0;0;0;0;0;0;0;0;0;-3,78692;-38,5101
351446;19;10;2019;18:55;0;RUA PORTO VELHO;;;550;;Atropelamento;;;;Meio de Quadra;;;0;1;0;0;0;0;0;0;0;1;0;0;-3,76664797;-38,58574024
351437;19;10;2019;17:15;3163;RUA ANSELMO NOGUEIRA;RUA FRANCISCO DOMINGOS;;;;Colisão;Anoitecer;;;Cruz;Não Há Controle;Comercial;0;2;0;0;0;0;0;0;0;0;0;0;-3,778913;-38,5869341
351498;19;10;2019;20:10;0;AV PRS COSTA E SILVA;;;;;Queda;;;;Meio de Quadra;;;0;1;0;0;0;1;0;0;0;0;0;0;;
351499;19;10;2019;20:19;0;RUA VASCO DE ATAIDE;;;520;;Colisão;;;;;;;0;1;0;0;0;0;0;0;0;0;0;0;-3,8238234;-38,4885558
351501;19;10;2019;20:20;0;RUA FLORIANO PEIXOTO;;;657;;Atropelamento;;;;Meio de Quadra;;;0;1;0;1;0;0;0;0;0;0;0;0;-3,728263;-38,527486
351504;19;10;2019;20:57;0;AV PERIMETRAL;;;9954;;Colisão;;;;Meio de Quadra;;;0;1;0;1;0;0;0;0;0;1;0;0;;
351505;19;10;2019;21:17;0;RUA FRANCISCO DOMINGOS;;;1852;;Atropelamento;;;;Meio de Quadra;;;0;1;0;0;0;0;0;0;0;1;0;0;-3,77614;-38,59654
351807;19;10;2019;21:40;8546;RUA DR CORREIA LIMA;RUA JURACI MAGALHAES;;;;Colisão;;;;;;;0;0;1;1;0;0;0;0;0;0;0;0;-3,785743;-38,459416
351808;19;10;2019;23:30;0;RUA PRO PEDRO DE MORAIS BORGES;;;;;Colisão;;;;;;;0;0;1;1;0;0;0;0;0;0;0;0;;
351790;19;10;2019;12:40;0;RUA SEN ALMIR PINTO;;;1705;;Atropelamento;Luz do Dia;;;Meio de Quadra;;;0;1;1;0;0;0;0;0;0;0;0;0;;
351821;19;10;2019;10:00;0;AV DR SILAS MUNGUBA;;;4956;;Colisão;Luz do Dia;;;Meio de Quadra;;;0;0;1;0;0;0;0;0;0;0;0;0;;
351823;19;10;2019;19:10;0;AV WASHINGTON SOARES;;;;;Colisão;;;;Meio de Quadra;;;0;0;1;0;0;0;0;0;0;0;0;0;;
350598;19;10;2019;16:15;0;RD CE-040;;;;KM-05;Colisão;Luz do Dia;;;Meio de Quadra;;;0;2;0;1;0;0;0;0;0;0;0;0;-3,800595823;-38,47953463
350599;19;10;2019;22:10;0;RD CE-040;;;;KM-12;Queda;;;;Meio de Quadra;;;0;1;0;0;0;0;0;0;0;1;0;0;-3,857690949;-38,47204254
350392;19;10;2019;01:30;2614;AV CEL CARVALHO;RUA DES HERMES PARAHYBA;;;;Colisão Transversal;;Bom;Seca;Cruz;Semáforo;Comercial;0;1;1;1;0;0;0;0;0;1;0;0;-3,713855;-38,58883
350394;19;10;2019;06:40;0;AV DR SILAS MUNGUBA;;;1403;;Colisão Lateral;Luz do Dia;Bom;Seca;Meio de Quadra;Outros;Comercial;0;1;1;0;1;1;0;0;0;0;0;0;-3,783875892;-38,55396149
350845;19;10;2019;13:36;5431;RUA GAL CLARINDO DE QUEIROZ;RUA BAR ARATANHA;;;;Colisão Traseira;Luz do Dia;Bom;Seca;Cruz;Pare;Comercial;0;1;1;1;0;0;0;0;0;1;0;0;-3,733844;-38,526693
350846;19;10;2019;09:36;0;AV PRS COSTA E SILVA;;;900;;Colisão Traseira;Luz do Dia;Bom;Seca;Meio de Quadra;Semáforo;Comercial;0;2;0;0;0;0;0;0;0;1;0;0;-3,812960271;-38,57123981
350591;19;10;2019;12:00;0;RD CE-040;;;;KM-10;Colisão;Luz do Dia;;;Meio de Quadra;;;0;4;0;1;0;0;0;0;0;1;0;0;-3,84257666;-38,48088284
350592;19;10;2019;17:30;0;RD CE-060;;;;KM-03;Colisão;Anoitecer;;;Meio de Quadra;;;0;2;0;1;0;0;0;0;0;0;0;0;-3,843038;-38,585133
350398;20;10;2019;14:35;19721;RUA GUSTAVO SAMPAIO;RUA AMADEU FURTADO;;;;Colisão Transversal;Luz do Dia;Bom;Seca;Cruz;Pare;Escola;0;0;2;1;0;0;0;0;0;1;0;0;-3,736786;-38,563828
350424;20;10;2019;01:30;25283;RUA LIV LUIZ MAIA;RUA DES WALDEMAR ALVES PEREIRA;;;;Colisão Transversal;Via Iluminada;Bom;Seca;Cruz;Pare;Residencial;0;1;1;0;1;0;0;0;0;1;0;0;;
350412;20;10;2019;18:40;5134;RUA GUILHERME ROCHA;RUA TEREZA CRISTINA;;;;Colisão Lateral;Via Iluminada;Bom;Seca;Cruz;Pare;Comercial;0;1;3;0;1;0;0;0;0;1;0;0;-3,724385;-38,535981
350600;20;10;2019;17:10;0;AV GODOFREDO MACIEL;;;;;Colisão;Anoitecer;;;Meio de Quadra;;;0;1;0;0;0;0;0;0;0;1;0;0;;
351791;20;10;2019;20:40;0;RUA GUILHERME MENDES;;;;;Colisão;;;;Meio de Quadra;;;0;0;1;0;0;0;0;0;0;0;0;0;;
351809;20;10;2019;05:08;0;RD CE-090;;;2070;;Colisão;Amanhecer;;;Meio de Quadra;;;0;0;1;1;0;0;0;0;0;0;0;0;;
351810;20;10;2019;04:22;0;RUA BERNARDO MANUEL;;;9184;;Colisão;;;;Meio de Quadra;;;0;0;1;0;0;0;0;0;0;0;0;0;-3,799835123;-38,55176194
351847;20;10;2019;12:00;0;RD BR 116;;;3000;KM-03;Colisão;Luz do Dia;;;Meio de Quadra;;;0;1;1;1;0;0;0;0;0;1;0;0;-3,779838;-38,514372
351518;20;10;2019;03:03;0;RUA POMPILIO GOMES;;;1253;;Queda;;;;Meio de Quadra;;;0;1;0;0;0;0;0;0;0;1;0;0;;
351520;20;10;2019;06:37;0;RUA SEN ROBERT KENNEDY;;;232;;Queda;Luz do Dia;;;Meio de Quadra;;;0;1;0;0;0;0;0;0;0;1;0;0;-3,702109943;-38,57808991
351546;20;10;2019;16:12;0;RUA OSVALDO CRUZ (ALDEOTA);;;2932;;Colisão;Luz do Dia;;;Meio de Quadra;;;0;1;0;1;0;0;0;0;0;1;0;0;-3,7504724;-38,5051148
351547;20;10;2019;16:33;0;RUA LUIZ DE PONTES;;;28;;Queda;Luz do Dia;;;Meio de Quadra;;;0;1;0;0;0;0;0;0;0;1;0;0;-3,811315054;-38,583556
351544;20;10;2019;16:03;17311;RUA JOAO FIRMINO;RUA ROMEU MARTINS;;;;Colisão;Luz do Dia;;;Cruz;Pare;Residencial;0;1;0;0;0;0;0;0;0;0;0;0;-3,764274;-38,555582
351541;20;10;2019;14:09;12512;RUA DES GOMES PARENTE;RUA DES FELIX CANDIDO;;;;Queda;Luz do Dia;;;Cruz;Pare;Comercial;0;1;0;0;0;0;0;0;0;1;0;0;-3,772962;-38,579448
351542;20;10;2019;14:26;0;RUA DIVINA;;;336;;Queda;Luz do Dia;;;Meio de Quadra;;;0;1;0;0;0;0;0;0;0;1;0;0;-3,8073781;-38,6080277
351535;20;10;2019;06:53;0;AV JOSE LEON;;;1489;;Queda;Luz do Dia;;;Meio de Quadra;;;0;1;0;0;0;0;0;0;0;1;0;0;-3,7888306;-38,4977526
351539;20;10;2019;12:49;0;AV ALBERTO CRAVEIRO;;;;VIADUTO-AEROPORTO;Colisão;Luz do Dia;;;Meio de Quadra;;;0;1;0;0;0;0;0;0;0;0;0;0;;
351574;20;10;2019;19:54;0;RUA COSTA FREIRE;;;623;;Queda;;;;Meio de Quadra;;;0;1;0;0;0;1;0;0;0;0;0;0;-3,786446053;-38,5793463
351575;20;10;2019;20:25;0;RUA RAIMUNDO ARISTIDES;;;470;;Colisão;;;;Meio de Quadra;;;0;1;0;1;0;0;0;0;0;1;0;0;-3,819348385;-38,59034928
351576;20;10;2019;20:54;24574;RUA CEL ABELARDO RODRIGUES;RUA ANTONIO ARRUDA;;;;Colisão;;;;Cruz;Pare;Residencial;0;1;0;1;0;0;0;0;0;1;0;0;-3,711615;-38,591522
351577;20;10;2019;21:48;0;AV AGUANAMBI;;;;;Colisão;;;;Meio de Quadra;;;0;1;0;1;0;0;0;0;0;1;0;0;;
351578;20;10;2019;22:30;0;RUA 818 CJ CEARA;;;202;;Colisão;;;;Meio de Quadra;;;0;1;0;0;0;0;0;0;0;1;0;0;-3,76816;-38,60062
351579;20;10;2019;22:50;0;AV I CJ JOSE WALTER;;;930;;Colisão;;;;Meio de Quadra;;;0;1;0;1;0;0;0;0;0;1;0;0;-3,83232;-38,55298
351580;20;10;2019;23:05;7718;AV CARNEIRO DE MENDONCA;AV JOSE BASTOS;;;;Colisão;;;;Cruz;Semáforo;Comercial;0;1;0;1;0;0;0;0;0;1;0;0;-3,764109;-38,566759
351555;20;10;2019;18:22;579;AV FRANCISCO SA;RUA CRUZEIRO DO SUL;;;;Colisão;Anoitecer;;;Cruz;Pare;Comercial;0;1;0;1;0;0;0;0;0;1;0;0;-3,715499;-38,563034
351556;20;10;2019;19:27;0;RUA PDE PEDRO DE ALENCAR;;;;;Colisão;;;;Meio de Quadra;;;0;1;0;1;0;0;0;0;0;1;0;0;;
351557;20;10;2019;19:30;0;RD BR 116;;;;KM-12;Colisão;;;;Meio de Quadra;;;0;1;2;1;1;0;0;0;0;1;0;0;-3,85574;-38,496066
351553;20;10;2019;18:15;22984;RUA MAD ELISA BALDO;RUA EST JUCA D45;;;;Atropelamento;Anoitecer;;;Cruz;Não Há Controle;Misto;0;1;0;0;0;0;0;0;0;1;0;0;-3,786214;-38,542973
351549;20;10;2019;17:07;0;AV ROGACIANO LEITE;;;2635;;Colisão;Anoitecer;;;Meio de Quadra;;;0;1;0;0;0;0;0;0;0;0;0;0;-3,7812608;-38,50183267
351550;20;10;2019;17:27;0;RUA SOUSA PINTO;;;826;;Atropelamento;Anoitecer;;;Meio de Quadra;;;0;2;0;0;0;0;0;0;0;1;0;0;-3,76293;-38,511773
351581;21;10;2019;04:36;7141;AV PRS CASTELO BRANCO;RUA FRANCISCO CALACA;;;;Colisão;;;;Cruz;Pare;Residencial;0;1;0;1;0;0;0;0;0;1;0;0;-3,707642;-38,570498
351582;21;10;2019;06:42;0;AV DOM MANUEL;;;192;;Colisão;Luz do Dia;;;Meio de Quadra;;;0;1;0;1;0;0;0;0;0;1;0;0;-3,72577464;-38,520284
351583;21;10;2019;08:07;0;AV SGT HERMINIO SAMPAIO;;;;;Colisão;Luz do Dia;;;Meio de Quadra;;;0;1;0;1;0;0;0;0;0;1;0;0;;
351584;21;10;2019;08:07;0;AV SEN FERNANDES TAVORA;;;44;;Queda;Luz do Dia;;;Meio de Quadra;;;0;1;0;0;0;0;0;0;0;1;0;0;-3,75379;-38,60561
351585;21;10;2019;08:22;0;AV SGT HERMINIO SAMPAIO;;;347;;Colisão;Luz do Dia;;;Meio de Quadra;;;0;2;0;0;0;0;0;0;0;1;0;0;-3,73547966;-38,59269321
351586;21;10;2019;08:53;0;AV JOR THOMAZ COELHO;;;3621;;Colisão;Luz do Dia;;;Meio de Quadra;;;0;1;0;1;0;0;0;0;0;1;0;0;;
351587;21;10;2019;13:11;0;AV MR HULL;;;;;Colisão;Luz do Dia;;;Meio de Quadra;;;0;1;0;0;0;0;0;0;0;0;0;0;;
351588;21;10;2019;14:34;0;RUA 1 LT ARVOREDO;;;159;;Colisão;Luz do Dia;;;Meio de Quadra;;;0;1;0;1;0;0;0;0;0;0;0;0;-3,8174586;-38,5731732
351589;21;10;2019;14:55;0;RUA DOM PEDRO II;;;;TERMINAL-PARANGABA;Atropelamento;Luz do Dia;;;Meio de Quadra;;;0;1;0;0;0;0;0;0;0;0;0;0;;
351590;21;10;2019;14:56;0;AV WASHINGTON SOARES;;;10565;;Colisão;Luz do Dia;;;Meio de Quadra;;;0;1;0;1;0;0;0;0;0;1;0;0;-3,842262072;-38,48076688
351591;21;10;2019;16:24;0;AV DUQ CAXIAS;;;2001;;Colisão;Luz do Dia;;;Meio de Quadra;;;0;1;0;1;0;0;0;0;0;1;0;0;-3,727791;-38,542245
351592;21;10;2019;17:05;0;AV MOZART PINHEIRO DE LUCENA;;;2718;;Atropelamento;Anoitecer;;;Meio de Quadra;;;0;1;0;0;0;0;0;0;0;0;0;0;-3,728355;-38,598561
351594;21;10;2019;17:28;25993;RUA PERNAMBUCO;RUA TRES CORACOES;;;;Colisão;Anoitecer;;;;;;0;1;0;1;0;0;0;0;0;1;0;0;-3,749994;-38,579467
351595;21;10;2019;17:35;0;RUA JULIO SILVA;;;440;;Colisão;Anoitecer;;;Meio de Quadra;;;0;1;0;0;0;0;0;0;0;0;0;0;-3,74537;-38,45462
351596;21;10;2019;18:11;0;AV MOZART PINHEIRO DE LUCENA;;;2080;;Colisão;Anoitecer;;;Meio de Quadra;;;0;2;0;1;0;0;0;0;0;1;0;0;-3,720646;-38,596388
351597;21;10;2019;18:29;0;RUA DA SAUDADE (MONTESE);;;420;;Colisão;Anoitecer;;;Meio de Quadra;;;0;1;0;0;0;0;0;0;0;0;0;0;-3,769028;-38,546523
351598;21;10;2019;19:26;0;RUA SILVIO ROMERO;;;4150;;Queda;;;;Meio de Quadra;;;0;1;0;0;0;1;0;0;0;0;0;0;;
351599;21;10;2019;20:08;0;AV ROGACIANO LEITE;;;2150;;Queda;;;;Meio de Quadra;;;0;1;0;0;0;0;0;0;0;1;0;0;-3,773416;-38,498988
351600;21;10;2019;21:01;0;RD BR 116;;;;KM-03;Colisão;;;;Meio de Quadra;;;0;1;0;0;0;0;0;0;0;0;0;0;-3,779838;-38,514372
351601;21;10;2019;23:12;0;AV PERIMETRAL;;;3864;;Colisão;;;;Meio de Quadra;;;0;1;0;0;0;0;0;0;0;0;0;0;;
351855;21;10;2019;06:45;0;RD BR 116;;;11000;KM-11;Colisão Lateral;Luz do Dia;;;Meio de Quadra;;;0;0;2;1;0;0;0;0;0;0;0;0;-3,84716;-38,497176
351806;21;10;2019;21:35;0;RD BR 222;;;;;Colisão;;;;Meio de Quadra;;;0;0;1;0;0;0;0;0;0;0;0;0;;
351792;21;10;2019;00:20;24574;RUA ANTONIO ARRUDA;RUA CEL ABELARDO RODRIGUES;;;;Colisão;;;;Cruz;Pare;Residencial;0;0;1;0;0;0;0;0;0;0;0;0;-3,711615;-38,591522
351793;21;10;2019;09:00;0;RD CE-090;;;;KM-07;Colisão;Luz do Dia;;;Meio de Quadra;;;0;0;1;0;0;0;0;0;0;0;0;0;;
351794;21;10;2019;09:20;0;AV CENTRAL;;;598;;Colisão;Luz do Dia;;;Meio de Quadra;;;0;0;1;0;0;0;0;0;0;0;0;0;-3,8089302;-38,5387462
351804;21;10;2019;16:40;0;RUA UM (MONDUBIM);;;;;Choque c/ Obstáculo Fixo;Luz do Dia;;;Meio de Quadra;;;0;0;1;1;0;0;0;0;0;0;0;0;;
351817;21;10;2019;23:20;0;RUA SEN ROBERT KENNEDY;;;506;;Colisão;Luz do Dia;;;Meio de Quadra;;;0;0;1;0;0;0;0;0;0;0;0;0;-3,7043198;-38,5791368
350601;21;10;2019;17:10;0;RD CE-040;;;;KM-06;Colisão;Anoitecer;;;Meio de Quadra;;;0;3;0;1;0;0;0;0;0;1;0;0;-3,809596804;-38,47873348
350602;21;10;2019;20:20;0;AV SEN CARLOS JEREISSATI (AEROPORTO);;;;KM 02;Colisão;;;;Meio de Quadra;;;0;2;0;0;1;0;0;0;0;0;0;0;-3,782194;-38,535424
350425;21;10;2019;15:00;0;AV 1 LOT ARVOREDO;;;;;Choque c/ Obstáculo Fixo;Luz do Dia;Bom;Seca;Meio de Quadra;Não Há Controle;Residencial;0;0;1;1;0;0;0;0;0;0;0;0;;
350450;21;10;2019;19:00;0;AV MOZART PINHEIRO DE LUCENA;;;;;Colisão Lateral;Via Iluminada;Bom;Seca;Meio de Quadra;Pare;Comercial;0;1;1;1;0;0;0;0;0;1;0;0;;
350847;21;10;2019;01:29;13177;AV I CJ JOSE WALTER;AV D CJ JOSE WALTER;;;;Colisão Transversal;Via Iluminada;Bom;Seca;Cruz;Semáforo;Residencial;0;1;1;1;0;0;0;0;0;1;0;0;-3,83244;-38,552957
350848;21;10;2019;07:25;10947;RUA CABRAL DE ALENCAR;RUA LIVINO DE CARVALHO;;;;Colisão Transversal;Luz do Dia;Bom;Seca;Cruz;Pare;Residencial;0;0;2;1;0;0;0;0;0;1;0;0;-3,771142;-38,5586
350849;21;10;2019;12:55;19342;RUA GERMANO FRANCK;RUA SAMUEL GURGEL D41;;;;Colisão Lateral;Luz do Dia;Bom;Seca;T;Pare;Comercial;0;1;1;1;0;0;0;0;0;1;0;0;-3,775974;-38,560519
350850;21;10;2019;16:11;0;AV PRS CASTELO BRANCO;;;6178;;Colisão Traseira;Luz do Dia;Bom;Seca;Meio de Quadra;Não Há Controle;Comercial;0;0;3;1;0;0;0;0;0;1;0;0;-3,70104;-38,58565
350851;21;10;2019;19:10;0;AV DUQ CAXIAS;;;2121;;Colisão Transversal;Via Iluminada;Bom;Seca;Meio de Quadra;Pare;Residencial;0;1;1;1;0;0;0;0;0;1;0;0;-3,727637;-38,542701
350852;21;10;2019;22:25;0;RUA GERMANO FRANCK;;;176;;Colisão Transversal;Via Iluminada;Bom;Seca;Com Via Férrea;Semáforo;Residencial;0;0;1;0;0;0;0;0;0;0;0;1;-3,77439937;-38,55864959
350906;21;10;2019;13:23;25951;AV JOSE LEON;RUA STENIO GOMES (JD OLIVEIRAS);;;;Não Informado;Luz do Dia;Bom;Seca;T;Pare;Comercial;0;0;2;1;0;0;0;0;0;1;0;0;-3,788419;-38,499427
350853;22;10;2019;08:10;25119;RUA BAR AQUIRAZ;RUA MIGUEL COUTO;;;;Colisão Transversal;Luz do Dia;Bom;Seca;Cruz;Pare;Residencial;0;1;1;1;0;0;0;0;0;1;0;0;-3,837441;-38,487996
350854;22;10;2019;07:47;0;AV PRS CASTELO BRANCO;;;2169;;Choque c/ Obstáculo Fixo;Luz do Dia;Bom;Seca;Meio de Quadra;Dê Preferência;Escola;0;0;1;1;0;0;0;0;0;0;0;0;-3,714159156;-38,54741893
350855;22;10;2019;21:00;0;AV JOAO PESSOA;;;6760;;Colisão Transversal;Via Iluminada;Bom;Seca;Meio de Quadra;Semáforo;Comercial;0;1;1;1;0;0;0;0;0;1;0;0;-3,76903369;-38,5605481
350468;22;10;2019;20:00;0;RUA PEREIRA DE MIRANDA;;;56;;Atropelamento;Via Iluminada;Bom;Seca;Meio de Quadra;Pare;Residencial;1;0;1;0;1;0;0;0;0;0;0;0;-3,73876;-38,4850145
350459;22;10;2019;16:00;0;RUA DES OTACILIO PEIXOTO;;;;;Colisão Transversal;Luz do Dia;Bom;Seca;Meio de Quadra;Semáforo;Comercial;0;1;1;1;0;0;0;0;0;1;0;0;;
350391;22;10;2019;21:30;0;RUA LIV POLARY MAIA;;;;;Outros;;;;Meio de Quadra;;;0;0;1;0;0;0;0;0;0;1;0;0;;
350603;22;10;2019;10:10;0;ACESSO F UI 401;;;1;;Colisão;Luz do Dia;;;Meio de Quadra;;;0;2;0;1;0;0;0;0;0;0;0;0;-3,801523;-38,51069
350609;22;10;2019;09:00;0;RD CE-040;;;;KM-12;Colisão;Luz do Dia;;;Meio de Quadra;;;0;1;0;0;0;0;0;0;0;1;0;0;-3,857690949;-38,47204254
351812;22;10;2019;15:20;0;AV DR THEBERGE;;;989;;Colisão;Luz do Dia;;;Meio de Quadra;;;0;0;1;0;0;0;0;0;0;0;0;0;-3,711640387;-38,56396687
351866;22;10;2019;14:00;0;RUA RAIMUNDO NERY;;;;;Colisão;Luz do Dia;;;Meio de Quadra;;;0;0;1;1;0;0;0;0;0;0;0;0;;
351602;22;10;2019;03:15;0;AV PERIMETRAL;;;1974;;Colisão;;;;Meio de Quadra;;;0;1;0;0;0;0;0;0;0;0;0;0;;
351603;22;10;2019;06:09;0;RUA DOM QUINTINO;;;226;;Atropelamento;Luz do Dia;;;Meio de Quadra;;;0;1;0;1;0;0;0;0;0;0;0;0;-3,7085767;-38,5634967
351604;22;10;2019;06:13;0;AV PRS CASTELO BRANCO;;;2161;;Colisão;Luz do Dia;;;Meio de Quadra;;;0;1;0;0;0;0;0;0;0;0;0;0;-3,714190031;-38,54734772
351605;22;10;2019;06:44;0;AV PRS CASTELO BRANCO;;;2154;;Colisão;Luz do Dia;;;Meio de Quadra;;;0;1;0;0;0;0;0;0;0;0;0;0;-3,714213187;-38,54729431
351606;22;10;2019;07:46;0;RUA JOR CESAR MAGALHAES;;;666;;Colisão;Luz do Dia;;;Meio de Quadra;;;0;1;0;1;0;0;0;0;0;1;0;0;-3,765290195;-38,48907878
351607;22;10;2019;08:09;0;RUA BERNARDO MANUEL;;;13285;;Colisão;Luz do Dia;;;;;;0;1;0;0;0;0;0;0;0;0;0;0;-3,834125;-38,56211
351608;22;10;2019;08:41;5437;RUA FLORIANO PEIXOTO;RUA METON DE ALENCAR;;;;Colisão;Luz do Dia;;;Cruz;Pare;Comercial;0;1;0;1;0;0;0;0;0;1;0;0;-3,734071;-38,529358
351609;22;10;2019;09:05;0;AV ROGACIANO LEITE;;;2480;;Colisão;Luz do Dia;;;Meio de Quadra;;;0;1;0;1;0;0;0;0;0;1;0;0;-3,778586;-38,501133
351610;22;10;2019;11:20;0;RUA DES AVELAR;;;543;;Queda;Luz do Dia;;;Meio de Quadra;;;0;1;0;0;0;0;0;0;0;1;0;0;-3,7609774;-38,5626601