COD_ACIDENTE;DIA;MES;ANO;HORA;INTERSECAO;LOG1;LOG2;LOG3;NUMERO;REFERENCIA;NATUREZA;ILUMINACAO;TEMPO;SUPERFICIEPISTA;TIPOCRUZAMENTO;CONTROLETRAFEGO;USOSOLO;MORTOS;FERIDOS;ILESOS;AUTOMOVEL;ONIBUS;BICICLETA;CAMINHAO;MICROONIBUS;CICLOMOTOR;MOTOCICLETA;TRACAOANIMAL;TREM;LATITUDE;LONGITUDE
351611;22;10;2019;11:21;9390;RUA RIO TOCANTINS;RUA GUILHERME MENDES;;;;Colisão;Luz do Dia;;;Cruz;Pare;Residencial;0;1;0;1;0;0;0;0;0;1;0;0;-3,721216;-38,581003
351612;22;10;2019;11:27;14658;RUA DES AVELAR;RUA JOAQUIM EMIDIO DE CASTRO;;;;Queda;Luz do Dia;;;;;;0;1;0;0;0;0;0;0;0;1;0;0;-3,794311;-38,4911531
351613;22;10;2019;12:06;2788;RUA DR FERNANDO AUGUSTO;RUA ITU;;;;Colisão;Luz do Dia;;;;;;0;1;0;1;0;0;0;0;0;1;0;0;-3,793022;-38,603319
351614;22;10;2019;12:49;0;AV AUGUSTO DOS ANJOS;;;2088;;Colisão;Luz do Dia;;;Meio de Quadra;;;0;1;0;0;0;0;0;0;0;0;0;0;-3,7841915;-38,582654
351615;22;10;2019;12:54;0;AV JOSE BASTOS;;;2088;;Atropelamento;Luz do Dia;;;Meio de Quadra;;;0;1;0;0;0;0;0;0;0;1;0;0;-3,7419873;-38,5423508
351616;22;10;2019;13:22;0;RUA PDE MORORO;;;2086;;Colisão;Luz do Dia;;;Meio de Quadra;;;0;1;0;1;0;0;0;0;0;1;0;0;-3,734801;-38,540259
351617;22;10;2019;13:27;3809;RUA PDE FRANCISCO PINTO;AV CARAPINIMA;;;;Queda;Luz do Dia;;;Duplo T;Não Há Controle;Comercial;0;1;0;0;0;0;0;0;0;1;0;0;-3,741723;-38,541958
351618;22;10;2019;15:42;0;AV HIS RAIMUNDO GIRAO;;;1338;;Colisão;Luz do Dia;;;Meio de Quadra;;;0;1;0;1;0;0;0;0;0;1;0;0;-3,724196;-38,504023
351619;22;10;2019;15:52;0;RUA PDE CONSTANTINO;;;20;;Colisão;Luz do Dia;;;Meio de Quadra;;;0;1;0;1;0;0;0;0;0;1;0;0;-3,716314288;-38,54557476
351620;22;10;2019;16:28;2830;RUA OSCAR FRANCA;AV GAL OSORIO DE PAIVA;;;;Colisão;Luz do Dia;;;T;Semáforo;Comercial;0;1;0;1;0;0;0;0;0;1;0;0;-3,794473;-38,592113
351621;22;10;2019;17:15;0;RUA VALPARAISO;;;556;;Colisão;Anoitecer;;;Meio de Quadra;;;0;1;0;1;0;0;0;0;0;1;0;0;-3,844453083;-38,52547442
351622;22;10;2019;18:32;0;AV WASHINGTON SOARES;;;;;Colisão;;;;Meio de Quadra;;;0;1;0;1;0;0;0;0;0;1;0;0;;
351623;22;10;2019;18:33;0;RUA TEBAS;;;137;;Colisão;;;;Meio de Quadra;;;0;1;0;0;0;0;0;0;0;0;0;0;-3,81191;-38,61938
351624;22;10;2019;19:07;0;RUA COSTA BARROS;;;1640;;Colisão;;;;Meio de Quadra;;;0;1;0;1;0;0;0;0;0;1;0;0;-3,731;-38,50956
351625;22;10;2019;19:10;0;AV PERIMETRAL;;;;;Colisão;;;;Meio de Quadra;;;0;1;0;0;0;0;0;0;0;0;0;0;;
351626;22;10;2019;19:52;0;AV GAL OSORIO DE PAIVA;;;;;Atropelamento;;;;Meio de Quadra;;;0;2;0;0;0;0;0;0;0;1;0;0;;
351628;22;10;2019;20:01;0;AV I CJ JOSE WALTER;;;;;Colisão;;;;Meio de Quadra;;;0;2;0;0;0;0;0;0;0;1;0;0;;
351629;22;10;2019;20:39;2;RUA DR MANUEL SOARES;RUA HUGO VITOR;;;;Atropelamento;;;;;;;0;2;0;0;0;0;0;0;0;1;0;0;-3,747331;-38,590539
351630;22;10;2019;21:14;0;RUA LONDRINA;;;1729;;Colisão;;;;Meio de Quadra;;;0;2;0;0;0;0;0;0;0;1;0;0;-3,780007776;-38,60693128
351631;22;10;2019;22:03;0;AV PRS COSTA E SILVA;;;;;Queda;;;;Meio de Quadra;;;0;1;0;0;0;1;0;0;0;0;0;0;;
351632;22;10;2019;23:15;0;RUA JOAO CORDEIRO;;;2727;;Colisão;;;;Meio de Quadra;;;0;2;0;0;0;0;0;0;0;0;0;0;-3,744343;-38,519279
351633;23;10;2019;00:43;0;RUA JOAO AREAS;;;1115;;Queda;;;;Meio de Quadra;;;0;1;0;0;0;0;0;0;0;1;0;0;-3,79739448;-38,57616396
351635;23;10;2019;08:33;14220;RUA WASHINGTON DE MORAIS;RUA LUIZA GUIMARAES;;;;Colisão;Luz do Dia;;;Cruz;Não Há Controle;Residencial;0;1;0;1;0;0;0;0;0;1;0;0;-3,833836;-38,462823
351637;23;10;2019;09:23;0;RUA LUIZA GUIMARAES;;;713;;Colisão;Luz do Dia;;;Meio de Quadra;;;0;1;0;1;0;0;0;0;0;1;0;0;-3,8338;-38,46278
351638;23;10;2019;09:35;0;RUA DOM LINO;;;546;;Colisão;Luz do Dia;;;Meio de Quadra;;;0;1;0;1;0;0;0;0;0;1;0;0;-3,7389895;-38,556586
351639;23;10;2019;09:47;0;RUA PRO HERIBALDO COSTA;;;685;;Colisão;Luz do Dia;;;Meio de Quadra;;;0;1;0;1;0;0;0;0;0;1;0;0;-3,759016;-38,583335
351640;23;10;2019;11:17;0;RUA IPAUMIRIM D68;;;780;;Colisão;Luz do Dia;;;Meio de Quadra;;;0;1;0;0;0;0;0;0;0;0;0;0;-3,8297189;-38,5678144
351641;23;10;2019;11:19;12826;RUA ANDRE CHAVES;AV DOS EXPEDICIONARIOS;;;;Colisão;Luz do Dia;;;Cruz;Semáforo;Residencial;0;1;0;1;0;0;0;0;0;1;0;0;-3,757345;-38,538903
351642;23;10;2019;12:24;0;AV ROGACIANO LEITE;;;;;Colisão;Luz do Dia;;;Meio de Quadra;;;0;1;0;1;0;0;0;0;0;1;0;0;;
351645;23;10;2019;12:50;0;AV PRO GOMES DE MATOS;;;622;;Colisão;Luz do Dia;;;Meio de Quadra;;;0;1;0;1;0;0;0;0;0;1;0;0;-3,758895;-38,543675
351646;23;10;2019;14:08;0;RUA ROMEU MARTINS;;;1415;;Colisão;Luz do Dia;;;Meio de Quadra;;;0;1;0;1;0;0;0;0;0;1;0;0;;
351648;23;10;2019;14:32;0;RUA CEARA;;;5525;;Colisão;Luz do Dia;;;Meio de Quadra;;;0;1;0;1;0;0;0;0;0;1;0;0;;
351650;23;10;2019;14:39;0;RUA RIO GRANDE DO SUL;;;;;Colisão;Luz do Dia;;;Meio de Quadra;;;0;1;0;0;0;0;0;0;0;1;0;0;;
351665;23;10;2019;21:23;0;RUA FRANCO ROCHA;;;451;;Colisão;;;;Meio de Quadra;;;0;1;0;1;0;0;0;0;0;1;0;0;-3,75489175;-38,5802875
351652;23;10;2019;16:40;0;AV CEL CARVALHO;;;968;;Colisão;Luz do Dia;;;Meio de Quadra;;;0;1;0;1;0;0;0;0;0;1;0;0;-3,710718;-38,589633
351662;23;10;2019;19:59;0;RD BR 116;;;;KM-09;Atropelamento;;;;Meio de Quadra;;;0;1;0;0;0;0;0;0;0;0;0;0;-3,830837;-38,504865
351663;23;10;2019;20:33;0;AV PERIMETRAL;;;;;Colisão;;;;Meio de Quadra;;;0;1;0;0;0;0;0;0;0;0;0;0;;
351655;23;10;2019;18:01;0;AV ALBERTO CRAVEIRO;;;2750;;Atropelamento de Animal;Anoitecer;;;Meio de Quadra;;;0;1;0;0;0;0;0;0;0;1;0;0;-3,8038525;-38,5220535
351656;23;10;2019;18:31;0;RUA ALUISIO AZEVEDO;;;835;;Colisão;;;;Meio de Quadra;;;0;1;0;1;0;0;0;0;0;1;0;0;-3,769769;-38,580014
351657;23;10;2019;19:21;0;RUA FERNANDO FARIAS DE MELO (MANUEL SÁTIRO);;;365;;Colisão;;;;Meio de Quadra;;;0;1;0;0;0;0;0;0;0;0;0;0;-3,793589633;-38,57824153
351658;23;10;2019;19:26;0;AV SANTOS DUMONT;;;7855;;Queda;;;;Meio de Quadra;;;0;2;0;0;0;1;0;0;0;0;0;0;-3,748432944;-38,45320417
351659;23;10;2019;19:55;0;AV PRS JUSCELINO KUBITSCHEK (PASSARÉ);;;;;Colisão;;;;Meio de Quadra;;;0;1;0;1;0;0;0;0;0;1;0;0;;
351856;23;10;2019;07:40;0;RD BR 116;;;5000;KM-05;Colisão Lateral;Luz do Dia;;;Meio de Quadra;;;0;1;1;1;0;0;0;0;0;1;0;0;-3,796502;-38,506787
351824;23;10;2019;15:30;0;RUA CEL MATOS DOURADO;;;;;Choque c/ Obstáculo Fixo;Luz do Dia;;;Meio de Quadra;;;0;0;1;0;0;0;0;0;0;0;0;0;;
350604;23;10;2019;07:00;0;AV MIN JOSE AMERICO;;;2223;;Colisão;Luz do Dia;;;Meio de Quadra;;;0;4;0;1;0;0;0;0;0;1;0;0;-3,811564838;-38,48130805
350605;23;10;2019;07:00;0;RUA 24 DE NOVEMBRO UI 403;;;1;;Colisão;Luz do Dia;;;Meio de Quadra;;;0;2;0;1;0;0;0;0;0;0;0;0;-3,8214538;-38,4899597
350606;23;10;2019;16:40;0;RD CE-040;;;;KM-07;Colisão;Luz do Dia;;;Meio de Quadra;;;0;2;0;1;0;0;0;0;0;0;0;0;-3,817159445;-38,48303286
350499;23;10;2019;20:00;9243;AV EDUARDO GIRAO;AV DOS EXPEDICIONARIOS;;;;Colisão Traseira;Via Iluminada;Bom;Seca;Cruz;Semáforo;Comercial;0;0;2;0;0;0;0;0;0;1;0;0;-3,750712;-38,536849
350491;23;10;2019;19:00;0;RUA MONTE LIBANO;;;517;;Atropelamento;Anoitecer;Bom;Seca;Outros;Não Há Controle;Residencial;0;2;1;1;0;0;0;0;0;1;0;0;-3,824971;-38,562136
350856;23;10;2019;08:52;0;RUA METON DE ALENCAR;;;;;Colisão Lateral;Luz do Dia;Bom;Seca;Meio de Quadra;Semáforo;Comercial;0;1;1;1;0;0;0;0;0;1;0;0;;
350857;23;10;2019;09:27;0;AV SGT HERMINIO SAMPAIO;;;4600;;Colisão;Luz do Dia;Bom;Seca;Meio de Quadra;Não Há Controle;Comercial;0;0;3;1;0;0;0;0;0;1;0;0;-3,732073667;-38,58064622
350858;23;10;2019;09:37;14220;RUA WASHINGTON DE MORAIS;RUA LUIZA GUIMARAES;;;;Colisão Transversal;Luz do Dia;Bom;Seca;Cruz;Não Há Controle;Residencial;0;1;1;1;0;0;0;0;0;1;0;0;-3,833836;-38,462823
350860;23;10;2019;09:30;15654;RUA VICENTE NOBRE MACEDO;RUA AFONSO HENRIQUE;;;;Colisão Transversal;Luz do Dia;Bom;Seca;Cruz;Pare;Comercial;0;1;1;1;0;0;0;0;0;1;0;0;-3,825453;-38,484383
350861;23;10;2019;17:31;0;AV GAL MURILO BORGES;;;0;;Colisão Traseira;Luz do Dia;Bom;Seca;Meio de Quadra;Não Há Controle;Residencial;0;0;3;1;0;0;0;0;0;0;0;0;;
350862;23;10;2019;19:44;13402;AV ANTONIO SALES;RUA ILDEFONSO ALBANO;;;;Colisão Transversal;Via Iluminada;Bom;Seca;Cruz;Semáforo;Comercial;0;2;1;1;0;0;0;0;0;1;0;0;-3,741238;-38,515947
350863;23;10;2019;19:58;10913;RUA MON VICENTE MARTINS;RUA PORTO VELHO;;;;Colisão Transversal;Anoitecer;Bom;Seca;Cruz;Não Há Controle;Residencial;0;1;1;0;0;0;0;0;0;1;0;0;;
350864;23;10;2019;17:45;0;AV AGUANAMBI;;;1953;;Colisão Transversal;Via Iluminada;Bom;Seca;Meio de Quadra;Não Há Controle;Comercial;0;1;1;0;1;1;0;0;0;0;0;0;-3,753844;-38,523451
350874;23;10;2019;08:35;15246;RUA TEN BENEVOLO;RUA CARLOS VASCONCELOS;;;;Colisão;Luz do Dia;Bom;Seca;Cruz;Semáforo;Comercial;0;1;1;0;1;0;0;0;0;1;0;0;-3,727989;-38,509174
350877;23;10;2019;09:47;15200;RUA DEP MOREIRA DA ROCHA;RUA CARLOS VASCONCELOS;;0;;Colisão Lateral;Luz do Dia;Bom;Seca;Cruz;Semáforo;Residencial;0;0;2;1;0;0;0;0;0;1;0;0;-3,72656;-38,508724
350866;24;10;2019;06:30;0;AV PRS CASTELO BRANCO;;;675;;Colisão Traseira;Luz do Dia;Bom;Seca;Outros;Semáforo;Comercial;0;0;3;0;0;0;0;0;0;1;0;0;-3,71924;-38,53242
350867;24;10;2019;10:12;23458;RUA PAULO FIRMEZA;RUA PRO CARVALHO;;;;Colisão Transversal;Luz do Dia;Bom;Seca;Cruz;Pare;Comercial;0;0;2;0;0;0;0;0;0;1;0;0;-3,757232;-38,514078
350868;24;10;2019;16:20;5490;AV DOM MANUEL;RUA PDE VALDEVINO;;0;;Colisão Lateral;Via Iluminada;Bom;Seca;Y;Semáforo;Comercial;0;1;1;1;1;0;0;0;0;0;0;0;-3,736873;-38,523967
350869;24;10;2019;23:11;0;RUA MIN ALBUQUERQUE LIMA;AV C CJ CEARA;;0;;Colisão Lateral;Via Iluminada;Bom;Seca;Meio de Quadra;Semáforo;Comercial;0;0;1;0;1;0;0;0;0;1;0;0;-3,7663896;-38,611113
350507;24;10;2019;07:50;1439;RUA FONSECA LOBO;RUA MARIA TOMASIA;;;;Colisão Transversal;Luz do Dia;Bom;Seca;Cruz;Pare;Residencial;0;2;1;1;0;0;0;0;0;1;0;0;-3,738057;-38,48929
351819;24;10;2019;02:30;23158;AV MACIEL BEZERRA;RUA ADAHIL BARRETO;;;;Colisão;;;;Cruz;Gesto;Misto;0;0;1;0;0;0;0;0;0;0;0;0;-3,80591;-38,629605
351857;24;10;2019;08:10;0;AV PRS CASTELO BRANCO;;;675;;Colisão;Luz do Dia;;;Meio de Quadra;;;0;0;1;0;0;0;0;0;0;1;0;0;-3,71924;-38,53242
351859;24;10;2019;19:27;5490;AV VIS RIO BRANCO;AV DOM MANUEL;;;;Colisão;;;;;;;0;0;1;0;0;0;0;0;0;0;0;0;-3,736873;-38,523967
351667;24;10;2019;01:44;0;AV MACIEL BEZERRA;;;1756;;Colisão;;;;Meio de Quadra;;;0;1;0;1;0;0;0;0;0;1;0;0;-3,806325;-38,6297031
351668;24;10;2019;07:20;0;RUA COS LAFAYETE;;;405;;Colisão;Luz do Dia;;;Meio de Quadra;;;0;1;0;1;0;1;0;0;0;0;0;0;-3,7181038;-38,58160387
351669;24;10;2019;07:24;0;AV ALBERTO CRAVEIRO;;;1083;;Colisão;Luz do Dia;;;Meio de Quadra;;;0;2;0;0;0;0;0;0;0;1;0;0;-3,78933;-38,51692
351670;24;10;2019;07:49;0;AV PRS CASTELO BRANCO;;;;;Queda;Luz do Dia;;;Meio de Quadra;;;0;1;0;0;0;1;0;0;0;0;0;0;;
351688;24;10;2019;09:42;0;RUA MARIO FILHO;;;565;;Queda;Luz do Dia;;;Meio de Quadra;;;0;1;0;0;0;1;0;0;0;0;0;0;-3,807238632;-38,58490645
351673;24;10;2019;07:56;0;AV BENJAMIM BRASIL;;;1685;;Colisão;Luz do Dia;;;Meio de Quadra;;;0;1;0;1;0;0;0;0;0;1;0;0;-3,807078933;-38,56081148
351681;24;10;2019;08:12;0;RUA PRO HERIBALDO COSTA;;;1057;;Colisão;Luz do Dia;;;Meio de Quadra;;;0;1;0;1;0;0;0;0;0;1;0;0;-3,76194;-38,58482
351683;24;10;2019;08:59;0;RUA LUIS VIEIRA;;;284;;Colisão;Luz do Dia;;;Meio de Quadra;;;0;1;0;1;0;0;0;0;0;1;0;0;-3,795791;-38,58669
351684;24;10;2019;09:23;0;AV BAR STUDART;;;2037;;Colisão;Luz do Dia;;;Meio de Quadra;;;0;1;0;1;0;0;0;0;0;1;0;0;-3,741641;-38,508855
351685;24;10;2019;09:24;0;AV GOV RAUL BARBOSA;;;;;Colisão;Luz do Dia;;;Meio de Quadra;;;0;1;0;1;0;0;0;0;0;0;0;0;;
351676;24;10;2019;08:03;0;AV PRS CASTELO BRANCO;;;;;Colisão;Luz do Dia;;;Meio de Quadra;;;0;1;0;1;0;1;0;0;0;0;0;0;;
351690;24;10;2019;11:23;0;AV IMPERADOR;;;1095;;Colisão;Luz do Dia;;;Meio de Quadra;;;0;2;0;1;0;0;0;0;0;1;0;0;-3,730962;-38,535566
351691;24;10;2019;12:15;17583;RUA ESTADO DO RIO;RUA PIAUI;;;;Colisão;Luz do Dia;;;Cruz;Pare;Residencial;0;1;0;1;0;0;0;0;0;1;0;0;-3,755344;-38,568847
351692;24;10;2019;13:36;0;AV SANTOS DUMONT;;;847;;Colisão;Luz do Dia;;;Meio de Quadra;;;0;1;0;1;0;1;0;0;0;0;0;0;-3,730535;-38,515848
351693;24;10;2019;13:50;0;AV DA UNIVERSIDADE;;;2853;;Colisão;Luz do Dia;;;Meio de Quadra;;;0;1;0;1;0;0;0;0;0;1;0;0;-3,740962;-38,539107
351694;24;10;2019;18:01;0;AV SEN FERNANDES TAVORA;;;2525;;Atropelamento;Anoitecer;;;Meio de Quadra;;;0;1;0;0;0;0;0;0;0;1;0;0;-3,755600174;-38,59572835
351695;24;10;2019;18:15;0;RUA GAL SAMPAIO;;;903;;Queda;Anoitecer;;;Meio de Quadra;;;0;1;0;0;0;0;0;0;0;1;0;0;-3,726392;-38,53068214
351696;24;10;2019;19:43;0;AV FRANCISCO SA;;;7450;;Colisão;;;;Meio de Quadra;;;0;1;0;0;0;0;0;0;0;1;0;0;-3,7067844;-38,585376
351697;24;10;2019;20:45;0;AV MR HULL;;;4965;;Colisão;;;;Meio de Quadra;;;0;1;0;1;0;0;0;0;0;1;0;0;-3,73942;-38,58858
351698;24;10;2019;22:17;0;AV C CJ CEARA;;;815;;Colisão;;;;Meio de Quadra;;;0;1;0;0;0;0;0;0;0;0;0;0;-3,7664266;-38,6111018
351699;24;10;2019;22:18;0;TR VIANA WEYNE;;;181;;Colisão;;;;Meio de Quadra;;;0;1;0;0;0;0;0;0;0;0;0;0;-3,800670421;-38,49268366
351860;25;10;2019;20:50;0;RUA CEL MATOS DOURADO;;;1281;;Colisão;;;;Meio de Quadra;;;0;0;1;0;0;0;0;0;0;0;0;0;-3,750245125;-38,58411913
351861;25;10;2019;06:30;0;RD BR 020;;;;KM 426;Colisão Transversal;Luz do Dia;;;Meio de Quadra;;;0;2;0;1;0;0;0;0;0;1;0;0;-3,863;-38,524
351863;25;10;2019;16:15;0;RD BR 222;;;;KM-01;Queda;Luz do Dia;;;Meio de Quadra;;;0;2;1;1;0;0;0;0;0;1;0;0;-3,737698444;-38,57814693
351827;25;10;2019;11:45;0;RUA ALBERTO FEITOSA LIMA;;;;;Colisão;Luz do Dia;;;Meio de Quadra;;;0;0;1;1;0;0;0;0;0;0;0;0;;
350557;25;10;2019;21:00;0;AV CESAR CALS;;;;;Colisão Transversal;Anoitecer;Bom;Seca;;;;0;1;1;1;0;0;0;0;0;1;0;0;;
350550;25;10;2019;12:15;0;AV ABOLICAO;;;3808;;Colisão Lateral;Luz do Dia;Bom;Seca;Meio de Quadra;;Comercial;1;1;1;1;0;0;0;0;0;1;0;0;-3,72560669;-38,48537518
350551;25;10;2019;22:00;0;RUA ARI BARROSO;;;;;Colisão Lateral;Via Iluminada;Bom;Seca;Meio de Quadra;Não Há Controle;Comercial;0;1;1;0;0;0;0;0;0;1;0;0;;
350545;25;10;2019;17:00;0;AV FRANCISCO SA;;;;;Queda;Luz do Dia;Bom;Seca;Meio de Quadra;Cancela;Residencial;0;1;0;0;0;0;0;0;0;1;0;0;;
350610;25;10;2019;00:00;0;RD CE-040;;;;KM-05;Colisão;;;;Meio de Quadra;;;0;4;0;1;0;0;0;0;0;1;0;0;-3,800595823;-38,47953463
350611;25;10;2019;16:00;0;RD CE-040;;;;KM-03;Colisão;Luz do Dia;;;Meio de Quadra;;;0;2;0;1;0;0;0;0;0;0;0;0;-3,782614325;-38,4810839
350612;25;10;2019;12:30;0;RD CE-040;;;;KM-07;Colisão;Luz do Dia;;;Meio de Quadra;;;0;2;0;0;0;0;0;0;0;0;0;0;-3,817159445;-38,48303286
350870;25;10;2019;06:45;25116;AV ROGACIANO LEITE;RUA PDE FRANCISCO PITA;;;;Colisão Transversal;Luz do Dia;Bom;Seca;Cruz;Semáforo;Comercial;0;0;2;0;0;0;0;0;0;1;0;0;-3,78096;-38,501766
350871;25;10;2019;08:17;0;AV HEROIS DO ACRE;;;294;BNB;Colisão Transversal;Luz do Dia;Bom;Seca;Meio de Quadra;Não Há Controle;Residencial;0;1;1;1;0;0;0;0;0;1;0;0;-3,803107;-38,530368
350872;25;10;2019;09:57;0;AV JOVITA FEITOSA;;;1264;;Não Informado;Luz do Dia;Bom;Seca;Meio de Quadra;Pare;Comercial;0;0;2;1;0;0;0;0;0;0;0;0;-3,73985;-38,556413
350873;25;10;2019;21:08;8954;AV DOMINGOS OLIMPIO;RUA DOM JERONIMO D06;;0;;Não Informado;Via Iluminada;Bom;Não informada;Cruz;Pare;Comercial;0;0;2;1;0;0;0;0;0;0;0;0;-3,733201;-38,543457
351075;25;10;2019;22:51;0;AV DR SILAS MUNGUBA;;;;;Queda;;;;Meio de Quadra;;;0;1;0;0;0;0;0;0;0;1;0;0;;
351063;25;10;2019;19:43;0;AV G CJ JOSE WALTER;;;220;;Atropelamento;;;;Meio de Quadra;;;0;1;1;1;0;0;0;0;0;0;0;0;-3,838500783;-38,55675987
351065;25;10;2019;19:51;0;RUA PDE PEDRO DE ALENCAR;;;;;Colisão;;;;Meio de Quadra;;;0;1;1;0;0;0;0;0;0;1;0;0;;
351068;25;10;2019;20:54;0;RUA CUIABA;;;;;Atropelamento;;;;Meio de Quadra;;;0;1;1;0;0;0;0;0;0;1;0;0;;
351060;25;10;2019;18:59;0;RUA ALBERTO MAGNO;;;1580;;Colisão;;;;Meio de Quadra;;;0;1;1;1;0;1;0;0;0;0;0;0;-3,767797667;-38,552317
351061;25;10;2019;19:10;0;AV ALBERTO CRAVEIRO;;;;;Colisão;;;;Meio de Quadra;;;0;1;1;1;0;0;0;0;0;1;0;0;;
351077;25;10;2019;23:32;0;AV PRS CASTELO BRANCO;;;2440;;Atropelamento;;;;Meio de Quadra;;;0;1;1;0;0;0;0;0;0;1;0;0;-3,713378473;-38,54970775
351078;25;10;2019;01:17;0;RUA DUARTE COELHO;;;885;;Queda;;;;Meio de Quadra;;;0;1;0;0;0;0;0;0;0;1;0;0;-3,86382;-38,49008
351073;25;10;2019;22:34;0;RUA CON DE CASTRO;;;1476;;Colisão;;;;Meio de Quadra;;;0;1;1;1;0;0;0;0;0;1;0;0;-3,8005262;-38,5878408
351070;25;10;2019;21:49;0;AV WASHINGTON SOARES;;;;;Atropelamento;;;;Meio de Quadra;;;0;1;1;1;0;0;0;0;0;0;0;0;;
351071;25;10;2019;22:21;0;AV DEP PAULINO ROCHA;;;;;Queda;;;;Meio de Quadra;;;0;1;0;0;0;0;0;0;0;1;0;0;;
351050;25;10;2019;18:56;0;AV HILDEBRANDO DE MELO;;;1489;;Colisão;;;;Meio de Quadra;;;0;1;1;0;0;0;0;0;0;1;0;0;-3,72154;-38,58891
351041;25;10;2019;16:33;0;AV DIOGUINHO;;;;;Atropelamento;Luz do Dia;;;Meio de Quadra;;;0;1;1;1;0;0;0;0;0;0;0;0;;
351042;25;10;2019;17:19;0;RUA ALEMANHA;;;1200;;Colisão;Anoitecer;;;Meio de Quadra;;;0;1;0;0;0;0;0;0;0;0;0;0;;
351043;25;10;2019;17:43;0;AV PONTES VIEIRA;;;1838;;Colisão;Anoitecer;;;Meio de Quadra;;;0;1;1;1;0;0;0;0;0;1;0;0;-3,751653;-38,504401
351029;25;10;2019;10:34;0;RUA ALBERTO FEITOSA LIMA;;;;;Queda;Luz do Dia;;;Meio de Quadra;;;0;1;0;0;0;0;0;0;0;1;0;0;;
351030;25;10;2019;11:19;0;RUA VALPARAISO;;;520;;Colisão;Luz do Dia;;;Meio de Quadra;;;0;1;1;1;0;0;0;0;0;1;0;0;-3,844685583;-38,52517892
351031;25;10;2019;11:55;0;AV SEN FERNANDES TAVORA;;;925;;Colisão;Luz do Dia;;;Meio de Quadra;;;0;1;1;0;0;0;0;0;0;1;0;0;-3,762795556;-38,5810225
351032;25;10;2019;12:22;26091;AV JOSE JATAHY;AV JOVITA FEITOSA;;;;Colisão;Luz do Dia;;;Cruz;Semáforo;Residencial;0;1;1;0;0;0;0;0;0;1;0;0;-3,737273;-38,543936
351033;25;10;2019;13:29;0;AV GOV RAUL BARBOSA;;;745;;Colisão;Luz do Dia;;;Meio de Quadra;;;0;1;1;1;0;0;0;0;0;1;0;0;-3,7593879;-38,504638
351034;25;10;2019;14:37;0;RUA CEL NUNES DE MELO;;;238;;Colisão;Luz do Dia;;;Meio de Quadra;;;0;1;1;1;0;0;0;0;0;1;0;0;-3,741789512;-38,54668776
351035;25;10;2019;14:54;0;AV VICENTE DE CASTRO;;;4988;;Atropelamento;Luz do Dia;;;Meio de Quadra;;;0;1;1;0;0;0;1;0;0;0;0;0;-3,7186453;-38,4751513
351036;25;10;2019;14:55;0;RUA DOM CARLOTO TAVORA;;;737;;Colisão;Luz do Dia;;;Meio de Quadra;;;0;1;1;1;0;0;0;0;0;1;0;0;-3,77078987;-38,55361491
351037;25;10;2019;15:00;0;AV FRANCISCO SA;;;2815;;Colisão;Luz do Dia;;;Meio de Quadra;;;0;1;1;0;0;0;0;0;0;1;0;0;-3,71968;-38,550501
351038;25;10;2019;15:06;0;AV PRO JOSE ARTHUR CARVALHO;;;1401;;Colisão;Luz do Dia;;;Meio de Quadra;;;0;1;1;1;0;0;0;0;0;1;0;0;-3,826875858;-38,46680112
351039;25;10;2019;15:22;0;RUA PORTO VELHO;;;1436;;Atropelamento;Luz do Dia;;;Meio de Quadra;;;0;1;1;0;0;0;0;0;0;1;0;0;-3,763473727;-38,59167409
351024;25;10;2019;07:45;0;RUA ALFA;;;89;;Colisão;Luz do Dia;;;Meio de Quadra;;;0;1;1;1;0;0;0;0;0;1;0;0;-3,794680245;-38,57031974
351025;25;10;2019;08:18;5108;RUA PRC ISABEL;RUA SAO PAULO;;;;Colisão;Luz do Dia;;;Cruz;Pare;Comercial;0;1;1;1;0;0;0;0;0;1;0;0;-3,723679;-38,534619
351026;25;10;2019;08:57;0;AV JOSE LEON;;;895;;Colisão;Luz do Dia;;;Meio de Quadra;;;0;1;1;1;0;0;0;0;0;1;0;0;-3,787337065;-38,5035913
351027;25;10;2019;10:21;0;RUA PORTO ALEGRE;;;1669;;Queda;Luz do Dia;;;Meio de Quadra;;;0;1;0;0;0;0;0;0;0;1;0;0;-3,75896;-38,59305
351019;25;10;2019;06:32;0;RUA CEL DIONISIO ALENCAR;;;55;;Colisão;Luz do Dia;;;Meio de Quadra;;;0;1;1;1;0;0;0;0;0;1;0;0;-3,828267;-38,486419
351020;25;10;2019;07:15;0;ROD CE 010;;;;;Colisão;Luz do Dia;;;Meio de Quadra;;;0;1;1;0;0;0;0;0;0;1;0;0;;
351021;25;10;2019;07:31;0;RUA PERNAMBUCO;;;2381;;Queda;Luz do Dia;;;Meio de Quadra;;;0;1;0;0;0;0;0;0;0;1;0;0;-3,753167;-38,576491