COD_ACIDENTE;DIA;MES;ANO;HORA;INTERSECAO;LOG1;LOG2;LOG3;NUMERO;REFERENCIA;NATUREZA;ILUMINACAO;TEMPO;SUPERFICIEPISTA;TIPOCRUZAMENTO;CONTROLETRAFEGO;USOSOLO;MORTOS;FERIDOS;ILESOS;AUTOMOVEL;ONIBUS;BICICLETA;CAMINHAO;MICROONIBUS;CICLOMOTOR;MOTOCICLETA;TRACAOANIMAL;TREM;LATITUDE;LONGITUDE
351022;25;10;2019;07:39;0;RUA CATOLE;;;2365;;Colisão;Luz do Dia;;;Meio de Quadra;;;0;1;1;1;0;0;0;0;0;1;0;0;-3,850529;-38,521341
351087;26;10;2019;07:29;0;RUA DIAMANTE (MONDUBIM);;;194;;Queda;Luz do Dia;;;Meio de Quadra;;;0;1;0;0;0;0;0;0;0;1;0;0;-3,8091112;-38,5583055
351088;26;10;2019;07:39;0;RUA CHILE;;;917;;Colisão;Luz do Dia;;;Meio de Quadra;;;0;1;0;0;0;0;0;0;0;0;0;0;-3,749814329;-38,56871802
351089;26;10;2019;08:07;0;AV MOZART PINHEIRO DE LUCENA;;;2301;;Colisão;Luz do Dia;;;Meio de Quadra;;;0;1;0;0;0;0;0;0;0;0;0;0;-3,7239326;-38,5973496
351079;26;10;2019;02:03;0;RUA DIOGO CORREIA;;;495;;Queda;;;;Meio de Quadra;;;0;1;0;0;0;0;0;0;0;1;0;0;-3,770013143;-38,59056814
351080;26;10;2019;02:33;0;AV JOSE TAVARES;;;1277;;Queda;;;;Meio de Quadra;;;0;1;0;0;0;1;0;0;0;0;0;0;;
351081;26;10;2019;05:39;0;RUA FRANCISCA MARIA DA CONCEICAO;;;301;;Queda;Amanhecer;;;Meio de Quadra;;;0;1;0;0;0;0;0;0;0;1;0;0;-3,8415227;-38,5667915
351082;26;10;2019;06:02;0;RUA NEREU RAMOS;;;;;Queda;Luz do Dia;;;Meio de Quadra;;;0;1;0;0;0;0;0;0;0;1;0;0;;
351083;26;10;2019;06:25;0;RUA ALM RUFINO;;;237;;Queda;Luz do Dia;;;Meio de Quadra;;;0;1;0;0;0;1;0;0;0;0;0;0;-3,768545;-38,53208135
351084;26;10;2019;07:13;23779;RUA LEAO DO NORTE;RUA ESPANHA;;;;Queda;Luz do Dia;;;Cruz;Pare;Residencial;0;1;0;0;0;0;0;0;0;1;0;0;-3,785264;-38,575409
351085;26;10;2019;07:17;0;RUA EMILIO DE MENESES;;;2449;;Colisão;Luz do Dia;;;Meio de Quadra;;;0;1;1;1;0;0;0;0;0;1;0;0;-3,777522838;-38,60242842
351091;26;10;2019;08:13;0;RUA GRITO DE ALERTA;;;570;;Atropelamento;Luz do Dia;;;Meio de Quadra;;;0;1;1;0;0;0;0;0;0;1;0;0;-3,70199;-38,57445
351096;26;10;2019;11:04;0;RUA PRO EDGAR DE ARRUDA;;;;;Colisão;Luz do Dia;;;Meio de Quadra;;;0;1;0;0;0;0;0;0;0;0;0;0;;
351097;26;10;2019;11:47;0;RUA CON DE CASTRO;;;3070;;Colisão;Luz do Dia;;;Meio de Quadra;;;0;1;0;0;0;0;0;0;0;0;0;0;-3,795422158;-38,58306016
351098;26;10;2019;11:50;2699;RUA OSCAR ARARIPE;RUA CEL VIRGILIO NOGUEIRA (BOM JARDIM);;;;Colisão;Luz do Dia;;;Cruz;Semáforo;Comercial;0;1;1;0;0;0;0;0;0;1;0;0;-3,7882527;-38,6086345
351101;26;10;2019;12:15;0;RUA JOR ANTONIO P TAVARES;;;901;;Queda;Luz do Dia;;;Meio de Quadra;;;0;1;0;0;0;1;0;0;0;0;0;0;-3,811888107;-38,51095742
351093;26;10;2019;08:56;0;RD BR 116;;;4180;;Colisão;Luz do Dia;;;Meio de Quadra;;;0;1;1;1;0;0;0;0;0;1;0;0;;
351094;26;10;2019;10:07;5247;AV IMPERADOR;RUA PEDRO PEREIRA;;;;Colisão;Luz do Dia;;;Cruz;Semáforo;Comercial;0;1;1;0;0;0;0;0;0;1;0;0;-3,727714;-38,534609
351104;26;10;2019;13:25;0;RUA DOMINGOS DA VEIGA;;;621;;Queda;Luz do Dia;;;Meio de Quadra;;;0;1;0;0;0;0;0;0;0;1;0;0;-3,70491;-38,57492
351105;26;10;2019;14:02;9826;RUA BARRA MANSA;RUA TRES CORACOES;;;;Colisão;Luz do Dia;;;;;;0;1;1;1;0;0;0;0;0;1;0;0;-3,795325;-38,612501
351107;26;10;2019;14:14;579;RUA CRUZEIRO DO SUL;AV FRANCISCO SA;;;;Colisão;Luz do Dia;;;Cruz;Pare;Comercial;0;1;1;0;0;0;0;0;0;1;0;0;-3,715499;-38,563034
351108;26;10;2019;15:13;0;RD BR 116;;;2000;KM-02;Colisão;Luz do Dia;;;Meio de Quadra;;;0;1;0;0;0;0;0;0;0;0;0;0;-3,771391;-38,51678
351109;26;10;2019;16:08;0;RUA STA TEREZINHA DO MEN JES E DA SAG FACE;;;;;Colisão;Luz do Dia;;;Meio de Quadra;;;0;1;1;1;0;0;0;0;0;1;0;0;;
351115;26;10;2019;16:16;0;RUA DR JOAO MOREIRA;;;395;;Queda;Luz do Dia;;;Meio de Quadra;;;0;1;0;0;0;0;0;0;0;1;0;0;-3,722436759;-38,52816546
351116;26;10;2019;17:12;0;RUA PDE IBIAPINA;;;1117;;Queda;Anoitecer;;;Meio de Quadra;;;0;1;0;0;0;0;0;0;0;1;0;0;-3,724914;-38,540752
351146;26;10;2019;23:42;12614;AV CEL CARVALHO;RUA COS LAFAYETE;;;;Colisão;;;;Cruz;Semáforo;Comercial;0;1;1;1;0;0;0;0;0;1;0;0;-3,717512;-38,587938
351147;26;10;2019;23:52;0;RUA CEARA;;;810;;Colisão;;;;Meio de Quadra;;;0;1;1;1;0;0;0;0;0;1;0;0;-3,759573;-38,564785
351144;26;10;2019;23:17;0;AV ZEZE DIOGO;;;45;;Queda;;;;Meio de Quadra;;;0;1;0;0;0;1;0;0;0;0;0;0;-3,70835;-38,46963
351111;26;10;2019;16:11;0;RUA BARBARA DE ALENCAR;;;;;Colisão;Luz do Dia;;;Meio de Quadra;;;0;1;1;1;0;0;0;0;0;1;0;0;;
351112;26;10;2019;16:13;0;RUA BERNARDO MANUEL;;;;;Colisão;Luz do Dia;;;Meio de Quadra;;;0;1;1;0;0;0;0;0;0;1;0;0;;
351119;26;10;2019;17:29;0;RUA MON CARNEIRO DA CUNHA;;;;;Queda;Anoitecer;;;Meio de Quadra;;;0;1;0;0;0;0;0;0;0;1;0;0;;
351120;26;10;2019;18:30;0;AV SGT HERMINIO SAMPAIO;;;4296;;Colisão;Anoitecer;;;Meio de Quadra;;;0;1;1;1;0;0;0;0;0;1;0;0;-3,731267;-38,578623
351121;26;10;2019;18:31;0;RUA NAT FEIJO;;;672;;Atropelamento;;;;Meio de Quadra;;;0;1;1;0;0;0;0;0;0;1;0;0;-3,721818022;-38,55490284
351122;26;10;2019;18:48;17616;RUA CEARA;RUA MATO GROSSO;;;;Colisão;;;;T;Pare;Residencial;0;1;1;1;0;1;0;0;0;0;0;0;-3,759183;-38,565376
351123;26;10;2019;19:46;0;RUA TAUBATE;;;241;;Atropelamento;;;;Meio de Quadra;;;0;1;1;1;0;0;0;0;0;0;0;0;-3,774346533;-38,59697033
351137;26;10;2019;19:59;0;AV FLAMBOYANTS;;;240;;Colisão;;;;Meio de Quadra;;;0;1;1;1;0;0;0;0;0;1;0;0;-3,749104772;-38,47514605
351138;26;10;2019;20:01;14761;RUA ALBANO AMARAL;RUA BULGARIA;;;;Colisão;;;;;;;0;1;1;0;0;0;0;0;0;1;0;0;-3,798121;-38,57952
351139;26;10;2019;20:37;0;RUA ESTADO DO RIO;;;672;;Queda;;;;Meio de Quadra;;;0;1;0;0;0;0;0;0;0;1;0;0;-3,756610692;-38,56968977
351140;26;10;2019;21:48;0;AV WASHINGTON SOARES;;;2410;;Colisão;;;;Meio de Quadra;;;0;1;2;0;0;0;0;0;0;0;0;0;-3,781586875;-38,4811429
351141;26;10;2019;23:08;0;AV FRANCISCO SA;;;5130;;Colisão;;;;Meio de Quadra;;;0;1;1;1;0;0;0;0;0;1;0;0;-3,7131925;-38,569705
351142;26;10;2019;23:10;0;RUA BAR AQUIRAZ;;;960;;Colisão;;;;Meio de Quadra;;;0;1;0;0;0;0;0;0;0;0;0;0;-3,837152;-38,488195
350875;26;10;2019;08:00;0;AV ENG SANTANA JUNIOR;;;0;;Colisão Lateral;Luz do Dia;Bom;Seca;Meio de Quadra;;;0;1;1;1;0;0;0;0;0;1;0;0;;
350876;26;10;2019;10:03;0;AV DUQ CAXIAS;;;1595;;Engavetamento;Luz do Dia;Bom;Seca;;;;0;1;4;1;0;0;0;0;0;0;0;0;-3,7276766;-38,5426454
350911;26;10;2019;14:45;0;RD CE-040;;;;KM-03;Colisão;Luz do Dia;;;Meio de Quadra;;;0;2;0;1;0;0;0;0;0;0;0;0;-3,782614325;-38,4810839
350559;26;10;2019;20:16;0;AV SANTOS DUMONT;;;;;Colisão Lateral;Anoitecer;Bom;Seca;Outros;Não Há Controle;Comercial;0;1;1;1;0;0;0;0;0;1;0;0;;
351862;26;10;2019;22:20;21623;RUA PIRAJUI;RUA DOM XISTO ALBANO;;;;Colisão;;;;;;;0;0;1;0;0;0;0;0;0;0;0;0;-3,8019771;-38,5902906
351849;26;10;2019;21:10;0;RUA AZEVEDO BOLAO;;;1179;;Colisão;Luz do Dia;;;Meio de Quadra;;;0;0;1;0;0;0;0;0;0;0;0;0;-3,736056182;-38,55481345
351850;26;10;2019;10:10;632;AV PASTEUR;RUA ENG JOAO NOGUEIRA;;;;Colisão;Luz do Dia;;;Cruz;Pare;Comercial;0;0;1;0;0;0;0;0;0;0;0;0;-3,712927;-38,559415
351851;26;10;2019;11:55;5725;RUA MARGARIDA DE QUEIROZ;RUA TEOFREDO GOIANA;;;;Colisão;Luz do Dia;;;Cruz;Pare;Residencial;0;0;1;0;0;0;0;0;0;1;0;0;-3,793757;-38,503091
351852;26;10;2019;21:03;0;RD CE-090;;;;;Colisão;Luz do Dia;;;Meio de Quadra;;;0;0;1;0;0;0;0;0;0;0;0;0;;
351869;27;10;2019;20:20;0;RD BR 116;;;1000;KM-01;Atropelamento;;;;Meio de Quadra;;;0;1;1;1;0;0;0;0;0;0;0;0;-3,762554;-38,518702
351876;27;10;2019;18:00;0;AV WASHINGTON SOARES;;;;;Atropelamento;Anoitecer;;;Meio de Quadra;;;0;1;1;0;0;0;0;0;0;0;0;0;;
351269;27;10;2019;21:12;0;RUA SALGADO FILHO;;;734;;Colisão;;;;Meio de Quadra;;;0;1;1;0;0;0;0;0;0;1;0;0;-3,7436725;-38,5948425
351270;27;10;2019;21:53;0;RUA ANTONIO BENTO;;;580;;Atropelamento;;;;Meio de Quadra;;;0;1;1;1;0;0;0;0;0;0;0;0;-3,7843392;-38,5482138
351271;27;10;2019;22:49;0;RUA FAUSTO CABRAL;;;574;;Colisão;;;;Meio de Quadra;;;0;1;1;1;0;0;0;0;0;1;0;0;-3,733662;-38,476448
351265;27;10;2019;19:36;0;RUA JOAQUIM NABUCO;;;1965;;Colisão;;;;Meio de Quadra;;;0;1;1;1;0;0;0;0;0;1;0;0;-3,7429;-38,50373
351266;27;10;2019;19:43;0;RUA WALDIR DIOGO;;;428;;Colisão;;;;Meio de Quadra;;;0;1;1;1;0;0;0;0;0;1;0;0;-3,806636214;-38,58184243
351267;27;10;2019;19:44;0;RUA BOA VISTA;;;1012;;Atropelamento;;;;Meio de Quadra;;;0;1;1;0;0;0;0;0;0;1;0;0;-3,7673545;-38,589209
350561;27;10;2019;07:20;0;AV WENEFRIDO MELO;;;52;;Colisão Frontal;Luz do Dia;Bom;Seca;Meio de Quadra;Outros;Residencial;0;0;2;1;0;0;0;0;0;0;0;0;-3,808519362;-38,57829448
350878;27;10;2019;03:30;12614;RUA COS LAFAYETE;AV CEL CARVALHO;;0;;Colisão Transversal;Via Iluminada;Bom;Seca;Cruz;Semáforo;Comercial;0;1;1;1;0;0;0;0;0;1;0;0;-3,717512;-38,587938
350879;27;10;2019;02:11;0;AV FRANCISCO SA;RUA ALVES LIMA;;0;;Colisão Traseira;Via Iluminada;Bom;Seca;Meio de Quadra;Não Há Controle;Comercial;0;0;1;1;0;0;0;0;0;1;0;0;-3,713018;-38,570215
350880;27;10;2019;16:58;0;RUA SEN POMPEU;;;;;Colisão Lateral;Luz do Dia;Bom;Seca;Meio de Quadra;Pare;Comercial;0;1;1;1;0;0;0;0;0;1;0;0;;
350881;27;10;2019;21:21;0;AV VICENTE DE CASTRO;AV BEIRA MAR;;4753;;Colisão Lateral;Via Iluminada;Bom;Seca;T;Gesto;Comercial;0;0;2;1;0;0;0;0;0;1;0;0;-3,721576;-38,478759
350913;27;10;2019;00:30;0;RD CE-060;;;;KM-01;Colisão;;;;Meio de Quadra;;;0;2;0;1;0;0;0;0;0;1;0;0;-3,826136;-38,5795
351148;27;10;2019;02:27;0;RUA MAL BITENCOURT;;;951;;Queda;;;;Meio de Quadra;;;0;1;0;0;0;0;0;0;0;1;0;0;-3,791603403;-38,52990909
351149;27;10;2019;02:36;0;RUA SULAMITA PORTELA;;;200;;Colisão;;;;Meio de Quadra;;;0;1;0;0;0;0;0;0;0;0;0;0;-3,725449818;-38,60038473
351150;27;10;2019;05:00;0;AV GAL OSORIO DE PAIVA;;;3995;;Queda;Amanhecer;;;Meio de Quadra;;;0;1;0;0;0;0;0;0;0;1;0;0;-3,792504267;-38,5901721
351155;27;10;2019;07:12;0;AV UM (PLANALTO AIRTON SENA);;;2530;;Colisão;Luz do Dia;;;Meio de Quadra;;;0;1;1;1;0;0;0;0;0;1;0;0;;
351156;27;10;2019;09:29;0;AV PDE ANTONIO TOMAS;;;;;Queda;Luz do Dia;;;Meio de Quadra;;;0;1;0;0;0;1;0;0;0;0;0;0;;
351157;27;10;2019;10:53;2830;AV GAL OSORIO DE PAIVA;RUA OSCAR FRANCA;;;;Colisão;Luz do Dia;;;T;Semáforo;Comercial;0;1;1;1;0;0;0;0;0;1;0;0;-3,794473;-38,592113
351158;27;10;2019;11:51;10963;RUA 15 DE NOVEMBRO;RUA ANTONIO FIUZA;;;;Colisão;Luz do Dia;;;Cruz;Semáforo;Comercial;0;1;1;1;0;0;0;0;0;1;0;0;-3,770252;-38,552228
351165;27;10;2019;11:56;0;AV H CJ CEARA;;;2486;;Colisão;Luz do Dia;;;Meio de Quadra;;;0;1;1;1;0;0;0;0;0;1;0;0;-3,776885;-38,6200704
351166;27;10;2019;12:58;1600;RUA LEONARDO MOTA;RUA GAL TERTULIANO POTYGUARA;;;;Colisão;Luz do Dia;;;Cruz;Semáforo;Residencial;0;1;1;1;0;0;0;0;0;1;0;0;-3,743762;-38,498626
351167;27;10;2019;15:06;21279;RUA DOM QUINTINO;RUA STA ROSA D20/21 (JACARECANGA);;;;Colisão;Luz do Dia;;;Cruz;Não Há Controle;Residencial;0;1;1;0;0;0;0;0;0;1;0;0;-3,711558;-38,553154
351168;27;10;2019;15:31;0;AV DR THEBERGE;;;1930;;Atropelamento;Luz do Dia;;;Meio de Quadra;;;0;1;1;1;0;0;0;0;0;0;0;0;-3,717518;-38,565903
351169;27;10;2019;15:50;0;RUA CON DE CASTRO;;;6575;;Colisão;Luz do Dia;;;Meio de Quadra;;;0;1;1;1;0;0;0;0;0;1;0;0;-3,816582301;-38,60024622
351231;27;10;2019;18:28;0;AV H CJ CEARA;;;1822;;Colisão;Anoitecer;;;Meio de Quadra;;;0;1;0;0;0;0;0;0;0;0;0;0;-3,776367403;-38,61507322
351229;27;10;2019;18:08;0;RUA SAO MANUEL;;;1189;;Atropelamento;Anoitecer;;;Meio de Quadra;;;0;1;1;1;0;0;0;0;0;0;0;0;-3,796614754;-38,57688169
351226;27;10;2019;19:26;0;RUA JARDIM PARUARA;;;1299;;Atropelamento;;;;Meio de Quadra;;;0;1;1;0;0;0;0;0;0;1;0;0;-3,80131;-38,60547
351227;27;10;2019;17:40;0;RUA JOAO AREAS;;;811;;Atropelamento;Anoitecer;;;Meio de Quadra;;;0;1;1;1;0;0;0;0;0;0;0;0;-3,794600824;-38,57606582
351224;27;10;2019;17:23;23009;RUA ANITA GARIBALDI;RUA BRUNO VALENTE;;;;Colisão;Anoitecer;;;Cruz;Pare;Comercial;0;1;1;1;0;0;0;0;0;1;0;0;-3,788221;-38,539228
351222;27;10;2019;16:26;0;RUA SEN POMPEU;;;351;;Atropelamento;Luz do Dia;;;Meio de Quadra;;;0;1;1;1;0;0;0;0;0;0;0;0;-3,72205;-38,52815
351262;27;10;2019;18:54;21355;RUA DOM MANUEL DE MEDEIROS;RUA PRO JOSE DE BARCELOS;;;;Colisão;;;;Cruz;Não Há Controle;Residencial;0;1;1;1;0;0;0;0;0;1;0;0;-3,736282;-38,550389
351263;27;10;2019;18:55;0;AV ABOLICAO;;;4753;;Colisão;;;;Meio de Quadra;;;0;1;1;1;0;0;0;0;0;1;0;0;-3,7225433;-38,4796666
351264;27;10;2019;19:16;0;RUA PDE VALDEVINO;;;2415;;Colisão;;;;Meio de Quadra;;;0;1;1;1;0;0;0;0;0;1;0;0;-3,743222;-38,503847
351152;27;10;2019;05:37;20037;RUA OITICICAS;AV PALESTINA D68;;;;Colisão;Amanhecer;;;Cruz;Pare;Comercial;0;1;0;0;0;0;0;0;0;0;0;0;-3,806077;-38,536013
351153;27;10;2019;06:30;0;AV CLOVIS MATOS;;;87;;Queda;Luz do Dia;;;Meio de Quadra;;;0;1;0;0;0;0;0;0;0;1;0;0;-3,7324004;-38,4687608
350914;28;10;2019;09:40;0;RD CE-040;;;;KM-12;Colisão;Luz do Dia;;;Meio de Quadra;;;0;2;0;1;0;0;0;0;0;0;0;0;-3,857690949;-38,47204254
350915;28;10;2019;16:00;0;RD CE-040;;;;KM-13;Colisão;Luz do Dia;;;Meio de Quadra;;;0;2;0;1;0;0;0;0;0;1;0;0;-3,866093254;-38,46893682
350882;28;10;2019;09:44;0;AV DOM LUIS;;;565;;Engavetamento;Luz do Dia;Bom;Seca;Meio de Quadra;Não Há Controle;Comercial;0;1;2;1;0;0;0;1;0;0;0;0;-3,733564;-38,496396
350883;28;10;2019;10:00;13537;AV SORIANO ALBUQUERQUE;RUA CAP GUSTAVO;;;;Colisão Lateral;Luz do Dia;Bom;Seca;Cruz;Semáforo;Comercial;0;1;1;1;0;0;0;0;0;1;0;0;-3,748124;-38,518063
350884;28;10;2019;10:48;0;RUA COSTA BARROS;;;225;;Colisão;Luz do Dia;Bom;Seca;;;;0;1;1;0;1;0;0;0;0;1;0;0;-3,727056;-38,521787
350885;28;10;2019;13:45;0;RUA NUNES VALENTE;;;920;;Colisão Lateral;Luz do Dia;Bom;Seca;Meio de Quadra;Não Há Controle;Residencial;0;1;1;1;0;0;0;0;0;1;0;0;-3,732505;-38,5025355
350886;28;10;2019;12:40;25019;RUA TEODOMIRO DE CASTRO;RUA DNA MENDINHA;;;;Colisão Lateral;Luz do Dia;Bom;Seca;Cruz;Pare;Residencial;0;1;1;1;0;0;0;0;0;1;0;0;-3,718209;-38,573357
350887;28;10;2019;14:25;9334;RUA GRACA ARANHA;RUA COELHO NETO;;;;Colisão Transversal;Luz do Dia;Bom;Seca;Cruz;Pare;Residencial;0;1;1;1;0;0;0;0;0;0;0;0;-3,715976;-38,575966
350888;28;10;2019;16:18;15322;RUA CANUTO DE AGUIAR;RUA BARBOSA DE FREITAS;;;;Colisão Frontal;Luz do Dia;Bom;Seca;Cruz;Pare;Residencial;0;1;1;1;0;0;0;0;0;1;0;0;-3,730624;-38,495453
350889;28;10;2019;19:24;0;AV LUCIANO CARNEIRO;AV GUTEMBERG;;0;;Choque c/ Obstáculo Fixo;Luz do Dia;Bom;Seca;T;Não Há Controle;Comercial;0;0;1;0;0;0;0;0;0;0;0;0;-3,7591668;-38,5348973
350890;28;10;2019;22:49;19753;RUA ERICO MOTA;RUA AZEVEDO BOLAO;;0;;Colisão Transversal;Via Iluminada;Bom;Seca;Cruz;Gesto;Comercial;0;0;1;1;0;0;0;0;0;0;0;0;-3,737645;-38,562522
350566;28;10;2019;08:10;0;AV GAL OSORIO DE PAIVA;;;;;Colisão Lateral;Luz do Dia;Bom;Seca;T;Outros;Comercial;0;1;1;0;1;1;0;0;0;0;0;0;;
350567;28;10;2019;01:13;0;AV N CJ JOSE WALTER;;;545;;Colisão Transversal;Via Iluminada;Bom;Seca;Meio de Quadra;Outros;Residencial;0;1;2;1;0;0;0;0;0;1;0;0;-3,7730225;-38,5001089
351272;28;10;2019;00:36;0;AV FRANCISCO SA;;;4296;;Atropelamento;;;;Meio de Quadra;;;0;1;1;0;0;0;0;0;0;1;0;0;-3,715499;-38,563034
351273;28;10;2019;06:17;0;AV BEZERRA DE MENEZES;;;2965;;Colisão;Luz do Dia;;;Meio de Quadra;;;0;1;1;0;0;0;0;0;0;1;0;0;-3,7365513;-38,5684464
351274;28;10;2019;07:20;0;RUA DEUSDEDIT C SOUZA;;;321;;Colisão;Luz do Dia;;;Meio de Quadra;;;0;1;1;1;0;0;0;0;0;1;0;0;-3,750072917;-38,47612242
351284;28;10;2019;10:29;0;AV DR THEBERGE;;;1338;;Colisão;Luz do Dia;;;Meio de Quadra;;;0;1;0;0;0;0;0;0;0;0;0;0;-3,7138945;-38,56471238
351282;28;10;2019;10:22;0;AV PRS COSTA E SILVA;;;885;;Atropelamento;Luz do Dia;;;Meio de Quadra;;;1;0;1;0;0;0;0;0;0;1;0;0;-3,812908313;-38,57139675
351279;28;10;2019;09:39;0;RUA ALVARO FERNANDES;;;366;;Atropelamento;Luz do Dia;;;Meio de Quadra;;;0;1;1;1;0;0;0;0;0;0;0;0;-3,761915229;-38,55259463
351276;28;10;2019;07:54;0;AV PRO JOSE ARTHUR CARVALHO;;;1870;;Colisão;Luz do Dia;;;Meio de Quadra;;;0;1;1;0;0;0;0;0;0;1;0;0;-3,8258585;-38,4638075
351277;28;10;2019;08:50;0;AV MR HULL;;;;;Atropelamento;Luz do Dia;;;Meio de Quadra;;;0;1;1;1;0;0;0;0;0;0;0;0;;
351353;28;10;2019;19:07;0;RUA CUIABA;;;1585;;Queda;;;;Meio de Quadra;;;0;1;0;0;0;1;0;0;0;0;0;0;-3,763736508;-38,58877864
351354;28;10;2019;19:50;0;RUA CARLOS JUACABA;;;1316;;Colisão;;;;Meio de Quadra;;;0;1;1;1;0;0;0;0;0;1;0;0;-3,7859263;-38,559918
351351;28;10;2019;18:55;0;AV CEL CARVALHO;;;1546;;Colisão;;;;Meio de Quadra;;;0;1;1;1;0;0;0;0;0;1;0;0;-3,716001;-38,588318
351296;28;10;2019;13:00;0;AV D CJ JOSE WALTER;;;440;;Colisão;Luz do Dia;;;Meio de Quadra;;;0;1;1;1;0;0;0;0;0;1;0;0;-3,8312374;-38,5568677
351358;28;10;2019;20:43;0;AV ODILON GUIMARAES;;;1417;;Colisão;;;;Meio de Quadra;;;0;1;1;1;0;1;0;0;0;0;0;0;-3,82536;-38,47928855
351359;28;10;2019;21:13;0;RUA PORTO VELHO;;;1530;;Atropelamento;;;;Meio de Quadra;;;0;1;1;0;0;0;0;0;0;1;0;0;-3,7630985;-38,5923975
351360;28;10;2019;21:31;0;RUA BAR RIO BRANCO;;;3308;;Colisão;;;;Meio de Quadra;;;0;1;1;1;0;0;0;0;0;1;0;0;;
351361;28;10;2019;21:54;0;AV GAL OSORIO DE PAIVA;;;2439;;Queda;;;;Meio de Quadra;;;0;1;0;0;0;0;0;0;0;1;0;0;-3,786747371;-38,58404418
351362;28;10;2019;22:26;0;RUA AZEVEDO BOLAO;;;198;;Atropelamento;;;;Meio de Quadra;;;0;1;1;1;0;0;0;0;0;0;0;0;-3,734083;-38,5463842
351347;28;10;2019;16:06;0;AV SEN FERNANDES TAVORA;;;;;Atropelamento;Luz do Dia;;;Meio de Quadra;;;0;1;1;1;0;0;0;0;0;0;0;0;;
351348;28;10;2019;17:45;0;RD BR 116;;;2000;KM-02;Colisão;Anoitecer;;;Meio de Quadra;;;0;1;0;0;0;0;0;0;0;0;0;0;-3,771391;-38,51678
351349;28;10;2019;18:48;0;AV D CJ CEARA;;;;;Colisão;;;;Meio de Quadra;;;0;1;0;0;0;0;0;0;0;0;0;0;;
351301;28;10;2019;13:50;0;AV JOR THOMAZ COELHO;;;609;;Queda;Luz do Dia;;;Meio de Quadra;;;0;1;0;0;0;0;0;0;0;1;0;0;-3,832182156;-38,5013988
351302;28;10;2019;14:30;9334;RUA GRACA ARANHA;RUA COELHO NETO;;;;Capotamento;Luz do Dia;;;Cruz;Pare;Residencial;0;1;0;1;0;0;0;0;0;0;0;0;-3,715976;-38,575966
351291;28;10;2019;12:25;9045;RUA CEL SOLON;RUA COS TRISTAO;;;;Colisão;Luz do Dia;;;Cruz;Pare;Comercial;0;1;1;1;0;0;0;0;0;1;0;0;-3,743099;-38,528081
351292;28;10;2019;12:40;0;RUA NUNES VALENTE;;;1250;;Colisão;Luz do Dia;;;Meio de Quadra;;;0;1;1;1;0;0;0;0;0;0;0;0;-3,73551;-38,50348
351293;28;10;2019;12:42;0;RUA TEODORO DE CASTRO;;;284;;Colisão;Luz do Dia;;;Meio de Quadra;;;0;1;1;1;0;0;0;0;0;1;0;0;-3,782743121;-38,59436206
351294;28;10;2019;12:46;0;AV DR SILAS MUNGUBA;;;;;Colisão;Luz do Dia;;;Meio de Quadra;;;0;1;1;1;0;0;0;0;0;1;0;0;;
351288;28;10;2019;11:46;9094;AV SORIANO ALBUQUERQUE;AV VIS RIO BRANCO;;;;Colisão;Luz do Dia;;;Cruz;Semáforo;Residencial;0;1;1;1;0;1;0;0;0;0;0;0;-3,747601;-38,521682
351286;28;10;2019;11:18;0;AV MR HULL;;;2950;;Colisão;Luz do Dia;;;Meio de Quadra;;;0;1;1;1;0;0;0;0;0;1;0;0;-3,7368495;-38,57090875
351877;28;10;2019;17:45;0;RD BR 116;;;2000;KM-02;Colisão Lateral;Anoitecer;;;Meio de Quadra;;;0;0;4;0;0;0;1;0;0;1;0;0;-3,771391;-38,51678
351871;28;10;2019;08:50;0;RD BR 222;;;;KM-01;Atropelamento;Luz do Dia;;;Meio de Quadra;;;0;1;2;1;0;0;0;0;0;0;0;0;-3,737698444;-38,57814693
351864;28;10;2019;21:25;0;AV WASHINGTON SOARES;;;;;Atropelamento;Luz do Dia;;;Meio de Quadra;;;0;1;1;0;0;0;0;0;0;1;0;0;;
351865;28;10;2019;15:00;0;RUA TEODOMIRO DE CASTRO;;;4507;;Colisão;Luz do Dia;;;Meio de Quadra;;;0;0;1;0;0;0;0;0;0;1;0;0;-3,718209;-38,573357
352939;28;10;2019;07:30;0;AV PENETRACAO NORTE 71;;;;;Queda;Luz do Dia;;;Meio de Quadra;;;1;0;0;0;0;0;0;0;0;1;0;0;-3,8400396;-38,590094
351878;29;10;2019;15:48;0;RUA CASTRO MONTE;;;;;Colisão;Luz do Dia;;;Meio de Quadra;;;0;0;1;0;0;0;0;0;0;0;0;0;;
351880;29;10;2019;12:10;0;RD BR 116;;;4000;KM-04;Colisão Traseira;Luz do Dia;;;Meio de Quadra;;;0;1;1;1;0;0;0;0;0;1;0;0;-3,802354;-38,503869
351367;29;10;2019;06:41;0;RUA PDE PEDRO DE ALENCAR;;;2310;;Colisão;Luz do Dia;;;Meio de Quadra;;;0;1;1;0;0;0;0;0;0;1;0;0;-3,84841;-38,494809