COD_ACIDENTE;DIA;MES;ANO;HORA;INTERSECAO;LOG1;LOG2;LOG3;NUMERO;REFERENCIA;NATUREZA;ILUMINACAO;TEMPO;SUPERFICIEPISTA;TIPOCRUZAMENTO;CONTROLETRAFEGO;USOSOLO;MORTOS;FERIDOS;ILESOS;AUTOMOVEL;ONIBUS;BICICLETA;CAMINHAO;MICROONIBUS;CICLOMOTOR;MOTOCICLETA;TRACAOANIMAL;TREM;LATITUDE;LONGITUDE
351364;29;10;2019;04:56;0;AV BEZERRA DE MENEZES;;;;;Colisão;;;;Meio de Quadra;;;0;1;0;0;0;0;0;0;0;0;0;0;;
351365;29;10;2019;05:38;0;AV WASHINGTON SOARES;;;4527;;Atropelamento;Amanhecer;;;Meio de Quadra;;;0;1;1;0;0;0;0;0;0;1;0;0;-3,79822;-38,479749
351386;29;10;2019;12:01;0;AV FRANCISCO SA;;;4411;;Colisão;Luz do Dia;;;Meio de Quadra;;;0;1;1;1;0;0;0;0;0;1;0;0;-3,715147;-38,56405
351387;29;10;2019;12:21;0;AV JOSE LEON;;;;;Colisão;Luz do Dia;;;Meio de Quadra;;;0;1;1;1;0;0;0;0;0;1;0;0;;
351388;29;10;2019;12:49;0;AV WASHINGTON SOARES;;;;;Colisão;Luz do Dia;;;Meio de Quadra;;;0;1;1;1;0;0;0;0;0;1;0;0;;
351389;29;10;2019;13:43;15298;RUA BARBOSA DE FREITAS;RUA ANA BILHAR;;;;Colisão;Luz do Dia;;;Cruz;Pare;Residencial;0;1;1;1;1;0;0;0;0;0;0;0;-3,729646;-38,495143
351390;29;10;2019;13:59;0;RUA VERBENA;;;;;Colisão;Luz do Dia;;;Meio de Quadra;;;0;1;1;0;0;0;0;0;0;1;0;0;;
351391;29;10;2019;14:03;0;AV JOSE BASTOS;;;2415;;Colisão;Luz do Dia;;;Meio de Quadra;;;0;1;1;1;0;0;0;0;0;1;0;0;-3,7419087;-38,5422704
351392;29;10;2019;14:10;0;AV BEIRA MAR;;;;;Colisão;Luz do Dia;;;Meio de Quadra;;;0;1;0;0;0;0;0;0;0;1;0;0;;
351393;29;10;2019;15:43;0;RUA DRACON BARRETO;;;341;;Colisão;Luz do Dia;;;Meio de Quadra;;;0;1;1;1;0;0;0;0;0;1;0;0;-3,73295;-38,57931
351394;29;10;2019;16:02;2764;RUA GERALDO BARBOSA;RUA VALDEMAR PAES;;;;Queda;Luz do Dia;;;Cruz;Não Há Controle;Misto;0;1;0;0;0;0;0;0;0;1;0;0;-3,792107;-38,601393
351395;29;10;2019;16:12;0;RUA MAL DEODORO;;;247;;Colisão;Luz do Dia;;;Meio de Quadra;;;0;1;1;1;0;0;0;0;0;1;0;0;-3,73794;-38,53433
351396;29;10;2019;16:18;0;RUA BERNARDO MANUEL;;;9360;;Colisão;Luz do Dia;;;Meio de Quadra;;;0;1;1;1;0;0;0;0;0;1;0;0;-3,801990963;-38,55241843
351379;29;10;2019;11:49;0;RUA BELISARIO TAVORA;;;439;;Queda;Luz do Dia;;;Meio de Quadra;;;0;1;0;0;0;1;0;0;0;0;0;0;-3,75913;-38,50561
351400;29;10;2019;17:13;0;RUA PERNAMBUCO;;;3172;;Colisão;Anoitecer;;;Meio de Quadra;;;0;1;1;1;0;0;0;0;0;1;0;0;-3,7483589;-38,5809853
351401;29;10;2019;17:38;0;AV PRS CASTELO BRANCO;;;1000;;Colisão;Anoitecer;;;Meio de Quadra;;;0;1;1;0;0;0;0;0;0;1;0;0;-3,71801;-38,53548
351398;29;10;2019;17:04;0;RUA LIBERATO BARROSO;;;;;Atropelamento;Anoitecer;;;Meio de Quadra;;;0;1;0;0;0;0;0;0;0;0;0;0;;
351376;29;10;2019;10:28;0;AV CEL CARVALHO;;;;;Colisão;Luz do Dia;;;Meio de Quadra;;;0;1;1;1;0;0;1;0;0;0;0;0;;
351377;29;10;2019;11:19;0;AV AUGUSTO DOS ANJOS;;;240;;Colisão;Luz do Dia;;;Meio de Quadra;;;0;1;1;1;0;0;0;0;0;1;0;0;-3,771213652;-38,57106657
351369;29;10;2019;08:37;0;RD BR 116;;;687;KM-02;Capotamento;Luz do Dia;;;Meio de Quadra;;;0;1;1;1;0;0;0;0;0;0;0;0;-3,771391;-38,51678
351373;29;10;2019;08:52;13368;RUA J DA PENHA;RUA JOAO BRIGIDO;;;;Colisão;Luz do Dia;;;Cruz;Pare;Comercial;0;1;1;1;0;0;0;0;0;1;0;0;-3,738925;-38,521117
351374;29;10;2019;09:02;0;AV N CJ JOSE WALTER;;;380;;Colisão;Luz do Dia;;;Meio de Quadra;;;0;1;1;1;0;0;0;0;0;1;0;0;-3,7725899;-38,5018402
351416;29;10;2019;20:54;0;RUA PORTO VELHO;;;1832;;Colisão;;;;Meio de Quadra;;;0;1;0;0;0;0;0;0;0;0;0;0;-3,761949;-38,594715
351417;29;10;2019;21:18;0;AV MR HULL;;;;;Colisão;;;;Meio de Quadra;;;0;1;1;1;0;0;0;0;0;1;0;0;;
351411;29;10;2019;18:42;0;AV GOV RAUL BARBOSA;;;4210;;Colisão;;;;Meio de Quadra;;;0;1;1;1;0;0;0;0;0;1;0;0;-3,761526352;-38,50723015
351408;29;10;2019;17:50;0;RUA BADY MIGUEL;;;14;;Colisão;Anoitecer;;;Meio de Quadra;;;0;1;1;1;0;0;0;0;0;1;0;0;-3,82764;-38,49239
351406;29;10;2019;17:40;0;AV PERIMETRAL;;;;MADEIREIRA SAO LUIS;Atropelamento;Anoitecer;;;Meio de Quadra;;;0;1;1;1;0;0;0;0;0;0;0;0;;
351404;29;10;2019;17:39;0;AV SANTOS DUMONT;;;949;;Atropelamento;Anoitecer;;;Meio de Quadra;;;0;1;1;0;0;0;0;0;0;1;0;0;-3,730878;-38,514781
350577;29;10;2019;21:00;738;AV FRANCISCO SA;RUA DNA MENDINHA;;;;Colisão Frontal;Via Iluminada;Bom;Seca;Cruz;Semáforo;Comercial;0;1;1;1;0;0;0;0;0;1;0;0;-3,712666;-38,571238
350572;29;10;2019;22:30;18299;RUA SEN ALMINO;RUA JOSE AVELINO;;;;Colisão Transversal;Via Iluminada;Bom;Seca;Cruz;Pare;Comercial;0;1;1;1;0;0;0;0;0;1;0;0;-3,722476;-38,517954
350891;29;10;2019;08:41;7762;AV ANTONIO SALES;RUA NUNES VALENTE;;;;Colisão Transversal;Luz do Dia;Bom;Seca;Cruz;Pare;Residencial;0;0;2;1;0;0;0;1;0;0;0;0;-3,744237;-38,506314
350892;29;10;2019;20:07;12826;AV DOS EXPEDICIONARIOS;RUA ANDRE CHAVES;;;;Colisão Transversal;Anoitecer;Bom;Seca;Cruz;Semáforo;Residencial;0;1;1;1;0;0;0;0;0;1;0;0;-3,757345;-38,538903
350916;29;10;2019;07:50;0;ACESSO F UI 401;;;5;;Colisão;Luz do Dia;;;Meio de Quadra;;;0;2;0;1;0;0;0;0;0;0;0;0;-3,801558429;-38,51069829
350918;29;10;2019;07:45;0;RD CE-040;;;;KM-06;Colisão;Luz do Dia;;;Meio de Quadra;;;0;0;2;0;0;0;0;0;0;0;0;0;-3,809596804;-38,47873348
350893;30;10;2019;09:43;10007;RUA ANTONIO NERY;RUA TEODORO DE CASTRO;;0;;Colisão Transversal;Luz do Dia;Bom;Seca;Cruz;Pare;Residencial;0;0;2;1;0;0;0;0;0;1;0;0;-3,780899;-38,600953
350894;30;10;2019;08:50;5366;AV DUQ CAXIAS;RUA SEN POMPEU;;;;Colisão Transversal;Luz do Dia;Bom;Seca;Cruz;Semáforo;Comercial;0;1;2;1;0;0;0;0;0;1;0;0;-3,73143;-38,530994
350895;30;10;2019;14:18;18404;AV GOV PARSIFAL BARROSO;AV SGT HERMINIO SAMPAIO;;;;Colisão Lateral;Luz do Dia;Bom;Seca;Cruz;Semáforo;Comercial;0;1;1;0;0;0;0;0;0;1;0;0;-3,727916;-38,569276
350896;30;10;2019;15:13;9761;RUA DR FERNANDO AUGUSTO;RUA TRES CORACOES;;;;Colisão Lateral;Luz do Dia;Bom;Seca;Cruz;Pare;Residencial;0;1;1;0;0;0;0;1;0;1;0;0;-3,790484;-38,610954
350897;30;10;2019;17:00;0;RUA PESSOA ANTA;;;26;;Colisão Traseira;Luz do Dia;Bom;Seca;Meio de Quadra;Não Há Controle;Comercial;0;1;2;0;1;0;0;0;0;1;0;0;-3,721239;-38,52306263
350580;30;10;2019;18:45;25072;AV DOS EXPEDICIONARIOS;RUA VICENTE SPINDOLA;;;;Colisão Lateral;Via Iluminada;Bom;Seca;Cruz;Pare;Residencial;0;4;0;1;0;0;0;0;0;0;0;0;-3,767922;-38,542084
350587;30;10;2019;23:45;15832;RUA PDE PEDRO DE ALENCAR;RUA TEN JURANDIR ALENCAR;;;;Colisão Transversal;Mal Iluminada;Bom;Seca;Cruz;Semáforo;Comercial;0;1;3;1;0;0;0;0;0;1;0;0;-3,831674;-38,493981
351418;30;10;2019;07:03;22009;RUA TIRADENTES;RUA FRANCISCA CLOTILDE;;;;Queda;Luz do Dia;;;Cruz;Pare;Residencial;0;1;0;0;0;1;0;0;0;0;0;0;-3,74047;-38,550861
351419;30;10;2019;07:11;0;AV MIN JOSE AMERICO;;;255;;Colisão;Luz do Dia;;;Meio de Quadra;;;0;1;1;1;0;1;0;0;0;0;0;0;-3,8117686;-38,4970071
351420;30;10;2019;07:31;0;AV GAL OSORIO DE PAIVA;;;;;Colisão;Luz do Dia;;;Meio de Quadra;;;0;1;1;1;0;0;0;0;0;1;0;0;;
351421;30;10;2019;07:56;0;RUA MIGUEL ARAGAO;;;104;;Queda;Luz do Dia;;;Meio de Quadra;;;0;1;0;0;0;1;0;0;0;0;0;0;-3,83517;-38,5845261
351422;30;10;2019;08:57;0;AV DOS EXPEDICIONARIOS;;;;;Colisão;Luz do Dia;;;Meio de Quadra;;;0;1;0;0;0;0;0;0;0;0;0;0;;
351423;30;10;2019;09:03;0;RUA TEODOMIRO DE CASTRO;;;;;Colisão;Luz do Dia;;;Meio de Quadra;;;0;1;1;1;0;0;0;0;0;1;0;0;;
351424;30;10;2019;11:27;22991;RUA VILA RICA;RUA BERNARDO MANUEL;;;;Colisão;Luz do Dia;;;T;Gesto;Comercial;0;1;1;1;0;0;0;0;0;1;0;0;-3,786824;-38,547746
351426;30;10;2019;11:30;0;AV ABOLICAO;;;3986;;Colisão;Luz do Dia;;;Meio de Quadra;;;0;1;1;1;0;0;0;0;0;1;0;0;-3,725135;-38,483577
351428;30;10;2019;11:50;0;RUA BERNARDO MANUEL;;;7860;;Atropelamento;Luz do Dia;;;Meio de Quadra;;;0;1;1;0;0;0;0;0;0;1;0;0;-3,786824;-38,547746
351429;30;10;2019;12:04;0;AV PAROARAS;;;1114;;Atropelamento;Luz do Dia;;;Meio de Quadra;;;0;1;1;1;0;0;0;0;0;0;0;0;-3,808587;-38,544452
351430;30;10;2019;13:01;25084;RUA BERNARDO MANUEL;AV BENJAMIM BRASIL;;;;Colisão;Luz do Dia;;;T;Semáforo;Comercial;0;1;1;1;0;0;0;0;0;1;0;0;-3,81006;-38,554874
351431;30;10;2019;13:15;25422;RUA MARIA GOMES DE SA;AV GODOFREDO MACIEL;;;;Colisão;Luz do Dia;;;;;;0;1;1;1;0;0;0;0;0;1;0;0;-3,826977;-38,579662
351432;30;10;2019;13:28;24886;AV MOZART PINHEIRO DE LUCENA;AV MAJ ASSIS;;;;Colisão;Luz do Dia;;;Cruz;Semáforo;Comercial;0;1;1;1;0;0;0;0;0;1;0;0;-3,7214444;-38,5966762
351521;30;10;2019;23:42;0;AV PRS CASTELO BRANCO;;;;;Queda;;;;Meio de Quadra;;;0;1;0;0;0;0;0;0;0;1;0;0;;
351519;30;10;2019;22:25;0;RUA GUSTAVO SAMPAIO;;;1295;;Queda;;;;Meio de Quadra;;;0;1;0;0;0;0;0;0;0;1;0;0;-3,735230216;-38,55629506
351502;30;10;2019;21:37;0;AV WASHINGTON SOARES;;;2434;;Colisão;;;;Meio de Quadra;;;0;1;0;0;0;0;0;0;0;0;0;0;-3,781680175;-38,48113546
351503;30;10;2019;22:20;0;AV DR SILAS MUNGUBA;;;6447;;Colisão;;;;Meio de Quadra;;;0;1;1;1;0;0;0;0;0;1;0;0;-3,80077;-38,53017
351500;30;10;2019;21:20;0;RUA G CJ VILA VELHA;;;;;Queda;;;;Meio de Quadra;;;0;1;0;0;0;1;0;0;0;0;0;0;;
351493;30;10;2019;17:41;0;AV PRS CASTELO BRANCO;;;4541;;Atropelamento;Anoitecer;;;Meio de Quadra;;;0;1;1;1;0;0;0;0;0;0;0;0;-3,70678;-38,57277
351494;30;10;2019;18:29;0;AV DOS EXPEDICIONARIOS;;;5515;;Colisão;Anoitecer;;;Meio de Quadra;;;0;1;1;1;0;0;0;0;0;1;0;0;-3,768051462;-38,54212331
351495;30;10;2019;18:48;0;AV FRANCISCO SA;;;5928;;Colisão;;;;Meio de Quadra;;;0;1;1;1;0;0;0;0;0;1;0;0;-3,7104045;-38,577821
351496;30;10;2019;18:49;0;RUA MOURA MATOS;;;1501;;Atropelamento;;;;Meio de Quadra;;;0;1;1;0;0;0;0;0;0;1;0;0;-3,813065;-38,542869
351497;30;10;2019;19:26;0;AV ANTONIO SALES;;;;;Colisão;;;;Meio de Quadra;;;0;2;0;0;0;0;0;0;0;0;0;0;;
351491;30;10;2019;17:02;0;AV CARAPINIMA;;;1976;;Colisão;Anoitecer;;;Meio de Quadra;;;0;1;1;1;0;0;0;0;0;1;0;0;-3,738138;-38,538169
351468;30;10;2019;14:10;0;AV ALM HENRIQUE SABOIA;;;;;Choque c/ Obstáculo Fixo;Luz do Dia;;;Meio de Quadra;;;0;1;0;1;0;0;0;0;0;0;0;0;;
351469;30;10;2019;14:15;0;RUA LIV GUALTER;;;560;;Colisão;Luz do Dia;;;Meio de Quadra;;;0;1;1;1;0;0;0;0;0;1;0;0;-3,768649933;-38,53582667
351470;30;10;2019;14:20;0;AV GAL OSORIO DE PAIVA;;;4561;;Atropelamento;Luz do Dia;;;Meio de Quadra;;;0;1;1;1;0;0;0;0;0;0;0;0;-3,79862;-38,596129
351471;30;10;2019;15:20;0;RUA JOAQUIM MOREIRA D36;;;;;Queda;Luz do Dia;;;Meio de Quadra;;;0;1;0;0;0;0;0;0;0;1;0;0;;
351472;30;10;2019;15:41;0;AV ALBERTO CRAVEIRO;;;;;Colisão;Luz do Dia;;;Meio de Quadra;;;0;1;1;1;0;0;0;0;0;1;0;0;;
351473;30;10;2019;16:01;0;RUA DR EXPEDITO M CHAVES;;;116;;Colisão;Luz do Dia;;;Meio de Quadra;;;0;1;1;1;0;0;0;0;0;1;0;0;-3,757937889;-38,48219011
351474;30;10;2019;16:18;12542;RUA ROSINHA SAMPAIO;RUA ROSA LEITE OLIVEIRA;;;;Colisão;Luz do Dia;;;Cruz;Pare;Misto;0;1;1;1;0;0;0;0;0;1;0;0;-3,726767;-38,587218
351475;30;10;2019;16:44;0;RUA RUI MONTE;;;128;;Colisão;Luz do Dia;;;Meio de Quadra;;;0;1;1;1;0;1;0;0;0;0;0;0;-3,74442;-38,58712
351868;30;10;2019;16:25;0;RUA DOM QUINTINO;;;463;;Colisão;Luz do Dia;;;Meio de Quadra;;;0;0;1;1;0;0;0;0;0;0;0;0;-3,7121212;-38,55119307
351875;30;10;2019;10:30;0;AV DIOGUINHO;;;;;Colisão;Luz do Dia;;;Meio de Quadra;;;0;0;1;0;0;0;0;0;0;0;0;0;;
351872;31;10;2019;01:00;0;RUA PDE PEDRO DE ALENCAR;;;;;Colisão;;;;Meio de Quadra;;;0;0;1;0;0;0;0;0;0;0;0;0;;
351874;31;10;2019;23:51;0;RUA SEN ROBERT KENNEDY;;;95;;Colisão;;;;Meio de Quadra;;;0;0;1;0;0;0;0;0;0;0;0;0;-3,69968;-38,57696747
351881;31;10;2019;07:55;0;RD BR 116;;;5000;KM-05;Queda;Luz do Dia;;;Meio de Quadra;;;0;1;0;0;0;0;0;0;1;0;0;0;-3,796502;-38,506787
351882;31;10;2019;15:55;0;RD BR 222;;;;KM-04;Colisão Transversal;Luz do Dia;;;Meio de Quadra;;;0;0;2;1;1;0;0;0;0;0;0;0;;
351522;31;10;2019;00:41;0;AV BEZERRA DE MENEZES;;;;;Queda;;;;Meio de Quadra;;;0;1;0;0;0;1;0;0;0;0;0;0;;
351523;31;10;2019;00:47;0;RD BR 116;;;;;Queda;;;;Meio de Quadra;;;0;1;0;0;0;0;0;0;0;1;0;0;;
351524;31;10;2019;06:52;0;AV PDE ANTONIO TOMAS;;;650;;Colisão;Luz do Dia;;;Meio de Quadra;;;0;1;1;1;0;0;0;0;0;1;0;0;-3,740811;-38,497662
351525;31;10;2019;07:27;0;AV GODOFREDO MACIEL;;;878;;Queda;Luz do Dia;;;Meio de Quadra;;;0;1;0;0;0;0;0;0;0;1;0;0;-3,783773652;-38,56598757
351526;31;10;2019;07:37;0;RUA NAT FEIJO;;;444;;Colisão;Luz do Dia;;;Meio de Quadra;;;0;1;1;0;0;0;0;0;0;0;0;0;-3,722328321;-38,55284707
351528;31;10;2019;08:08;0;AV MAE LISBOA;;;2200;;Colisão;Luz do Dia;;;Meio de Quadra;;;0;1;1;1;0;1;0;0;0;0;0;0;-3,807338;-38,459792
351529;31;10;2019;10:02;0;AV SGT HERMINIO SAMPAIO;;;1998;;Colisão;Luz do Dia;;;Meio de Quadra;;;0;1;0;0;0;0;0;0;0;0;0;0;-3,7259488;-38,5582144
351530;31;10;2019;10:13;0;RD BR 116;;;11000;KM-11;Colisão;Luz do Dia;;;Meio de Quadra;;;0;1;1;1;0;0;1;0;0;0;0;0;-3,84716;-38,497176
351531;31;10;2019;10:36;11601;AV JOSE LEON;AV DES FAUSTINO ALBUQUERQUE;;;;Queda;Luz do Dia;;;T;Gesto;Comercial;0;1;0;0;0;0;0;0;0;1;0;0;-3,788245;-38,500137
351532;31;10;2019;11:32;0;AV WASHINGTON SOARES;;;;;Colisão;Luz do Dia;;;Meio de Quadra;;;0;1;1;1;0;0;0;0;0;1;0;0;;
351533;31;10;2019;11:36;0;AV PDE ANTONIO TOMAS;;;2056;;Queda;Luz do Dia;;;Meio de Quadra;;;0;1;0;0;0;0;0;0;0;1;0;0;-3,742076;-38,493771
351702;31;10;2019;20:23;0;RUA BERNARDO MANUEL;;;13500;;Colisão;;;;Meio de Quadra;;;0;1;1;1;0;0;0;0;0;1;0;0;-3,835898705;-38,56275803
351703;31;10;2019;20:41;0;AV PERIMETRAL;;;51;;Queda;;;;Meio de Quadra;;;0;1;0;0;0;0;0;0;0;1;0;0;;
351704;31;10;2019;21:55;0;RUA L CJ VILA VELHA;;;;;Queda;;;;Meio de Quadra;;;0;1;0;0;0;1;0;0;0;0;0;0;;
351705;31;10;2019;23:21;0;AV CESAR CALS;;;141;;Colisão;;;;Meio de Quadra;;;0;1;1;1;0;0;0;0;0;1;0;0;-3,719715361;-38,46502228
351677;31;10;2019;18:15;0;AV CARNEIRO DE MENDONCA;;;293;;Colisão;Anoitecer;;;Meio de Quadra;;;0;1;1;1;0;0;0;0;0;1;0;0;-3,76617641;-38,56232846
351678;31;10;2019;19:08;0;RUA PDE PEDRO DE ALENCAR;;;63;;Atropelamento;;;;Meio de Quadra;;;0;1;1;0;1;0;0;0;0;0;0;0;-3,827826842;-38,49349068
351680;31;10;2019;20:14;0;AV GAL OSORIO DE PAIVA;;;744;;Colisão;;;;Meio de Quadra;;;0;1;1;1;0;0;0;0;0;1;0;0;-3,777090366;-38,56881795
351675;31;10;2019;18:02;5356;AV DUQ CAXIAS;RUA GAL SAMPAIO;;;;Atropelamento;Anoitecer;;;Cruz;Semáforo;Comercial;0;1;1;0;0;0;0;0;0;0;0;0;-3,731096;-38,532029
351672;31;10;2019;17:09;0;AV PERIMETRAL;;;3601;;Queda;Anoitecer;;;Meio de Quadra;;;0;1;0;0;0;1;0;0;0;0;0;0;;
351653;31;10;2019;16:06;15699;RUA GUILHERME PESSOA;RUA MEM DE SA;;;;Colisão;Luz do Dia;;;Cruz;Pare;Residencial;0;1;0;0;0;0;0;0;0;0;0;0;-3,827417;-38,485338
351654;31;10;2019;16:15;0;AV FRANCISCO SA;;;2802;;Colisão;Luz do Dia;;;Meio de Quadra;;;0;1;1;1;0;0;0;0;0;1;0;0;-3,71968;-38,550501
351664;31;10;2019;17:03;18423;AV SGT HERMINIO SAMPAIO;RUA FRE ODILON;;;;Colisão;Anoitecer;;;Cruz;Não Há Controle;Comercial;0;1;0;0;0;0;0;0;0;0;0;0;-3,728921;-38,572692
351651;31;10;2019;13:27;0;AV ANTONIO SALES;;;2850;;Colisão;Luz do Dia;;;Meio de Quadra;;;0;1;1;1;0;0;0;0;0;1;0;0;-3,746656;-38,498468
351649;31;10;2019;13:08;0;AV GAL OSORIO DE PAIVA;;;2165;;Colisão;Luz do Dia;;;Meio de Quadra;;;0;1;0;0;0;0;0;0;0;0;0;0;-3,785294;-38,581746
351647;31;10;2019;12:46;0;AV DR JOAO MACIEL FILHO;;;223;;Queda;Luz do Dia;;;Meio de Quadra;;;0;1;0;0;0;0;0;0;0;1;0;0;-3,784940016;-38,49536603
350590;31;10;2019;08:40;1732;RUA CAP ARAGAO;RUA MAJ GERARDO MENDES;;;;Colisão Lateral;Luz do Dia;Bom;Seca;Cruz;Pare;Residencial;0;0;2;1;0;0;0;0;0;1;0;0;-3,764975;-38,513441
350593;31;10;2019;07:45;1666;AV BORGES DE MELO;RUA CAP VASCONCELOS D46;;;;Colisão Frontal;Luz do Dia;Bom;Seca;Outros;Pare;Comercial;0;1;1;0;0;0;0;1;0;1;0;0;-3,761585;-38,517782
350899;31;10;2019;09:52;0;RUA JOSE VILAR;;;743;;Colisão Transversal;Luz do Dia;Bom;Seca;Meio de Quadra;Não Há Controle;Comercial;0;1;1;0;0;0;0;0;0;1;0;0;-3,731926818;-38,50343227
350900;31;10;2019;08:30;0;AV I CJ JOSE WALTER;;;855;;Colisão Transversal;Luz do Dia;Bom;Seca;Meio de Quadra;Não Há Controle;Residencial;0;2;1;1;0;0;0;0;0;1;0;0;-3,8316846;-38,5527031
350901;31;10;2019;07:35;5361;RUA FLORIANO PEIXOTO;RUA PEDRO I;;0;;Colisão Transversal;Luz do Dia;Bom;Seca;Cruz;Pare;Comercial;0;1;1;1;0;0;0;0;0;1;0;0;-3,731284;-38,528436
350902;31;10;2019;14:04;0;RUA IRM BAZET;;;153;;Colisão Transversal;Luz do Dia;Bom;Seca;Meio de Quadra;Não Há Controle;Escola;0;1;1;1;0;0;0;0;0;1;0;0;-3,761380522;-38,55563335
350903;31;10;2019;18:10;17590;RUA MARANHAO;RUA MINAS GERAIS;;;;Colisão Transversal;Via Iluminada;Bom;Seca;Cruz;Pare;Residencial;0;1;1;0;0;0;0;0;0;1;0;0;-3,756084;-38,565092
350904;31;10;2019;22:23;0;RUA EDUARDO SABOIA;;;295;;Colisão Lateral;Via Iluminada;Bom;Seca;Meio de Quadra;Semáforo;Comercial;0;1;0;0;0;0;0;0;0;1;0;0;-3,73647;-38,4822
350905;31;10;2019;17:10;0;RUA MARIO STUDART;;;0;;Colisão Lateral;Luz do Dia;Bom;Seca;T;Pare;Comercial;0;0;3;1;0;0;0;0;0;1;0;0;;
350912;1;11;2019;19:50;23779;RUA LEAO DO NORTE;RUA ESPANHA;;;;Atropelamento;Via Iluminada;Bom;Seca;Cruz;Pare;Residencial;0;1;1;0;0;0;0;0;0;0;0;0;-3,785264;-38,575409
350596;1;11;2019;09:00;0;RUA AZEVEDO BARRETO;;;129;;Atropelamento;Luz do Dia;Bom;Seca;;;;0;2;0;0;0;0;0;0;0;1;0;0;-3,75;-38,594
350597;1;11;2019;18:10;0;AV ROGACIANO LEITE;;;2347;;Colisão Transversal;Via Iluminada;Bom;Seca;Meio de Quadra;Outros;Comercial;0;2;0;0;0;1;0;0;0;1;0;0;-3,77549981;-38,50003486
350613;1;11;2019;20:00;0;AV PERIMETRAL;;;;;Atropelamento;Via Iluminada;Bom;Seca;Meio de Quadra;Semáforo;Comercial;0;1;1;0;0;0;0;0;0;1;0;0;;
352115;1;11;2019;08:11;7999;RUA ANA NERY;RUA CARLOS CAMARA;;0;;Capotamento;Amanhecer;Bom;Seca;Cruz;Pare;Residencial;0;0;2;1;0;0;0;0;0;0;0;0;-3,750211;-38,545958
352116;1;11;2019;08:46;0;AV JOSE BASTOS;;;4530;;Colisão Lateral;Luz do Dia;Bom;Seca;Meio de Quadra;Não Há Controle;Comercial;0;1;1;0;1;1;0;0;0;0;0;0;-3,756192;-38,5567375
352117;1;11;2019;07:15;15324;RUA TIBURCIO CAVALCANTE;RUA TEN BENEVOLO;;;;Colisão Traseira;Luz do Dia;Bom;Seca;T;Não Há Controle;Residencial;0;0;2;1;0;0;0;0;0;1;0;0;-3,730691;-38,50089
352118;1;11;2019;09:18;14606;AV JOSE LEON;RUA GAL CAIADO DE CASTRO;;;;Colisão Transversal;Luz do Dia;Bom;Seca;T;Pare;Residencial;0;1;1;0;0;0;0;0;0;1;0;0;-3,7907061;-38,489876
352119;1;11;2019;07:45;5124;RUA RUFINO DE ALENCAR;RUA PEDRO ANGELO;;;;Atropelamento;Luz do Dia;Bom;Seca;T;Pare;Comercial;0;1;1;1;0;0;0;0;0;0;0;0;-3,724097;-38,52187
352120;1;11;2019;10:45;0;AV GAL OSORIO DE PAIVA;;;4183;;Colisão Traseira;Luz do Dia;Bom;Seca;Meio de Quadra;Não Há Controle;Comercial;0;1;1;1;0;0;0;0;0;1;0;0;-3,795364333;-38,59302067
352121;1;11;2019;14:59;1408;RUA JOAO CARVALHO;RUA DR JOSE LOURENCO;;0;;Colisão Transversal;Luz do Dia;Bom;Seca;Cruz;Pare;Comercial;0;1;1;1;0;0;0;0;0;1;0;0;-3,737289;-38,508643
352122;1;11;2019;15:53;0;AV EDUARDO GIRAO;;;;;Colisão Transversal;Luz do Dia;Bom;Seca;Meio de Quadra;Não Há Controle;Residencial;0;1;1;0;0;0;0;0;0;1;0;0;;
352123;1;11;2019;15:00;3168;RUA VERBENA;RUA CARLOS CHAGAS;;0;;Colisão Transversal;Luz do Dia;Bom;Seca;Cruz;Pare;Comercial;0;1;1;0;0;0;0;0;0;1;0;0;-3,779273;-38,58826
352124;1;11;2019;18:30;0;AV DOLOR BARREIRA;;;460;;Capotamento;Via Iluminada;Bom;Seca;Meio de Quadra;Não Há Controle;Comercial;0;1;0;1;0;0;0;0;0;1;0;0;-3,7288655;-38,4728085
352273;1;11;2019;01:33;0;RUA CUIABA;;;60;;Queda;;;;Meio de Quadra;;;0;1;0;0;0;0;0;0;0;1;0;0;-3,772202219;-38,5730745
352274;1;11;2019;06:28;0;RUA DR QUIXADA FELICIO;;;420;;Queda;Luz do Dia;;;Meio de Quadra;;;0;1;0;0;0;0;0;0;0;1;0;0;-3,70961;-38,5969
352282;1;11;2019;06:59;25007;AV JOAO PESSOA;RUA ROMEU MARTINS;;;;Colisão;Luz do Dia;;;T;Pare;Comercial;0;1;0;1;0;0;0;0;0;1;0;0;-3,762774;-38,557972
352284;1;11;2019;07:30;0;RD BR 116;;;;KM-14;Colisão;Luz do Dia;;;Meio de Quadra;;;1;0;1;0;0;0;1;0;0;1;0;0;-3,873523;-38,499242
352285;1;11;2019;07:57;0;RUA ANA NERY;;;;;Colisão;Luz do Dia;;;Meio de Quadra;;;0;1;0;1;0;0;0;0;0;0;0;0;;