COD_ACIDENTE;DIA;MES;ANO;HORA;INTERSECAO;LOG1;LOG2;LOG3;NUMERO;REFERENCIA;NATUREZA;ILUMINACAO;TEMPO;SUPERFICIEPISTA;TIPOCRUZAMENTO;CONTROLETRAFEGO;USOSOLO;MORTOS;FERIDOS;ILESOS;AUTOMOVEL;ONIBUS;BICICLETA;CAMINHAO;MICROONIBUS;CICLOMOTOR;MOTOCICLETA;TRACAOANIMAL;TREM;LATITUDE;LONGITUDE
352286;1;11;2019;08:17;0;RUA RUFINO DE ALENCAR;;;195;;Atropelamento;Luz do Dia;;;Meio de Quadra;;;0;1;0;1;0;0;0;0;0;0;0;0;-3,724335636;-38,52314545
352288;1;11;2019;08:36;0;AV JOSE LEON;;;304;;Colisão;Luz do Dia;;;Meio de Quadra;;;0;2;0;1;0;0;0;0;0;1;0;0;-3,78674;-38,5086175
352290;1;11;2019;09:10;0;AV MR HULL;;;2933;;Colisão;Luz do Dia;;;Meio de Quadra;;;0;1;2;0;0;0;0;0;0;1;0;0;-3,736822;-38,5706905
352064;1;11;2019;16:35;0;RD CE-040;;;;KM-09;Colisão;Luz do Dia;;Seca;Meio de Quadra;;;0;0;2;1;0;0;0;0;0;0;0;0;-3,834450897;-38,48246582
352292;1;11;2019;09:25;0;RUA MON BRUNO;;;;;Colisão;Luz do Dia;;;Meio de Quadra;;;0;1;0;1;0;0;0;0;0;1;0;0;;
352293;1;11;2019;09:35;0;AV JOSE JATAHY;;;;;Queda;Luz do Dia;;;Meio de Quadra;;;0;2;0;0;0;0;0;0;0;1;0;0;;
352294;1;11;2019;09:48;0;RUA VINTE E UM DE ABRIL;;;213;;Colisão;Luz do Dia;;;Meio de Quadra;;;0;1;0;1;0;0;0;0;0;0;0;0;-3,74747;-38,56306
352296;1;11;2019;09:56;0;AV CARNEIRO DE MENDONCA;;;2134;;Queda;Luz do Dia;;;Meio de Quadra;;;0;1;0;0;0;0;0;0;0;1;0;0;-3,758759;-38,577321
352297;1;11;2019;10:00;0;AV DOM LUIS;;;1200;;Colisão;Luz do Dia;;;Meio de Quadra;;;0;1;0;1;0;1;0;0;0;0;0;0;-3,735452;-38,490579
352298;1;11;2019;11:11;2809;RUA BOM JESUS (GRANJA LISBOA);RUA ITU;;;;Colisão;Luz do Dia;;;;;;0;1;0;0;0;0;0;0;0;1;0;0;-3,793664;-38,603531
352332;1;11;2019;11:14;0;RUA GAL DUTRA;;;29;;Colisão;Luz do Dia;;;Meio de Quadra;;;0;1;0;1;0;0;0;0;0;1;0;0;;
352333;1;11;2019;11:41;0;RUA VALMIR PONTES;;;;;Colisão;Luz do Dia;;;Meio de Quadra;;;0;1;0;1;0;0;0;0;0;0;0;0;;
352336;1;11;2019;11:53;0;RUA EQUADOR;;;990;;Atropelamento;Luz do Dia;;;Meio de Quadra;;;0;1;0;1;0;0;0;0;0;0;0;0;-3,776242;-38,553113
352339;1;11;2019;11:53;0;AV BEZERRA DE MENEZES;;;1012;;Colisão;Luz do Dia;;;Meio de Quadra;;;0;1;0;1;0;0;0;0;0;0;0;0;-3,733460919;-38,55379786
352340;1;11;2019;12:13;0;AV 13 DE MAIO;;;2298;;Colisão;Luz do Dia;;;Meio de Quadra;;;0;1;0;1;0;0;0;0;0;1;0;0;-3,742548;-38,537252
352341;1;11;2019;14:33;0;AV GOV RAUL BARBOSA;;;;;Colisão;Luz do Dia;;;Meio de Quadra;;;0;1;0;1;0;0;0;0;0;1;0;0;;
352351;1;11;2019;14:52;5374;AV DUQ CAXIAS;RUA BAR RIO BRANCO;;;;Colisão;Luz do Dia;;;Cruz;Semáforo;Comercial;0;2;0;0;0;0;0;0;0;1;0;0;-3,731774;-38,529947
352352;1;11;2019;15:16;0;RUA PDE PEDRO DE ALENCAR;;;1778;;Colisão;Luz do Dia;;;Meio de Quadra;;;0;1;0;0;0;0;0;0;0;1;0;0;-3,843805;-38,494382
352346;1;11;2019;14:51;3168;RUA VERBENA;RUA CARLOS CHAGAS;;;;Colisão;Luz do Dia;;;Cruz;Pare;Comercial;0;1;0;0;0;0;0;0;0;0;0;0;-3,779273;-38,58826
352361;1;11;2019;15:25;23451;RUA PAULO FIRMEZA;RUA SABINO MONTE;;;;Choque c/ Obstáculo Fixo;Luz do Dia;;;Cruz;Pare;Residencial;0;1;0;1;0;0;0;0;0;1;0;0;-3,757031;-38,51185
352363;1;11;2019;15:33;0;RD BR 116;;;;;Colisão;Luz do Dia;;;Meio de Quadra;;;0;1;0;0;0;0;0;0;0;0;0;0;;
352365;1;11;2019;15:34;0;RUA PAULO FIRMEZA;;;996;;Colisão;Luz do Dia;;;Meio de Quadra;;;0;1;0;1;0;0;0;0;0;1;0;0;-3,756909323;-38,51039497
352367;1;11;2019;16:07;0;RUA RAUL CABRAL;;;676;;Colisão;Luz do Dia;;;Meio de Quadra;;;0;1;0;0;0;0;0;0;0;0;0;0;-3,76903;-38,54436
352373;1;11;2019;16:14;0;RUA ANDRE REBOUCAS;;;225;;Colisão;Luz do Dia;;;Meio de Quadra;;;0;2;0;1;0;1;0;0;0;0;0;0;-3,775276;-38,590347
352374;1;11;2019;16:25;0;RUA COMERCIO D57;;;986;;Colisão;Luz do Dia;;;Meio de Quadra;;;0;1;0;1;0;0;0;0;0;1;0;0;-3,7743065;-38,4604591
352376;1;11;2019;16:52;5490;AV DOM MANUEL;AV AGUANAMBI;;;;Colisão;Luz do Dia;;;;;;0;1;0;0;0;0;0;0;0;0;0;0;-3,736873;-38,523967
352378;1;11;2019;17:04;15152;AV ABOLICAO;AV BAR STUDART;;;;Colisão;Anoitecer;;;;;;0;1;0;0;0;0;0;0;0;0;0;0;-3,724762;-38,503445
352388;1;11;2019;18:11;0;AV DOLOR BARREIRA;;;497;;Capotamento;Anoitecer;;;Meio de Quadra;;;0;1;0;0;0;0;0;0;0;0;0;0;-3,72942;-38,47254
352390;1;11;2019;18:18;0;AV DEP PAULINO ROCHA;;;2450;;Colisão;Anoitecer;;;Meio de Quadra;;;0;3;0;1;0;0;0;0;0;0;0;0;-3,810527;-38,51783
352395;1;11;2019;18:22;0;AV MOZART PINHEIRO DE LUCENA;;;2080;;Atropelamento;Anoitecer;;;Meio de Quadra;;;0;1;0;1;0;0;0;0;0;0;0;0;-3,720646;-38,596388
352399;1;11;2019;18:36;0;AV PERIMETRAL;;;;;Atropelamento;;;;Meio de Quadra;;;0;1;0;1;0;0;0;0;0;0;0;0;;
352426;1;11;2019;19:07;0;RUA OSVALDO CRUZ (ALDEOTA);;;1297;;Colisão;;;;Meio de Quadra;;;0;1;0;1;0;0;0;0;0;1;0;0;-3,7369884;-38,5007652
352433;1;11;2019;20:42;0;RUA ANTONIO ARRUDA;;;;;Queda;;;;Meio de Quadra;;;0;1;0;0;0;0;0;0;0;1;0;0;;
352429;1;11;2019;19:24;0;RUA VILEBALDO AGUIAR;;;;;Colisão;;;;Meio de Quadra;;;0;1;0;1;0;0;0;0;0;1;0;0;;
352431;1;11;2019;20:01;0;AV A CJ ESPERANCA;;;;;Atropelamento;;;;Meio de Quadra;;;0;1;0;0;0;0;0;0;0;0;0;0;;
352840;1;11;2019;19:30;0;AV D CJ ESPERANCA;;;;TRILHO;Atropelamento;;;;Meio de Quadra;;;1;0;1;0;0;0;0;0;0;0;0;1;-3,817607;-38,586278
352503;1;11;2019;21:08;0;RUA ARI MAIA;;;604;;Queda;;;;Meio de Quadra;;;0;1;0;0;0;0;0;0;0;1;0;0;-3,7811;-38,62073
352504;1;11;2019;21:12;0;AV C CJ CEARA;;;1159;;Colisão;;;;Meio de Quadra;;;0;1;0;0;0;0;0;0;0;1;0;0;-3,768687467;-38,61303613
352505;1;11;2019;21:16;0;AV DOS EXPEDICIONARIOS;;;3206;;Colisão;;;;Meio de Quadra;;;0;1;0;1;0;0;0;0;0;1;0;0;-3,746858;-38,5356795
352506;1;11;2019;21:44;0;AV MR HULL;;;4965;;Colisão;;;;Meio de Quadra;;;0;1;0;0;0;0;0;0;0;0;0;0;-3,73942;-38,58858
352507;1;11;2019;22:03;0;RUA SGT JOAO PINHEIRO;;;;;Atropelamento;;;;Meio de Quadra;;;0;1;0;0;0;0;0;0;0;1;0;0;;
352508;1;11;2019;22:21;0;RUA DOM JOSE LOURENCO  D27;;;279;;Colisão;;;;Meio de Quadra;;;0;1;0;0;0;0;0;0;0;0;0;0;-3,737109667;-38,559239
352509;1;11;2019;23:19;0;RUA PEDESTRE II;;;162;;Queda;;;;Meio de Quadra;;;0;1;0;0;0;1;0;0;0;0;0;0;-3,8160383;-38,6064508
352789;1;11;2019;18:25;7762;AV ANTONIO SALES;RUA NUNES VALENTE;;;;;Anoitecer;;;Cruz;Pare;Residencial;0;0;1;1;0;0;0;0;0;0;0;0;-3,744237;-38,506314
352510;2;11;2019;01:10;0;RUA AGUA VERDE D30;;;190;;Atropelamento;;;;Meio de Quadra;;;0;1;0;1;0;0;0;0;0;0;0;0;-3,7865442;-38,5051891
352511;2;11;2019;02:27;0;RUA PAU BRASIL;;;;;Colisão;;;;Meio de Quadra;;;0;1;0;0;0;0;0;0;0;0;0;0;;
352514;2;11;2019;02:47;9220;AV 13 DE MAIO;RUA NAPOLEAO LAUREANO;;;;Colisão;;;;Cruz;Semáforo;Comercial;0;1;0;1;0;0;0;0;0;1;0;0;-3,749758;-38,528825
352517;2;11;2019;03:41;0;RUA EQUADOR;;;995;;Colisão;;;;Meio de Quadra;;;0;1;0;1;1;0;0;0;0;0;0;0;-3,776288783;-38,55312848
352519;2;11;2019;05:17;0;AV FRANCISCO SA;;;3571;;Queda;Amanhecer;;;Meio de Quadra;;;0;1;0;0;0;0;0;0;0;1;0;0;-3,717385231;-38,55740208
352522;2;11;2019;05:30;0;RD BR 116;;;12000;VIADUTO MESSEJANA;Colisão;Amanhecer;Bom;Seca;Meio de Quadra;;;0;1;1;1;0;0;0;0;0;1;0;0;;
352523;2;11;2019;07:15;0;RUA CON DE CASTRO;;;6092;;Colisão;Luz do Dia;;;Meio de Quadra;;;0;1;0;0;0;0;0;0;0;0;0;0;-3,815726;-38,5996165
352526;2;11;2019;11:03;9168;AV LUCIANO CARNEIRO;AV BORGES DE MELO;;;;Colisão;Luz do Dia;;;Cruz;Semáforo;Comercial;0;1;0;1;0;0;0;0;0;1;0;0;-3,756465;-38,534097
352528;2;11;2019;12:03;7741;RUA GUANABARA;RUA ALAGOAS;;;;Colisão;Luz do Dia;;;;;;0;1;0;1;0;1;0;0;0;0;0;0;-3,759551;-38,570744
352532;2;11;2019;12:40;0;RUA ORIENTE;;;595;;Colisão;Luz do Dia;;;Meio de Quadra;;;0;2;0;1;0;0;0;0;0;1;0;0;-3,75112;-38,59813
352535;2;11;2019;12:51;0;RUA PERILIO TEIXEIRA;;;716;;Colisão;Luz do Dia;;;Meio de Quadra;;;0;1;0;1;0;0;0;0;0;1;0;0;-3,758663517;-38,60172331
352536;2;11;2019;13:36;0;RUA EINSTEIN;;;836;;Atropelamento;Luz do Dia;;;Meio de Quadra;;;0;1;0;1;0;0;0;0;0;0;0;0;;
352537;2;11;2019;14:33;0;RUA RIO ARAGUAIA;;;288;;Colisão;Luz do Dia;;;Meio de Quadra;;;0;2;0;1;0;0;0;0;0;1;0;0;-3,719534385;-38,58156231
352543;2;11;2019;16:16;0;AV PRS CASTELO BRANCO;;;5304;;Colisão;Luz do Dia;;;Meio de Quadra;;;0;1;0;1;0;0;0;0;0;1;0;0;-3,704117;-38,579042
352545;2;11;2019;16:16;0;AV JOSE SABOIA;;;;;Colisão;Luz do Dia;;;Meio de Quadra;;;0;1;0;1;0;0;0;0;0;1;0;0;;
352549;2;11;2019;16:40;0;RUA JOSE MENDONCA;;;569;;Colisão;Luz do Dia;;;Meio de Quadra;;;0;2;0;0;0;0;0;0;0;1;0;0;-3,75695584;-38,60215728
352561;2;11;2019;17:34;0;AV JOR THOMAZ COELHO;;;;;Colisão;Anoitecer;;;Meio de Quadra;;;0;1;0;1;0;0;0;0;0;1;0;0;;
352563;2;11;2019;17:56;0;AV SANTOS DUMONT;;;;;Atropelamento;Anoitecer;;;Meio de Quadra;;;0;1;0;0;0;0;0;0;0;0;0;0;;
352570;2;11;2019;19:55;0;RUA MELO DE OLIVEIRA;;;919;;Colisão;;;;Meio de Quadra;;;0;1;0;1;0;1;0;0;0;0;0;0;-3,77336;-38,578654
352571;2;11;2019;21:08;0;RUA MAL BITENCOURT;;;1079;;Colisão;;;;Meio de Quadra;;;0;2;0;0;0;0;0;0;0;0;0;0;-3,793295615;-38,53039623
352572;2;11;2019;21:36;0;AV SANTOS DUMONT;;;8060;;Colisão;;;;Meio de Quadra;;;0;1;0;1;0;0;0;0;0;0;0;0;-3,74806;-38,452447
352573;2;11;2019;22:52;10416;RUA PERILIO TEIXEIRA;RUA LUIZ MARIANO;;;;Atropelamento;;;;Cruz;Pare;Comercial;0;1;0;1;0;0;0;0;0;0;0;0;-3,761521;-38,602264
352567;2;11;2019;18:45;0;AV JOSE BASTOS;;;4855;;Queda;;;;Meio de Quadra;;;0;1;0;0;0;0;0;0;0;1;0;0;-3,7673515;-38,5695713
352568;2;11;2019;19:12;0;RUA CON DE CASTRO;;;4309;;Colisão;;;;Meio de Quadra;;;0;1;0;0;0;0;0;0;0;0;0;0;-3,80306;-38,590213
352066;2;11;2019;15:45;0;RD CE-040;;;4294;KM-05;Atropelamento;Luz do Dia;;Seca;Meio de Quadra;;;0;1;1;0;0;0;0;0;0;1;0;0;-3,800595823;-38,47953463
352125;2;11;2019;09:00;13749;RUA MON CARNEIRO DA CUNHA;RUA TEODORO DE PAIVA;;;;Colisão Transversal;Luz do Dia;Bom;Seca;Cruz;Pare;Residencial;0;1;2;1;0;0;0;0;0;1;0;0;-3,774193;-38,495784
352126;2;11;2019;13:50;5812;AV OLIVEIRA PAIVA;RUA CEZIDIO ALBUQUERQUE;;;;Colisão Traseira;Luz do Dia;Bom;Seca;Outros;Não Há Controle;Comercial;0;0;2;1;0;0;0;0;0;0;0;0;-3,798714;-38,503433
350921;2;11;2019;03:50;10952;RUA 15 DE NOVEMBRO;RUA EQUADOR;;;;Colisão Lateral;Mal Iluminada;Nublado;Molhada;Cruz;Semáforo;Residencial;0;0;2;1;1;0;0;0;0;0;0;0;-3,770577;-38,551314
350922;2;11;2019;18:00;19081;RUA DES WALDETARIO P MOTA;RUA EDUARDO SABOIA;;;;Colisão Lateral;Via Iluminada;Bom;Seca;Cruz;Pare;Comercial;0;1;1;1;0;0;0;0;0;1;0;0;-3,737338;-38,480948
350919;2;11;2019;00:30;12892;AV DOMINGOS OLIMPIO;RUA BAR RIO BRANCO;;;;Colisão Lateral;Via Iluminada;Nublado;Seca;Cruz;Semáforo;Comercial;0;1;1;0;0;0;0;0;0;0;0;0;-3,736579;-38,531494
350926;3;11;2019;06:50;0;AV GAL OSORIO DE PAIVA;;;4747;;Colisão Traseira;Luz do Dia;Nublado;Seca;Meio de Quadra;Outros;Residencial;0;1;1;1;0;0;0;0;0;1;0;0;-3,800545833;-38,5980175
350923;3;11;2019;18:03;15364;RUA REPUBLICA DO LIBANO;RUA FRE MANSUETO;;;;Colisão Lateral;Anoitecer;Bom;Seca;Cruz;Pare;Comercial;0;1;1;1;0;0;0;0;0;1;0;0;-3,733732;-38,488729
352127;3;11;2019;02:59;0;AV SEN CARLOS JEREISSATI (AEROPORTO);;;;;Colisão Frontal;Não Iluminada;Bom;Seca;Meio de Quadra;Gesto;Comercial;0;1;1;1;0;0;0;0;0;0;0;0;;
352128;3;11;2019;19:49;0;AV 13 DE MAIO;;;2386;;Colisão Traseira;Via Iluminada;Bom;Seca;Meio de Quadra;Semáforo;Comercial;0;0;1;1;0;0;0;0;0;1;0;0;-3,742163667;-38,53769967
352576;3;11;2019;00:02;0;AV BEZERRA DE MENEZES;;;1146;;Queda;;;;Meio de Quadra;;;0;1;0;0;0;0;0;0;0;1;0;0;-3,73373525;-38,55510796
352578;3;11;2019;03:02;0;RUA DONZELA;;;511;;Colisão;;;;Meio de Quadra;;;0;1;0;0;0;0;0;0;0;1;0;0;-3,7706361;-38,5937696
352586;3;11;2019;06:27;19693;RUA GAL PIRAGIBE;RUA GUSTAVO SAMPAIO;;;;Colisão;Luz do Dia;;;Cruz;Pare;Comercial;0;1;0;1;0;0;0;0;0;1;0;0;-3,735661;-38,558398
352615;3;11;2019;08:10;0;AV I CJ JOSE WALTER;;;1540;;Colisão;Luz do Dia;;;Meio de Quadra;;;0;1;0;0;0;0;0;0;0;1;0;0;-3,837903;-38,55461
352626;3;11;2019;09:26;0;TR VIA FERREA SOBRAL;;;1023;;Colisão;Luz do Dia;;;Meio de Quadra;;;0;1;0;1;0;1;0;0;0;0;0;0;;
352651;3;11;2019;18:36;0;AV PRS COSTA E SILVA;;;;;Colisão;;;;Meio de Quadra;;;0;2;0;0;0;0;0;0;0;0;0;0;;
352727;3;11;2019;19:39;0;AV PRS CASTELO BRANCO;;;;;Queda;;;;Meio de Quadra;;;0;1;0;0;0;0;0;0;0;1;0;0;;
352728;3;11;2019;21:19;0;AV ENG HUMBERTO MONTE;;;;;Queda;;;;Meio de Quadra;;;0;1;0;0;0;1;0;0;0;0;0;0;;
352730;3;11;2019;21:59;0;AV SANTOS DUMONT;;;6870;;Queda;;;;Meio de Quadra;;;0;1;0;0;0;0;0;0;0;1;0;0;-3,744803158;-38,47178989
352738;3;11;2019;22:44;0;RUA BENU MARCONDES;;;490;;Colisão;;;;Meio de Quadra;;;0;1;0;0;0;0;0;0;0;0;0;0;-3,7474708;-38,5129552
352739;3;11;2019;23:12;0;AV DR SILAS MUNGUBA;;;1976;;Colisão;;;;Meio de Quadra;;;0;1;0;0;0;0;0;0;0;1;0;0;-3,785228296;-38,55230232
352740;3;11;2019;23:38;0;AV MAE LISBOA;;;;;Queda;;;;Meio de Quadra;;;0;1;0;0;0;0;0;0;0;1;0;0;;
352582;3;11;2019;04:58;0;RUA CON DE CASTRO;;;6110;;Colisão;;;;Meio de Quadra;;;0;1;0;1;0;0;0;0;0;1;0;0;-3,81588;-38,59972725
352610;3;11;2019;07:04;5411;RUA BAR ARATANHA;AV DUQ CAXIAS;;;;Outros;Luz do Dia;;;T;Pare;Misto;0;1;0;0;0;0;0;0;0;1;0;0;-3,73292;-38,52638
352611;3;11;2019;07:13;0;AV TRISTAO GONCALVES;;;762;;Colisão;Luz do Dia;;;Meio de Quadra;;;0;1;0;0;0;0;0;0;0;0;0;0;-3,728410768;-38,53359057
352613;3;11;2019;07:46;0;RUA BUENO;;;410;;Colisão;Luz do Dia;;;Meio de Quadra;;;0;1;0;1;0;0;0;0;0;1;0;0;-3,77134;-38,5927
352628;3;11;2019;10:23;0;AV N CJ JOSE WALTER;;;2161;;Colisão;Luz do Dia;;;Meio de Quadra;;;0;1;0;1;0;0;0;0;0;1;0;0;-3,77695;-38,4875869
352629;3;11;2019;10:30;0;AV PRS COSTA E SILVA;;;1734;JOSE WALTER;Colisão;Luz do Dia;;;Meio de Quadra;;;1;0;1;1;0;0;0;0;0;1;0;0;-3,817618;-38,565394
352630;3;11;2019;12:31;0;RUA JOSE ARAGAO;;;12;;Colisão;Luz do Dia;;;Meio de Quadra;;;0;1;0;1;0;0;0;0;0;1;0;0;-3,74847;-38,5882
352631;3;11;2019;13:30;0;RUA BERNARDO MANUEL;;;7580;;Queda;Luz do Dia;;;Meio de Quadra;;;0;1;0;0;0;0;0;0;0;1;0;0;-3,784561;-38,547074
352633;3;11;2019;15:16;2699;RUA OSCAR ARARIPE;RUA CEL VIRGILIO NOGUEIRA (BOM JARDIM);;;;Colisão;Luz do Dia;;;Cruz;Semáforo;Comercial;0;1;0;1;0;0;0;0;0;1;0;0;-3,7882527;-38,6086345
352634;3;11;2019;15:49;0;AV JOSE BASTOS;;;180;;Atropelamento;Luz do Dia;;;Meio de Quadra;;;0;1;0;0;0;0;0;0;0;1;0;0;-3,742428;-38,5428362
352635;3;11;2019;17:18;0;AV BEZERRA DE MENEZES;;;1301;;Colisão;Anoitecer;;;Meio de Quadra;;;0;2;0;1;0;0;0;0;0;1;0;0;-3,734003429;-38,55643024
352654;3;11;2019;19:16;0;AV GODOFREDO MACIEL;;;3800;;Colisão;;;;Meio de Quadra;;;0;2;0;1;0;0;0;0;0;1;0;0;-3,808503;-38,573667
352655;3;11;2019;19:36;0;RUA PRO PAULO LOPES;;;250;;Colisão;;;;Meio de Quadra;;;0;1;0;1;0;0;0;0;0;1;0;0;-3,757051957;-38,5846527
352637;3;11;2019;17:55;0;RUA PIRINEUS;;;5200;;Atropelamento;Anoitecer;;;Meio de Quadra;;;0;1;0;1;0;0;0;0;0;0;0;0;;
352733;3;11;2019;22:13;0;RUA SAO JOSE D03;;;627;;Queda;;;;Meio de Quadra;;;0;1;0;0;0;0;0;0;0;1;0;0;-3,7018;-38,57088
352802;3;11;2019;06:30;0;RD BR 116;;;3000;KM-03;Colisão Transversal;Luz do Dia;Nublado;Molhada;Meio de Quadra;;;0;1;2;1;0;0;0;0;0;0;0;0;-3,779838;-38,514372
352804;4;11;2019;15:27;0;AV CARNEIRO DE MENDONCA;;;12;;Queda;Luz do Dia;;;Meio de Quadra;;;0;1;0;0;0;0;0;0;0;1;0;0;-3,767183194;-38,55990285
352806;4;11;2019;16:31;0;AV BEZERRA DE MENEZES;;;;;Atropelamento;Luz do Dia;;;Meio de Quadra;;;0;1;0;1;0;0;0;0;0;0;0;0;;
352807;4;11;2019;20:50;0;AV GOV RAUL BARBOSA;;;;;Colisão;;;;Meio de Quadra;;;0;0;1;1;0;0;0;0;0;0;0;0;;
352808;4;11;2019;17:09;0;RUA SEN ALENCAR;;;564;;Colisão;Anoitecer;;;Meio de Quadra;;;0;1;0;0;0;0;0;0;0;1;0;0;-3,72396;-38,53081
352809;4;11;2019;18:00;0;RUA CEL FABRICIANO;;;1777;;Colisão;Anoitecer;;;Meio de Quadra;;;0;0;1;0;0;0;0;0;0;0;0;0;-3,7828675;-38,607453
352810;4;11;2019;17:14;0;RUA PAULO FIRMEZA;;;831;;Colisão;Anoitecer;;;Meio de Quadra;;;0;1;0;1;0;0;0;0;0;1;0;0;-3,75704;-38,51202
352812;4;11;2019;17:51;0;RUA CARLOS GONDIM;;;773;;Colisão;Anoitecer;;;Meio de Quadra;;;0;2;0;0;0;0;0;0;0;1;0;0;-3,71949;-38,59543
352814;4;11;2019;18:01;0;RUA EDGAR FALCAO;;;;;Atropelamento;Anoitecer;;;Meio de Quadra;;;0;1;0;0;0;1;0;0;0;0;0;0;;
352816;4;11;2019;18:10;10368;RUA JOSE MENDONCA;RUA NOSSA SRA APARECIDA;;;;Colisão;Anoitecer;;;Cruz;Pare;Residencial;0;1;0;1;0;0;0;0;0;1;0;0;-3,757921;-38,602332
352831;4;11;2019;18:14;0;RUA ANTONIO MARTINS;;;351;;Colisão;Anoitecer;;;Meio de Quadra;;;0;1;0;1;0;0;0;0;0;1;0;0;-3,753186333;-38,55461333
352832;4;11;2019;18:25;0;AV PRS CASTELO BRANCO;;;2227;;Colisão;Anoitecer;;;Meio de Quadra;;;0;1;0;1;0;0;0;0;0;1;0;0;-3,713935312;-38,54793519
352834;4;11;2019;21:10;0;RUA 24 CJ DOS BANCARIOS;;;532;;Queda;;;;Meio de Quadra;;;0;1;0;0;0;0;0;0;0;1;0;0;-3,7302932;-38,5998465
352835;4;11;2019;21:43;0;RUA DR JOAO BEZERRA;;;666;;Queda;;;;Meio de Quadra;;;0;1;0;0;0;0;0;0;0;1;0;0;-3,8077464;-38,4510243
352836;4;11;2019;23:17;0;AV GOV RAUL BARBOSA;;;900;;Queda;;;;Meio de Quadra;;;0;1;0;0;0;0;0;0;0;1;0;0;-3,77306;-38,51262
352828;4;11;2019;20:58;0;RD BR 116;;;12000;KM-12;Atropelamento;Via Iluminada;Bom;Seca;Meio de Quadra;;;0;3;0;0;0;0;0;0;0;1;0;0;-3,85574;-38,496066
352829;4;11;2019;07:30;0;RD BR 116;;;5500;KM-05;Colisão Lateral;Luz do Dia;Bom;Seca;Meio de Quadra;;;0;2;0;0;0;0;0;0;0;1;0;0;-3,796502;-38,506787
352801;4;11;2019;14:47;0;AV PASTEUR;;;700;;Colisão;Luz do Dia;;;Meio de Quadra;;;0;1;0;1;0;1;0;0;0;0;0;0;-3,711941;-38,559096
352741;4;11;2019;04:55;0;AV ALBERTO CRAVEIRO;;;1137;;Queda;;;;Meio de Quadra;;;0;1;0;0;0;0;0;0;0;1;0;0;-3,789324364;-38,51710627
352742;4;11;2019;05:43;0;AV PRS COSTA E SILVA;;;;;Atropelamento;Amanhecer;;;Meio de Quadra;;;0;1;0;1;0;0;0;0;0;0;0;0;;
352746;4;11;2019;05:57;0;RUA PAPI JUNIOR;;;1473;;Colisão;Amanhecer;;;Meio de Quadra;;;0;2;0;1;0;0;0;0;0;1;0;0;-3,7493;-38,55482
352747;4;11;2019;06:43;0;AV AREIA BRANCA;;;573;;Atropelamento;Luz do Dia;;;Meio de Quadra;;;1;1;0;0;0;0;0;0;0;1;0;0;-3,727061395;-38,47659214
352748;4;11;2019;06:51;0;AV MR HULL;;;3200;;Colisão;Luz do Dia;Bom;Seca;Meio de Quadra;;;0;1;2;0;0;0;0;0;0;1;0;0;-3,73703;-38,57409
352749;4;11;2019;08:16;0;AV ABOLICAO;;;475;;Atropelamento;Luz do Dia;;;Meio de Quadra;;;0;1;0;0;0;0;0;0;0;1;0;0;;
352750;4;11;2019;08:38;0;AV ABOLICAO;;;4753;;Atropelamento;Luz do Dia;;;Meio de Quadra;;;0;1;0;0;0;0;0;0;0;1;0;0;-3,7225433;-38,4796666
352751;4;11;2019;08:49;0;RUA AQUIRAZ;;;40;;Atropelamento;Luz do Dia;;;Meio de Quadra;;;0;1;0;0;0;0;0;0;0;1;0;0;-3,755564776;-38,54539321
352752;4;11;2019;08:52;0;RUA MONTE LIBANO;;;560;;Colisão;Luz do Dia;;;Meio de Quadra;;;0;1;0;1;0;1;0;0;0;0;0;0;-3,825100324;-38,56223708
352790;4;11;2019;09:03;0;RUA NOSSA SRA DAS GRACAS;;;503;;Queda;Luz do Dia;;;Meio de Quadra;;;0;1;0;0;0;0;0;0;0;1;0;0;-3,710282;-38,552963
352791;4;11;2019;10:32;0;RD BR 116;;;;;Queda;Luz do Dia;;;Meio de Quadra;;;0;1;0;0;0;0;0;0;0;1;0;0;;
352792;4;11;2019;11:56;0;AV ENG HUMBERTO MONTE;;;;;Queda;Luz do Dia;;;Meio de Quadra;;;0;1;0;0;0;0;0;0;0;1;0;0;;
352793;4;11;2019;11:56;0;AV AUGUSTO DOS ANJOS;;;1800;;Queda;Luz do Dia;;;Meio de Quadra;;;0;1;0;0;0;0;0;0;0;1;0;0;-3,78173075;-38,58053467
352794;4;11;2019;12:04;0;RUA OSORIO CORREIA;;;1820;;Colisão;Luz do Dia;;;Meio de Quadra;;;0;1;0;1;0;0;0;0;0;1;0;0;-3,82267;-38,59826
352795;4;11;2019;13:35;13112;RUA 51 CJ JOSE WALTER;AV C CJ JOSE WALTER;;;;Colisão;Luz do Dia;;;;;;0;1;0;1;0;0;0;0;0;1;0;0;-3,8292;-38,554196
352796;4;11;2019;14:00;7775;AV BAR STUDART;AV ANTONIO SALES;;;;Colisão;Luz do Dia;;;Cruz;Semáforo;Comercial;0;1;0;1;0;0;0;0;0;1;0;0;-3,743288;-38,509378
352130;4;11;2019;08:22;0;AV BEZERRA DE MENEZES;;;368;;Colisão Traseira;Luz do Dia;Bom;Seca;Meio de Quadra;Semáforo;Comercial;0;1;2;1;0;0;0;0;0;1;0;0;-3,732301907;-38,54821998
352131;4;11;2019;10:49;0;RUA MAXIMO LINHARES;RUA HAROLDO TORRES;;0;;Colisão Transversal;Luz do Dia;Bom;Seca;Meio de Quadra;Pare;Comercial;0;1;1;1;0;0;0;0;0;1;0;0;;