COD_ACIDENTE;DIA;MES;ANO;HORA;INTERSECAO;LOG1;LOG2;LOG3;NUMERO;REFERENCIA;NATUREZA;ILUMINACAO;TEMPO;SUPERFICIEPISTA;TIPOCRUZAMENTO;CONTROLETRAFEGO;USOSOLO;MORTOS;FERIDOS;ILESOS;AUTOMOVEL;ONIBUS;BICICLETA;CAMINHAO;MICROONIBUS;CICLOMOTOR;MOTOCICLETA;TRACAOANIMAL;TREM;LATITUDE;LONGITUDE
352132;4;11;2019;14:34;7775;AV BAR STUDART;AV ANTONIO SALES;;0;;Colisão Transversal;Luz do Dia;Bom;Seca;Cruz;Semáforo;Comercial;0;0;3;1;0;0;0;0;0;1;0;0;-3,743288;-38,509378
352133;4;11;2019;20:07;0;RUA MINAS GERAIS;;;1697;;Colisão Traseira;Via Iluminada;Bom;Seca;Meio de Quadra;Não Há Controle;Residencial;0;0;1;1;0;0;0;0;0;0;0;0;-3,763311049;-38,56946387
352134;4;11;2019;20:00;0;AV ALBERTO CRAVEIRO;;;43;;Choque c/ Obstáculo Fixo;Mal Iluminada;Bom;Seca;Meio de Quadra;Não Há Controle;Residencial;0;0;1;1;0;0;0;0;0;0;0;0;-3,78893;-38,51693
352135;4;11;2019;15:41;0;AV ALBERTO CRAVEIRO;RUA SAO SEBASTIAO;;;;Colisão Lateral;Luz do Dia;Bom;Seca;Meio de Quadra;;;0;1;1;1;0;0;0;0;0;1;0;0;-3,7944489;-38,5178945
352136;4;11;2019;19:10;0;AV DR SILAS MUNGUBA;;;2593;;Colisão Lateral;Via Iluminada;Bom;Seca;Meio de Quadra;Semáforo;Escola;0;1;1;1;0;0;0;0;0;1;0;0;-3,78639788;-38,55017214
352067;4;11;2019;06:40;0;AV SEN CARLOS JEREISSATI (AEROPORTO);;;;KM 01;Colisão;Luz do Dia;;Outros;Meio de Quadra;;;0;0;2;1;0;0;1;0;0;0;0;0;-3,783753;-38,52685
352068;4;11;2019;06:10;0;RUA 402 CJ CEARA;;;;;Colisão;Luz do Dia;;Seca;Meio de Quadra;;;0;0;2;1;0;0;0;0;0;1;0;0;;
352069;4;11;2019;16:45;0;RD CE-040;;;;KM-08;Colisão;Luz do Dia;;Seca;Meio de Quadra;;;0;0;2;1;0;0;0;1;0;0;0;0;-3,825515822;-38,48153832
352070;4;11;2019;18:07;0;RD CE 522;;;;KM-01;Colisão;Anoitecer;;Seca;Meio de Quadra;;;0;0;2;0;1;0;0;0;0;0;0;0;;
352077;4;11;2019;15:10;0;RD CE-040;;;;KM-03;Colisão;Luz do Dia;;Outros;Meio de Quadra;;;0;0;2;0;0;0;0;0;0;0;0;0;-3,782614325;-38,4810839
352074;5;11;2019;12:18;0;RD CE-040;;;;KM-02;Engavetamento;Luz do Dia;;Outros;Meio de Quadra;;;0;0;3;1;0;0;0;0;0;0;0;0;-3,773616148;-38,4817994
352075;5;11;2019;17:20;0;RD CE-040;;;;KM-03;Colisão;Anoitecer;;Outros;Meio de Quadra;;;0;0;2;1;1;0;0;0;0;0;0;0;-3,782614325;-38,4810839
352137;5;11;2019;06:25;0;AV AUGUSTO DOS ANJOS;TR PERDIGAO DE OLIVEIRA;;0;;Colisão Lateral;Luz do Dia;Bom;Seca;Cruz;Semáforo;Comercial;0;1;1;1;1;0;0;0;0;0;0;0;-3,7751277;-38,5747092
352138;5;11;2019;08:11;0;AV CASTELO DE CASTRO;;;572;;Colisão Lateral;Luz do Dia;Bom;Seca;Meio de Quadra;;;0;1;2;1;0;0;0;0;0;1;0;0;-3,834231;-38,521601
352139;5;11;2019;08:34;0;AV DIOGUINHO;;;6100;;Atropelamento;Luz do Dia;Bom;Seca;Meio de Quadra;Não Há Controle;Residencial;0;2;0;0;0;0;0;0;0;1;0;0;-3,767015;-38,440542
352140;5;11;2019;09:57;0;RUA OSVALDO CRUZ;RUA DES LEITE ALBUQUERQUE;;0;;Colisão Transversal;Luz do Dia;Bom;Seca;Meio de Quadra;Pare;Comercial;0;0;2;1;0;0;0;0;0;0;0;0;-3,7366184;-38,5006337
352141;5;11;2019;16:50;13155;AV I CJ JOSE WALTER;RUA 48 CJ JOSE WALTER;;;;Colisão Traseira;Luz do Dia;Bom;Seca;T;Não Há Controle;Residencial;0;0;3;1;0;0;0;0;0;0;0;0;-3,831579;-38,552695
352142;5;11;2019;17:05;0;AV ROGACIANO LEITE;;;2900;;Colisão Lateral;Luz do Dia;Bom;Seca;Meio de Quadra;Pare;Comercial;0;1;2;0;0;0;0;0;0;1;0;0;-3,7841561;-38,5027162
352143;5;11;2019;20:10;0;RUA METON DE ALENCAR;;;0;;Colisão Transversal;Anoitecer;Bom;Seca;Meio de Quadra;Pare;Comercial;0;0;2;1;0;0;0;0;0;1;0;0;;
352144;5;11;2019;22:00;20042;AV DR SILAS MUNGUBA;AV ALBERTO CRAVEIRO;;;;Colisão Traseira;Via Iluminada;Bom;Seca;;Dê Preferência;Comercial;0;2;1;1;0;0;0;0;0;1;0;0;-3,807229;-38,524782
352881;5;11;2019;19:42;0;AV ENG LEAL LIMA VERDE (SAPIRANGA/COITE);;;1650;;Queda;;;;Meio de Quadra;;;0;1;0;0;0;1;0;0;0;0;0;0;-3,805152333;-38,47488317
352882;5;11;2019;19:42;0;AV PRS CASTELO BRANCO;;;4310;;Atropelamento;;;;Meio de Quadra;;;0;2;0;0;0;0;0;0;0;1;0;0;-3,707572684;-38,57068626
352883;5;11;2019;19:54;0;RUA PRO GOMES BRASIL;;;;;Queda;;;;Meio de Quadra;;;0;1;0;0;0;0;0;0;0;1;0;0;;
352884;5;11;2019;19:54;0;AV ENG LEAL LIMA VERDE (SAPIRANGA/COITE);;;2260;;Queda;;;;Meio de Quadra;;;0;1;0;0;0;0;0;0;0;1;0;0;-3,807871;-38,474657
352885;5;11;2019;20:46;0;RUA JULIO SILVA;;;;;Colisão;;;;Meio de Quadra;;;0;2;0;1;0;0;0;0;0;1;0;0;;
352886;5;11;2019;21:48;0;RUA CEL VIRGILIO NOGUEIRA (BOM JARDIM);;;1092;;Atropelamento;;;;Meio de Quadra;;;0;1;0;1;0;0;0;0;0;0;0;0;-3,79312;-38,61018
352888;5;11;2019;22:05;5188;RUA TEN BENEVOLO;RUA NOGUEIRA ACIOLI;;;;Colisão;;;;Cruz;Pare;Residencial;0;1;0;1;0;0;0;0;0;1;0;0;-3,725858;-38,515591
352890;5;11;2019;23:00;0;AV EDUARDO BRIGIDO MONTEIRO;;;;;Choque c/ Obstáculo Fixo;;;;Meio de Quadra;;;0;1;0;0;0;0;0;0;0;1;0;0;;
352877;5;11;2019;18:10;0;AV IMPERADOR;;;843;;Atropelamento;Anoitecer;;;Meio de Quadra;;;0;1;0;0;0;0;0;0;0;1;0;0;-3,728721405;-38,53490558
352878;5;11;2019;18:38;0;RUA VINTE QUATRO DE MAIO;;;1230;;Colisão;;;;Meio de Quadra;;;0;1;0;1;0;0;0;0;0;1;0;0;-3,73254;-38,53382
352879;5;11;2019;19:04;0;RUA DES FROTA D71;;;486;;Colisão;;;;Meio de Quadra;;;0;1;0;1;0;0;0;0;0;1;0;0;-3,79411;-38,59002
352830;5;11;2019;14:10;0;RD BR 116;;;10000;KM-10;Colisão Traseira;Luz do Dia;Bom;Seca;Meio de Quadra;;;0;1;2;0;0;0;0;0;0;1;0;0;-3,834435;-38,503373
352853;5;11;2019;11:58;6752;AV SANTOS DUMONT;RUA PRO OTAVIO LOBO;;;;Colisão;Luz do Dia;;;Meio de Quadra;Semáforo;Comercial;0;2;0;0;0;0;0;0;0;1;0;0;-3,742845;-38,477829
352848;5;11;2019;08:37;0;AV MR HULL;;;3650;;Atropelamento;Luz do Dia;;;Meio de Quadra;;;0;1;0;1;0;0;0;0;0;0;0;0;-3,7376575;-38,5770885
352849;5;11;2019;10:09;18949;RUA SILVINHA TELES D69;RUA CANGURU;;;;Colisão;Luz do Dia;;;;;;0;1;0;1;0;0;0;0;0;1;0;0;-3,84841;-38,526619
352850;5;11;2019;19:30;0;AV PRS CASTELO BRANCO;;;4277;;Atropelamento;;;;Meio de Quadra;;;1;0;1;0;0;0;0;0;0;1;0;0;-3,707642;-38,570498
352851;5;11;2019;10:33;0;RUA RAIMUNDO GOMES;;;149;;Queda;Luz do Dia;;;Meio de Quadra;;;0;1;0;0;0;0;0;0;0;1;0;0;-3,71434;-38,59006
352844;5;11;2019;08:10;0;AV BEZERRA DE MENEZES;;;;;Queda;Luz do Dia;;;Meio de Quadra;;;0;1;0;0;0;1;0;0;0;0;0;0;;
352845;5;11;2019;08:34;12892;RUA BAR RIO BRANCO;AV DOMINGOS OLIMPIO;;;;Colisão;Luz do Dia;;;Cruz;Semáforo;Comercial;0;1;0;1;0;0;0;0;0;1;0;0;-3,736579;-38,531494
352856;5;11;2019;12:25;0;AV SIQUEIRA CAMPOS;;;;;Colisão;Luz do Dia;;;Meio de Quadra;;;0;1;0;1;0;0;0;0;0;1;0;0;;
352857;5;11;2019;14:00;0;RUA RAUL CABRAL;;;176;;Colisão;Luz do Dia;;;Meio de Quadra;;;0;1;0;1;0;0;0;0;0;1;0;0;-3,770272222;-38,54038289
352858;5;11;2019;14:20;0;RUA TAQUARI;;;1325;;Colisão;Luz do Dia;;;Meio de Quadra;;;0;1;0;0;0;0;0;0;0;0;0;0;-3,778837211;-38,59247207
352859;5;11;2019;14:21;0;RD BR 116;;;10050;KM-10;Colisão;Luz do Dia;;;Meio de Quadra;;;0;1;0;1;0;0;0;0;0;1;0;0;-3,834435;-38,503373
352864;5;11;2019;15:54;0;TR SAO PAULO;;;474;;Atropelamento;Luz do Dia;;;Meio de Quadra;;;0;1;0;1;0;0;0;0;0;0;0;0;-3,72515;-38,5302
352871;5;11;2019;17:33;0;RD BR 116;;;3439;KM-12;Colisão;Anoitecer;;;Meio de Quadra;;;0;1;0;1;0;0;0;0;0;1;0;0;-3,85574;-38,496066
352861;5;11;2019;14:47;12867;RUA JOAQUIM MAGALHAES;RUA JAIME BENEVOLO;;;;Colisão;Luz do Dia;;;Cruz;Não Há Controle;Comercial;0;1;0;1;0;0;0;0;0;1;0;0;-3,739942;-38,527961
352862;5;11;2019;15:52;0;RUA FRANCISCO CALACA;;;1464;;Colisão;Luz do Dia;;;Meio de Quadra;;;0;1;0;1;0;0;0;0;0;1;0;0;-3,714626;-38,573201
352875;5;11;2019;17:50;0;RUA MIGUEL GURGEL;;;;;Colisão;Anoitecer;;;Meio de Quadra;;;0;1;0;1;0;1;0;0;0;0;0;0;;
352837;5;11;2019;07:03;0;RUA MENINO JESUS DE PRAGA;;;185;;Colisão;Luz do Dia;;;Meio de Quadra;;;0;2;0;0;0;0;1;0;0;1;0;0;-3,77358;-38,583875
352838;5;11;2019;08:05;0;AV DIOGUINHO;;;6100;;Colisão;Luz do Dia;;;Meio de Quadra;;;0;1;0;0;0;0;0;0;0;0;0;0;-3,767015;-38,440542
352815;5;11;2019;20:57;0;RUA ECA DE QUEIROZ;;;1593;;Colisão;;;;Meio de Quadra;;;0;0;1;0;0;0;0;0;0;0;0;0;-3,7944065;-38,5899365
352813;5;11;2019;23:10;0;AV CONTORNO (CASTELÃO);;;;;Colisão;;;;Meio de Quadra;;;0;0;1;0;0;0;0;0;0;1;0;0;;
351779;5;11;2019;15:45;0;AV 13 DE MAIO;;;;;Colisão Traseira;Luz do Dia;Bom;Seca;Meio de Quadra;;Residencial;0;0;2;1;0;0;0;0;0;0;0;0;;
352817;6;11;2019;11:27;0;RUA TIBURCIO CAVALCANTE;;;;;Choque c/ Obstáculo Fixo;Luz do Dia;;;Meio de Quadra;;;0;0;1;1;0;0;0;0;0;0;0;0;;
352818;6;11;2019;20:10;0;AV GODOFREDO MACIEL;;;;;Colisão;;;;Meio de Quadra;;;0;0;1;0;0;0;0;0;0;1;0;0;;
352819;6;11;2019;18:00;6581;RUA 924 CJ CEARA;AV H CJ CEARA;;;;Colisão;Anoitecer;;;;;;0;0;1;0;0;0;0;0;0;1;0;0;-3,776847;-38,619834
352821;6;11;2019;08:40;0;RUA ULLISSES GUIMARAES;;;639;;Colisão;Luz do Dia;;;Meio de Quadra;;;0;0;1;0;0;0;0;0;0;1;0;0;-3,72113;-38,57276
352854;6;11;2019;17:50;0;AV PRS CASTELO BRANCO;;;1007;;Atropelamento;Anoitecer;;;Meio de Quadra;;;1;0;1;0;0;0;0;0;0;1;0;0;-3,719240163;-38,53264042
352899;6;11;2019;07:24;0;AV GODOFREDO MACIEL;;;5768;;Colisão;Luz do Dia;;;Meio de Quadra;;;0;1;0;1;0;0;0;0;0;1;0;0;-3,8249997;-38,5790142
352904;6;11;2019;08:20;0;AV PRS CASTELO BRANCO;;;3001;;Colisão;Luz do Dia;;;Meio de Quadra;;;0;1;0;0;0;0;0;0;0;0;0;0;-3,711778;-38,55619925
352905;6;11;2019;08:53;0;AV PRO GOMES DE MATOS;;;374;;Colisão;Luz do Dia;;;Meio de Quadra;;;0;1;0;1;1;0;0;0;0;0;0;0;-3,761583;-38,5459393
352891;6;11;2019;00:19;0;AV MR HULL;;;5980;;Queda;;;;Meio de Quadra;;;0;1;0;0;0;0;0;0;0;1;0;0;-3,740631;-38,59824
352892;6;11;2019;00:51;0;RUA CANDIDO MAIA;;;;FROTINHA ANT. BEZERRA;Queda;;;;Meio de Quadra;;;0;1;0;0;0;0;0;0;0;1;0;0;;
352919;6;11;2019;14:03;0;AV JOR THOMAZ COELHO;;;1578;;Colisão;Luz do Dia;;;Meio de Quadra;;;0;1;0;1;0;0;0;0;0;1;0;0;-3,829904271;-38,50913561
352920;6;11;2019;14:32;0;AV GAL OSORIO DE PAIVA;;;;;Queda;Luz do Dia;;;Meio de Quadra;;;0;1;0;0;0;0;0;0;0;1;0;0;;
352921;6;11;2019;10:30;0;RD BR 116;;;8000;KM-08;Colisão;Luz do Dia;Bom;Seca;Meio de Quadra;;;0;1;1;1;0;0;0;0;1;0;0;0;-3,822018;-38,503269
352922;6;11;2019;07:20;0;RD BR 116;;;8000;KM-08;Colisão Traseira;Luz do Dia;Bom;Seca;Meio de Quadra;;;0;1;1;1;0;0;0;0;0;0;0;0;-3,822018;-38,503269
352909;6;11;2019;09:59;0;RUA DUARTE COELHO;;;840;;Queda;Luz do Dia;;;Meio de Quadra;;;0;1;0;0;0;0;0;0;0;1;0;0;-3,86383;-38,49004
352910;6;11;2019;10:28;0;TR CAP ARAGAO;;;;;Colisão;Luz do Dia;;;Meio de Quadra;;;0;1;0;1;0;0;0;0;0;1;0;0;;
352911;6;11;2019;12:02;0;RUA 7 DE SETEMBRO;;;297;;Colisão;Luz do Dia;;;Meio de Quadra;;;0;1;0;1;0;0;0;0;0;1;0;0;;
352912;6;11;2019;13:03;15801;RUA CEL ERNESTO MATOS;RUA PERGENTINO MAIA;;;;Colisão;Luz do Dia;;;Cruz;Pare;Comercial;0;1;0;1;0;0;0;0;0;1;0;0;-3,831264;-38,489871
352907;6;11;2019;09:44;0;RUA BERNARDO MANUEL;;;8287;;Colisão;Luz do Dia;;;Meio de Quadra;;;0;1;0;1;0;0;0;0;0;1;0;0;-3,792343758;-38,54947564
352915;6;11;2019;13:46;0;AV GODOFREDO MACIEL;;;2900;;Colisão;Luz do Dia;;;Meio de Quadra;;;0;1;0;1;0;0;0;0;0;1;0;0;-3,799374;-38,57081
352940;6;11;2019;16:52;5159;AV IMPERADOR;RUA GUILHERME ROCHA;;;;Colisão;Luz do Dia;;;Cruz;Semáforo;Comercial;0;1;0;0;0;0;0;0;0;0;0;0;-3,725081;-38,533829
352941;6;11;2019;17:39;0;RUA DIOGO CORREIA;;;480;;Atropelamento;Anoitecer;;;Meio de Quadra;;;0;1;0;1;0;0;0;0;0;0;0;0;-3,769902;-38,590623
352936;6;11;2019;16:21;14802;RUA CREUSA ROQUE;RUA PDE ARIMATEIA D42/71;;;;Atropelamento;Luz do Dia;;;;;;0;1;0;1;0;0;0;0;0;0;0;0;-3,800692;-38,582935
352937;6;11;2019;16:30;3769;AV DOMINGOS OLIMPIO;RUA SEN POMPEU;;;;Colisão;Luz do Dia;;;Cruz;Semáforo;Comercial;0;2;0;0;0;0;0;0;0;0;0;0;-3,736254;-38,532455
352938;6;11;2019;16:42;7674;AV JOSE BASTOS;RUA RIO GRANDE DO NORTE;;;;Colisão;Luz do Dia;;;;;;0;1;0;1;0;0;0;0;0;1;0;0;-3,760562;-38,564477
352933;6;11;2019;15:39;0;AV PERIMETRAL;;;;;Colisão;Luz do Dia;;;Meio de Quadra;;;0;1;0;0;0;0;0;0;0;0;0;0;;
352944;6;11;2019;17:58;0;AV PRS CASTELO BRANCO;;;;;Colisão;Anoitecer;;;Meio de Quadra;;;0;1;0;0;0;0;0;0;0;0;0;0;;
352950;6;11;2019;18:51;0;AV ABOLICAO;;;2933;;Colisão;;;;Meio de Quadra;;;0;1;0;1;0;0;0;0;0;1;0;0;-3,726977;-38,493236
352951;6;11;2019;19:19;19611;AV GODOFREDO MACIEL;RUA NEREU RAMOS;;;;Colisão;;;;T;Semáforo;Comercial;0;1;0;1;0;0;0;0;0;1;0;0;-3,78725;-38,566802
352954;6;11;2019;19:44;0;RUA CASTRO DE ALENCAR;;;1257;;Colisão;;;;Meio de Quadra;;;0;2;0;1;0;0;0;0;0;1;0;0;-3,782349478;-38,50502817
352145;6;11;2019;05:44;1542;AV RUI BARBOSA;RUA PDE VALDEVINO;;;;Colisão Transversal;Amanhecer;Bom;Seca;Cruz;Semáforo;Comercial;0;2;1;0;0;0;0;0;0;1;0;0;-3,740964;-38,511029
352146;6;11;2019;08:46;5352;AV DOM MANUEL;RUA PINTO MADEIRA;;;;Colisão Transversal;Luz do Dia;Bom;Seca;Cruz;Semáforo;Comercial;0;0;2;0;0;0;0;0;0;1;0;0;-3,730964;-38,521957
352147;6;11;2019;10:42;0;RUA ALM RUFINO;RUA SAO MATEUS D58;;;;Colisão Traseira;Luz do Dia;Bom;Seca;Meio de Quadra;Pare;Residencial;0;1;1;1;0;0;0;0;0;1;0;0;-3,7659023;-38,5392181
352148;6;11;2019;13:38;0;AV SANTOS DUMONT;;;5100;;Colisão Lateral;Luz do Dia;Bom;Seca;Meio de Quadra;Não Há Controle;Comercial;0;0;2;1;1;0;0;0;0;0;0;0;-3,740262625;-38,48588425
352149;6;11;2019;09:45;0;AV PRS CASTELO BRANCO;;;2900;;Colisão Lateral;Luz do Dia;Bom;Seca;Meio de Quadra;Não Há Controle;Residencial;0;0;4;1;0;0;0;0;0;1;0;0;-3,712196645;-38,55388477
352150;6;11;2019;16:00;0;AV CEL CARVALHO;;;1160;;Colisão Traseira;Luz do Dia;Bom;Seca;Meio de Quadra;Não Há Controle;Comercial;0;1;1;1;0;0;0;0;0;1;0;0;-3,712646682;-38,58912309
352151;6;11;2019;20:09;1273;AV SANTOS DUMONT;RUA DR JOSE LOURENCO;;0;;Colisão Frontal;Via Iluminada;Bom;Seca;Cruz;Pare;Comercial;0;0;2;0;0;0;0;0;0;1;0;0;-3,733299;-38,50738
352152;6;11;2019;19:36;0;RUA PORTO VELHO;;;659;;Colisão;Anoitecer;Bom;Seca;Meio de Quadra;Semáforo;Residencial;0;3;0;0;0;0;0;0;0;1;0;0;-3,7190894;-38,5575667
352076;6;11;2019;09:40;0;RD CE-040;;;;KM-06;Colisão;Luz do Dia;;Seca;Meio de Quadra;;;0;0;2;1;0;0;0;0;0;0;0;0;-3,809596804;-38,47873348
352962;6;11;2019;20:47;0;RUA SABINA AUGUSTA;;;78;;Queda;;;;Meio de Quadra;;;0;1;0;0;0;0;0;0;0;1;0;0;-3,796408931;-38,49224121
352963;6;11;2019;22:04;0;RUA ANTERO QUENTAL;;;;;Colisão;;;;Meio de Quadra;;;0;1;0;1;0;0;0;0;0;1;0;0;;
352966;6;11;2019;23:00;13143;RUA 41 CJ JOSE WALTER;AV D CJ JOSE WALTER;;;;Colisão;;;;Cruz;Pare;Comercial;0;1;0;0;0;0;0;0;0;0;0;0;-3,83094;-38,557966
352968;6;11;2019;23:36;0;AV GODOFREDO MACIEL;;;5696;;Atropelamento;;;;Meio de Quadra;;;0;1;0;1;0;0;0;0;0;0;0;0;-3,824611169;-38,57887758
353034;6;11;2019;11:30;0;RD BR 020;;;;KM 428;Colisão Lateral;Luz do Dia;Bom;Seca;Meio de Quadra;;;0;1;1;1;0;0;0;0;0;1;0;0;-3,869;-38,507
353035;7;11;2019;21:07;9207;RUA CAROLINO DE AQUINO;RUA CEL PERGENTINO FERREIRA;;;;Colisão;;;;Cruz;Pare;Residencial;0;1;0;1;0;0;0;0;0;1;0;0;-3,749034;-38,527323
353036;7;11;2019;21:11;0;RUA JOSE BELCHIOR;;;210;;Colisão;;;;Meio de Quadra;;;0;1;0;1;0;0;0;0;0;1;0;0;-3,82880612;-38,48385158
353037;7;11;2019;23:04;0;AV ALBERTO CRAVEIRO;;;;;Queda;;;;Meio de Quadra;;;0;1;0;0;0;0;0;0;0;1;0;0;;
353028;7;11;2019;18:52;17439;RUA RAUL CABRAL;RUA ANTONIO CORREIA LIMA;;;;Colisão;;;;Cruz;Pare;Residencial;0;1;0;1;0;0;0;0;0;1;0;0;-3,769172;-38,543989
353030;7;11;2019;19:19;0;AV CARAPINIMA;;;2608;;Queda;;;;Meio de Quadra;;;0;1;0;0;0;1;0;0;0;0;0;0;-3,7422295;-38,542542
353031;7;11;2019;19:46;0;AV SORIANO ALBUQUERQUE;;;522;;Queda;;;;Meio de Quadra;;;0;1;0;0;0;0;0;0;0;1;0;0;-3,7488655;-38,5156905
353033;7;11;2019;20:02;0;RUA GAL TERTULIANO POTYGUARA;;;768;;Colisão;;;;Meio de Quadra;;;0;2;0;0;0;0;0;0;0;0;0;0;-3,7442;-38,4972885
353039;7;11;2019;23:25;5500;RUA PDE VALDEVINO;RUA NOGUEIRA ACIOLI;;;;Colisão;;;;Cruz;Semáforo;Residencial;0;2;0;1;0;0;0;0;0;1;0;0;-3,738246;-38,51963
352989;7;11;2019;06:52;0;AV MR HULL;;;;;Colisão;Luz do Dia;;;Meio de Quadra;;;0;2;0;1;0;0;0;0;0;1;0;0;;
352990;7;11;2019;07:04;0;AV IMPERADOR;;;;;Colisão;Luz do Dia;;;Meio de Quadra;;;0;1;0;1;0;0;0;0;0;1;0;0;;
352991;7;11;2019;07:29;0;AV SANTOS DUMONT;;;6905;;Colisão;Luz do Dia;;;Meio de Quadra;;;0;2;0;0;0;0;0;0;0;1;0;0;-3,744896;-38,471503
352992;7;11;2019;07:59;0;AV ROGACIANO LEITE;;;340;;Colisão;Luz do Dia;;;Meio de Quadra;;;0;2;0;0;0;0;0;0;0;1;0;0;-3,761023;-38,493044
352993;7;11;2019;08:12;0;RUA EMILIO DE MENESES;;;1764;;Colisão;Luz do Dia;;;Meio de Quadra;;;0;1;0;1;0;0;0;0;0;1;0;0;-3,779049203;-38,59698851
352994;7;11;2019;09:07;0;RUA FRE ALEMAO;;;174;;Colisão;Luz do Dia;;;Meio de Quadra;;;0;1;0;0;0;0;0;0;0;1;0;0;-3,784768;-38,5437425
352995;7;11;2019;10:02;0;AV ALM HENRIQUE SABOIA;;;;;Atropelamento;Luz do Dia;;;Meio de Quadra;;;0;1;0;1;0;0;0;0;0;0;0;0;;
352996;7;11;2019;10:37;0;AV FRE CIRILO;;;;;Colisão;Luz do Dia;;;Meio de Quadra;;;0;1;0;1;0;0;0;0;0;1;0;0;;
353005;7;11;2019;14:40;0;RUA 305 CJ SAO CRISTOVAO;;;338;;Colisão;Luz do Dia;;;Meio de Quadra;;;0;1;0;1;0;0;0;0;0;1;0;0;-3,8414004;-38,5814894
353006;7;11;2019;16:45;0;RD BR 116;;;3800;KM-03;Colisão Lateral;Luz do Dia;Bom;Seca;Meio de Quadra;;;0;1;1;0;0;0;0;0;0;1;0;0;-3,779838;-38,514372
353007;7;11;2019;15:59;0;AV BEZERRA DE MENEZES;;;1811;;Queda;Luz do Dia;;;Meio de Quadra;;;0;1;0;0;0;1;0;0;0;0;0;0;-3,734912;-38,560822
353008;7;11;2019;15:59;0;AV PRS CASTELO BRANCO;;;3999;;Colisão;Luz do Dia;;;Meio de Quadra;;;0;1;0;1;0;0;0;0;0;1;0;0;-3,70816;-38,56887
353009;7;11;2019;16:36;0;AV PONTES VIEIRA;;;;;Atropelamento;Luz do Dia;;;Meio de Quadra;;;0;1;0;1;0;0;0;0;0;0;0;0;;
353010;7;11;2019;16:55;0;AV DR SILAS MUNGUBA;;;4410;;Colisão;Luz do Dia;;;Meio de Quadra;;;0;1;0;1;0;1;0;0;0;0;0;0;-3,792791875;-38,53533791
352998;7;11;2019;10:40;5405;RUA BAR RIO BRANCO;RUA GAL CLARINDO DE QUEIROZ;;;;Colisão;Luz do Dia;;;Cruz;Semáforo;Comercial;0;2;0;1;0;0;0;0;0;1;0;0;-3,732679;-38,530239
353000;7;11;2019;13:57;0;AV JOSE BASTOS;;;2496;;Colisão;Luz do Dia;;;Meio de Quadra;;;0;1;0;1;0;0;0;0;0;1;0;0;-3,7418893;-38,5422504
353003;7;11;2019;14:34;0;RUA 24 DE JUNHO;;;231;;Colisão;Luz do Dia;;;Meio de Quadra;;;0;1;0;1;0;0;0;0;0;1;0;0;-3,70808;-38,57234
353016;7;11;2019;17:24;0;AV OLAVO BILAC;;;1150;;Queda;Anoitecer;;;Meio de Quadra;;;0;1;0;0;0;0;0;0;0;1;0;0;-3,731033;-38,56467
353017;7;11;2019;17:42;0;RUA CATOLE;;;2340;;Colisão;Anoitecer;;;Meio de Quadra;;;0;2;0;0;0;0;0;0;0;0;0;0;-3,85014;-38,5212255
353019;7;11;2019;17:52;0;RUA JOSE TORRES;;;1145;;Colisão;Anoitecer;;;Meio de Quadra;;;0;1;0;0;0;0;0;0;0;1;0;0;-3,781024767;-38,60756307
353022;7;11;2019;18:07;0;AV DEP PAULINO ROCHA;;;2198;;Colisão;Anoitecer;;;Meio de Quadra;;;0;1;0;0;0;0;0;0;0;1;0;0;-3,810743;-38,516954
353023;7;11;2019;18:16;0;AV CASTELO DE CASTRO;;;550;;Colisão;Anoitecer;;;Meio de Quadra;;;0;1;0;0;0;0;0;0;0;0;0;0;-3,834231;-38,521601
353024;7;11;2019;18:40;0;RUA CON DE CASTRO;;;2618;;Atropelamento;;;;Meio de Quadra;;;0;1;0;1;0;0;0;0;0;0;0;0;-3,792522;-38,58038
352971;7;11;2019;03:08;0;RUA ARISTIDES LOBO;;;1364;;Queda;;;;Meio de Quadra;;;0;2;0;0;0;1;0;0;0;0;0;0;;
352093;7;11;2019;07:00;0;AV SEN CARLOS JEREISSATI (AEROPORTO);;;;KM 04;Colisão;Luz do Dia;;;Meio de Quadra;;;0;0;2;1;0;0;1;0;0;0;0;0;-3,77402;-38,550907
352153;7;11;2019;09:12;0;RUA DR WANDA SIDOU;;;22;;Colisão Lateral;Luz do Dia;Bom;Seca;Meio de Quadra;Não Há Controle;Residencial;0;1;2;1;0;0;0;0;0;0;0;0;-3,80855;-38,50645
352154;7;11;2019;14:18;15237;RUA JUAZEIRO DO NORTE;RUA VICENTE LEITE;;;;Colisão Traseira;Luz do Dia;Bom;Seca;Cruz;Pare;Residencial;0;0;2;1;0;0;0;0;0;0;0;0;-3,727618;-38,492376
352155;7;11;2019;16:23;6533;AV C CJ CEARA;RUA 309 CJ CEARA;;;;Colisão;Luz do Dia;Bom;Seca;T;Pare;Residencial;0;1;1;0;1;1;0;0;0;0;0;0;-3,774855;-38,615964
352156;7;11;2019;16:00;8125;RUA MANUEL DE QUEIROZ;RUA BENTO ALBUQUERQUE;;;;Colisão Transversal;Luz do Dia;Bom;Seca;Cruz;Pare;Comercial;1;0;1;0;1;1;0;0;0;0;0;0;-3,748837;-38,467393