COD_ACIDENTE;DIA;MES;ANO;HORA;INTERSECAO;LOG1;LOG2;LOG3;NUMERO;REFERENCIA;NATUREZA;ILUMINACAO;TEMPO;SUPERFICIEPISTA;TIPOCRUZAMENTO;CONTROLETRAFEGO;USOSOLO;MORTOS;FERIDOS;ILESOS;AUTOMOVEL;ONIBUS;BICICLETA;CAMINHAO;MICROONIBUS;CICLOMOTOR;MOTOCICLETA;TRACAOANIMAL;TREM;LATITUDE;LONGITUDE
352923;7;11;2019;08:20;0;RD BR 222;;;3300;KM-03;Colisão Lateral;Luz do Dia;Bom;Seca;Meio de Quadra;;;0;1;1;0;1;0;0;0;0;1;0;0;-3,740300848;-38,59594097
352945;8;11;2019;17:15;0;RD BR 116;;;11000;KM-11;Atropelamento;Anoitecer;;;Meio de Quadra;;;0;1;1;1;0;0;0;0;0;0;0;0;-3,84716;-38,497176
352947;8;11;2019;21:56;0;AV MR HULL;;;400;;Colisão Lateral;Via Iluminada;Bom;Seca;Meio de Quadra;;;0;1;1;1;0;0;0;0;0;1;0;0;-3,74115;-38,6006814
352823;8;11;2019;05:25;0;RUA ENG JOAO NOGUEIRA;;;1190;;Colisão;Amanhecer;;;Meio de Quadra;;;0;0;1;1;0;0;0;0;0;0;0;0;-3,71644;-38,56426
352826;8;11;2019;05:45;0;RUA DR JOSE ROBERTO SALES;;;;;Choque c/ Obstáculo Fixo;Amanhecer;;;Meio de Quadra;;;0;0;1;0;0;0;0;0;0;0;0;0;;
352827;8;11;2019;06:40;0;RD BR 116;;;8000;KM-08;Colisão Lateral;Luz do Dia;Bom;Seca;Meio de Quadra;;;1;0;3;1;0;0;0;0;0;1;0;0;-3,822018;-38,503269
352157;8;11;2019;01:05;5500;RUA PDE VALDEVINO;RUA NOGUEIRA ACIOLI;;;;Colisão Transversal;Via Iluminada;Bom;Seca;Cruz;Semáforo;Residencial;0;0;1;1;0;0;0;0;0;0;0;0;-3,738246;-38,51963
352158;8;11;2019;10:30;3030;RUA DIOGO CORREIA;RUA ANDRE REBOUCAS;;;;Colisão;Luz do Dia;Bom;Seca;Outros;Semáforo;Comercial;0;0;2;1;0;0;0;0;0;1;0;0;-3,774008;-38,588606
352159;8;11;2019;08:21;22109;RUA GUSTAVO BRAGA;RUA MON FURTADO;;;;Colisão Traseira;Luz do Dia;Bom;Seca;Cruz;Pare;Residencial;0;1;2;1;0;0;0;0;0;1;0;0;-3,750477;-38,553203
352160;8;11;2019;15:00;6776;RUA JOR NERTAM MACEDO;AV PDE ANTONIO TOMAS;;;;Colisão Transversal;Luz do Dia;Bom;Seca;Cruz;Pare;Escola;0;0;2;1;0;0;0;0;0;1;0;0;-3,747132;-38,47581
352161;8;11;2019;11:55;22849;RUA DR JUSTA ARAUJO D45;RUA CON LIMA SUCUPIRA;;;;Colisão Transversal;Luz do Dia;Bom;Seca;Cruz;Semáforo;Residencial;0;1;2;1;1;0;0;0;0;0;0;0;-3,778167;-38,550832
352162;8;11;2019;17:28;0;AV PRO GOMES DE MATOS;;;1412;;Colisão Lateral;Luz do Dia;Bom;Seca;Meio de Quadra;Não Há Controle;Comercial;0;0;2;1;1;0;0;0;0;0;0;0;-3,7643885;-38,548403
352163;8;11;2019;21:39;15226;AV ABOLICAO;AV ANTONIO JUSTA;;;;Colisão;Via Iluminada;Bom;Seca;Y;Semáforo;Comercial;0;1;1;0;0;0;0;0;0;0;0;0;-3,727331;-38,495474
351795;8;11;2019;19:30;15131;RUA BAR ARACATI;RUA DR ATUALPA BARBOSA LIMA (P. IRACEMA);;;;Colisão Transversal;Anoitecer;Bom;Seca;Cruz;Pare;Comercial;0;1;1;0;0;0;0;0;0;1;0;0;-3,723765;-38,509026
352091;8;11;2019;13:00;0;RD CE-040;;;;KM-03;Colisão;Luz do Dia;;;Meio de Quadra;;;0;0;2;1;0;0;1;0;0;0;0;0;-3,782614325;-38,4810839
351789;8;11;2019;17:30;25118;AV DEP PAULINO ROCHA;RUA DO CONTORNO UI 302;;;;Colisão Lateral;Via Iluminada;Bom;Seca;T;Pare;Comercial;0;1;1;1;0;0;0;0;0;1;0;0;-3,809737;-38,520975
353042;8;11;2019;03:08;0;RUA JOSE MONTEIRO;;;113;;Atropelamento;;;;Meio de Quadra;;;0;1;0;0;0;0;0;0;0;1;0;0;-3,8574856;-38,4976038
353044;8;11;2019;06:46;0;RD BR 116;;;;KM-06;Colisão;Luz do Dia;;;Meio de Quadra;;;0;1;0;1;0;0;0;0;0;1;0;0;-3,804691;-38,503053
353045;8;11;2019;06:53;0;AV WASHINGTON SOARES;;;2935;;Colisão;Luz do Dia;;;Meio de Quadra;;;0;1;0;1;0;0;0;0;0;1;0;0;-3,827088;-38,482017
353047;8;11;2019;07:19;0;RD BR 116;;;;;Colisão;Luz do Dia;;;Meio de Quadra;;;0;1;0;0;0;0;0;0;0;0;0;0;;
353048;8;11;2019;07:29;0;AV JOAO PESSOA;;;;;Colisão;Luz do Dia;;;Meio de Quadra;;;0;1;0;0;0;0;0;0;0;1;0;0;;
353049;8;11;2019;07:55;0;RUA FLORO BARTOLOMEU;;;249;;Atropelamento;Luz do Dia;;;Meio de Quadra;;;0;1;0;0;0;1;0;0;0;0;0;0;-3,760294115;-38,51206669
353050;8;11;2019;08:27;10420;RUA DAS PEDRINHAS;RUA LUIZ MARIANO;;;;Colisão;Luz do Dia;;;Cruz;Não Há Controle;Residencial;0;1;0;0;0;0;0;0;0;1;0;0;-3,761937;-38,600122
353051;8;11;2019;11:23;0;AV DUQ CAXIAS;;;2001;;Colisão;Luz do Dia;;;Meio de Quadra;;;0;1;0;1;0;0;0;0;0;1;0;0;-3,727791;-38,542245
353056;8;11;2019;11:33;0;AV PRUDENTE BRASIL;;;1064;;Colisão;Luz do Dia;;;Meio de Quadra;;;0;1;0;1;0;0;0;0;0;1;0;0;-3,811429908;-38,53503505
353057;8;11;2019;11:36;0;AV DUQ CAXIAS;;;;;Colisão;Luz do Dia;;;Meio de Quadra;;;0;1;0;1;0;0;0;0;0;1;0;0;;
353054;8;11;2019;11:24;0;AV JOR THOMAZ COELHO;;;2768;;Colisão;Luz do Dia;;;Meio de Quadra;;;0;1;0;1;0;0;0;0;0;1;0;0;-3,828477011;-38,51951983
353060;8;11;2019;11:44;0;AV JOR THOMAZ COELHO;;;;;Colisão;Luz do Dia;;;Meio de Quadra;;;0;1;0;1;0;0;0;0;0;1;0;0;;
353061;8;11;2019;11:47;0;RUA GENTILANDIA;;;423;;Colisão;Luz do Dia;;;Meio de Quadra;;;0;1;0;0;0;0;0;0;0;0;0;0;-3,84042;-38,50286
353065;8;11;2019;12:34;0;AV GAL OSORIO DE PAIVA;;;;;Atropelamento;Luz do Dia;;;Meio de Quadra;;;0;1;0;1;0;0;0;0;0;0;0;0;;
353066;8;11;2019;12:57;0;RUA TEN JAIME ANDRADE;;;449;;Colisão;Luz do Dia;;;Meio de Quadra;;;0;1;0;1;0;0;0;0;0;1;0;0;-3,771039476;-38,51276919
353063;8;11;2019;11:55;1599;RUA VICENTE LINHARES;AV SEN VIRGILIO TAVORA;;;;Colisão;Luz do Dia;;;Cruz;Semáforo;Comercial;0;1;0;1;0;0;0;0;0;1;0;0;-3,743743;-38,49537
353075;8;11;2019;13:08;0;RUA CAROA CJ A TAMANDARE;;;1314;;Colisão;Luz do Dia;;;Meio de Quadra;;;0;2;0;1;0;0;0;0;0;1;0;0;;
353076;8;11;2019;15:15;0;RUA EDGAR BORGES;;;14;;Queda;Luz do Dia;;;Meio de Quadra;;;0;1;0;0;0;0;0;0;0;1;0;0;-3,730008375;-38,52719409
353077;8;11;2019;16:51;0;RUA LUIS GUIMARAES;;;170;;Queda;Luz do Dia;;;Meio de Quadra;;;0;1;0;0;0;0;0;0;0;1;0;0;-3,723091838;-38,5691413
353078;8;11;2019;16:58;0;RUA OLIVEIRA SOBRINHO;;;907;;Colisão;Luz do Dia;;;Meio de Quadra;;;0;1;0;1;0;0;0;0;0;1;0;0;-3,781680364;-38,59021909
353079;8;11;2019;17:20;0;RD BR 116;;;;KM-11;Atropelamento;Anoitecer;;;Meio de Quadra;;;0;1;0;1;0;0;0;0;0;0;0;0;-3,84716;-38,497176
353080;8;11;2019;17:50;0;RUA MARIA GOMES DE SA;;;200;;Colisão;Anoitecer;;;Meio de Quadra;;;0;1;0;1;0;0;0;0;0;1;0;0;-3,8280663;-38,5767939
353081;8;11;2019;18:09;0;AV JOR JOAO RAMOS;;;1010;;Colisão;Anoitecer;;;Meio de Quadra;;;0;1;0;0;0;0;0;0;0;0;0;0;;
353083;8;11;2019;18:29;0;RUA ANTONIO MARTINS;;;351;;Colisão;Anoitecer;;;Meio de Quadra;;;0;1;1;0;0;0;0;0;0;0;0;0;-3,753186333;-38,55461333
353085;8;11;2019;18:35;0;AV HIS RAIMUNDO GIRAO;;;36;;Colisão;;;;Meio de Quadra;;;0;1;0;1;0;0;0;0;0;1;0;0;-3,7203265;-38,5154185
353086;8;11;2019;18:40;0;AV G CJ JOSE WALTER;;;320;;Queda;;;;Meio de Quadra;;;0;1;0;0;0;0;0;0;0;1;0;0;-3,838236538;-38,55757892
353087;8;11;2019;18:47;0;RUA TAUBATE;;;1913;;Colisão;;;;Meio de Quadra;;;0;1;0;1;0;1;0;0;0;0;0;0;-3,7781;-38,598
353089;8;11;2019;19:49;0;AV HIS RAIMUNDO GIRAO;;;;;Atropelamento;;;;Meio de Quadra;;;0;1;0;0;0;0;0;0;0;1;0;0;;
353090;8;11;2019;20:03;13416;RUA JOAO BRIGIDO;AV RUI BARBOSA;;;;Colisão;;;;Cruz;Semáforo;Residencial;0;1;0;1;0;0;0;0;0;1;0;0;-3,741995;-38,511369
353091;8;11;2019;20:03;0;AV HIS RAIMUNDO GIRAO;;;1002;;Atropelamento;;;;Meio de Quadra;;;0;1;0;1;0;0;0;0;0;0;0;0;-3,72299;-38,5065955
353092;8;11;2019;20:26;0;RUA ANTERO QUENTAL;;;1315;;Atropelamento;;;;Meio de Quadra;;;0;1;0;0;0;0;0;0;0;1;0;0;-3,85246;-38,49236
353094;8;11;2019;20:53;0;AV ROGACIANO LEITE;;;2352;;Atropelamento;;;;Meio de Quadra;;;0;1;0;0;0;0;0;0;0;1;0;0;-3,776097893;-38,50033532
353095;8;11;2019;21:38;12483;AV AUGUSTO DOS ANJOS;RUA DES GOMES PARENTE;;;;Queda;;;;Cruz;Pare;Comercial;0;1;0;0;0;0;0;0;0;1;0;0;-3,774371;-38,574025
353097;8;11;2019;23:37;7661;RUA PERNAMBUCO;RUA MINAS GERAIS;;;;Colisão;;;;;;;0;2;0;1;0;0;0;0;0;0;0;0;-3,760409;-38,56787
353106;9;11;2019;07:57;10848;RUA CUIABA;RUA JOAQUIM M DE MACEDO;;;;Queda;Luz do Dia;;;;;;0;1;0;0;0;1;0;0;0;0;0;0;-3,765322;-38,585819
353107;9;11;2019;08:23;0;RUA FRE CANECA;;;171;;Queda;Luz do Dia;;;Meio de Quadra;;;0;1;0;0;0;0;0;0;0;1;0;0;-3,7854874;-38,5093866
353109;9;11;2019;09:50;0;RUA PRO GOMES BRASIL;;;367;;Colisão;Luz do Dia;;;Meio de Quadra;;;0;1;0;0;0;0;0;0;0;0;0;0;-3,772609636;-38,56861709
353111;9;11;2019;10:00;0;AV DR SILAS MUNGUBA;;;;;Colisão;Luz do Dia;;;Meio de Quadra;;;0;1;0;0;0;0;0;0;0;0;0;0;;
353163;9;11;2019;10:02;0;RUA ALEXANDRE BARAUNA;;;868;;Queda;Luz do Dia;;;;;;0;1;0;0;0;0;0;0;0;1;0;0;-3,7486788;-38,5509399
353164;9;11;2019;11:06;12544;RUA ROSINHA SAMPAIO;RUA MISERICORDIA;;;;Colisão;Luz do Dia;;;Cruz;Pare;Residencial;0;1;1;1;0;0;0;0;0;1;0;0;-3,726901;-38,58578
353165;9;11;2019;11:47;15200;RUA DEP MOREIRA DA ROCHA;RUA CARLOS VASCONCELOS;;;;Colisão;Luz do Dia;;;Cruz;Semáforo;Residencial;0;1;1;1;0;0;0;0;0;1;0;0;-3,72656;-38,508724
353166;9;11;2019;12:28;0;AV ALANIS MARIA LAURINDO DE OLIVEIRA;;;;;Colisão;Luz do Dia;;;Meio de Quadra;;;0;1;1;0;0;0;0;0;0;1;0;0;;
353167;9;11;2019;13:44;0;RUA SEN POMPEU;;;1210;;Colisão;Luz do Dia;;;Meio de Quadra;;;0;1;1;1;0;0;0;0;0;1;0;0;-3,729153972;-38,53030119
353168;9;11;2019;14:26;0;RUA COSTA BARROS;;;;;Colisão;Luz do Dia;;;Meio de Quadra;;;0;1;1;1;0;0;0;0;0;1;0;0;;
353176;9;11;2019;15:48;0;AV EDILSON B SOARES;;;2010;;Colisão;Luz do Dia;;;Meio de Quadra;;;0;2;1;1;0;0;0;0;0;1;0;0;-3,788349846;-38,46773062
353177;9;11;2019;15:50;0;RUA CARLOS VASCONCELOS;;;;;Colisão;Luz do Dia;;;Meio de Quadra;;;0;1;1;1;0;0;0;0;0;1;0;0;;
353178;9;11;2019;16:43;0;AV BEZERRA DE MENEZES;;;;;Queda;Luz do Dia;;;Meio de Quadra;;;0;1;0;0;0;0;0;0;0;1;0;0;;
353179;9;11;2019;16:47;0;RUA CEARA;;;1049;;Queda;Luz do Dia;;;Meio de Quadra;;;0;1;0;0;0;0;0;0;0;1;0;0;-3,758427;-38,56656
353567;9;11;2019;17:19;0;RUA CEL MATOS DOURADO;;;269;;Colisão;Anoitecer;;;Meio de Quadra;;;0;1;1;0;0;0;0;0;0;0;0;0;-3,755523429;-38,58344443
354124;9;11;2019;00:18;0;AV L CJ JOSE WALTER;;;;;Choque c/ Obstáculo Fixo;;;;Meio de Quadra;;;0;1;0;1;0;0;0;0;0;0;0;0;;
354151;9;11;2019;15:12;0;RUA ZEZA PONTES;;;;;Atropelamento;Luz do Dia;;;Meio de Quadra;;;0;1;1;0;0;0;0;0;0;0;0;0;;
354168;9;11;2019;18:03;0;RUA 3 CJ PEQ MONDUBIM;;;160;;Atropelamento;Anoitecer;;;Meio de Quadra;;;0;1;1;0;0;0;0;0;0;1;0;0;-3,8244;-38,55935
354179;9;11;2019;21:42;0;RUA RIO ARAGUAIA;;;;;Colisão;;;;Meio de Quadra;;;0;1;1;0;0;0;0;0;0;0;0;0;;
354180;9;11;2019;22:09;14589;RUA MARVIN;AV EDILSON B SOARES;;;;Colisão;;;;Cruz;Pare;Comercial;0;1;1;1;0;0;0;0;0;1;0;0;-3,789736;-38,483855
354181;9;11;2019;22:51;0;AV ARY THIERS;;;;;Colisão;;;;Meio de Quadra;;;0;2;1;1;0;1;0;0;0;0;0;0;;
354182;9;11;2019;22:57;0;AV MON TABOSA;;;1108;;Colisão;;;;Meio de Quadra;;;0;2;1;1;0;0;0;0;0;1;0;0;-3,724226;-38,509158
354183;9;11;2019;23:11;0;AV AUGUSTO DOS ANJOS;;;2088;;Colisão;;;;Meio de Quadra;;;0;1;1;1;0;0;0;0;0;1;0;0;-3,7841915;-38,582654
354184;9;11;2019;23:49;0;RUA JOR ANTONIO P TAVARES;;;910;;Queda;;;;Meio de Quadra;;;0;1;0;0;0;0;0;0;0;1;0;0;-3,811857825;-38,51101996
354172;9;11;2019;19:30;10901;RUA CUIABA;RUA BRI TORRES;;;;Colisão;;;;Cruz;Não Há Controle;Residencial;0;2;0;0;0;0;0;0;0;1;0;0;-3,767861;-38,581065
354173;9;11;2019;20:30;0;RUA AZEVEDO BOLAO;;;1106;;Colisão;;;;Meio de Quadra;;;0;1;1;1;0;0;0;0;0;1;0;0;-3,735858;-38,553848
354174;9;11;2019;20:49;0;LOGRADOURO SEM NOME;;;;;Atropelamento;;;;Meio de Quadra;;;0;1;1;1;0;0;0;0;0;0;0;0;;
354175;9;11;2019;21:25;0;ROD CE 010;;;1462;;Atropelamento;;;;Meio de Quadra;;;0;2;0;0;0;0;0;0;0;1;0;0;;
351797;9;11;2019;15:30;0;AV ALANIS MARIA LAURINDO DE OLIVEIRA;;;570;;Colisão Lateral;Luz do Dia;Bom;Seca;Meio de Quadra;;Residencial;0;2;1;1;0;0;0;0;0;1;0;0;-3,7940117;-38,549436
351798;9;11;2019;18:00;7999;RUA CARLOS CAMARA;RUA ANA NERY;;;;Colisão Transversal;Anoitecer;Bom;Seca;Cruz;Pare;Residencial;0;0;2;1;0;0;0;0;0;0;0;0;-3,750211;-38,545958
352164;9;11;2019;10:00;0;AV DUQ CAXIAS;;;2237;;Colisão Transversal;Luz do Dia;Bom;Seca;;;;0;0;2;1;0;0;0;0;0;1;0;0;-3,727112;-38,544236
352165;9;11;2019;14:16;0;RUA ULISSES BEZERRA;;;1308;;Colisão Traseira;Luz do Dia;Bom;Seca;Meio de Quadra;Não Há Controle;Comercial;0;1;1;0;0;0;0;0;0;1;0;0;-3,7490626;-38,4976762
352166;9;11;2019;19:23;0;RUA PDE PEDRO DE ALENCAR;;;1662;;Colisão Traseira;Via Iluminada;Bom;Seca;Meio de Quadra;Não Há Controle;Comercial;0;1;1;1;0;0;0;0;0;1;0;0;-3,842664089;-38,49433795
352918;9;11;2019;07:37;0;RUA NICOLAU COELHO;;;328;;Colisão;Luz do Dia;;;Meio de Quadra;;;0;1;0;0;0;0;0;0;0;0;0;0;-3,812577422;-38,49224145
352916;9;11;2019;07:17;0;AV GODOFREDO MACIEL;;;1031;;Colisão;Luz do Dia;;;Meio de Quadra;;;0;1;1;1;0;0;0;0;0;1;0;0;-3,785164;-38,56640594
352914;9;11;2019;06:33;24177;AV ENG SANTANA JUNIOR;RUA PRO HERACLITO;;;;Queda;Luz do Dia;;;Cruz;Pare;Residencial;0;1;0;0;0;0;0;0;0;1;0;0;-3,731393;-38,479398
352797;9;11;2019;00:52;0;AV PRS CASTELO BRANCO;;;;;Queda;;;;Meio de Quadra;;;0;1;0;0;0;0;0;0;0;1;0;0;;
352798;9;11;2019;01:12;0;RUA OSCAR ARARIPE;;;1558;;Colisão;;;;Meio de Quadra;;;0;1;0;0;0;0;0;0;0;0;0;0;-3,789279;-38,605319
352799;9;11;2019;05:54;0;AV AUGUSTO DOS ANJOS;;;1479;;Colisão;Amanhecer;;;Meio de Quadra;;;0;1;0;0;0;0;0;0;0;0;0;0;-3,779430235;-38,57851188
352949;10;11;2019;17:15;0;RD BR 116;;;12000;KM-12;Colisão Lateral;Anoitecer;Bom;Seca;Meio de Quadra;;;0;2;1;1;0;0;0;0;0;1;0;0;-3,85574;-38,496066
352839;10;11;2019;23:45;0;RUA PROF. MANOEL LOURENCO;;;95;;Colisão;;;;Meio de Quadra;;;0;0;1;0;0;0;0;0;0;0;0;0;-3,8085872;-38,469443
352860;10;11;2019;08:30;19006;AV ENG ALBERTO SA;RUA JULIO AZEVEDO;;;;Acidente Pessoal;Luz do Dia;;;Cruz;Pare;Residencial;1;1;1;1;0;0;0;0;0;1;0;0;-3,734278;-38,476848
352167;10;11;2019;14:02;0;AV JOVITA FEITOSA;;;843;;Colisão Transversal;Luz do Dia;Bom;Seca;Meio de Quadra;Não Há Controle;Residencial;0;1;1;1;0;0;0;0;0;1;0;0;-3,73879392;-38,5512356
351811;10;11;2019;09:00;6825;RUA BENTO ALBUQUERQUE;RUA DR RIBAMAR LOBO;;;;Colisão Transversal;Luz do Dia;Bom;Seca;Cruz;Pare;Residencial;0;1;1;1;0;0;0;0;0;0;0;0;-3,748422;-38,468613
351822;10;11;2019;20:30;0;AV CEL CARVALHO;;;;;Colisão Transversal;Anoitecer;Bom;Seca;Meio de Quadra;Não Há Controle;Comercial;0;0;2;1;0;0;0;0;0;1;0;0;;
351818;10;11;2019;14:30;0;RUA BERNARDO MANUEL;;;11171;;Colisão Traseira;Luz do Dia;Bom;Seca;Meio de Quadra;Semáforo;Residencial;0;1;1;1;0;0;0;0;0;1;0;0;-3,817260773;-38,55706051
352087;10;11;2019;12:30;0;RD CE-040;;;;KM-04;Engavetamento;Luz do Dia;;;Meio de Quadra;;;0;0;3;1;0;0;0;0;0;0;0;0;-3,791613156;-38,48033084
352215;10;11;2019;15:45;0;AV SEN FERNANDES TAVORA;;;137;;Atropelamento;Luz do Dia;Bom;Seca;Meio de Quadra;Semáforo;Comercial;0;2;1;1;0;0;0;0;0;0;0;0;-3,766094;-38,574916
354185;10;11;2019;00:01;0;RUA CRISANTO M DA ROCHA;;;1519;;Queda;;;;Meio de Quadra;;;0;1;0;0;0;0;0;0;0;1;0;0;-3,801567;-38,481387
354186;10;11;2019;00:34;21505;RUA ARY LOBO D71;RUA EDUARDO ARAUJO;;;;Colisão;;;;;;;0;3;0;0;0;0;0;0;0;1;0;0;-3,817164;-38,598256
354187;10;11;2019;01:51;0;AV JOAO PESSOA;;;7015;;Queda;;;;Meio de Quadra;;;0;1;0;0;0;0;0;0;0;1;0;0;-3,771198;-38,561439
354188;10;11;2019;02:42;0;RUA 1123 CJ CEARA;;;711;;Queda;;;;Meio de Quadra;;;0;1;0;0;0;0;0;0;0;1;0;0;;
354253;10;11;2019;07:24;12533;AV CEL CARVALHO;RUA MARIA CLARA;;;;Colisão;Luz do Dia;;;Cruz;Não Há Controle;Comercial;0;1;1;0;0;0;0;0;0;0;0;0;-3,725382;-38,585818
354258;10;11;2019;09:49;0;RUA ARAQUEM;;;1234;;Atropelamento;Luz do Dia;;;Meio de Quadra;;;0;1;1;0;0;0;0;0;0;1;0;0;-3,71139;-38,58086
354260;10;11;2019;10:05;0;RUA NUNES FEIJO;;;1378;;Colisão;Luz do Dia;;;Meio de Quadra;;;0;1;1;0;0;0;0;0;0;0;0;0;-3,84639;-38,50685
354261;10;11;2019;10:39;0;AV SGT HERMINIO SAMPAIO;;;2667;;Colisão;Luz do Dia;;;Meio de Quadra;;;0;1;1;0;0;0;0;0;0;1;0;0;-3,7269946;-38,5640332
354256;10;11;2019;07:56;13532;RUA CARLOS VASCONCELOS;RUA PDE CHEVALIER;;;;Queda;Luz do Dia;;;Cruz;Pare;Residencial;0;1;0;0;0;1;0;0;0;0;0;0;-3,747797;-38,515636
354264;10;11;2019;11:47;0;AV ALBERTO CRAVEIRO;;;;;Colisão;Luz do Dia;;;Meio de Quadra;;;0;1;1;1;0;0;0;0;0;1;0;0;;
354266;10;11;2019;13:17;0;AV DIOGUINHO;;;3100;;Colisão;Luz do Dia;;;Meio de Quadra;;;0;1;1;1;0;0;0;0;0;1;0;0;-3,74398;-38,45206
354268;10;11;2019;13:39;2545;RUA FRANCISCO CALACA;RUA WALTER POMPEU;;;;Colisão;Luz do Dia;;;Cruz;Não Há Controle;Residencial;0;1;1;1;0;0;0;0;0;1;0;0;-3,710718;-38,571695
354269;10;11;2019;14:25;0;AV PRS CASTELO BRANCO;;;3879;;Queda;Luz do Dia;;;;;;0;1;0;0;0;1;0;0;0;0;0;0;-3,70884241;-38,56715156
354281;10;11;2019;16:30;0;AV MAE LISBOA;;;1311;;Queda;Luz do Dia;;;Meio de Quadra;;;0;1;0;0;0;1;0;0;0;0;0;0;-3,807922275;-38,46763265
354282;10;11;2019;16:46;0;AV G CJ JOSE WALTER;;;330;;Colisão;Luz do Dia;;;Meio de Quadra;;;0;1;1;1;0;0;0;0;0;1;0;0;-3,838208846;-38,55766431
354283;10;11;2019;17:22;0;AV GAL OSORIO DE PAIVA;;;;;Queda;Anoitecer;;;Meio de Quadra;;;0;1;0;0;0;0;0;0;0;1;0;0;;
354285;10;11;2019;17:54;0;AV JOR THOMAZ COELHO;;;2719;;Colisão;Anoitecer;;;Meio de Quadra;;;0;1;1;0;0;0;0;0;0;0;0;0;-3,828519897;-38,51985063
354290;10;11;2019;18:54;0;RUA CEL FABRICIANO;;;1086;;Colisão;;;;Meio de Quadra;;;0;1;1;0;0;0;0;0;0;0;0;0;-3,784555357;-38,60144696
354291;10;11;2019;19:46;0;RUA URUCUTUBA;;;1720;;Colisão;;;;Meio de Quadra;;;0;1;1;1;0;0;0;0;0;1;0;0;-3,79815;-38,6124599
354295;10;11;2019;20:18;0;AV SEN VIRGILIO TAVORA;;;1085;;Atropelamento;;;;Meio de Quadra;;;0;1;1;1;0;0;0;0;0;0;0;0;-3,736801;-38,49315
354296;10;11;2019;20:29;0;RUA FLORIANOPOLIS;;;933;;Colisão;;;;Meio de Quadra;;;0;1;1;0;0;0;0;0;0;1;0;0;-3,762064462;-38,58481423
354297;10;11;2019;21:35;0;RD BR 116;;;2000;KM-02;Queda;;;;Meio de Quadra;;;0;1;0;0;0;1;0;0;0;0;0;0;-3,771391;-38,51678
354298;10;11;2019;21:36;743;AV PASTEUR;AV PRS CASTELO BRANCO;;;;Queda;;;;Cruz;Semáforo;Comercial;0;1;0;0;0;1;0;0;0;0;0;0;-3,711181;-38,558856
354278;10;11;2019;14:55;1405;AV SANTOS DUMONT;RUA VICENTE LEITE;;;;Colisão;Luz do Dia;;;Cruz;Gesto;Comercial;0;1;1;1;0;0;0;0;0;1;0;0;-3,737173;-38,495419
354347;10;11;2019;21:45;25101;AV GAL OSORIO DE PAIVA;RUA ARARIPE PRATA;;;;Atropelamento;;;;;;;0;1;1;1;0;0;0;0;0;0;0;0;-3,776593;-38,568029
354348;10;11;2019;21:57;9891;RUA MANUEL GALDINO;RUA PAULINO ROCHA D32;;;;Colisão;;;;;;;0;1;1;0;0;0;0;0;0;1;0;0;-3,789652;-38,626254
354349;10;11;2019;22:21;0;AV DR SILAS MUNGUBA;;;650;;Queda;;;;Meio de Quadra;;;0;1;0;0;0;1;0;0;0;0;0;0;-3,7802445;-38,5593885
354350;10;11;2019;22:49;1425;AV BAR STUDART;RUA JOAO CARVALHO;;;;Colisão;;;;Cruz;Semáforo;Comercial;0;1;1;1;0;0;0;0;0;1;0;0;-3,737632;-38,507567
353002;10;11;2019;20:25;0;RD BR 020;;;;KM-07;Capotamento;Mal Iluminada;Nublado;Seca;Meio de Quadra;;;0;1;0;1;0;0;0;0;0;0;0;0;;
353026;11;11;2019;04:00;0;RD BR 020;;;;KM 428;Choque c/ Obstáculo Fixo;Mal Iluminada;Bom;Seca;Meio de Quadra;;;0;1;0;0;0;0;0;0;0;1;0;0;-3,869;-38,507
354351;11;11;2019;00:20;0;RUA CEARA;;;1176;;Colisão;;;;Meio de Quadra;;;0;1;1;1;0;0;0;0;0;1;0;0;-3,75773;-38,56766
354353;11;11;2019;01:12;0;RUA GUILHERME MENDES;;;1098;;Queda;;;;Meio de Quadra;;;0;1;0;0;0;0;0;0;0;1;0;0;-3,72048;-38,588804
354357;11;11;2019;02:41;0;AV AGUANAMBI;;;1980;VIADUTO-13 DE MAIO;Queda;;;;Meio de Quadra;;;0;1;0;0;0;0;0;0;0;1;0;0;-3,753844;-38,523451
354358;11;11;2019;05:38;0;AV CEL CARVALHO;;;88;;Queda;Amanhecer;;;Meio de Quadra;;;0;1;0;0;0;0;0;0;0;1;0;0;-3,703499;-38,591542
354359;11;11;2019;06:08;0;AV CASTELO DE CASTRO;;;657;;Colisão;Luz do Dia;;;Meio de Quadra;;;0;1;1;1;0;0;0;0;0;1;0;0;-3,817763;-38,52105
354361;11;11;2019;06:57;12348;RUA DIAMANTINA;RUA MINAS GERAIS;;;;Colisão;Luz do Dia;;;Cruz;Pare;Comercial;0;1;1;0;0;0;0;0;0;0;0;0;-3,763776;-38,569703
354362;11;11;2019;05:53;22069;AV ENG HUMBERTO MONTE;RUA PAPI JUNIOR;;;;Queda;Amanhecer;;;Cruz;Pare;Comercial;0;1;0;0;0;0;0;0;0;1;0;0;-3,752552;-38,557697