COD_ACIDENTE;DIA;MES;ANO;HORA;INTERSECAO;LOG1;LOG2;LOG3;NUMERO;REFERENCIA;NATUREZA;ILUMINACAO;TEMPO;SUPERFICIEPISTA;TIPOCRUZAMENTO;CONTROLETRAFEGO;USOSOLO;MORTOS;FERIDOS;ILESOS;AUTOMOVEL;ONIBUS;BICICLETA;CAMINHAO;MICROONIBUS;CICLOMOTOR;MOTOCICLETA;TRACAOANIMAL;TREM;LATITUDE;LONGITUDE
354363;11;11;2019;07:30;0;RUA CAP GUSTAVO;;;3270;;Queda;Luz do Dia;;;Meio de Quadra;;;0;1;0;0;0;1;0;0;0;0;0;0;-3,74982;-38,51775
354364;11;11;2019;07:47;0;RUA AUGUSTA BENEVIDES;;;962;;Colisão;Luz do Dia;;;Meio de Quadra;;;0;2;0;0;0;0;0;0;0;0;0;0;-3,8498485;-38,5022405
354365;11;11;2019;09:36;0;RUA BAR AQUIRAZ;;;1409;;Colisão;Luz do Dia;;;Meio de Quadra;;;0;1;1;1;0;0;0;0;0;1;0;0;-3,840289139;-38,48554028
354366;11;11;2019;09:36;0;RUA SAMAMBAIA;;;1658;;Colisão;Luz do Dia;;;Meio de Quadra;;;0;2;1;1;0;0;0;0;0;1;0;0;;
354367;11;11;2019;09:38;5295;RUA PEDRO I;AV IMPERADOR;;;;Colisão;Luz do Dia;;;Cruz;Semáforo;Comercial;0;1;1;0;0;0;0;0;0;1;0;0;-3,729161;-38,535035
354368;11;11;2019;10:49;0;RUA RAIMUNDO NERY;;;590;;Colisão;Luz do Dia;;;Meio de Quadra;;;0;1;1;0;0;0;0;0;0;0;0;0;-3,792435;-38,587155
354370;11;11;2019;11:14;932;AV BORGES DE MELO;TR SANTA CRUZ;;;;Colisão;Luz do Dia;;;;;;0;1;1;1;0;0;0;0;0;1;0;0;-3,761099;-38,522366
354371;11;11;2019;11:23;0;RUA JOAQUIM NABUCO;;;133;;Queda;Luz do Dia;;;Meio de Quadra;;;0;1;0;0;0;1;0;0;0;0;0;0;-3,72620045;-38,4983807
354372;11;11;2019;11:34;0;RUA 44 CJ HAB ST S JOAO;;;;;Queda;Luz do Dia;;;Meio de Quadra;;;0;1;0;0;0;1;0;0;0;0;0;0;;
354373;11;11;2019;12:00;0;AV PRS CASTELO BRANCO;;;2168;;Colisão;Luz do Dia;;;Meio de Quadra;;;0;1;1;1;0;0;0;0;0;1;0;0;-3,714159156;-38,54741893
354374;11;11;2019;12:31;0;RUA CON DE CASTRO;;;5506;;Colisão;Luz do Dia;;;Meio de Quadra;;;0;1;1;0;0;0;0;0;0;1;0;0;-3,812008;-38,597478
354375;11;11;2019;13:02;0;RUA BERNARDO MANUEL;;;9978;;Colisão;Luz do Dia;;;Meio de Quadra;;;0;1;1;0;0;0;0;0;0;0;0;0;-3,8072506;-38,5540861
354376;11;11;2019;13:41;0;AV FRANCISCO SA;;;;;Atropelamento;Luz do Dia;;;Meio de Quadra;;;0;2;0;0;0;0;0;0;0;1;0;0;;
354377;11;11;2019;14:26;0;RUA DR JOAO MOREIRA;;;441;;Colisão;Luz do Dia;;;Meio de Quadra;;;0;1;1;1;0;0;0;0;0;1;0;0;-3,722366364;-38,528374
354378;11;11;2019;15:09;0;AV GAL OSORIO DE PAIVA;;;4671;;Atropelamento;Luz do Dia;;;Meio de Quadra;;;0;1;1;0;0;0;0;0;0;0;0;0;-3,800020727;-38,59750918
354379;11;11;2019;15:50;1716;AV GAL MURILO BORGES;AV GOV RAUL BARBOSA;;;;Colisão;Luz do Dia;;;;;;0;1;1;1;0;1;0;0;0;0;0;0;-3,763977;-38,508802
354380;11;11;2019;16:17;10489;RUA B CJ RESD GUAJERU;RUA E CJ RESD GUAJERU;;;;Colisão;Luz do Dia;;;;;;0;2;1;1;0;0;0;0;0;1;0;0;-3,834876;-38,47751
354381;11;11;2019;16:42;0;AV ALBERTO CRAVEIRO;;;2601;;Queda;Luz do Dia;;;Meio de Quadra;;;0;1;0;0;0;0;0;0;0;1;0;0;-3,802995708;-38,52137684
354382;11;11;2019;16:46;7660;RUA MINAS GERAIS;RUA PARAIBA;;;;Colisão;Luz do Dia;;;Cruz;Pare;Comercial;0;2;0;0;0;0;0;0;0;1;0;0;-3,759658;-38,567385
354383;11;11;2019;17:17;0;AV ABOLICAO;;;2111;;Atropelamento;Anoitecer;;;Meio de Quadra;;;0;1;1;0;0;0;0;0;0;1;0;0;-3,726066;-38,499409
354384;11;11;2019;18:10;0;RUA JUVENAL GALENO;;;545;;Colisão;Anoitecer;;;Meio de Quadra;;;0;1;1;0;0;0;0;0;0;0;0;0;-3,73824;-38,54004
354385;11;11;2019;18:13;0;AV DOS EXPEDICIONARIOS;;;;;Atropelamento;Anoitecer;;;Meio de Quadra;;;0;1;1;0;0;0;0;0;0;1;0;0;;
354386;11;11;2019;18:19;0;RD BR 116;;;4000;KM-04;Colisão;Anoitecer;;;Meio de Quadra;;;0;1;1;0;0;0;0;0;0;1;0;0;-3,802354;-38,503869
354387;11;11;2019;19:47;0;AV DIOGUINHO;;;6211;;Atropelamento;;;;Meio de Quadra;;;0;1;1;0;0;0;0;0;0;1;0;0;-3,768019475;-38,44005727
354388;11;11;2019;19:52;0;AV EDUARDO BRIGIDO MONTEIRO;;;;;Colisão;;;;Meio de Quadra;;;0;1;1;1;0;0;0;0;0;1;0;0;;
354389;11;11;2019;19:56;291;RUA GAL PIRAGIBE;RUA NELSON MACHADO;;;;Colisão;;;;Cruz;Pare;Residencial;0;1;1;1;0;0;0;0;0;1;0;0;-3,742871;-38,55691
354390;11;11;2019;20:17;0;AV DUQ CAXIAS;;;2235;;Colisão;;;;Meio de Quadra;;;0;1;1;0;0;0;0;0;0;0;0;0;-3,727134222;-38,54417178
354391;11;11;2019;21:55;0;AV JOSE TAVARES;;;1044;;Queda;;;;Meio de Quadra;;;0;1;0;0;0;0;0;0;0;1;0;0;-3,8098972;-38,6000036
354392;11;11;2019;22:45;5504;RUA PDE VALDEVINO;RUA JOAO CORDEIRO;;;;Colisão;;;;Cruz;Semáforo;Comercial;0;2;1;1;0;0;0;0;0;1;0;0;-3,738896;-38,51755
351830;11;11;2019;02:52;21969;RUA DR PIO SARAIVA;AV MR HULL;;;;Capotamento;Anoitecer;Bom;Seca;T;Não Há Controle;Residencial;0;2;0;1;0;0;0;0;0;0;0;0;-3,74074;-38,599041
351835;11;11;2019;18:47;0;RUA VIA LACTEA;;;355;;Colisão Transversal;Via Iluminada;Bom;Seca;Meio de Quadra;Gesto;Comercial;1;0;1;0;1;1;0;0;0;0;0;0;-3,76342;-38,529688
352168;11;11;2019;01:14;7619;RUA RIO GRANDE DO SUL;RUA SERGIPE;;;;Colisão Lateral;Via Iluminada;Bom;Seca;Cruz;Não Há Controle;Residencial;0;1;1;1;0;0;0;0;0;1;0;0;-3,76145;-38,569452
352170;11;11;2019;06:48;0;RUA WALDIR DIOGO;;;531;;Colisão Traseira;Luz do Dia;Bom;Seca;Meio de Quadra;Não Há Controle;Residencial;0;0;3;1;1;0;0;0;0;0;0;0;-3,806073051;-38,5827171
352171;11;11;2019;07:23;3210;RUA TAMIARANA;RUA OLIVEIRA SOBRINHO;;;;Colisão Transversal;Luz do Dia;Bom;Seca;Cruz;Não Há Controle;Residencial;0;0;2;1;0;0;0;0;0;0;0;0;-3,781202;-38,591939
352172;11;11;2019;06:18;11257;RUA PAURILO BARROSO;RUA MARIA J. PESSOA;;;;Colisão Lateral;Luz do Dia;Bom;Seca;Cruz;Pare;Comercial;0;1;1;0;0;0;0;0;0;1;0;0;-3,801355;-38,56981
352173;11;11;2019;09:00;0;AV JOR THOMAZ COELHO;RUA AUGUSTO CALHEIROS;;287;;Colisão Traseira;Luz do Dia;Bom;Seca;Meio de Quadra;Não Há Controle;Residencial;0;1;1;0;1;0;0;0;0;1;0;0;-3,828301;-38,513739
352174;11;11;2019;07:05;3175;RUA VITAL BRASIL;RUA LUZIA MOREIRA;;;;Colisão Transversal;Luz do Dia;Bom;Seca;Cruz;Semáforo;Residencial;0;1;1;1;0;0;0;0;0;0;0;0;-3,77942;-38,593017
352175;11;11;2019;17:00;0;AV BERNARDO MANUEL;;;10468;;Colisão Lateral;Luz do Dia;Bom;Seca;Meio de Quadra;Não Há Controle;Comercial;0;1;1;1;0;0;0;0;0;1;0;0;-3,81086;-38,55518
352863;11;11;2019;15:20;0;RD BR 116;;;;VIADUTO AEROLANDIA;Atropelamento;Luz do Dia;;;Meio de Quadra;;;1;0;1;1;0;0;0;0;0;0;0;0;-3,770905;-38,51689
352841;11;11;2019;17:29;0;RUA BERNARDO MANUEL;;;10474;;Colisão;Anoitecer;;;Meio de Quadra;;;0;1;1;1;0;0;0;0;0;1;0;0;-3,810304186;-38,554944
352842;12;11;2019;09:15;0;RD DR MENDEL STEINBRUCH;;;7087;;Tombamento;Luz do Dia;;;Meio de Quadra;;;0;0;1;0;0;0;1;0;0;0;0;0;;
352843;12;11;2019;16:27;9168;AV LUCIANO CARNEIRO;AV BORGES DE MELO;;;;Colisão;Luz do Dia;;;Cruz;Semáforo;Comercial;0;1;1;1;0;0;0;0;0;1;0;0;-3,756465;-38,534097
352177;12;11;2019;08:30;0;RUA DR JOAQUIM BENTO;;;500;;Colisão Traseira;Luz do Dia;Bom;Seca;Meio de Quadra;Não Há Controle;Comercial;0;1;1;0;0;1;0;0;0;1;0;0;-3,828319032;-38,48711158
352178;12;11;2019;11:43;0;AV PRS CASTELO BRANCO;;;2227;;Colisão Traseira;Luz do Dia;Bom;Seca;Meio de Quadra;Não Há Controle;Comercial;0;0;3;1;0;0;0;0;0;0;0;0;-3,713935312;-38,54793519
352179;12;11;2019;15:40;12926;AV ANTONIO SALES;AV VIS RIO BRANCO;;0;;Colisão Transversal;Luz do Dia;Bom;Seca;Outros;Semáforo;Comercial;0;0;2;1;1;0;0;0;0;0;0;0;-3,738574;-38,523589
352180;12;11;2019;15:40;15190;AV ABOLICAO;RUA JOAQUIM NABUCO;;;;Acidente Pessoal;Luz do Dia;Bom;Seca;Cruz;Semáforo;Residencial;0;2;1;1;0;1;0;0;0;0;0;0;-3,726373;-38,498436
352181;12;11;2019;17:56;0;AV GAL OSORIO DE PAIVA;;;5940;;Atropelamento;Anoitecer;Bom;Seca;Meio de Quadra;Não Há Controle;Comercial;0;2;1;1;0;0;0;0;0;0;0;0;-3,808451;-38,60566
352182;12;11;2019;20:00;0;AV PRS COSTA E SILVA;;;0;;Colisão Traseira;Mal Iluminada;Bom;Seca;Meio de Quadra;Não Há Controle;Comercial;0;1;1;1;0;0;0;0;0;1;0;0;;
352183;12;11;2019;15:11;0;AV BORGES DE MELO;;;1711;;Colisão Traseira;Luz do Dia;Bom;Seca;Meio de Quadra;Semáforo;Comercial;0;1;1;1;0;0;0;0;0;1;0;0;-3,756465;-38,534097
352184;12;11;2019;19:40;12814;RUA ALBERTO MAGNO;RUA DELMIRO FARIAS;;0;;Colisão Transversal;Via Iluminada;Bom;Seca;Cruz;Pare;Comercial;0;1;1;1;0;0;0;0;0;1;0;0;-3,755375;-38,541633
352081;12;11;2019;15:18;0;AV SEN CARLOS JEREISSATI (AEROPORTO);;;;KM 02;Colisão;Luz do Dia;;;Meio de Quadra;;;0;1;1;1;0;0;0;0;0;1;0;0;-3,782194;-38,535424
352084;12;11;2019;18:15;0;RD CE-040;;;2765;KM-12;Colisão;Anoitecer;;;Meio de Quadra;;;0;1;2;1;0;0;1;0;0;0;0;0;-3,857690949;-38,47204254
352078;12;11;2019;06:50;0;AV MIN JOSE AMERICO;;;;;Engavetamento;Luz do Dia;;Seca;Meio de Quadra;;;0;2;2;1;0;0;0;0;0;0;0;0;;
352086;12;11;2019;22:20;0;AV SEN CARLOS JEREISSATI (AEROPORTO);;;;KM 01;Atropelamento;;;;Meio de Quadra;;;0;1;1;0;0;0;0;0;0;1;0;0;-3,783753;-38,52685
354416;12;11;2019;00:51;0;RUA BAR RIO BRANCO;;;1816;;Colisão;;;;Meio de Quadra;;;0;1;1;1;0;0;0;0;0;1;0;0;-3,734707;-38,530891
354417;12;11;2019;05:34;15322;RUA BARBOSA DE FREITAS;RUA CANUTO DE AGUIAR;;;;Colisão;Amanhecer;;;Cruz;Pare;Residencial;0;1;1;1;0;0;0;0;0;1;0;0;-3,730624;-38,495453
354418;12;11;2019;05:38;0;AV SEN CARLOS JEREISSATI (AEROPORTO);;;;;Queda;Amanhecer;;;Meio de Quadra;;;0;1;0;0;0;0;0;0;0;1;0;0;;
354421;12;11;2019;05:53;0;AV ENG HUMBERTO MONTE;;;225;;Queda;Amanhecer;;;Meio de Quadra;;;0;1;0;0;0;0;0;0;0;1;0;0;-3,7460289;-38,5631668
354423;12;11;2019;06:41;0;AV WASHINGTON SOARES;;;6055;CASA JOSE DE ALENCAR;Colisão;Luz do Dia;;;Meio de Quadra;;;0;1;1;1;0;0;0;0;0;1;0;0;-3,812163;-38,479154
354426;12;11;2019;06:41;0;RUA CARLOS JUACABA;;;826;;Colisão;Luz do Dia;;;Meio de Quadra;;;0;1;1;1;0;0;0;0;0;1;0;0;-3,7908459;-38,5617232
354428;12;11;2019;06:57;0;RUA PRO VIRGILIO DE MORAIS;;;655;;Queda;Luz do Dia;;;Meio de Quadra;;;0;1;0;0;0;0;0;0;0;1;0;0;-3,754164;-38,597214
354430;12;11;2019;07:01;0;AV B CJ HAB ST SAO JOAO;;;836;;Colisão;Luz do Dia;;;Meio de Quadra;;;0;1;1;1;0;0;0;0;0;1;0;0;-3,7687482;-38,6075712
354432;12;11;2019;07:11;0;RD QUARTO ANEL VIARIO;;;2000;;Queda;Luz do Dia;;;Meio de Quadra;;;0;1;0;0;0;0;0;0;0;1;0;0;;
354449;12;11;2019;07:37;10730;AV SEN FERNANDES TAVORA;RUA VITORIA (AV. PERIMETRAL);;;;Colisão;Luz do Dia;;;Cruz;Semáforo;Comercial;0;1;1;0;0;0;0;0;0;1;0;0;-3,760193;-38,585903
354463;12;11;2019;10:40;0;AV CASTELO DE CASTRO;;;286;;Colisão;Luz do Dia;;;Meio de Quadra;;;0;1;1;1;0;0;0;0;0;1;0;0;-3,8310835;-38,5214985
354464;12;11;2019;11:15;0;RUA BAR RIO BRANCO;;;820;;Atropelamento;Luz do Dia;;;Meio de Quadra;;;0;1;1;0;0;0;0;0;0;1;0;0;-3,725638889;-38,52800011
354465;12;11;2019;11:59;0;RUA PEDRO PEREIRA;;;881;;Colisão;Luz do Dia;;;Meio de Quadra;;;0;1;1;1;0;0;0;0;0;1;0;0;-3,728176563;-38,53317556
354493;12;11;2019;16:10;0;AV ANTONIO SALES;;;2377;;Colisão;Luz do Dia;;;Meio de Quadra;;;0;1;1;1;0;0;0;0;0;1;0;0;-3,745429;-38,50242
354500;12;11;2019;16:56;0;RUA BAR CANINDE;;;1367;;Colisão;Luz do Dia;;;Meio de Quadra;;;0;1;1;0;0;0;0;0;0;1;0;0;-3,7693551;-38,5570464
354501;12;11;2019;18:05;0;RUA VALPARAISO;;;155;;Colisão;Anoitecer;;;Meio de Quadra;;;0;1;1;1;0;0;0;0;0;1;0;0;-3,84622;-38,5220902
354502;12;11;2019;18:49;0;RUA CHUI;;;108;;Colisão;;;;Meio de Quadra;;;0;1;1;1;0;0;0;0;0;1;0;0;-3,7686543;-38,58915942
354503;12;11;2019;18:54;0;RUA CEL MOZART GONDIM;;;1224;;Colisão;;;;Meio de Quadra;;;0;1;1;0;0;0;0;0;0;0;0;0;-3,730108;-38,560214
354504;12;11;2019;19:53;25254;RUA CRISANTO M DA ROCHA;RUA JOAQUIM DE FIGUEIREDO FILHO;;;;Colisão;;;;Rotatória;Dê Preferência;Residencial;0;1;1;1;0;0;0;0;0;1;0;0;;
354491;12;11;2019;13:02;0;RUA RAUL CABRAL;;;580;;Colisão;Luz do Dia;;;Meio de Quadra;;;0;1;1;0;0;0;0;0;0;0;0;0;-3,769361;-38,543307
353020;12;11;2019;07:10;0;RD BR 116;;;10000;KM-10;Atropelamento;Luz do Dia;;;Meio de Quadra;;;0;1;1;0;0;0;0;0;1;0;0;0;-3,834435;-38,503373
353011;12;11;2019;08:50;0;RD BR 116;;;1600;KM-01;Colisão Traseira;Luz do Dia;Bom;Seca;Meio de Quadra;;;0;0;2;1;0;0;0;0;0;1;0;0;-3,762554;-38,518702
353043;13;11;2019;18:10;0;RD BR 116;;;3000;KM-03;Engavetamento;Anoitecer;Bom;Seca;Meio de Quadra;;;0;0;3;1;0;0;0;0;0;0;0;0;-3,779838;-38,514372
353032;13;11;2019;15:20;0;RD BR 116;;;1000;KM-01;Choque c/ Obstáculo Fixo;Luz do Dia;Bom;Seca;Meio de Quadra;;;0;1;0;0;0;0;1;0;0;0;0;0;-3,762554;-38,518702
352194;13;11;2019;20:45;7884;AV ANTONIO SALES;RUA VICENTE LEITE;;;;Colisão Transversal;Via Iluminada;Bom;Seca;Cruz;Pare;Comercial;0;1;1;1;0;0;0;0;0;1;0;0;-3,746656;-38,498468
352094;13;11;2019;08:30;0;RD CE-040;;;;KM-08;Colisão;Luz do Dia;;;Meio de Quadra;;;0;0;2;1;0;0;0;0;0;0;0;0;-3,825515822;-38,48153832
352185;13;11;2019;08:58;3860;AV DA UNIVERSIDADE;AV 13 DE MAIO;;;;Colisão;Luz do Dia;Bom;Seca;Cruz;Semáforo;Comercial;0;1;1;1;0;0;0;0;0;1;0;0;-3,740962;-38,539107
352186;13;11;2019;09:14;0;AV GAL OSORIO DE PAIVA;;;2821;;Colisão Lateral;Luz do Dia;Bom;Seca;Meio de Quadra;Não Há Controle;Comercial;0;0;1;1;0;0;0;0;0;0;0;0;-3,788246;-38,585999
352187;13;11;2019;11:23;0;AV GAL OSORIO DE PAIVA;;;4388;;Colisão Traseira;Luz do Dia;Bom;Seca;Meio de Quadra;Não Há Controle;Comercial;0;0;2;1;0;0;0;0;0;1;0;0;-3,796709;-38,594321
352188;13;11;2019;16:57;5249;RUA COSTA BARROS;RUA RODRIGUES JUNIOR;;0;;Colisão Transversal;Luz do Dia;Bom;Seca;Cruz;Pare;Comercial;0;0;2;0;0;0;0;0;0;0;0;0;-3,727742;-38,519688
352189;13;11;2019;21:40;1289;AV SANTOS DUMONT;RUA SILVA PAULET;;0;;Colisão Transversal;Via Iluminada;Bom;Seca;Cruz;Pare;Comercial;0;1;1;1;0;0;0;0;0;1;0;0;-3,733985;-38,505258
351837;13;11;2019;09:00;0;AV PDE ANTONIO TOMAS;;;333;;Atropelamento;Luz do Dia;Bom;Seca;;;;0;2;0;0;0;0;0;0;0;1;0;0;-3,7392753;-38,5024624
351838;13;11;2019;07:05;7855;RUA CEL JUCA;RUA HENRIQUETA GALENO;;;;Colisão Transversal;Luz do Dia;Bom;Seca;Cruz;Pare;Comercial;0;1;1;1;0;0;0;0;0;1;0;0;-3,746989;-38,494284
352846;13;11;2019;17:10;0;RUA BERNARDO MANUEL;;;;;Colisão;Anoitecer;;;Meio de Quadra;;;0;0;1;1;0;0;0;0;0;0;0;0;;
352639;13;11;2019;17:09;0;AV OLIVEIRA PAIVA;;;;;Queda;Anoitecer;;;Meio de Quadra;;;0;1;0;0;0;0;0;0;0;1;0;0;;
352640;13;11;2019;17:32;7949;RUA ISAC AMARAL;RUA OSVALDO CRUZ (ALDEOTA);;;;Colisão;Anoitecer;;;Cruz;Pare;Residencial;0;1;0;1;0;0;0;0;0;1;0;0;-3,752487;-38,505756
352641;13;11;2019;17:39;0;AV CEL CARVALHO;;;3621;;Colisão;Anoitecer;;;Meio de Quadra;;;0;1;0;1;0;0;0;0;0;1;0;0;-3,7036134;-38,591503
352642;13;11;2019;17:41;0;RUA MARIINHA HOLANDA;;;;;Colisão;Anoitecer;;;Meio de Quadra;;;0;1;0;1;0;0;0;0;0;1;0;0;;
352643;13;11;2019;18:18;0;AV DR SILAS MUNGUBA;;;1301;;Colisão;Anoitecer;;;Meio de Quadra;;;0;1;0;0;0;0;0;0;0;1;0;0;-3,783036;-38,554545
352644;13;11;2019;18:23;0;AV FRANCISCO SA;;;4108;;Colisão;Anoitecer;;;Meio de Quadra;;;0;1;0;1;0;0;0;0;0;1;0;0;-3,715914766;-38,56178397
352645;13;11;2019;18:30;0;RUA HOLANDA;;;1979;;Colisão;Anoitecer;;;Meio de Quadra;;;0;1;0;1;0;0;0;0;0;1;0;0;-3,7479685;-38,506854
352646;13;11;2019;18:34;0;RUA CON DE CASTRO;;;4328;;Colisão;;;;Meio de Quadra;;;0;2;0;1;0;0;0;0;0;1;0;0;-3,803628205;-38,59071146
352647;13;11;2019;18:57;0;RUA BOA VISTA;;;411;;Atropelamento;;;;Meio de Quadra;;;0;1;0;1;0;0;0;0;0;0;0;0;-3,770098;-38,58408
352648;13;11;2019;19:41;0;AV ROGACIANO LEITE;;;2214;;Queda;;;;Meio de Quadra;;;0;1;0;0;0;0;0;0;0;1;0;0;-3,774265709;-38,49941487
352671;13;11;2019;20:22;0;RUA CASTRO E SILVA;;;;;Queda;;;;Meio de Quadra;;;0;1;0;0;0;0;0;0;0;1;0;0;;
352685;13;11;2019;20:42;0;AV DUQ CAXIAS;;;2037;;Queda;;;;Meio de Quadra;;;0;1;0;0;0;1;0;0;0;0;0;0;-3,727637;-38,542701
352686;13;11;2019;23:09;0;RUA TULIPA;;;596;;Queda;;;;Meio de Quadra;;;0;1;0;0;0;1;0;0;0;0;0;0;-3,715610105;-38,57996026
352656;13;11;2019;19:49;0;AV C CJ JOSE WALTER;;;230;;Colisão;;;;Meio de Quadra;;;0;1;0;1;0;0;0;0;0;1;0;0;-3,829237;-38,55405
352636;13;11;2019;16:58;0;RUA VER ZELIA C DE SOUZA;;;;;Colisão;Luz do Dia;;;Meio de Quadra;;;0;1;0;0;0;0;0;0;0;0;0;0;;
352632;13;11;2019;16:34;0;AV DEP PAULINO ROCHA;;;1380;;Colisão;Luz do Dia;;;Meio de Quadra;;;0;2;0;1;0;0;0;0;0;1;0;0;-3,81063281;-38,50965682
352565;13;11;2019;12:15;0;AV ENG LUIS VIEIRA;;;55;;Queda;Luz do Dia;;;Meio de Quadra;;;0;1;0;0;0;0;0;0;0;1;0;0;-3,75343;-38,51952
352625;13;11;2019;15:59;19611;AV GODOFREDO MACIEL;RUA NEREU RAMOS;;;;Colisão;Luz do Dia;;;T;Semáforo;Comercial;0;1;0;1;0;0;0;0;0;1;0;0;-3,78725;-38,566802
352599;13;11;2019;15:03;0;AV DOM MANUEL;;;798;;Queda;Luz do Dia;;;Meio de Quadra;;;0;1;0;0;0;0;0;0;0;1;0;0;-3,730964;-38,521957
352579;13;11;2019;14:14;14185;RUA NELSON COELHO;RUA 2 CJ RESD CURIO;;;;Colisão;Luz do Dia;;;;;;0;1;0;0;0;0;0;0;0;0;0;0;-3,830788;-38,462492
352569;13;11;2019;13:15;0;AV FRANCISCO SA;;;8875;;Colisão;Luz do Dia;;;Meio de Quadra;;;0;1;0;1;0;0;0;0;0;1;0;0;;
352550;13;11;2019;12:12;0;AV OLIVEIRA PAIVA;;;1952;;Atropelamento;Luz do Dia;;;Meio de Quadra;;;0;1;0;0;0;0;0;0;0;1;0;0;-3,7961242;-38,4887888
352551;13;11;2019;12:15;0;AV BENJAMIM BRASIL;;;260;;Colisão;Luz do Dia;;;Meio de Quadra;;;0;1;0;0;0;0;1;0;0;1;0;0;-3,803593286;-38,57096
352547;13;11;2019;09:57;0;AV GAL OSORIO DE PAIVA;;;4337;;Queda;Luz do Dia;;;Meio de Quadra;;;0;1;0;0;0;0;0;0;0;1;0;0;-3,79650985;-38,59412465
352544;13;11;2019;09:34;0;AV TRISTAO GONCALVES;;;1143;;Colisão;Luz do Dia;;;Meio de Quadra;;;0;1;0;1;0;0;0;0;0;1;0;0;-3,731731118;-38,53459759
352534;13;11;2019;08:39;0;RD BR 116;;;6000;KM-06;Colisão Lateral;Luz do Dia;Bom;Seca;Meio de Quadra;;;0;3;3;1;0;0;0;0;0;1;0;0;-3,804691;-38,503053
352542;13;11;2019;08:46;0;RUA FIS VIEIRA;;;3393;;Colisão;Luz do Dia;;;Meio de Quadra;;;0;0;1;1;0;0;0;0;0;1;0;0;-3,750884083;-38,51642313
352531;13;11;2019;08:17;3860;AV 13 DE MAIO;AV DA UNIVERSIDADE;;;;Atropelamento;Luz do Dia;;;Cruz;Semáforo;Comercial;0;1;0;0;0;0;0;0;0;1;0;0;-3,740962;-38,539107
352462;13;11;2019;06:23;0;AV SGT HERMINIO SAMPAIO;;;;;Colisão;Luz do Dia;;;Meio de Quadra;;;0;1;0;0;0;0;0;0;0;0;0;0;;
352499;13;11;2019;06:48;0;RUA PRO HERIBALDO COSTA;;;;;Colisão;Luz do Dia;;;Meio de Quadra;;;0;1;0;1;0;0;0;0;0;1;0;0;;
352500;13;11;2019;06:49;0;AV GAL OSORIO DE PAIVA;;;38;;Queda;Luz do Dia;;;Meio de Quadra;;;0;1;0;0;0;0;0;0;0;1;0;0;-3,772131848;-38,56255815
352501;13;11;2019;08:00;0;RUA GAL CORDEIRO NETO;;;724;;Colisão;Luz do Dia;;;Meio de Quadra;;;0;1;0;1;0;0;0;0;0;1;0;0;-3,74076;-38,59182
352454;13;11;2019;02:41;0;AV OLAVO BILAC;;;1280;;Atropelamento;;;;Meio de Quadra;;;0;1;0;1;0;0;0;0;0;0;0;0;-3,731875;-38,564604
352478;13;11;2019;06:47;0;RUA DA SAUDADE (MONTESE);;;302;;Queda;Luz do Dia;;;Meio de Quadra;;;0;1;0;0;0;0;0;0;0;1;0;0;-3,769571;-38,545727
352687;14;11;2019;00:08;0;AV GAL MURILO BORGES;;;;;Queda;;;;Meio de Quadra;;;0;1;0;0;0;0;0;0;0;1;0;0;;
352688;14;11;2019;01:04;0;RUA STA MARIA GORETE;;;2972;;Atropelamento;;;;Meio de Quadra;;;0;1;0;1;0;0;0;0;0;0;0;0;-3,72939;-38,60346
352761;14;11;2019;11:14;0;AV D CJ CEARA;;;1579;;Colisão;Luz do Dia;;;Meio de Quadra;;;0;1;0;1;0;0;0;0;0;1;0;0;-3,7659365;-38,6015405
352773;14;11;2019;11:14;0;RUA JOSE CARLOS GURGEL NOGUEIRA;;;1543;;Colisão;Luz do Dia;;;Meio de Quadra;;;0;2;0;1;0;0;0;0;0;1;0;0;;
352753;14;11;2019;09:16;659;RUA ANA FACO;RUA CRUZEIRO DO SUL;;;;Colisão;Luz do Dia;;;Cruz;Não Há Controle;Misto;0;1;0;1;0;0;0;0;0;0;0;0;-3,714368;-38,562314
352754;14;11;2019;10:41;0;AV DUQ CAXIAS;;;1049;;Colisão;Luz do Dia;;;Meio de Quadra;;;0;2;0;1;1;0;0;0;0;0;0;0;-3,730489833;-38,53391425
352743;14;11;2019;08:02;0;RUA 15 DE NOVEMBRO;;;549;;Atropelamento;Luz do Dia;;;Meio de Quadra;;;0;1;0;0;0;0;0;0;0;1;0;0;-3,769169429;-38,55520986
352744;14;11;2019;08:29;0;RUA MIGUEL GURGEL;;;;;Queda;Luz do Dia;;;Meio de Quadra;;;0;1;0;0;0;0;0;0;0;1;0;0;;
352745;14;11;2019;09:09;0;RUA GAL ONOFRE;;;242;;Colisão;Luz do Dia;;;Meio de Quadra;;;0;2;0;1;0;0;0;0;0;1;0;0;-3,7350525;-38,4729815
352712;14;11;2019;01:09;0;RUA CON DE CASTRO;;;120;;Colisão;;;;Meio de Quadra;;;0;1;0;0;0;0;0;0;0;1;0;0;-3,79842;-38,58592