COD_ACIDENTE;DIA;MES;ANO;HORA;INTERSECAO;LOG1;LOG2;LOG3;NUMERO;REFERENCIA;NATUREZA;ILUMINACAO;TEMPO;SUPERFICIEPISTA;TIPOCRUZAMENTO;CONTROLETRAFEGO;USOSOLO;MORTOS;FERIDOS;ILESOS;AUTOMOVEL;ONIBUS;BICICLETA;CAMINHAO;MICROONIBUS;CICLOMOTOR;MOTOCICLETA;TRACAOANIMAL;TREM;LATITUDE;LONGITUDE
351895;20;11;2019;06:50;0;RUA NOSSA SRA APARECIDA;;;859;;Colisão Frontal;Luz do Dia;Nublado;Seca;Meio de Quadra;Outros;Residencial;0;0;2;0;0;0;0;0;0;1;0;0;-3,7576195;-38,6039062
351896;20;11;2019;08:15;20844;RUA VIRIATO RIBEIRO;RUA GAL BERNARDO FIGUEIREDO;;;;Choque c/ Obstáculo Fixo;Luz do Dia;Bom;Seca;Cruz;Pare;Residencial;0;0;1;0;0;0;1;0;0;0;0;0;-3,744107;-38,567267
352218;20;11;2019;08:27;5392;RUA PINTO MADEIRA;RUA NOGUEIRA ACIOLI;;;;Queda;Luz do Dia;Nublado;Molhada;Cruz;Pare;Residencial;0;1;0;0;0;0;0;0;0;1;0;0;-3,732292;-38,517559
352219;20;11;2019;08:15;0;AV BORGES DE MELO;;;205;;Colisão Lateral;Luz do Dia;Bom;Seca;Meio de Quadra;Semáforo;Residencial;0;1;1;0;1;0;0;0;0;0;0;0;-3,761261;-38,520855
352220;20;11;2019;14:33;0;RUA PE CARLOS DE ALENCAR;RUA EDUARDO PORTO;;0;;Colisão Lateral;Luz do Dia;Bom;Seca;Meio de Quadra;Semáforo;Comercial;0;1;1;0;0;0;0;0;0;1;0;0;;
352221;20;11;2019;17:00;0;AV BERNARDO MANUEL;;;;;Colisão Lateral;Anoitecer;Bom;Seca;Meio de Quadra;Semáforo;Comercial;0;1;1;1;1;0;0;0;0;0;0;0;;
352222;20;11;2019;19:31;10935;RUA BAR CANINDE;RUA ELCIAS LOPES;;;;Colisão Lateral;Via Iluminada;Bom;Seca;Cruz;Pare;Residencial;0;1;1;1;0;0;0;0;0;1;0;0;-3,770473;-38,557426
352300;20;11;2019;07:40;0;RD CE-040;;;;KM-12;Colisão;Luz do Dia;;;Meio de Quadra;;;0;0;2;1;1;0;0;0;0;0;0;0;-3,857690949;-38,47204254
353759;20;11;2019;09:41;5335;RUA PINTO MADEIRA;RUA GOV SAMPAIO;;;;Colisão;Luz do Dia;;;T;Pare;Comercial;0;1;1;1;0;0;0;0;0;1;0;0;-3,730631;-38,523908
353761;20;11;2019;10:16;0;AV BORGES DE MELO;;;;;Colisão;Luz do Dia;;;Meio de Quadra;;;0;1;1;0;0;0;1;0;0;1;0;0;;
353764;20;11;2019;10:58;0;AV PRO JOSE ARTHUR CARVALHO;;;2707;;Colisão;Luz do Dia;;;Meio de Quadra;;;0;1;1;1;0;0;0;0;0;1;0;0;-3,823682;-38,455233
353059;21;11;2019;21:40;0;RD BR 116;;;6000;KM-06;Queda;;;;Meio de Quadra;;;0;2;0;0;0;0;0;0;0;1;0;0;-3,804691;-38,503053
352328;21;11;2019;08:00;0;RD CE-040;;;;KM-13;Colisão;Luz do Dia;;;Meio de Quadra;;;0;1;2;0;0;0;0;0;0;1;0;0;-3,866093254;-38,46893682
352223;21;11;2019;09:20;19684;RUA GUSTAVO SAMPAIO;RUA COS ALVARO DE OLIVEIRA;;;;Colisão Transversal;Luz do Dia;Bom;Seca;Cruz;Pare;Comercial;0;1;1;1;0;0;0;0;0;1;0;0;-3,735235;-38,556318
352224;21;11;2019;08:45;0;AV ROGACIANO LEITE;RUA MON CARNEIRO DA CUNHA;;0;;Colisão Lateral;Luz do Dia;Bom;Seca;;;;0;1;1;1;0;0;0;0;0;1;0;0;-3,773416;-38,498988
352225;21;11;2019;11:40;7329;RUA MANAUS;RUA PRO PAULO LOPES;;;;Colisão Transversal;Luz do Dia;Bom;Seca;Cruz;Pare;Residencial;0;1;1;1;0;0;0;0;0;1;0;0;-3,753573;-38,591163
352226;21;11;2019;14:30;0;RUA ESPIRITO SANTO;RUA TIM MAIA;;0;;Colisão Frontal;Luz do Dia;Bom;Seca;Meio de Quadra;Pare;Residencial;0;1;1;0;0;0;0;0;0;1;0;0;-3,7506731;-38,5667442
352227;21;11;2019;22:50;9671;RUA OSCAR FRANCA;RUA ARI MAIA;;0;;Colisão Lateral;Anoitecer;Bom;Seca;Cruz;Não Há Controle;Residencial;0;0;2;1;0;0;0;0;0;1;0;0;-3,784963;-38,621799
352252;21;11;2019;09:37;0;AV LEITE BARBOSA;;;0;;Choque c/ Obstáculo Fixo;Luz do Dia;Bom;Seca;Meio de Quadra;Não Há Controle;Industrial;0;0;1;1;0;0;0;0;0;0;0;0;;
351897;21;11;2019;19:00;20034;AV PALESTINA D68;RUA DOS SABIAS;;;;Colisão Transversal;Via Iluminada;Bom;Seca;Cruz;Pare;Residencial;0;1;1;1;0;0;0;0;0;1;0;0;-3,805219;-38,538452
351918;21;11;2019;10:00;6741;RUA ALMEIDA PRADO;RUA VILEBALDO AGUIAR;;;;Colisão Transversal;Luz do Dia;Bom;Seca;Cruz;Pare;Residencial;0;1;1;0;0;0;0;0;0;1;0;0;-3,744545;-38,475413
351922;21;11;2019;20:00;242;RUA GAL BERNARDO FIGUEIREDO;RUA COS ALVARO DE OLIVEIRA;;;;Colisão Transversal;Via Iluminada;Bom;Seca;Cruz;Pare;Residencial;0;1;1;1;0;0;1;0;0;0;0;0;-3,740373;-38,555261
351925;21;11;2019;22:00;577;AV FRANCISCO SA;AV DR THEBERGE;;;;Colisão Lateral;Via Iluminada;Bom;Seca;Cruz;Semáforo;Comercial;0;0;2;1;0;0;1;0;0;0;0;0;-3,714822;-38,565016
352689;21;11;2019;10:44;4020;AV PRO GOMES DE MATOS;RUA SAMUEL UCHOA;;;;Colisão;Luz do Dia;;;Cruz;Semáforo;Comercial;0;1;1;0;0;0;0;0;0;1;0;0;-3,757193;-38,542215
352690;21;11;2019;10:48;9312;RUA GAL MARIO HERMES;RUA ADOLFO B DE MENEZES;;;;Colisão;Luz do Dia;;;Cruz;Pare;Residencial;0;1;1;1;0;0;0;0;0;0;0;0;-3,714366;-38,576574
352691;21;11;2019;11:03;0;RUA MARIA JULIA;;;1029;;Queda;Luz do Dia;;;Meio de Quadra;;;0;1;0;0;0;0;0;0;0;1;0;0;-3,794753556;-38,60062033
352692;21;11;2019;11:16;0;RUA GUILHERME ROCHA;;;1260;;Colisão;Luz do Dia;;;Meio de Quadra;;;0;1;1;1;0;0;0;0;0;1;0;0;-3,7239475;-38,5373155
352693;21;11;2019;11:31;0;AV WASHINGTON SOARES;;;;;Atropelamento;Luz do Dia;;;Meio de Quadra;;;0;1;0;0;0;0;0;0;0;0;0;0;;
352694;21;11;2019;13:43;0;AV CASTELO DE CASTRO;;;337;;Colisão;Luz do Dia;;;Meio de Quadra;;;0;1;1;1;0;0;0;0;0;1;0;0;-3,832101;-38,5215295
352695;21;11;2019;15:12;0;RUA BILL CARTAXO;;;340;;Colisão;Luz do Dia;;;Meio de Quadra;;;0;1;1;1;0;0;0;0;0;1;0;0;-3,792174;-38,474288
352696;21;11;2019;16:41;0;AV DR SILAS MUNGUBA;;;197;;Colisão;Luz do Dia;;;Meio de Quadra;;;0;1;0;0;0;0;0;0;0;0;0;0;-3,78921;-38,54365
352697;21;11;2019;17:04;0;RUA DIREITA;;;427;;Colisão;Anoitecer;;;Meio de Quadra;;;0;1;0;0;0;0;0;0;0;0;0;0;-3,83723;-38,57716
352698;21;11;2019;17:13;0;RUA PERGENTINO MAIA;;;2069;;Queda;Anoitecer;;;Meio de Quadra;;;0;1;0;0;0;0;0;0;0;1;0;0;-3,833144;-38,477528
352699;21;11;2019;17:52;0;RUA RIO GRANDE DO SUL;;;1758;;Colisão;Anoitecer;;;Meio de Quadra;;;0;1;1;1;0;0;0;0;0;1;0;0;-3,763342;-38,570499
352700;21;11;2019;18:39;0;AV ENG HUMBERTO MONTE;;;;;Atropelamento;;;;Meio de Quadra;;;0;1;1;0;0;0;0;0;0;1;0;0;;
352701;21;11;2019;18:47;1491;RUA CEL LINHARES;RUA EDUARDO GARCIA;;;;Colisão;;;;Cruz;Pare;Escola;0;1;1;1;0;0;0;0;0;1;0;0;-3,73948;-38,495077
352702;21;11;2019;18:55;0;AV ENG HUMBERTO MONTE;;;;;Colisão;;;;Meio de Quadra;;;0;0;2;1;0;0;0;0;0;1;0;0;;
352703;21;11;2019;20:05;0;AV PRS CASTELO BRANCO;;;;;Queda;;;;Meio de Quadra;;;0;1;0;0;0;0;0;0;0;1;0;0;;
352704;21;11;2019;20:14;0;AV JOSE BASTOS;;;3112;;Colisão;;;;Meio de Quadra;;;0;1;1;1;0;0;0;0;0;1;0;0;-3,7444711;-38,5450488
352705;21;11;2019;20:18;0;RUA SGT JOAO PINHEIRO;;;3688;;Colisão;;;;Meio de Quadra;;;0;1;1;0;0;0;0;0;0;1;0;0;;
352706;21;11;2019;20:46;0;RUA MARIA CLARA;;;515;;Atropelamento;;;;Meio de Quadra;;;0;1;1;0;0;0;0;0;0;1;0;0;-3,72566;-38,582832
352707;21;11;2019;20:52;0;AV JOSE BASTOS;;;;;Colisão;;;;Meio de Quadra;;;0;1;1;1;0;0;0;0;0;1;0;0;;
352708;21;11;2019;21:16;0;AV I CJ CEARA;;;462;;Colisão;;;;Meio de Quadra;;;0;1;0;0;0;0;0;0;0;0;0;0;-3,7680975;-38,5971
352709;21;11;2019;21:29;0;RUA VIA LACTEA;;;155;;Atropelamento;;;;Meio de Quadra;;;0;1;1;0;0;0;0;0;0;1;0;0;-3,76228;-38,5292
352710;21;11;2019;23:45;0;AV OLIVEIRA PAIVA;;;2415;;Colisão;;;;Meio de Quadra;;;0;1;0;0;0;0;0;0;0;0;0;0;-3,796116787;-38,48451758
352627;21;11;2019;07:28;0;AV PRS COSTA E SILVA;;;;;Colisão;Luz do Dia;;;Meio de Quadra;;;0;1;1;1;0;0;0;0;0;1;0;0;;
352622;21;11;2019;00:02;0;AV AUGUSTO DOS ANJOS;;;2016;;Colisão;;;;Meio de Quadra;;;0;1;0;0;0;0;0;0;0;0;0;0;-3,7832125;-38,581808
352623;21;11;2019;06:26;0;AV BENJAMIM BRASIL;;;651;;Colisão;Luz do Dia;;;Meio de Quadra;;;0;1;1;1;0;0;0;0;0;1;0;0;-3,80481;-38,56707
352624;21;11;2019;06:42;6756;AV ENG SANTANA JUNIOR;AV ANTONIO SALES;;;;Colisão;Luz do Dia;;;T;Dê Preferência;Comercial;0;1;1;1;0;0;0;0;0;1;0;0;-3,749257;-38,490039
352906;21;11;2019;17:15;0;RUA TRINDADE;;;426;;Queda;Anoitecer;;;Meio de Quadra;;;1;0;0;0;0;0;0;0;0;1;0;0;-3,8350857;-38,5766779
352926;22;11;2019;11:30;0;AV JOR THOMAZ COELHO;;;;;Colisão;Luz do Dia;;;Meio de Quadra;;;0;0;1;0;0;0;1;0;0;0;0;0;;
352924;22;11;2019;00:15;0;RUA RUBIA SAMPAIO;;;1376;;Colisão;;;;Meio de Quadra;;;0;0;1;0;0;0;0;0;0;1;0;0;-3,7260345;-38,5911598
352774;22;11;2019;15:40;0;AV PRS COSTA E SILVA;;;3385;;Colisão;Luz do Dia;;;Meio de Quadra;;;0;1;0;0;0;0;0;0;0;0;0;0;-3,8286382;-38,5313957
352775;22;11;2019;16:07;0;AV PERIMETRAL;;;3407;;Colisão;Luz do Dia;;;Meio de Quadra;;;0;1;0;0;0;0;0;0;0;0;0;0;;
352776;22;11;2019;17:02;5075;RUA ALM JACEGUAI;RUA JOSE AVELINO;;;;Colisão;Anoitecer;;;Cruz;Outros;Comercial;0;1;1;1;0;0;0;0;0;1;0;0;-3,722395;-38,519311
352777;22;11;2019;17:03;0;AV PDE ANTONIO TOMAS;;;306;;Colisão;Anoitecer;;;Meio de Quadra;;;0;1;0;0;0;0;0;0;0;0;0;0;-3,739787;-38,5008235
352778;22;11;2019;17:15;26118;AV ALM MAXIMIANO DA FONSECA;RUA JOSE B PARENTE D59;;;;Queda;Anoitecer;;;T;Pare;Residencial;0;1;0;0;0;0;0;0;0;1;0;0;-3,771301;-38,4851
352779;22;11;2019;17:47;1501;RUA ROCHA LIMA;RUA MON BRUNO;;;;Colisão;Anoitecer;;;Cruz;Pare;Residencial;0;1;0;0;0;0;0;0;0;0;0;0;-3,739762;-38,511863
352780;22;11;2019;18:35;22120;RUA PRO COSTA MENDES;RUA CEL NUNES DE MELO;;;;Colisão;;;;Cruz;Pare;Comercial;0;1;1;1;0;0;0;0;0;1;0;0;-3,749003;-38,553197
352781;22;11;2019;19:08;0;AV BEIRA MAR;;;3678;;Atropelamento;;;;Meio de Quadra;;;0;1;1;1;0;0;0;0;0;0;0;0;-3,7236995;-38,4885155
352782;22;11;2019;20:04;0;RUA CON DE CASTRO;;;8309;;Atropelamento;;;;Meio de Quadra;;;0;1;1;1;0;0;0;0;0;0;0;0;-3,818792974;-38,60210241
352783;22;11;2019;20:08;0;RUA NAT FEIJO;;;838;;Colisão;;;;Meio de Quadra;;;0;1;1;1;0;0;0;0;0;1;0;0;-3,721475;-38,55642817
352784;22;11;2019;20:18;0;AV COS GOMES DE FREITAS (SAPIRANGA/COITE);;;;;Colisão;;;;Meio de Quadra;;;0;1;0;0;0;0;0;0;0;0;0;0;;
352785;22;11;2019;20:20;11657;AV E CJ CEARA;AV C CJ CEARA;;;;Colisão;;;;Cruz;Não Há Controle;Residencial;0;1;0;0;0;0;0;0;0;0;0;0;;
352786;22;11;2019;22:22;0;RUA GAL ONOFRE;;;445;;Colisão;;;;Meio de Quadra;;;0;1;1;1;0;0;0;0;0;1;0;0;-3,7363379;-38,473808
352787;22;11;2019;23:32;0;AV GODOFREDO MACIEL;;;3441;;Colisão;;;;Meio de Quadra;;;0;1;1;1;0;0;0;0;0;1;0;0;-3,805644;-38,57278
352788;22;11;2019;23:44;0;AV GAL OSORIO DE PAIVA;;;3420;;Colisão;;;;Meio de Quadra;;;0;1;0;0;0;0;0;0;0;0;0;0;-3,791110692;-38,58883538
352762;22;11;2019;07:25;0;AV PRS CASTELO BRANCO;;;84;;Colisão;Luz do Dia;;;Meio de Quadra;;;0;1;1;0;0;0;0;0;0;1;0;0;-3,6998593;-38,5879105
352763;22;11;2019;07:44;0;AV ALM HENRIQUE SABOIA;;;;;Colisão;Luz do Dia;;;Meio de Quadra;;;0;1;1;1;0;0;0;0;0;1;0;0;;
352764;22;11;2019;08:04;13505;RUA CEL ALVES TEIXEIRA;AV RUI BARBOSA;;;;Queda;Luz do Dia;;;Cruz;Pare;Comercial;0;1;0;0;0;1;0;0;0;0;0;0;-3,746112;-38,512684
352765;22;11;2019;08:07;0;AV PERIMETRAL;;;7700;;Colisão;Luz do Dia;;;Meio de Quadra;;;0;1;0;0;0;0;0;0;0;0;0;0;;
352766;22;11;2019;09:04;0;AV CEL CARVALHO;;;;;Colisão;Luz do Dia;;;;;;0;1;1;1;0;0;0;0;0;1;0;0;;
352767;22;11;2019;09:31;23316;RUA ISRAEL BEZERRA;RUA SAO GABRIEL D56;;;;Colisão;Luz do Dia;;;Cruz;Pare;Comercial;0;1;1;1;0;0;0;0;0;1;0;0;-3,750535;-38,493263
352768;22;11;2019;09:53;0;AV BORGES DE MELO;;;2145;;Colisão;Luz do Dia;;;Meio de Quadra;;;0;1;1;1;0;0;0;0;0;1;0;0;-3,753391;-38,537674
352769;22;11;2019;10:15;0;AV ALBERTO CRAVEIRO;;;1341;;Colisão;Luz do Dia;;;Meio de Quadra;;;0;1;1;1;0;0;0;0;0;1;0;0;-3,792153769;-38,51740185
352770;22;11;2019;12:26;0;RUA HIPOLITO PAMPLONA;;;394;;Colisão;Luz do Dia;;;Meio de Quadra;;;0;1;1;1;0;1;0;0;0;0;0;0;-3,744928217;-38,59613139
352771;22;11;2019;12:29;0;RUA PDE IBIAPINA;;;;;Colisão;Luz do Dia;;;Meio de Quadra;;;0;1;1;1;0;0;0;0;0;1;0;0;;
352772;22;11;2019;13:30;0;RUA DJALMA PETIT;;;;;Colisão;Luz do Dia;;;Meio de Quadra;;;0;1;1;0;0;0;1;0;0;1;0;0;;
352711;22;11;2019;06:26;0;AV PERIMETRAL;;;127;;Colisão;Luz do Dia;;;Meio de Quadra;;;0;1;1;0;0;0;0;0;0;1;0;0;;
351928;22;11;2019;19:00;5389;AV DUQ CAXIAS;RUA FLORIANO PEIXOTO;;;;Colisão Transversal;Via Iluminada;Bom;Seca;Cruz;Pare;Comercial;0;1;1;1;0;0;0;0;0;1;0;0;-3,732162;-38,528731
352259;22;11;2019;09:30;0;RUA ISRAEL BEZERRA;RUA SAO GABRIEL (COCO);;0;;Não Informado;Luz do Dia;Bom;Seca;Cruz;Pare;Residencial;0;2;0;1;0;0;0;0;0;1;0;0;-3,7505507;-38,4932527
352228;22;11;2019;01:36;0;AV OLIVEIRA PAIVA;;;2415;;Choque c/ Obstáculo Fixo;Via Iluminada;Bom;Seca;Meio de Quadra;Não Há Controle;Comercial;0;1;0;1;0;0;0;0;0;0;0;0;-3,796116787;-38,48451758
352229;22;11;2019;09:46;0;RUA FILO;RUA 03 UI;;0;;Colisão Transversal;Luz do Dia;Bom;Seca;Cruz;Pare;Residencial;0;1;1;1;0;0;0;0;0;1;0;0;-3,7089594;-38,5898995
352230;22;11;2019;10:56;0;AV JOR THOMAZ COELHO;;;5183;;Não Informado;Luz do Dia;Bom;Seca;Meio de Quadra;Semáforo;Industrial;1;0;2;1;1;0;0;0;0;0;0;0;-3,829212;-38,524372
352231;22;11;2019;17:02;0;RUA ATILANO MOURA;;;600;;Não Informado;Luz do Dia;Bom;Seca;Meio de Quadra;Não Há Controle;Comercial;0;0;2;1;0;0;0;0;0;0;0;0;-3,7188636;-38,4746085
352232;22;11;2019;17:15;1884;RUA PDE PEDRO DE ALENCAR;RUA DOCA SALES;;;;Colisão Transversal;Luz do Dia;Bom;Molhada;T;Pare;Comercial;0;1;4;1;0;0;0;0;0;1;0;0;-3,843805;-38,494382
352233;22;11;2019;20:13;17350;RUA BAR SOBRAL;RUA JOAO FIRMINO;;;;Colisão Transversal;Via Iluminada;Bom;Seca;Cruz;Pare;Residencial;0;2;1;1;0;0;0;0;0;1;0;0;-3,765714;-38,556531
352234;22;11;2019;20:33;25066;AV DOS EXPEDICIONARIOS;AV LAURO VIEIRA CHAVES;;;;Colisão Transversal;Via Iluminada;Bom;Seca;T;Gesto;Comercial;0;1;1;1;0;0;0;0;0;1;0;0;-3,770998;-38,543024
352235;22;11;2019;20:42;1479;RUA PRO DIAS DA ROCHA;RUA DES LEITE ALBUQUERQUE;;;;Colisão Transversal;Via Iluminada;Bom;Seca;Cruz;Pare;Comercial;0;1;1;1;0;0;0;0;0;1;0;0;-3,739126;-38,492823
352236;22;11;2019;21:02;15664;AV FRE CIRILO;RUA NICOLAU COELHO;;;;Colisão Transversal;Via Iluminada;Bom;Seca;Cruz;Pare;Comercial;0;2;1;1;0;0;0;0;0;1;0;0;-3,825721;-38,493769
352335;22;11;2019;17:00;0;AV SEN CARLOS JEREISSATI (AEROPORTO);;;;KM 04;Colisão;Anoitecer;;;Meio de Quadra;;;0;0;2;1;0;0;0;0;0;0;0;0;-3,77402;-38,550907
353055;22;11;2019;12:10;0;RD BR 116;;;1600;KM-01;Colisão Transversal;Luz do Dia;Bom;Seca;Meio de Quadra;;;0;1;1;0;0;0;1;0;0;1;0;0;-3,762554;-38,518702
353013;23;11;2019;20:20;0;RUA GURGEL DO AMARAL;;;;;Colisão;;;;Meio de Quadra;;;0;0;1;1;0;0;0;0;1;0;0;0;;
353070;23;11;2019;19:55;0;RD BR 222;;;1000;KM-01;Colisão Traseira;Via Iluminada;Bom;Seca;Meio de Quadra;;;0;0;3;1;0;0;0;0;0;0;0;0;-3,737698444;-38,57814693
354286;23;11;2019;15:10;0;RUA GAL RABELO;;;624;;Colisão;Luz do Dia;;;Meio de Quadra;;;0;1;0;0;0;0;0;0;0;0;0;0;-3,8082465;-38,60776893
354287;23;11;2019;15:12;0;RUA CEL JOAO CORREIA;;;601;;Colisão;Luz do Dia;;;Meio de Quadra;;;0;1;1;1;0;0;0;0;0;1;0;0;-3,7939024;-38,5983355
354284;23;11;2019;14:31;0;RUA PORFIRIO SAMPAIO;;;1604;;Colisão;Luz do Dia;;;Meio de Quadra;;;0;1;0;0;0;0;0;0;0;0;0;0;-3,743773724;-38,54854351
354271;23;11;2019;10:03;0;RUA VALMIR PONTES;;;;;Colisão;Luz do Dia;;;Meio de Quadra;;;0;1;1;1;0;0;0;0;0;1;0;0;;
354272;23;11;2019;09:19;0;AV JOVITA FEITOSA;;;799;;Colisão;Luz do Dia;;;Meio de Quadra;;;0;1;0;0;0;0;0;0;0;1;0;0;-3,738742;-38,550998
354273;23;11;2019;10:34;0;AV HEROIS DO ACRE;;;5556;;Colisão;Luz do Dia;;;Meio de Quadra;;;0;1;1;1;0;0;0;0;0;1;0;0;-3,80306;-38,52869
354274;23;11;2019;12:34;0;AV ALBERTO CRAVEIRO;;;1240;;Queda;Luz do Dia;;;Meio de Quadra;;;0;1;0;0;0;0;0;0;0;1;0;0;-3,791548833;-38,51727317
354275;23;11;2019;13:22;0;RUA OLIMPIO NORONHA;;;151;;Colisão;Luz do Dia;;;Meio de Quadra;;;0;1;1;0;0;0;0;0;0;1;0;0;-3,81366;-38,55891
354276;23;11;2019;14:16;0;AV ENG LEAL LIMA VERDE (SAPIRANGA/COITE);;;2720;;Colisão;Luz do Dia;;;Meio de Quadra;;;0;1;1;1;0;0;0;0;0;1;0;0;-3,8158959;-38,4743954
354228;23;11;2019;00:53;0;AV JOVITA FEITOSA;;;800;;Queda;;;;Meio de Quadra;;;0;2;0;0;0;0;0;0;0;1;0;0;-3,738742;-38,550998
354242;23;11;2019;07:59;0;AV MAE LISBOA;;;2257;;Queda;Luz do Dia;;;Meio de Quadra;;;0;1;0;0;0;0;0;0;0;1;0;0;-3,807256;-38,459469
354231;23;11;2019;01:09;0;RUA JULIO SILVA;;;440;;Colisão;;;;Meio de Quadra;;;0;1;1;1;0;0;0;0;0;1;0;0;-3,74537;-38,45462
354232;23;11;2019;01:18;0;RUA ADOLFO CAMINHA;;;;;Atropelamento;;;;Meio de Quadra;;;0;1;1;0;0;0;0;0;0;1;0;0;;
354233;23;11;2019;06:13;0;RUA EMILIO DE MENESES;;;;;Colisão;Luz do Dia;;;Meio de Quadra;;;0;1;0;0;0;0;0;0;0;0;0;0;;
354234;23;11;2019;07:18;0;AV GAL OSORIO DE PAIVA;;;2982;;Atropelamento;Luz do Dia;;;Meio de Quadra;;;0;1;0;0;0;0;0;0;0;0;0;0;-3,789256;-38,587028
354235;23;11;2019;07:20;18528;AV ENG HUMBERTO MONTE;AV BEZERRA DE MENEZES;;;;Queda;Luz do Dia;;;Outros;Não Há Controle;Comercial;0;1;0;0;0;0;0;0;0;1;0;0;-3,736609;-38,569025
354236;23;11;2019;07:32;0;RUA DNA LEOPOLDINA;;;1050;;Colisão;Luz do Dia;;;Meio de Quadra;;;0;1;0;0;0;0;0;0;0;0;0;0;-3,733904;-38,520336
354237;23;11;2019;07:33;1598;RUA MON CATAO;RUA CAROLINA SUCUPIRA;;;;Colisão;Luz do Dia;;;Cruz;Pare;Residencial;0;1;0;0;0;0;0;0;0;0;0;0;-3,743696;-38,492167
354398;23;11;2019;21:25;0;RUA FRANCISCO MATIAS;;;434;;Colisão;;;;Meio de Quadra;;;0;1;1;0;0;0;0;0;0;1;0;0;-3,80497;-38,45154
354400;23;11;2019;21:53;0;AV PONTES VIEIRA;;;2631;;Colisão;;;;Meio de Quadra;;;0;1;1;1;0;0;0;0;0;0;0;0;-3,750910667;-38,497871
354401;23;11;2019;21:57;0;RUA GABRIEL FIUZA;;;254;;Colisão;;;;Meio de Quadra;;;0;1;1;1;0;0;0;0;0;1;0;0;-3,787830913;-38,57910309
354402;23;11;2019;22:08;0;RUA TULIPA;;;36;;Colisão;;;;Meio de Quadra;;;0;1;0;0;0;0;0;0;0;0;0;0;-3,71092;-38,578196
354403;23;11;2019;22:16;0;AV ALBERTO CRAVEIRO;;;45;;Colisão;;;;Meio de Quadra;;;0;1;0;1;0;0;0;0;0;1;0;0;-3,7991;-38,51887
354318;23;11;2019;18:46;0;RUA JOSE HIPOLITO;;;1536;;Colisão;;;;Meio de Quadra;;;0;1;0;0;0;0;0;0;0;0;0;0;-3,8373516;-38,482886
354316;23;11;2019;18:43;0;AV JOSE LEON;;;805;;Colisão;;;;Meio de Quadra;;;0;1;1;1;0;0;0;0;0;1;0;0;-3,78708;-38,504513
354406;23;11;2019;22:57;12685;AV DA INDEPENDENCIA;AV CEL CARVALHO;;;;Colisão;;;;Cruz;Gesto;Comercial;0;1;0;0;0;0;0;0;0;0;0;0;-3,728711;-38,584952
354407;23;11;2019;23:17;0;RUA ANDRE REBOUCAS;;;11;;Colisão;;;;Meio de Quadra;;;0;1;1;1;0;0;0;0;0;1;0;0;-3,7741505;-38,5887885
354393;23;11;2019;19:24;0;RUA J (VILA VELHA);;;;;Colisão;;;;Meio de Quadra;;;0;1;1;1;0;0;0;0;0;1;0;0;;
354394;23;11;2019;19:27;0;RUA MIN ALBUQUERQUE LIMA;;;406;;Queda;;;;Meio de Quadra;;;0;1;0;0;0;0;0;0;0;1;0;0;-3,768744;-38,607506
354395;23;11;2019;19:39;0;RUA AMOR PERFEITO;;;348;;Atropelamento;;;;Meio de Quadra;;;0;1;1;0;0;0;0;0;0;1;0;0;-3,71787;-38,5826
354396;23;11;2019;20:06;0;AV PRS CASTELO BRANCO;;;;;Atropelamento;;;;Meio de Quadra;;;0;1;1;1;0;0;0;0;0;0;0;0;;
354302;23;11;2019;15:15;0;AV N CJ JOSE WALTER;;;;;Colisão;Luz do Dia;;;Meio de Quadra;;;0;1;1;1;0;0;0;0;0;1;0;0;;
354306;23;11;2019;16:00;0;AV GAL OSORIO DE PAIVA;;;5435;;Colisão;Luz do Dia;;;Meio de Quadra;;;0;1;1;1;0;0;0;0;0;0;0;0;-3,804708;-38,602059
354307;23;11;2019;16:34;0;RUA URUCUTUBA;;;971;;Queda;Luz do Dia;;;Meio de Quadra;;;0;1;0;0;0;0;0;0;0;1;0;0;-3,796875401;-38,6035205
354308;23;11;2019;16:50;0;AV DEP PAULINO ROCHA;;;2025;;Colisão;Luz do Dia;;;Meio de Quadra;;;0;1;1;0;0;0;0;0;0;1;0;0;-3,810928;-38,516226
354304;23;11;2019;15:17;0;AV 13 DE MAIO;;;1404;;Colisão;Luz do Dia;;;Meio de Quadra;;;0;1;1;1;0;0;0;0;0;1;0;0;-3,747753273;-38,53117009
354310;23;11;2019;17:27;0;RUA PRO ALVARO COSTA;;;1732;;Colisão;Anoitecer;;;Meio de Quadra;;;0;1;0;0;0;0;0;0;0;0;0;0;-3,72726;-38,47327
354312;23;11;2019;17:39;0;RUA GURGEL DO AMARAL;;;818;;Atropelamento;Anoitecer;;;Meio de Quadra;;;0;1;1;1;0;0;0;0;0;0;0;0;-3,83561;-38,4863
354314;23;11;2019;18:21;19137;RUA ANDRE DALL OLIO;RUA BATISTA DE OLIVEIRA;;;;Queda;Anoitecer;;;Cruz;Pare;Residencial;0;1;0;0;0;0;0;0;0;1;0;0;-3,73919;-38,477454
354324;23;11;2019;19:03;0;RUA PORTO VELHO;;;1675;;Atropelamento;;;;Meio de Quadra;;;0;1;1;1;0;0;0;0;0;0;0;0;-3,762432718;-38,59373615