COD_ACIDENTE;DIA;MES;ANO;HORA;INTERSECAO;LOG1;LOG2;LOG3;NUMERO;REFERENCIA;NATUREZA;ILUMINACAO;TEMPO;SUPERFICIEPISTA;TIPOCRUZAMENTO;CONTROLETRAFEGO;USOSOLO;MORTOS;FERIDOS;ILESOS;AUTOMOVEL;ONIBUS;BICICLETA;CAMINHAO;MICROONIBUS;CICLOMOTOR;MOTOCICLETA;TRACAOANIMAL;TREM;LATITUDE;LONGITUDE
352337;23;11;2019;06:40;0;RD CE-040;;;;KM-10;Outros;Luz do Dia;;;Meio de Quadra;;;0;0;1;0;0;0;0;0;0;1;0;0;-3,84257666;-38,48088284
352237;23;11;2019;08:02;0;RUA MON CATAO;;;1380;;Colisão Lateral;Luz do Dia;Bom;Molhada;Meio de Quadra;Não Há Controle;Residencial;0;1;0;0;0;0;0;0;0;1;0;0;-3,743696;-38,492167
352238;23;11;2019;10:44;25063;AV DOS EXPEDICIONARIOS;RUA ARMANDO MONTEIRO;;0;;Colisão Transversal;Luz do Dia;Bom;Seca;Cruz;Pare;Comercial;0;0;2;1;0;0;0;0;0;0;0;0;-3,76223;-38,540372
352239;23;11;2019;13:11;0;RUA BAR AQUIRAZ;;;600;;Colisão Transversal;Luz do Dia;Bom;Seca;;;;0;1;1;1;0;0;0;0;0;1;0;0;-3,833725;-38,489933
351932;23;11;2019;08:00;1282;AV SANTOS DUMONT;AV BAR STUDART;;;;Colisão Transversal;Luz do Dia;Bom;Seca;Cruz;Semáforo;Residencial;0;2;0;1;0;0;0;0;0;0;0;0;-3,733642;-38,506304
351933;23;11;2019;16:30;0;AV MAJ ASSIS;;;2263;;Choque c/ Obstáculo Fixo;Mal Iluminada;Bom;Seca;Meio de Quadra;Outros;Comercial;0;1;2;1;0;0;0;0;0;1;0;0;-3,720656826;-38,6002063
351934;23;11;2019;;0;RUA ANA BILHAR;;;;;Choque c/ Obstáculo Fixo;Via Iluminada;Bom;Seca;Meio de Quadra;Outros;Residencial;0;0;2;1;0;0;0;0;0;0;0;0;;
351936;23;11;2019;04:00;0;RUA VITAL BRASIL;;;1479;;Choque c/ Obstáculo Fixo;Via Iluminada;Bom;Molhada;Meio de Quadra;Não Há Controle;Residencial;0;0;1;1;0;0;0;0;0;0;0;0;-3,779116416;-38,59409756
351930;23;11;2019;09:40;5322;AV IMPERADOR;AV DUQ CAXIAS;;;;Outros;Luz do Dia;Bom;Seca;Cruz;Semáforo;Comercial;0;1;0;0;0;0;0;0;0;1;0;0;-3,730048;-38,535297
352240;24;11;2019;04:02;0;AV PRS CASTELO BRANCO;;;6410;;Choque c/ Obstáculo Fixo;Via Iluminada;Bom;Seca;Meio de Quadra;Não Há Controle;Residencial;0;1;0;1;0;0;0;0;0;0;0;0;;
352241;24;11;2019;12:28;0;RUA JORGE DUMAR;RUA MAJ WEYNE;;0;;Colisão Lateral;Luz do Dia;Bom;Seca;;;;0;1;1;1;0;0;0;0;0;1;0;0;-3,752695;-38,539369
352242;24;11;2019;21:10;5300;RUA BAR RIO BRANCO;RUA PEDRO PEREIRA;;;;Colisão Transversal;Via Iluminada;Bom;Seca;Cruz;Semáforo;Comercial;0;1;1;1;0;0;0;0;0;1;0;0;-3,729457;-38,529219
352342;24;11;2019;17:10;0;AV SEN CARLOS JEREISSATI (AEROPORTO);;;;KM 03;Colisão;Anoitecer;;;Meio de Quadra;;;0;0;3;1;0;0;0;0;0;0;0;0;-3,779641;-38,544038
352358;24;11;2019;19:10;0;RD CE-040;;;;KM-08;Outros;;;;Meio de Quadra;;;0;1;0;0;0;0;0;0;0;1;0;0;-3,825515822;-38,48153832
352897;24;11;2019;04:00;9094;AV VIS RIO BRANCO;RUA CEL PERGENTINO FERREIRA;;;;Choque c/ Obstáculo Fixo;;;;;;;1;0;0;0;0;0;0;0;0;1;0;0;-3,747601;-38,521682
354408;24;11;2019;00:00;0;AV GODOFREDO MACIEL;;;5696;;Colisão;;;;Meio de Quadra;;;0;1;0;0;0;0;0;0;0;0;0;0;-3,824611169;-38,57887758
354409;24;11;2019;00:48;0;AV PRS COSTA E SILVA;;;;;Queda;;;;Meio de Quadra;;;0;1;0;0;0;0;0;0;0;1;0;0;;
354410;24;11;2019;01:58;0;AV DR SILAS MUNGUBA;;;;;Colisão;;;;Meio de Quadra;;;0;1;1;1;0;0;0;0;0;1;0;0;;
354411;24;11;2019;04:18;0;AV SORIANO ALBUQUERQUE;;;3066;;Choque c/ Obstáculo Fixo;;;;Meio de Quadra;;;0;1;0;0;0;0;0;0;0;0;0;0;-3,74741;-38,51928
354412;24;11;2019;04:47;0;RUA BETEL;;;;;Colisão;;;;Meio de Quadra;;;0;1;0;0;0;0;0;0;0;1;0;0;;
354413;24;11;2019;05:36;0;AV JOR THOMAZ COELHO;;;;;Colisão;Amanhecer;;;Meio de Quadra;;;0;1;1;1;0;0;0;0;0;1;0;0;;
354420;24;11;2019;08:44;0;AV CARNEIRO DE MENDONCA;;;;;Queda;Luz do Dia;;;Meio de Quadra;;;0;1;0;0;0;0;0;0;0;1;0;0;;
354431;24;11;2019;10:44;0;RUA SENA MADUREIRA;;;;;Atropelamento;Luz do Dia;;;Meio de Quadra;;;0;1;1;1;0;0;0;0;0;0;0;0;;
354424;24;11;2019;09:16;15173;RUA OSVALDO CRUZ (ALDEOTA);AV BEIRA MAR;;;;Colisão;Luz do Dia;;;Cruz;Não Há Controle;Comercial;0;1;1;1;0;0;0;0;0;1;0;0;-3,725649;-38,497108
354425;24;11;2019;10:14;0;RUA MIN ALBUQUERQUE LIMA;;;270;;Queda;Luz do Dia;;;Meio de Quadra;;;0;1;0;0;0;0;0;0;0;1;0;0;-3,767917664;-38,60878114
354422;24;11;2019;08:52;0;RUA VITAL BRASIL;;;1165;;Atropelamento;Luz do Dia;;;Meio de Quadra;;;0;1;1;1;0;0;0;0;0;0;0;0;-3,7799197;-38,5912978
354451;24;11;2019;19:36;0;AV GODOFREDO MACIEL;;;;;Colisão;;;;Meio de Quadra;;;0;1;1;1;0;0;0;0;0;1;0;0;;
354452;24;11;2019;19:41;0;RUA MIGUEL GURGEL;;;;;Queda;;;;Meio de Quadra;;;0;1;0;0;0;0;0;0;0;1;0;0;;
354453;24;11;2019;20:22;0;RUA DR JOAQUIM BENTO;;;643;;Queda;;;;Meio de Quadra;;;0;1;0;0;0;0;0;0;0;1;0;0;-3,78659;-38,54892
354454;24;11;2019;21:00;6948;AV F CJ ESPERANCA;AV PENETRACAO NORTE 71;;;;Queda;;;;;;;0;1;0;0;0;0;0;0;0;1;0;0;-3,815557;-38,586652
354455;24;11;2019;21:52;0;AV PDE ANTONIO TOMAS;;;;;Colisão;;;;Meio de Quadra;;;0;1;1;1;0;0;0;0;0;1;0;0;;
354433;24;11;2019;10:46;0;AV SGT HERMINIO SAMPAIO;;;1664;;Atropelamento;Luz do Dia;;;Meio de Quadra;;;0;1;1;1;0;0;0;0;0;0;0;0;-3,72544752;-38,5555018
354434;24;11;2019;12:24;0;RUA VALDETARIO MOTA;;;410;;Colisão;Luz do Dia;;;Meio de Quadra;;;0;1;1;0;0;0;0;0;0;1;0;0;-3,73341;-38,47847
354437;24;11;2019;12:47;23316;RUA ISRAEL BEZERRA;RUA SAO GABRIEL D56;;;;Colisão;Luz do Dia;;;Cruz;Pare;Comercial;0;2;1;1;0;0;0;0;0;1;0;0;-3,750535;-38,493263
354438;24;11;2019;16:08;0;RUA GAL OLAVO OLIVEIRA ALBUQUERQUE;;;51;;Colisão;Luz do Dia;;;Meio de Quadra;;;0;1;0;0;0;0;0;0;0;1;0;0;-3,750921067;-38,49445922
354439;24;11;2019;16:58;0;RUA VITORIA;;;1286;;Colisão;Luz do Dia;;;Meio de Quadra;;;0;1;1;1;0;0;0;0;0;1;0;0;-3,76436;-38,58811
354441;24;11;2019;17:09;0;RUA MANUEL DIAS BRANCO;;;69;;Queda;Anoitecer;;;Meio de Quadra;;;0;1;0;0;0;0;0;0;0;1;0;0;-3,8318676;-38,4921291
354442;24;11;2019;17:52;0;AV PRS COSTA E SILVA;;;1801;;Colisão;Anoitecer;;;Meio de Quadra;;;0;1;1;0;0;0;0;0;0;1;0;0;-3,8206199;-38,559154
354443;24;11;2019;17:55;9543;RUA CEL FABRICIANO;RUA ARI MAIA;;;;Colisão;Anoitecer;;;Cruz;Pare;Residencial;0;1;1;1;0;0;0;0;0;1;0;0;-3,779362;-38,620267
354444;24;11;2019;18:30;0;RUA PEDRO SAMPAIO;;;1279;;Colisão;Anoitecer;;;Meio de Quadra;;;0;1;1;1;0;0;0;0;0;1;0;0;-3,72254;-38,60062
354445;24;11;2019;18:52;0;RUA SGT JOAO PINHEIRO;;;;;Colisão;;;;Meio de Quadra;;;0;1;0;0;0;0;0;0;0;0;0;0;;
354446;24;11;2019;19:05;0;RUA PRO RAIMUNDO ARRUDA;;;800;;Colisão;;;;Meio de Quadra;;;0;1;1;1;0;0;0;0;0;1;0;0;-3,73858;-38,55103
354447;24;11;2019;19:15;0;AV PRS CASTELO BRANCO;;;;;Queda;;;;Meio de Quadra;;;0;1;0;0;0;0;0;0;0;1;0;0;;
354448;24;11;2019;19:29;0;AV MAE LISBOA;;;;;Colisão;;;;Meio de Quadra;;;0;1;1;1;0;0;0;0;0;1;0;0;;
354457;24;11;2019;23:20;0;RUA ARI MAIA;;;804;;Queda;;;;Meio de Quadra;;;0;1;0;0;0;0;0;0;0;1;0;0;-3,7839;-38,62149
353014;24;11;2019;20:00;21379;AV JOVITA FEITOSA;RUA PRO RAIMUNDO ARRUDA;;;;Colisão;;;;Cruz;Semáforo;Comercial;0;0;2;1;0;0;0;0;0;1;0;0;-3,738742;-38,550998
353062;24;11;2019;04:40;0;RD BR 116;;;2300;KM-02;Choque c/ Obstáculo Fixo;;Bom;Seca;Meio de Quadra;;;0;1;0;1;0;0;0;0;0;0;0;0;-3,771391;-38,51678
353067;25;11;2019;18:50;0;RD BR 116;;;10000;KM-10;Colisão Traseira;;Bom;Seca;Meio de Quadra;;;0;1;1;0;0;0;0;0;0;1;0;0;-3,834435;-38,503373
353040;25;11;2019;15:00;1475;AV SANTOS DUMONT;RUA FONSECA LOBO;;;;Colisão;Luz do Dia;;;Cruz;Pare;Comercial;0;1;0;0;0;0;0;0;0;0;0;0;-3,739062;-38,489602
353029;25;11;2019;10:20;0;RUA PDE PEDRO DE ALENCAR;;;;;Colisão;Luz do Dia;;;Meio de Quadra;;;0;0;1;0;0;0;0;0;0;0;0;0;;
353021;25;11;2019;21:23;0;RUA JOSIAS PAULA DE SOUZA;;;222;;Choque c/ Obstáculo Fixo;;;;Meio de Quadra;;;0;0;1;0;0;0;0;0;0;0;0;0;-3,72805;-38,470489
353018;25;11;2019;10:15;6837;AV ANTONIO SALES;RUA SAO GABRIEL (COCO);;;;Colisão;Luz do Dia;;;Cruz;Pare;Comercial;0;0;1;0;0;0;0;0;0;0;0;0;-3,7484987;-38,4925981
353025;25;11;2019;14:30;0;RUA JOAO CORDEIRO;;;;;Colisão;Luz do Dia;;;Meio de Quadra;;;0;0;1;0;0;0;0;0;0;0;0;0;;
353074;25;11;2019;07:45;0;RD BR 116;;;2500;KM-02;Colisão;Luz do Dia;;;Meio de Quadra;;;0;1;1;1;0;0;0;0;0;1;0;0;-3,771391;-38,51678
354458;25;11;2019;06:58;0;RUA JAIME BENEVOLO;;;387;;Queda;Luz do Dia;;;Meio de Quadra;;;0;1;0;0;0;0;0;0;0;1;0;0;-3,735633174;-38,52653389
354460;25;11;2019;07:06;0;AV DR SILAS MUNGUBA;;;5255;;Queda;Luz do Dia;;;Meio de Quadra;;;0;1;0;0;0;0;0;0;0;1;0;0;-3,799334;-38,530752
354461;25;11;2019;07:07;0;AV DOMINGOS OLIMPIO;;;387;;Queda;Luz do Dia;;;Meio de Quadra;;;0;1;1;1;0;0;0;0;0;1;0;0;-3,73778;-38,527245
354462;25;11;2019;07:24;0;RUA VINTE QUATRO DE MAIO;;;;;Colisão;Luz do Dia;;;Meio de Quadra;;;0;1;1;1;0;0;0;0;0;1;0;0;;
354494;25;11;2019;17:05;0;RUA DR JOSE FURTADO;;;1760;;Colisão;Anoitecer;;;Meio de Quadra;;;0;1;1;1;0;0;0;0;0;1;0;0;-3,800247;-38,488573
354495;25;11;2019;17:13;0;ET DO FIO (MESSEJANA);;;3255;;Queda;Anoitecer;;;Meio de Quadra;;;0;1;0;0;0;0;0;0;0;1;0;0;;
354496;25;11;2019;17:33;0;RUA PEDRO ARTUR;;;420;;Atropelamento;Anoitecer;;;Meio de Quadra;;;0;1;0;0;0;0;0;0;0;1;0;0;-3,713904673;-38,54956424
354497;25;11;2019;17:39;0;RUA CEL FRANCISCO ALVES RIBEIRO;;;;;Colisão;Anoitecer;;;Meio de Quadra;;;0;1;1;1;0;1;0;0;0;0;0;0;;
354498;25;11;2019;17:49;17337;RUA QUEIROZ RIBEIRO;RUA VENEZUELA;;;;Colisão;Anoitecer;;;Cruz;Não Há Controle;Comercial;0;1;1;1;0;0;0;0;0;1;0;0;-3,765266;-38,547823
354499;25;11;2019;19:01;0;RUA ANTONIO POMPEU;;;1780;;Colisão;;;;Meio de Quadra;;;0;1;1;1;0;1;0;0;0;0;0;0;-3,732071;-38,539208
354492;25;11;2019;16:34;19915;RUA PDE AMBROSIO MACHADO;RUA SAO MATEUS D14;;;;Colisão;Luz do Dia;;;Cruz;Pare;Residencial;0;1;0;0;0;0;0;0;0;0;0;0;-3,761478;-38,537858
354528;25;11;2019;20:01;25890;AV H CJ CEARA;RUA BARRA VERMELHA;;;;Colisão;;;;Cruz;Pare;Residencial;0;1;1;0;0;0;0;0;0;1;0;0;-3,775983;-38,611523
354529;25;11;2019;21:12;0;AV MR HULL;;;4857;;Colisão;;;;Meio de Quadra;;;0;1;0;0;0;0;0;0;0;0;0;0;-3,7391541;-38,5867725
354530;25;11;2019;22:01;0;AV BEZERRA DE MENEZES;;;450;;Queda;;;;Meio de Quadra;;;0;1;0;0;0;0;0;0;0;1;0;0;-3,732444;-38,548899
354466;25;11;2019;07:40;25125;RUA DNA LEOPOLDINA;RUA ROCHA LIMA;;;;Queda;Luz do Dia;;;Cruz;Semáforo;Residencial;0;1;0;0;0;0;0;0;0;1;0;0;-3,736665;-38,521427
354467;25;11;2019;08:08;0;RUA GUSTAVO SAMPAIO;;;271;;Colisão;Luz do Dia;;;Meio de Quadra;;;0;1;1;1;0;0;0;0;0;1;0;0;-3,733349;-38,54726
354468;25;11;2019;08:11;0;AV ANTONIO SALES;;;3510;;Colisão;Luz do Dia;;;Meio de Quadra;;;0;1;1;1;0;1;0;0;0;0;0;0;-3,748462;-38,492552
354470;25;11;2019;08:16;0;AV GAL OSORIO DE PAIVA;;;;;Colisão;Luz do Dia;;;Meio de Quadra;;;0;1;1;1;0;0;0;0;0;1;0;0;;
354471;25;11;2019;09:25;0;RUA JAMAICA;;;200;;Queda;Luz do Dia;;;Meio de Quadra;;;0;1;0;0;0;0;0;0;0;1;0;0;-3,85047;-38,52495
354472;25;11;2019;09:46;0;AV ABOLICAO;;;2111;;Queda;Luz do Dia;;;Meio de Quadra;;;0;1;0;0;0;0;0;0;0;1;0;0;-3,726066;-38,499409
354473;25;11;2019;09:52;0;AV TRISTAO GONCALVES;;;1081;;Colisão;Luz do Dia;;;Meio de Quadra;;;0;1;1;0;0;0;0;0;0;1;0;0;-3,731314;-38,534472
354475;25;11;2019;10:11;7951;AV PONTES VIEIRA;RUA OSVALDO CRUZ (ALDEOTA);;;;Colisão;Luz do Dia;;;Cruz;Semáforo;Comercial;0;1;1;1;0;0;0;0;0;1;0;0;-3,751781;-38,505539
354476;25;11;2019;10:25;0;AV LUCIANO CARNEIRO;;;1320;;Queda;Luz do Dia;;;Meio de Quadra;;;0;1;0;0;0;0;0;0;0;1;0;0;-3,759152;-38,534917
354477;25;11;2019;10:39;0;RUA PDE RODOLFO;;;365;;Colisão;Luz do Dia;;;Meio de Quadra;;;0;1;0;0;0;0;0;0;0;0;0;0;-3,806524468;-38,58340038
354478;25;11;2019;10:43;14871;RUA PDE RODOLFO;TR JOAQUIM ALFREDO;;;;Colisão;Luz do Dia;;;;;;0;1;0;0;0;0;0;0;0;0;0;0;-3,807368;-38,582093
354479;25;11;2019;10:59;0;AV OLIVEIRA PAIVA;;;1479;;Colisão;Luz do Dia;;;Meio de Quadra;;;0;1;1;1;0;0;0;0;0;1;0;0;-3,795594545;-38,49328818
354480;25;11;2019;11:41;0;AV CASTELO DE CASTRO;;;94;;Colisão;Luz do Dia;;;Meio de Quadra;;;0;1;1;0;0;0;0;0;0;1;0;0;-3,829482;-38,5214485
354481;25;11;2019;11:58;7619;RUA SERGIPE;RUA RIO GRANDE DO SUL;;;;Colisão;Luz do Dia;;;Cruz;Não Há Controle;Residencial;0;1;1;1;0;0;0;0;0;1;0;0;-3,76145;-38,569452
354482;25;11;2019;12:18;25058;AV AUGUSTO DOS ANJOS;RUA VITAL BRASIL;;;;Colisão;Luz do Dia;;;T;Semáforo;Comercial;0;1;1;0;0;0;0;0;0;1;0;0;-3,782734;-38,581387
354483;25;11;2019;13:51;0;RUA ANTONIO CORREIA LIMA;;;1344;;Queda;Luz do Dia;;;Meio de Quadra;;;0;1;0;0;0;1;0;0;0;0;0;0;-3,76358;-38,5423
354484;25;11;2019;16:07;0;AV WASHINGTON LUIS;;;574;;Colisão;Luz do Dia;;;Meio de Quadra;;;0;1;0;0;0;0;0;0;0;0;0;0;-3,716262878;-38,59380059
352243;25;11;2019;07:20;5402;RUA METON DE ALENCAR;RUA VINTE E QUATRO DE MAIO;;;;Colisão Transversal;Luz do Dia;Bom;Seca;Cruz;Pare;Comercial;0;0;3;1;0;0;0;0;0;1;0;0;-3,732626;-38,533848
352244;25;11;2019;10:35;0;RUA GUSTAVO SAMPAIO;;;71;;Colisão Lateral;Luz do Dia;Bom;Seca;Meio de Quadra;Não Há Controle;Comercial;0;1;1;0;0;0;0;0;0;1;0;0;-3,732914694;-38,54522733
352245;25;11;2019;08:55;0;AV ANTONIO SALES;;;3443;;Atropelamento;Luz do Dia;Bom;Seca;Meio de Quadra;Não Há Controle;Comercial;0;1;1;0;0;0;0;0;0;0;0;0;-3,748462;-38,492552
352246;25;11;2019;11:10;0;RUA JOAO CORDEIRO;;;2727;;Colisão Lateral;Luz do Dia;Bom;Seca;Meio de Quadra;Não Há Controle;Residencial;0;0;3;1;0;0;0;0;0;0;0;0;-3,744343;-38,519279
352247;25;11;2019;09:40;0;RUA ANTONIO BARBOSA;RUA ANTONIO FERREIRA;;;;Colisão Transversal;Luz do Dia;Bom;Seca;;;;0;1;1;0;1;0;0;0;0;1;0;0;;
352248;25;11;2019;10:20;0;RUA WALDIR DIOGO;RUA PDE RODOLFO;;;;Colisão Traseira;Luz do Dia;Bom;Seca;Meio de Quadra;Não Há Controle;Residencial;0;1;1;0;1;0;0;0;0;1;0;0;-3,8051177;-38,585561
352249;25;11;2019;19:14;17590;RUA MARANHAO;RUA MINAS GERAIS;;;;Colisão Traseira;Via Iluminada;Bom;Seca;Cruz;Pare;Comercial;0;0;2;0;1;0;0;0;0;1;0;0;-3,756084;-38,565092
352255;25;11;2019;11:06;0;AV ENG SANTANA JUNIOR;;;2868;;Colisão Traseira;Luz do Dia;Bom;Seca;Meio de Quadra;Semáforo;Comercial;0;1;3;0;1;0;0;0;0;0;0;0;-3,746669;-38,489463
351938;25;11;2019;13:50;7830;RUA SILVA PAULET;RUA PINHO PESSOA;;;;Colisão Lateral;Luz do Dia;Bom;Seca;Cruz;Pare;Residencial;0;1;1;1;0;0;0;0;0;1;0;0;-3,745785;-38,509094
351940;25;11;2019;01:00;0;RUA 15 DE NOVEMBRO;;;765;;Outros;Via Iluminada;Bom;Seca;Meio de Quadra;Não Há Controle;Residencial;0;0;1;1;0;0;0;0;0;0;0;0;-3,769876415;-38,55325817
352272;26;11;2019;15:53;0;AV DR THEBERGE;RUA MANACA;;0;;Não Informado;Luz do Dia;Bom;Seca;T;Pare;Residencial;0;1;1;1;0;0;0;0;0;1;0;0;-3,7111798;-38,5637814
352253;26;11;2019;08:04;0;RUA PDE MORORO;;;1193;;Atropelamento;Luz do Dia;Bom;Seca;Meio de Quadra;Não Há Controle;Comercial;0;1;1;0;1;0;0;0;0;0;0;0;-3,727049246;-38,53796888
352254;26;11;2019;16:00;9035;RUA SOUSA GIRAO;RUA CEL SOLON;;;;Colisão Transversal;Luz do Dia;Bom;Seca;Cruz;Pare;Residencial;0;1;1;1;0;0;0;0;0;0;0;0;-3,742763;-38,524978
352250;26;11;2019;07:18;0;RUA VIADUTO M. DA ROCHA;;;0;;Colisão Transversal;Luz do Dia;Bom;Seca;Outros;Não Há Controle;Comercial;0;1;1;1;1;0;0;0;0;0;0;0;;
352251;26;11;2019;06:32;0;AV PRS CASTELO BRANCO;;;675;;Colisão Traseira;Luz do Dia;Bom;Seca;Meio de Quadra;Semáforo;Residencial;0;2;1;1;0;0;0;0;0;1;0;0;-3,71924;-38,53242
352369;26;11;2019;13:00;0;RD CE-040;;;;KM-06;Colisão;Luz do Dia;;;Meio de Quadra;;;0;0;2;1;0;0;1;0;0;0;0;0;-3,809596804;-38,47873348
352650;26;11;2019;21:30;0;AV GAL OSORIO DE PAIVA;;;2261;;Queda;;;;Meio de Quadra;;;0;2;0;0;0;0;0;0;0;1;0;0;-3,78545;-38,5819936
352734;26;11;2019;19:26;0;RUA ESPIRITO SANTO;;;;;Colisão;;;;Meio de Quadra;;;0;1;1;0;0;0;0;0;0;1;0;0;;
352735;26;11;2019;19:35;0;RUA CONTORNO DA UNIFOR;;;300;;Outros;;;;Meio de Quadra;;;0;1;1;0;0;0;0;0;0;1;0;0;-3,8045911;-38,5208734
352736;26;11;2019;19:51;0;AV FRANCISCO SA;;;;;Atropelamento;;;;Meio de Quadra;;;0;1;1;1;0;0;0;0;0;0;0;0;;
352731;26;11;2019;19:17;0;RUA TULIPA;;;238;;Colisão;;;;Meio de Quadra;;;0;2;0;0;0;0;0;0;0;1;0;0;-3,712465455;-38,57879482
352732;26;11;2019;19:23;0;AV PRO MURILO DA SILVEIRA;;;;;Colisão;;;;Meio de Quadra;;;0;1;1;0;0;0;0;0;0;0;0;0;;
352729;26;11;2019;18:44;0;AV IMPERADOR;;;1772;;Colisão;;;;Meio de Quadra;;;0;2;1;1;0;0;0;0;0;1;0;0;-3,737014455;-38,53734845
352713;26;11;2019;06:44;0;AV AGUANAMBI;;;214;;Colisão;Luz do Dia;;;Meio de Quadra;;;0;1;1;1;1;0;0;0;0;0;0;0;-3,7420569;-38,5260033
352714;26;11;2019;08:03;1368;RUA AFONSO CELSO;RUA DR JOSE LOURENCO;;;;Colisão;Luz do Dia;;;Cruz;Não Há Controle;Residencial;0;1;1;1;0;0;0;0;0;1;0;0;-3,73643;-38,508385
352715;26;11;2019;08:06;0;RUA MON HIPOLITO BRASIL;;;392;;Colisão;Luz do Dia;;;Meio de Quadra;;;0;2;0;0;0;0;0;0;0;1;0;0;-3,75951;-38,577722
352716;26;11;2019;08:12;23513;RUA ANA GONCALVES;RUA SABINO MONTE;;;;Colisão;Luz do Dia;;;Cruz;Pare;Residencial;0;1;1;1;0;0;0;0;0;1;0;0;-3,759428;-38,511374
352717;26;11;2019;09:05;0;AV LUCIANO CARNEIRO;;;2407;;Queda;Luz do Dia;;;Meio de Quadra;;;0;1;0;0;0;0;0;0;0;1;0;0;-3,7693591;-38,5380458
352718;26;11;2019;11:17;0;RUA FRANCISCA MARIA DA CONCEICAO;;;874;;Colisão;Luz do Dia;;;Meio de Quadra;;;0;1;1;0;0;0;0;0;0;1;0;0;-3,83926884;-38,5695452
352719;26;11;2019;12:20;0;LOGRADOURO SEM NOME;;;;;Queda;Luz do Dia;;;Meio de Quadra;;;0;1;0;0;0;0;0;0;0;1;0;0;;
352720;26;11;2019;12:20;0;AV MR HULL;;;1000;;Choque c/ Obstáculo Fixo;Luz do Dia;Bom;Seca;Meio de Quadra;;;0;2;3;1;0;0;0;0;0;0;0;0;;
352721;26;11;2019;12:41;19657;AV BEZERRA DE MENEZES;RUA PRO RAIMUNDO ARRUDA;;;;Atropelamento;Luz do Dia;;;Cruz;Semáforo;Comercial;0;1;1;1;0;0;0;0;0;0;0;0;-3,733126;-38,552148
352722;26;11;2019;17:04;7629;RUA ALAGOAS;RUA STA CATARINA (BELA VISTA / PAN AMERICANO);;;;Colisão;Anoitecer;;;Cruz;Pare;Residencial;0;1;1;1;0;0;0;0;0;1;0;0;-3,760356;-38,56955
352723;26;11;2019;17:21;0;RUA BERNARDO MANUEL;;;7525;;Colisão;Anoitecer;;;Meio de Quadra;;;0;1;1;0;0;0;1;0;0;1;0;0;-3,784073;-38,546927
352724;26;11;2019;18:20;0;AV GAL MURILO BORGES;;;;;Queda;Anoitecer;;;Meio de Quadra;;;0;1;0;0;0;1;0;0;0;0;0;0;;
352725;26;11;2019;18:24;0;RUA F ESPL MESSEJANA;;;150;;Queda;Anoitecer;;;Meio de Quadra;;;0;1;0;0;0;0;0;0;0;1;0;0;;
352726;26;11;2019;19:37;12666;AV CEL CARVALHO;RUA ROSINHA SAMPAIO;;;;Colisão;;;;Cruz;Pare;Residencial;0;1;1;0;0;0;0;0;0;0;0;0;-3,726938;-38,585413
352755;26;11;2019;20:42;0;RUA SEN ALVARO ADOLFO;;;563;;Queda;;;;Meio de Quadra;;;0;1;0;0;0;1;0;0;0;0;0;0;-3,732160255;-38,57484587
352756;26;11;2019;20:54;0;RUA MIN ALBUQUERQUE LIMA;;;552;;Queda;;;;Meio de Quadra;;;0;1;0;0;0;1;0;0;0;0;0;0;-3,768404;-38,575599
352757;26;11;2019;21:25;0;AV DOS EXPEDICIONARIOS;;;;;Colisão;;;;Meio de Quadra;;;0;1;1;1;0;1;0;0;0;0;0;0;;
352758;26;11;2019;22:01;13371;AV ANTONIO SALES;RUA DNA LEOPOLDINA;;;;Outros;;;;Cruz;Dê Preferência;Comercial;0;1;0;0;0;0;0;0;0;1;0;0;-3,739197;-38,522386
352759;26;11;2019;22:51;0;AV PERIMETRAL;;;228;;Queda;;;;Meio de Quadra;;;0;1;0;0;0;0;0;0;0;1;0;0;;
352760;26;11;2019;23:47;0;RUA CARLOS AMORA;;;;;Colisão;;;;Meio de Quadra;;;0;1;1;0;0;0;0;0;0;0;0;0;;
352652;27;11;2019;06:46;0;RD BR 116;;;3000;KM-03;Colisão Traseira;Luz do Dia;Nublado;Molhada;Meio de Quadra;;;0;1;2;0;0;1;0;0;0;1;0;0;-3,779838;-38,514372
352653;27;11;2019;07:03;0;RUA ENG LUIS MONTENEGRO;;;612;;Colisão;Luz do Dia;;;Meio de Quadra;;;0;2;1;1;0;0;0;0;0;1;0;0;-3,81389;-38,61887
352672;27;11;2019;16:09;0;AV UM (PLANALTO AIRTON SENA);;;551;;Atropelamento;Luz do Dia;;;Meio de Quadra;;;0;1;1;1;0;0;0;0;0;0;0;0;;
352673;27;11;2019;16:52;0;AV FRANCISCO SA;;;3960;;Colisão;Luz do Dia;;;Meio de Quadra;;;0;1;1;1;0;0;0;0;0;1;0;0;-3,716345118;-38,56050582
352674;27;11;2019;17:31;17963;RUA BANVAR BEZERRA;RUA LICURGO MONTENEGRO;;;;Colisão;Anoitecer;;;Cruz;Pare;Residencial;0;1;1;0;0;0;0;0;0;0;0;0;-3,735918;-38,579879
352675;27;11;2019;17:44;12577;RUA PDE TEODORO (QUNTINO CUNHA);AV MAJ ASSIS;;;;Colisão;Anoitecer;;;Cruz;Pare;;0;1;1;1;0;1;0;0;0;0;0;0;-3,723221;-38,590526