COD_ACIDENTE;DIA;MES;ANO;HORA;INTERSECAO;LOG1;LOG2;LOG3;NUMERO;REFERENCIA;NATUREZA;ILUMINACAO;TEMPO;SUPERFICIEPISTA;TIPOCRUZAMENTO;CONTROLETRAFEGO;USOSOLO;MORTOS;FERIDOS;ILESOS;AUTOMOVEL;ONIBUS;BICICLETA;CAMINHAO;MICROONIBUS;CICLOMOTOR;MOTOCICLETA;TRACAOANIMAL;TREM;LATITUDE;LONGITUDE
352676;27;11;2019;18:09;0;AV JOR THOMAZ COELHO;;;1578;;Atropelamento;Anoitecer;;;Meio de Quadra;;;0;1;1;0;0;0;0;0;0;1;0;0;-3,829904271;-38,50913561
352677;27;11;2019;18:21;24912;RUA ROSINHA SAMPAIO;RUA ANTONIO ARRUDA;;;;Colisão;Anoitecer;;;Cruz;Não Há Controle;Residencial;0;1;1;1;0;0;0;0;0;1;0;0;-3,724816;-38,595375
352678;27;11;2019;19:56;0;AV VIS RIO BRANCO;;;1387;;Colisão;;;;Meio de Quadra;;;0;1;1;1;0;0;0;0;0;1;0;0;-3,732981976;-38,52470593
352679;27;11;2019;20:32;0;AV SGT HERMINIO SAMPAIO;;;3770;;Colisão;;;;Meio de Quadra;;;0;1;1;1;0;0;0;0;0;1;0;0;-3,7295414;-38,5742243
352680;27;11;2019;21:25;0;AV JOAO DE ARAUJO LIMA;;;1798;;Colisão;;;;Meio de Quadra;;;0;1;1;1;0;0;0;0;0;1;0;0;-3,837685247;-38,56162927
352681;27;11;2019;21:29;0;AV FRE CIRILO;;;;;Colisão;;;;Meio de Quadra;;;0;1;1;0;0;0;0;0;0;1;0;0;;
352682;27;11;2019;21:43;0;RUA JULIO SILVA;;;;;Colisão;;;;Meio de Quadra;;;0;1;1;1;0;0;0;0;0;1;0;0;;
352683;27;11;2019;22:51;15106;RUA DRAGAO DO MAR;RUA JOAO CORDEIRO;;;;Colisão;;;;Cruz;Pare;Residencial;0;1;1;1;0;0;0;0;0;1;0;0;-3,722283;-38,512096
352684;27;11;2019;23:39;0;AV DR SILAS MUNGUBA;;;;;Atropelamento;;;;Meio de Quadra;;;0;1;1;1;0;0;0;0;0;0;0;0;;
352649;27;11;2019;23:50;0;RUA CAP VASCONCELOS D46;;;378;;Colisão;;;;Meio de Quadra;;;0;1;1;1;0;0;0;0;0;1;0;0;-3,765519241;-38,51704467
352657;27;11;2019;07:38;11642;TR RIO DE JANEIRO;RUA VITORIA (AV. PERIMETRAL);;;;Colisão;Luz do Dia;;;;;;0;1;1;1;0;0;0;0;0;1;0;0;-3,768826;-38,590369
352658;27;11;2019;08:07;22951;AV DR SILAS MUNGUBA;RUA DR JUSTA ARAUJO D45;;;;Colisão;Luz do Dia;;;Cruz;Semáforo;Residencial;0;1;1;1;0;0;0;0;0;1;0;0;-3,784586;-38,553426
352659;27;11;2019;08:30;0;RUA JOAQUIM FELICIO;;;395;;Colisão;Luz do Dia;;;Meio de Quadra;;;0;1;1;1;0;0;0;0;0;1;0;0;-3,8301274;-38,49149587
352660;27;11;2019;08:37;0;AV JOAO PESSOA;;;3574;;Colisão;Luz do Dia;;;Meio de Quadra;;;0;2;1;1;0;1;0;0;0;0;0;0;-3,7463336;-38,5439792
352661;27;11;2019;09:06;0;AV FRE CIRILO;;;;;Colisão;Luz do Dia;;;Meio de Quadra;;;0;1;1;1;0;1;0;0;0;0;0;0;;
352662;27;11;2019;09:38;11610;RUA EURICO MEDINA;RUA CIDADE RIO BRANCO;;;;Colisão;Luz do Dia;;;;;;0;1;1;1;0;0;0;0;0;1;0;0;-3,765786;-38,589783
352663;27;11;2019;10:30;0;RUA BERNARDO MANUEL;;;9964;;Atropelamento;Luz do Dia;;;Meio de Quadra;;;0;1;1;1;0;0;0;0;0;0;0;0;-3,80450664;-38,55315048
352664;27;11;2019;10:54;2660;TR AURELIO LAVOR;AV PRS CASTELO BRANCO;;;;Queda;Luz do Dia;;;;;;0;1;0;0;0;1;0;0;0;0;0;0;-3,707406;-38,571138
352665;27;11;2019;11:00;0;RUA SERGIO SARAIVA SOUSA;;;58;;Colisão;Luz do Dia;;;Meio de Quadra;;;0;1;1;1;0;0;0;0;0;1;0;0;;
352666;27;11;2019;11:08;0;RUA PEDRO DANTAS;;;586;;Colisão;Luz do Dia;;;Meio de Quadra;;;0;2;1;1;0;0;0;0;0;1;0;0;-3,78572;-38,52298
352667;27;11;2019;11:55;18743;RUA VALPARAISO;RUA CATOLE;;;;Colisão;Luz do Dia;;;Cruz;Pare;Misto;0;1;1;1;0;0;0;0;0;1;0;0;-3,846407;-38,520171
352668;27;11;2019;12:27;0;AV DR SILAS MUNGUBA;;;3912;;Colisão;Luz do Dia;;;Meio de Quadra;;;0;1;2;1;0;0;0;0;0;1;0;0;-3,790943852;-38,53867767
352669;27;11;2019;13:29;25443;RUA ROCHA LIMA;RUA NOGUEIRA ACIOLI;;;;Colisão;Luz do Dia;;;Cruz;Pare;Residencial;0;1;1;0;0;0;0;0;0;1;0;0;-3,737351;-38,519293
352670;27;11;2019;14:53;0;RUA NUNES VALENTE;;;3457;;Queda;Luz do Dia;;;Meio de Quadra;;;0;1;0;0;0;1;0;0;0;0;0;0;-3,754506;-38,509109
352445;27;11;2019;21:00;0;RD CE-040;;;;KM-03;Colisão;;;;Meio de Quadra;;;0;0;4;1;0;0;0;0;0;0;0;0;-3,782614325;-38,4810839
352370;27;11;2019;11:51;0;RD CE-040;;;;KM-07;Colisão;Luz do Dia;;;Meio de Quadra;;;0;2;1;1;0;0;0;0;0;1;0;0;-3,817159445;-38,48303286
352371;27;11;2019;16:20;0;RD CE-040;;;;KM-02;Colisão;Luz do Dia;;;Meio de Quadra;;;0;0;2;1;0;0;0;0;0;0;0;0;-3,773616148;-38,4817994
352394;27;11;2019;20:20;0;RD CE-060;;;;KM-01;Colisão;;;;Meio de Quadra;;;0;0;2;1;0;0;0;0;0;0;0;0;-3,826136;-38,5795
352401;27;11;2019;17:20;0;AV SEN CARLOS JEREISSATI (AEROPORTO);;;;KM 03;Colisão;Anoitecer;;;Meio de Quadra;;;0;2;0;0;0;0;0;0;0;1;0;0;-3,779641;-38,544038
352065;27;11;2019;17:50;0;AV SGT HERMINIO SAMPAIO;;;1770;;Colisão Frontal;Anoitecer;Bom;Seca;;;;0;1;1;1;0;0;0;0;0;1;0;0;-3,72563;-38,55647
352256;27;11;2019;14:13;0;RUA BRAGANCA;RUA LONDRINA;;0;;Colisão Transversal;Luz do Dia;Bom;Seca;;;;0;1;1;1;0;0;0;0;0;0;0;0;-3,782751;-38,597104
352257;27;11;2019;19:33;15233;RUA JULIO IBIAPINA;RUA JUAZEIRO DO NORTE;;;;Colisão Transversal;Via Iluminada;Bom;Seca;Cruz;Pare;Comercial;0;1;1;1;0;0;0;0;0;1;0;0;-3,727527;-38,491155
352258;27;11;2019;19:47;20075;AV PRS JUSCELINO KUBITSCHEK (PASSARÉ);RUA PRO JOSE SILVEIRA;;;;Colisão Transversal;Via Iluminada;Bom;Seca;T;Não Há Controle;Residencial;0;1;1;1;0;0;0;0;0;1;0;0;-3,808288;-38,525745
352063;27;11;2019;11:26;7645;RUA ESTADO DO RIO;RUA PERNAMBUCO;;;;Colisão Lateral;Luz do Dia;Bom;Seca;Cruz;Pare;Residencial;0;2;0;0;0;0;0;0;0;1;0;0;-3,758439;-38,570848
352018;27;11;2019;00:30;7401;AV SEN FERNANDES TAVORA;RUA AUDISIO PINHEIRO;;;;Colisão Transversal;Via Iluminada;Bom;Seca;Cruz;Semáforo;Comercial;0;1;1;0;1;0;0;0;0;1;0;0;-3,758593;-38,588886
353071;27;11;2019;09:00;0;RD BR 116;;;6000;KM-06;Colisão Transversal;Luz do Dia;Bom;Seca;Meio de Quadra;;;0;1;1;1;0;1;0;0;0;0;0;0;-3,804691;-38,503053
353088;27;11;2019;06:25;0;RD BR 116;;;7000;KM-07;Colisão Frontal;Luz do Dia;Bom;Seca;Meio de Quadra;;;0;2;1;0;0;0;0;1;0;1;0;0;-3,786276359;-38,5115614
353053;27;11;2019;02:39;0;AV SEN FERNANDES TAVORA;;;1800;;Colisão;;;;Meio de Quadra;;;0;0;1;0;0;0;0;0;0;1;0;0;-3,758627667;-38,5888215
353072;28;11;2019;17:00;0;RD BR 222;;;200;;Colisão Traseira;Anoitecer;Bom;Seca;Meio de Quadra;;;0;1;1;1;0;0;0;0;0;1;0;0;;
352260;28;11;2019;09:14;24156;RUA HERMINIA BONAVIDES;RUA OLIVEIRA FILHO;;;;Engavetamento;Luz do Dia;Bom;Seca;Cruz;Pare;Residencial;0;3;0;1;0;0;0;0;0;0;0;0;-3,730624;-38,462145
352261;28;11;2019;12:37;0;RUA PROF. MANOEL LOURENCO;;;50;;Colisão Lateral;Luz do Dia;Bom;Seca;Meio de Quadra;Não Há Controle;Comercial;0;1;1;1;0;0;0;0;0;1;0;0;-3,80812;-38,46949
352600;28;11;2019;12:04;12574;RUA CARLOS GONDIM;RUA PDE TEODORO (QUNTINO CUNHA);;;;Colisão;Luz do Dia;;;Cruz;Não Há Controle;Residencial;0;2;1;1;0;0;0;0;0;1;0;0;-3,721131;-38,58992
352601;28;11;2019;11:45;25036;RUA CAP MELO;RUA EDUARDO BEZERRA;;;;Colisão;Luz do Dia;;;Cruz;Semáforo;Residencial;0;1;1;1;0;0;0;0;0;1;0;0;-3,753803;-38,513607
352602;28;11;2019;09:10;24969;AV ALM HENRIQUE SABOIA;AV PDE ANTONIO TOMAS;;;;Atropelamento;Luz do Dia;;;T;Gesto;Comercial;0;1;1;0;0;0;0;0;0;0;0;1;-3,743493;-38,489455
352603;28;11;2019;07:23;0;RD BR 116;;;8000;KM-08;Queda;Luz do Dia;;;Meio de Quadra;;;0;1;0;0;0;0;0;0;0;1;0;0;-3,822018;-38,503269
352581;28;11;2019;18:26;0;AV OLAVO BILAC;;;;;Queda;Anoitecer;;;Meio de Quadra;;;0;1;0;0;0;0;0;0;0;1;0;0;;
352577;28;11;2019;18:33;0;AV PERIMETRAL;;;3602;;Colisão;;;;Meio de Quadra;;;0;2;1;1;0;0;0;0;0;1;0;0;;
352587;28;11;2019;18:11;0;AV ENG SANTANA JUNIOR;;;2977;;Queda;Anoitecer;;;Meio de Quadra;;;0;1;0;0;0;0;0;0;0;1;0;0;-3,745684;-38,489244
352588;28;11;2019;17:19;0;RUA CAP CLOVIS MAIA;;;3125;AABEC;Queda;Anoitecer;;;Meio de Quadra;;;0;1;0;0;0;0;0;0;0;1;0;0;-3,734;-38,45622
352589;28;11;2019;16:54;0;RUA BRAS VIDAL;;;1036;;Colisão;Luz do Dia;;;Meio de Quadra;;;0;1;1;1;0;0;0;0;0;0;0;0;;
352590;28;11;2019;15:48;0;AV N CJ JOSE WALTER;;;631;;Colisão;Luz do Dia;;;Meio de Quadra;;;0;1;1;0;0;0;1;0;0;1;0;0;-3,7732558;-38,4994189
352591;28;11;2019;15:23;0;AV EDILSON B SOARES;;;31;;Colisão;Luz do Dia;;;Meio de Quadra;;;0;1;1;1;0;0;0;0;0;1;0;0;-3,789867192;-38,48543565
352592;28;11;2019;14:15;0;AV NOVE;;;450;;Colisão;Luz do Dia;;;Meio de Quadra;;;0;1;1;0;0;0;0;0;0;0;0;0;-3,8303988;-38,6062144
352593;28;11;2019;14:09;0;RUA TEODOMIRO DE CASTRO;;;4218;;Queda;Luz do Dia;;;Meio de Quadra;;;0;2;0;0;0;1;0;0;0;0;0;0;-3,719041;-38,57176874
352594;28;11;2019;13:07;0;AV PRS COSTA E SILVA;;;;;Queda;Luz do Dia;;;Meio de Quadra;;;0;1;0;0;0;0;0;0;0;1;0;0;;
352595;28;11;2019;12:43;0;RUA GAL CORDEIRO NETO;;;560;;Colisão;Luz do Dia;;;Meio de Quadra;;;0;1;1;1;0;0;0;0;0;1;0;0;-3,718051;-38,5710227
352596;28;11;2019;12:26;8125;RUA MANUEL DE QUEIROZ;RUA BENTO ALBUQUERQUE;;;;Colisão;Luz do Dia;;;Cruz;Pare;Comercial;0;1;1;0;0;0;0;0;0;1;0;0;-3,748837;-38,467393
352597;28;11;2019;12:22;0;RUA 101 CJ ESPERANCA;;;1311;;Queda;Luz do Dia;;;Meio de Quadra;;;0;1;0;0;0;0;0;0;0;1;0;0;-3,81018;-38,58918
352598;28;11;2019;12:09;0;AV ALBERTO CRAVEIRO;;;;;Colisão;Luz do Dia;;;Meio de Quadra;;;0;1;1;1;0;0;0;0;0;1;0;0;;
352575;28;11;2019;18:44;0;RUA 1153 CJ CEARA;;;227;;Colisão;;;;Meio de Quadra;;;0;1;1;1;0;1;0;0;0;0;0;0;-3,7617331;-38,6097331
352564;28;11;2019;19:15;0;RUA PORTO VELHO;;;879;;Colisão;;;;Meio de Quadra;;;0;1;0;0;0;0;0;0;0;1;0;0;-3,765340143;-38,58820743
352562;28;11;2019;19:05;0;RUA RIO GRANDE DO SUL;;;803;;Queda;;;;Meio de Quadra;;;0;1;0;0;0;0;0;0;0;1;0;0;-3,755913769;-38,56582746
352557;28;11;2019;19:32;0;RUA MIRTES CORDEIRO;;;1084;;Atropelamento;;;;Meio de Quadra;;;0;1;1;1;0;0;0;0;0;0;0;0;-3,78843;-38,60089
352554;28;11;2019;20:00;0;RUA PDE PEDRO DE ALENCAR;;;1720;;Colisão;;;;Meio de Quadra;;;0;2;1;1;0;0;0;0;0;1;0;0;-3,843234544;-38,49435997
352541;28;11;2019;20:17;7752;AV JOAO PESSOA;AV CARNEIRO DE MENDONCA;;;;Colisão;;;;T;Semáforo;Comercial;0;1;1;0;0;0;0;0;0;0;0;0;-3,767222;-38,559808
352533;28;11;2019;21:24;5965;AV F CJ CEARA;AV C CJ CEARA;;;;Colisão;;;;Rotatória;Dê Preferência;Residencial;0;2;0;0;0;0;0;0;0;1;0;0;;
352585;28;11;2019;18:19;0;RUA CON LIMA SUCUPIRA;;;2343;;Colisão;Anoitecer;;;Meio de Quadra;;;0;1;1;1;0;0;0;0;0;1;0;0;-3,776469867;-38,5561784
352455;29;11;2019;08:13;0;AV HERACLITO GRACA;;;411;;Queda;Luz do Dia;;;Meio de Quadra;;;0;1;0;0;0;0;0;0;0;1;0;0;-3,734848714;-38,52034686
352457;29;11;2019;07:24;0;RUA LINS DO REGO;;;706;;Colisão;Luz do Dia;;;Meio de Quadra;;;0;3;0;0;0;0;0;0;0;1;0;0;-3,781389;-38,57911767
352466;29;11;2019;07:01;0;AV PRO JOSE ARTHUR CARVALHO;;;560;;Colisão;Luz do Dia;;;Meio de Quadra;;;0;1;1;1;0;0;0;0;0;1;0;0;-3,826479;-38,473498
352463;29;11;2019;07:15;0;AV FRANCISCO SA;;;3636;;Queda;Luz do Dia;;;Meio de Quadra;;;0;1;0;0;0;0;0;0;0;1;0;0;-3,717413154;-38,55731858
352464;29;11;2019;07:11;3769;AV DOMINGOS OLIMPIO;RUA SEN POMPEU;;;;Choque c/ Obstáculo Fixo;Luz do Dia;;;Cruz;Semáforo;Comercial;0;1;1;0;0;0;0;0;0;0;0;0;-3,736254;-38,532455
352512;29;11;2019;06:33;0;AV GAL OSORIO DE PAIVA;;;7617;;Colisão;Luz do Dia;;;Meio de Quadra;;;0;1;1;0;0;0;1;0;0;1;0;0;-3,818792;-38,615682
352530;29;11;2019;04:26;0;AV ANTONIO SALES;;;;;Colisão;;;;Meio de Quadra;;;0;2;0;0;0;0;0;0;0;0;0;0;;
352515;29;11;2019;06:23;0;RUA ANTERO QUENTAL;;;93;;Colisão;Luz do Dia;;;Meio de Quadra;;;0;1;1;1;0;0;0;0;0;1;0;0;-3,8514384;-38,4925109
352900;29;11;2019;16:38;0;RUA BAR RIO BRANCO;;;1816;;Atropelamento;Luz do Dia;;;Meio de Quadra;;;1;0;1;0;0;0;0;0;0;1;0;0;-3,734707;-38,530891
352262;29;11;2019;13:41;13402;AV ANTONIO SALES;RUA ILDEFONSO ALBANO;;;;Colisão Transversal;Luz do Dia;Bom;Seca;Cruz;Semáforo;Comercial;0;0;2;1;0;0;0;0;0;0;0;0;-3,741238;-38,515947
352263;29;11;2019;13:15;0;AV PRS CASTELO BRANCO;;;600;IGREJA STA. EDWIRGES;Colisão Traseira;Luz do Dia;Bom;Seca;Meio de Quadra;Semáforo;Residencial;0;1;1;0;0;0;0;0;0;1;0;0;-3,6999935;-38,5875652
352264;29;11;2019;14:30;0;AV EDILSON B SOARES;RUA SANDRA GENTIL;;0;;Colisão Transversal;Luz do Dia;Bom;Seca;;;;0;1;1;1;0;0;0;0;0;0;0;0;-3,7885284;-38,4694349
352265;29;11;2019;20:44;15743;RUA HERBENE;RUA MANUEL ARRUDA;;;;Colisão Transversal;Via Iluminada;Bom;Seca;Cruz;Gesto;Comercial;0;1;1;1;0;0;0;0;0;0;0;0;-3,828948;-38,504019
352271;29;11;2019;06:56;5284;RUA PEDRO I;RUA PRC ISABEL;;;;Colisão Lateral;Luz do Dia;Bom;Seca;Cruz;Pare;Comercial;0;1;1;0;1;0;0;0;0;0;0;0;-3,728809;-38,536144
352408;29;11;2019;23:39;0;AV CASTELO DE CASTRO;;;1552;;Colisão;;;;Meio de Quadra;;;0;1;1;0;0;0;0;0;0;0;0;0;-3,843355353;-38,52155599
352409;29;11;2019;23:32;0;AV JOR JOAO RAMOS;;;1986;;Colisão;;;;Meio de Quadra;;;0;1;1;1;0;0;0;0;0;1;0;0;-3,841499333;-38,575077
352410;29;11;2019;07:26;25486;AV SEN CARLOS JEREISSATI (AEROPORTO);AV ALBERTO CRAVEIRO;;;;Colisão;Luz do Dia;;;Y;Semáforo Intermitente;Outros;0;1;1;1;0;0;0;0;0;1;0;0;-3,783767;-38,516874
352411;29;11;2019;22:32;24195;AV ENG SANTANA JUNIOR;RUA PASCOAL CASTRO ALVES;;;;Colisão;;;;Cruz;Não Há Controle;Residencial;0;1;1;1;0;0;0;0;0;1;0;0;-3,731999;-38,479778
352423;29;11;2019;21:01;0;RUA YASMIM CARDOSO;;;21;;Queda;;;;Meio de Quadra;;;0;1;0;0;0;0;0;0;0;1;0;0;-3,76564;-38,59872
352424;29;11;2019;18:25;0;RD CE-060;;;6395;KM-02;Colisão;Anoitecer;;;Meio de Quadra;;;0;2;0;0;0;0;0;0;0;1;0;0;-3,834064;-38,582111
352421;29;11;2019;21:01;22886;RUA INACIO PARENTE;RUA BERNARDO MANUEL;;;;Queda;;;;Cruz;Não Há Controle;Comercial;0;1;0;0;0;0;0;0;0;1;0;0;-3,781268;-38,546074
352418;29;11;2019;21:05;0;RUA PDE MORORO;;;932;;Queda;;;;Meio de Quadra;;;0;1;0;0;0;0;0;0;0;1;0;0;-3,7248202;-38,537285
352405;29;11;2019;18:55;0;RD CE-040;;;;KM-07;Colisão;;;;Meio de Quadra;;;0;1;2;1;0;0;0;0;0;0;0;0;-3,817159445;-38,48303286
352416;29;11;2019;22:05;0;RUA CAP HUGO BEZERRA;;;970;;Colisão;;;;Meio de Quadra;;;0;1;1;1;0;0;0;0;0;1;0;0;-3,820548;-38,511686
352432;29;11;2019;20:11;0;RUA ESPIRITO SANTO;;;491;;Colisão;;;;Meio de Quadra;;;0;1;1;0;0;0;0;0;0;0;0;0;-3,752593;-38,567954
352447;29;11;2019;12:02;0;RUA JULIO SILVA;;;;;Queda;Luz do Dia;;;Meio de Quadra;;;0;1;0;0;0;0;0;0;0;1;0;0;;
352448;29;11;2019;10:55;1286;RUA MARCOS MACEDO;RUA VIS MAUA;;;;Colisão;Luz do Dia;;;Cruz;Pare;Residencial;0;1;1;1;0;0;0;0;0;1;0;0;-3,733909;-38,498715
352449;29;11;2019;10:11;0;RUA CEL FABRICIANO;;;622;;Colisão;Luz do Dia;;;Meio de Quadra;;;0;1;1;0;0;0;0;0;0;1;0;0;-3,7860431;-38,5964238
352450;29;11;2019;09:45;0;AV JOSE BASTOS;;;5572;;Colisão;Luz do Dia;;;Meio de Quadra;;;0;1;1;1;0;0;0;0;0;1;0;0;-3,760562;-38,564477
352451;29;11;2019;09:41;0;RUA RIO PARAGUAI;;;3033;;Colisão;Luz do Dia;;;Meio de Quadra;;;0;1;1;0;0;0;0;0;0;0;0;0;-3,72972;-38,58468
352452;29;11;2019;08:35;0;AV MR HULL;;;600;;Queda;Luz do Dia;;;Meio de Quadra;;;0;2;0;0;0;0;0;0;0;1;0;0;-3,73803;-38,58146
352434;29;11;2019;19:43;0;AV BEZERRA DE MENEZES;;;300;;Colisão;;;;Meio de Quadra;;;0;2;0;0;0;0;0;0;0;1;0;0;-3,73101;-38,5427
352435;29;11;2019;19:26;0;RUA LUIS BENTO;;;490;;Atropelamento;;;;Meio de Quadra;;;0;1;1;0;0;0;0;0;0;1;0;0;-3,8082886;-38,4125044
352436;29;11;2019;19:08;0;AV DO PASSARE;;;425;;Queda;;;;Meio de Quadra;;;0;1;0;0;0;1;0;0;0;0;0;0;;
352437;29;11;2019;18:47;0;AV CEL CARVALHO;;;3088;;Colisão;;;;Meio de Quadra;;;0;1;1;0;0;0;0;0;0;0;0;0;-3,730389647;-38,58472441
352438;29;11;2019;18:33;0;RUA JULIO LIMA;;;457;;Colisão;;;;Meio de Quadra;;;0;1;1;0;0;0;0;0;0;0;0;0;-3,796431725;-38,50103698
352439;29;11;2019;17:52;19789;RUA DOM MANUEL DE MEDEIROS;RUA ERICO MOTA;;;;Colisão;Anoitecer;;;Cruz;Pare;Residencial;0;2;0;0;0;0;0;0;0;0;0;0;-3,738739;-38,5623
352440;29;11;2019;15:41;4167;AV FRANCISCO SA;RUA PLACIDO CARVALHO;;;;Colisão;Luz do Dia;;;T;Não Há Controle;Comercial;0;1;1;0;0;0;0;0;0;0;0;0;-3,718081;-38,555342
352441;29;11;2019;14:56;0;AV D CJ CEARA;;;1112;;Colisão;Luz do Dia;;;Meio de Quadra;;;0;1;1;1;0;0;0;0;0;1;0;0;-3,761862133;-38,603007
352442;29;11;2019;14:46;22849;RUA CON LIMA SUCUPIRA;RUA DR JUSTA ARAUJO D45;;;;Colisão;Luz do Dia;;;Cruz;Semáforo;Residencial;0;1;1;1;0;0;0;0;0;1;0;0;-3,778167;-38,550832
352443;29;11;2019;14:39;0;AV DUQ CAXIAS;;;1293;;Atropelamento;Luz do Dia;;;Meio de Quadra;;;0;1;1;0;0;0;0;0;0;1;0;0;-3,730237;-38,534728
352444;29;11;2019;13:26;12579;RUA MARIA CLARA;RUA PDE TEODORO (QUNTINO CUNHA);;;;Colisão;Luz do Dia;;;Cruz;Não Há Controle;Residencial;0;1;1;1;0;0;0;0;0;1;0;0;-3,724624;-38,590933
352402;30;11;2019;00:18;0;RUA POMPILIO GOMES;;;734;;Queda;;;;Meio de Quadra;;;0;1;0;0;0;0;0;0;0;1;0;0;;
352393;30;11;2019;03:35;0;AV GAL OSORIO DE PAIVA;;;1919;;Colisão;;;;Meio de Quadra;;;0;1;1;1;0;0;0;0;0;1;0;0;-3,783836075;-38,57950543
352396;30;11;2019;00:52;0;RUA CEL MATOS DOURADO;;;520;;Queda;;;;Meio de Quadra;;;0;2;0;0;0;0;0;0;0;1;0;0;-3,743171197;-38,58504361
352387;30;11;2019;07:39;0;AV PRS COSTA E SILVA;;;490;;Colisão;Luz do Dia;;;Meio de Quadra;;;0;2;0;0;0;0;0;0;0;1;0;0;-3,8122048;-38,5735907
352389;30;11;2019;07:33;0;RUA OSCAR ARARIPE;;;2318;;Queda;Luz do Dia;;;Meio de Quadra;;;0;1;0;0;0;0;0;0;0;1;0;0;-3,787207677;-38,61171332
352379;30;11;2019;07:39;0;RUA B VENEZA TROPICAL;;;315;;Queda;Luz do Dia;;;Meio de Quadra;;;0;2;0;0;0;0;0;0;0;1;0;0;-3,85098;-38,48634
352377;30;11;2019;08:52;6817;RUA BENTO ALBUQUERQUE;RUA FRANCISCO MATOS;;;;Queda;Luz do Dia;;;Cruz;Pare;Residencial;0;1;0;0;0;0;0;0;0;1;0;0;-3,747862;-38,470436
352375;30;11;2019;08:52;20947;RUA MARANHAO;RUA CLAUDIO MANUEL;;;;Colisão;Luz do Dia;;;;;;0;1;1;0;0;0;0;0;0;0;0;0;-3,749837;-38,572438
352372;30;11;2019;10:12;0;AV GODOFREDO MACIEL;;;2640;;Colisão;Luz do Dia;;;Meio de Quadra;;;0;1;1;1;0;0;0;0;0;1;0;0;-3,798614;-38,57057
352299;30;11;2019;23:57;0;AV HIS RAIMUNDO GIRAO;;;;;Atropelamento;;;;Meio de Quadra;;;1;0;1;0;1;0;0;0;0;0;0;0;-3,72257;-38,50742
352301;30;11;2019;23:00;0;RUA RAUL CABRAL;;;715;;Colisão;;;;Meio de Quadra;;;1;1;0;0;0;0;0;0;0;1;0;0;-3,76862;-38,545143
352302;30;11;2019;22:53;0;AV A CJ JOSE WALTER;;;770;;Colisão;;;;Meio de Quadra;;;0;1;1;1;0;0;0;0;0;1;0;0;-3,823931333;-38,55718383
352303;30;11;2019;22:11;0;AV ALBERTO CRAVEIRO;;;1083;;Queda;;;;Meio de Quadra;;;0;1;0;0;0;0;0;0;0;1;0;0;-3,78933;-38,51692
352304;30;11;2019;21:56;0;AV N (CJ VILA VELHA);;;412;;Colisão;;;;Meio de Quadra;;;0;1;1;1;0;0;0;0;0;1;0;0;;
352305;30;11;2019;21:07;0;AV FRANCISCO SA;;;;;Colisão;;;;Meio de Quadra;;;0;1;1;1;0;0;0;0;0;1;0;0;;
352306;30;11;2019;20:07;0;AV GODOFREDO MACIEL;;;521;;Queda;;;;Meio de Quadra;;;0;1;0;0;0;0;0;0;0;1;0;0;-3,780749043;-38,56508148
352307;30;11;2019;20:00;26252;RUA ANTONIO BARROS;RUA PERGENTINO MAIA;;;;Colisão;;;;Cruz;Semáforo;Comercial;0;1;1;0;0;0;0;0;0;0;0;0;-3,8313815;-38,4889943
352308;30;11;2019;19:33;0;RUA OSORIO CORREIA;;;2677;;Colisão;;;;Meio de Quadra;;;0;2;0;0;0;0;0;0;0;1;0;0;-3,81839;-38,60476
352309;30;11;2019;19:00;0;RUA BERNARDO MANUEL;;;10945;;Colisão;;;;Meio de Quadra;;;0;2;0;0;0;0;0;0;0;1;0;0;-3,814706407;-38,55628446
352310;30;11;2019;18:58;0;AV DIOGUINHO;;;;;Colisão;;;;Meio de Quadra;;;0;1;1;1;0;0;0;0;0;1;0;0;;
352311;30;11;2019;18:38;9576;RUA JOSE TORRES;RUA TEODORO DE CASTRO;;;;Colisão;;;;Cruz;Pare;Residencial;0;1;1;0;0;0;0;0;0;1;0;0;-3,779192;-38,607054
352312;30;11;2019;18:33;0;RUA JULIO ABREU;;;284;;Colisão;;;;Meio de Quadra;;;0;1;1;1;0;1;0;0;0;0;0;0;-3,73587;-38,48634
352313;30;11;2019;18:29;0;RUA CARIUS;;;382;;Colisão;Anoitecer;;;Meio de Quadra;;;0;2;1;1;0;0;0;0;0;1;0;0;-3,72187;-38,59251
352314;30;11;2019;18:26;0;RUA JACINTO MATOS;;;2410;;Colisão;Anoitecer;;;Meio de Quadra;;;0;1;1;1;0;0;0;0;0;1;0;0;;
352315;30;11;2019;18:08;0;AV ALBERTO CRAVEIRO;;;;;Colisão;Anoitecer;;;Meio de Quadra;;;0;1;1;1;0;0;0;0;0;1;0;0;;
352316;30;11;2019;18:02;0;AV DIOGUINHO;;;6280;;Colisão;Anoitecer;;;Meio de Quadra;;;0;2;0;0;0;0;0;0;0;1;0;0;-3,769059;-38,439552