COD_ACIDENTE;DIA;MES;ANO;HORA;INTERSECAO;LOG1;LOG2;LOG3;NUMERO;REFERENCIA;NATUREZA;ILUMINACAO;TEMPO;SUPERFICIEPISTA;TIPOCRUZAMENTO;CONTROLETRAFEGO;USOSOLO;MORTOS;FERIDOS;ILESOS;AUTOMOVEL;ONIBUS;BICICLETA;CAMINHAO;MICROONIBUS;CICLOMOTOR;MOTOCICLETA;TRACAOANIMAL;TREM;LATITUDE;LONGITUDE
352317;30;11;2019;18:00;0;RUA CON DE CASTRO;;;4356;;Colisão;Anoitecer;;;Meio de Quadra;;;0;2;0;0;0;0;0;0;0;1;0;0;-3,803827077;-38,59088592
352318;30;11;2019;17:42;0;AV DR SILAS MUNGUBA;;;1199;;Colisão;Anoitecer;;;Meio de Quadra;;;0;1;1;0;0;0;0;0;0;0;0;0;-3,782377;-38,555434
352319;30;11;2019;17:38;0;AV PRS CASTELO BRANCO;;;;;Queda;Anoitecer;;;Meio de Quadra;;;0;1;0;0;0;0;0;0;0;1;0;0;;
352320;30;11;2019;16:24;0;RUA TAQUARI;;;1600;;Queda;Luz do Dia;;;Meio de Quadra;;;0;1;0;0;0;0;0;0;0;1;0;0;-3,77811;-38,594992
352321;30;11;2019;13:42;0;RUA ANGELA DINIZ;;;1489;;Colisão;Luz do Dia;;;Meio de Quadra;;;0;1;1;0;0;0;0;0;0;0;0;0;-3,84245;-38,53225
352322;30;11;2019;13:25;0;AV BORGES DE MELO;;;1277;;Queda;Luz do Dia;;;Meio de Quadra;;;0;1;0;0;0;0;0;0;0;1;0;0;-3,760118;-38,529837
352323;30;11;2019;13:24;0;RUA MON HIPOLITO BRASIL;;;441;;Colisão;Luz do Dia;;;Meio de Quadra;;;0;1;1;1;0;0;0;0;0;1;0;0;-3,759293;-38,578121
352324;30;11;2019;13:15;0;AV PRS CASTELO BRANCO;;;2496;;Queda;Luz do Dia;;;Meio de Quadra;;;0;1;0;0;0;1;0;0;0;0;0;0;-3,713220319;-38,55023513
352325;30;11;2019;12:53;0;AV AUGUSTO DOS ANJOS;;;1786;;Atropelamento;Luz do Dia;;;Meio de Quadra;;;0;1;1;1;0;0;0;0;0;0;0;0;-3,781512;-38,580334
352326;30;11;2019;12:47;1654;RUA BENI DE CARVALHO;AV SEN VIRGILIO TAVORA;;;;Colisão;Luz do Dia;;;Cruz;Semáforo;Comercial;0;1;1;1;0;0;0;0;0;1;0;0;-3,745678;-38,495995
352327;30;11;2019;12:26;0;RUA FRE MARCELINO;;;1644;;Colisão;Luz do Dia;;;Meio de Quadra;;;0;1;1;0;0;0;0;0;0;0;0;0;-3,74913;-38,55733
352266;30;11;2019;02:59;24156;RUA HERMINIA BONAVIDES;RUA OLIVEIRA FILHO;;;;Colisão Transversal;Via Iluminada;Bom;Seca;Cruz;Não Há Controle;Residencial;0;0;2;1;0;0;0;0;0;0;0;0;-3,730624;-38,462145
352267;30;11;2019;05:20;5159;RUA GUILHERME ROCHA;AV IMPERADOR;;;;Colisão Lateral;Amanhecer;Bom;Seca;Cruz;Semáforo;Comercial;0;2;1;0;1;0;0;0;0;1;0;0;-3,725081;-38,533829
352268;30;11;2019;12:30;0;AV LUCIANO CARNEIRO;RUA ALFREDO WEYNE (A. WEYNE);;;;Colisão;Luz do Dia;Bom;Seca;Meio de Quadra;Pare;Comercial;0;1;1;1;0;0;0;0;0;1;0;0;-3,7546259;-38,5336012
352269;30;11;2019;13:20;0;AV OLIVEIRA PAIVA;;;201;;Colisão Traseira;Luz do Dia;Bom;Seca;Meio de Quadra;Não Há Controle;Comercial;0;0;2;1;0;0;0;0;0;0;0;0;-3,798714;-38,503433
352270;30;11;2019;08:00;10726;RUA PRO HERIBALDO COSTA;RUA CURITIBA;;;;Colisão Lateral;Luz do Dia;Bom;Seca;Cruz;Pare;Residencial;0;2;1;1;0;0;0;0;0;1;0;0;-3,759992;-38,583853
352072;30;11;2019;20:00;3386;RUA VIRIATO RIBEIRO;RUA MON FURTADO;;;;Colisão Transversal;Anoitecer;Bom;Seca;Cruz;Pare;Misto;0;1;1;0;0;0;0;0;0;1;0;0;-3,754831;-38,556736
352073;30;11;2019;19:00;0;AV BORGES DE MELO;;;806;;Colisão Traseira;Via Iluminada;Bom;Seca;Meio de Quadra;Semáforo;Residencial;0;1;1;1;0;0;0;0;0;1;0;0;-3,760620024;-38,52668632
352446;30;11;2019;15:00;0;RD CE-040;;;;KM-02;Colisão;Luz do Dia;;;Meio de Quadra;;;0;0;4;1;0;0;0;0;0;0;0;0;-3,773616148;-38,4817994
353084;30;11;2019;01:50;0;RD BR 116;;;11000;KM-11;Choque c/ Obstáculo Fixo;;Bom;Seca;Meio de Quadra;;;0;1;1;1;0;0;1;0;0;0;0;0;-3,84716;-38,497176
353068;30;11;2019;08:00;0;RUA MARIA JULIA;;;450;;Queda;Luz do Dia;;;Meio de Quadra;;;1;0;0;0;0;1;0;0;0;0;0;0;-3,789714833;-38,59904528
353115;1;12;2019;20:00;0;RD CE-040;;;;KM-04;Colisão;;;;Meio de Quadra;;;0;0;2;1;0;0;0;0;0;0;0;0;-3,791613156;-38,48033084
353110;1;12;2019;16:20;0;RD CE-025;;;;KM-01;Capotamento;Luz do Dia;;Seca;Meio de Quadra;;;0;0;2;1;0;0;0;0;0;0;0;0;-3,807811443;-38,4700486
353108;1;12;2019;;0;RD CE-040;;;;KM-02;Colisão;;;;Meio de Quadra;;;0;0;2;1;0;0;0;0;0;0;0;0;-3,773616148;-38,4817994
353181;1;12;2019;10:53;0;AV ENG ALBERTO SA;RUA VALDETARIO MOTA;;0;;Não Informado;Luz do Dia;Bom;Seca;Cruz;Semáforo;Comercial;0;1;1;1;0;0;0;0;0;1;0;0;-3,7337748;-38,4786897
353182;1;12;2019;13:04;9060;RUA LAURO MAIA;RUA PDE MATOS SERRA;;0;;Colisão Traseira;Luz do Dia;Bom;Seca;T;Pare;Residencial;0;0;1;1;0;0;0;0;0;1;0;0;-3,743794;-38,523621
353183;1;12;2019;21:20;7926;AV ANTONIO SALES;RUA BARBOSA DE FREITAS;;;;Colisão Transversal;Via Iluminada;Bom;Seca;Cruz;Semáforo;Comercial;0;1;1;1;0;0;0;0;0;1;0;0;-3,746051;-38,500407
353324;1;12;2019;02:01;0;AV JOSE BASTOS;;;6118;;Colisão;;;;Meio de Quadra;;;0;1;0;1;0;0;0;0;0;1;0;0;-3,76519;-38,567535
353332;1;12;2019;02:32;0;RD BR 116;;;;;Colisão;;;;Meio de Quadra;;;0;2;0;1;0;0;0;0;0;1;0;0;;
353342;1;12;2019;02:40;10749;RUA PRO HERIBALDO COSTA;AV SEN FERNANDES TAVORA;;;;Colisão;;;;Cruz;Semáforo;Comercial;0;1;0;1;0;0;0;0;0;1;0;0;-3,761006;-38,584384
353343;1;12;2019;05:29;0;RUA JOAQUIM ALBANO;;;;;Queda;Amanhecer;;;Meio de Quadra;;;0;1;0;0;0;0;0;0;0;1;0;0;;
353344;1;12;2019;08:27;0;RD BR 116;;;14000;KM-14;Queda;Luz do Dia;;;Meio de Quadra;;;0;1;0;0;0;0;0;0;0;1;0;0;;
353345;1;12;2019;09:22;0;AV PRS CASTELO BRANCO;;;94;;Queda;Luz do Dia;;;Meio de Quadra;;;0;1;0;0;0;0;0;0;0;1;0;0;-3,72312;-38,521563
353346;1;12;2019;10:40;24236;RUA DES WALDETARIO P MOTA;AV ENG ALBERTO SA;;;;Colisão;Luz do Dia;;;Cruz;Semáforo;Comercial;0;1;0;1;0;0;0;0;0;1;0;0;-3,733736;-38,47869
353347;1;12;2019;11:18;0;AV WASHINGTON SOARES;;;2559;;Colisão;Luz do Dia;;;Meio de Quadra;;;0;1;0;1;0;0;0;0;0;1;0;0;-3,8270537;-38,4820068
353348;1;12;2019;11:30;0;RUA EMILIO DE MENESES;;;3035;;Colisão;Luz do Dia;;;Meio de Quadra;;;0;2;0;1;0;0;0;0;0;1;0;0;-3,775922207;-38,60806355
353396;1;12;2019;12:49;0;RUA LAURO MAIA;;;1249;;Colisão;Luz do Dia;;;Meio de Quadra;;;0;1;0;1;0;0;0;0;0;1;0;0;-3,750839864;-38,52215957
353397;1;12;2019;15:20;5451;RUA BARBARA DE ALENCAR;AV DOM MANUEL;;;;Colisão;Luz do Dia;;;Cruz;Semáforo;Comercial;0;1;0;1;0;0;0;0;0;1;0;0;-3,734972;-38,523262
353398;1;12;2019;15:46;0;AV MR HULL;;;5322;;Queda;Luz do Dia;;;Meio de Quadra;;;0;1;0;0;0;0;0;0;0;1;0;0;-3,739722263;-38,59194984
353399;1;12;2019;15:51;0;AV FRANCISCO SA;;;3200;;Colisão;Luz do Dia;;;Meio de Quadra;;;0;1;0;1;0;0;0;0;0;1;0;0;-3,7184448;-38,5542056
353400;1;12;2019;15:57;0;RUA DR JOAQUIM BENTO;;;474;;Colisão;Luz do Dia;;;Meio de Quadra;;;0;1;0;0;0;0;0;0;0;0;0;0;-3,828345871;-38,48739968
353401;1;12;2019;17:07;0;AV DEP PAULINO ROCHA;;;1901;;Queda;Anoitecer;;;Meio de Quadra;;;0;1;0;0;0;1;0;0;0;0;0;0;-3,811296657;-38,51469325
353402;1;12;2019;17:09;0;RUA TEN AURELIO SAMPAIO;;;356;;Queda;Anoitecer;;;Meio de Quadra;;;0;1;0;0;0;0;0;0;0;1;0;0;-3,773198;-38,51463313
353412;1;12;2019;17:24;0;AV WASHINGTON SOARES;;;6230;;Queda;Anoitecer;;;Meio de Quadra;;;0;1;0;0;0;0;0;0;0;1;0;0;-3,813292;-38,479989
353413;1;12;2019;18:32;0;AV ABOLICAO;;;585;;Atropelamento;;;;Meio de Quadra;;;0;1;0;1;0;0;0;0;0;0;0;0;;
353414;1;12;2019;18:39;17583;RUA ESTADO DO RIO;RUA PIAUI;;;;Colisão;;;;Cruz;Pare;Residencial;0;1;0;0;0;0;0;0;0;1;0;0;-3,755344;-38,568847
353415;1;12;2019;19:07;21550;RUA FRANCISCO ALMEIDA;RUA RAIMUNDO ARISTIDES;;;;Colisão;;;;Cruz;Não Há Controle;Residencial;0;1;0;1;0;0;0;0;0;1;0;0;-3,818238;-38,59155
353416;1;12;2019;19:42;0;RUA VIA LACTEA;;;;;Atropelamento;;;;Meio de Quadra;;;0;1;0;1;0;0;0;0;0;0;0;0;;
353417;1;12;2019;19:44;0;RUA JOSE DANTAS VIEIRA;;;;;Queda;;;;Meio de Quadra;;;0;1;0;0;0;0;0;0;0;1;0;0;;
353418;1;12;2019;19:58;0;AV N CJ JOSE WALTER;;;2196;;Queda;;;;Meio de Quadra;;;0;1;0;0;0;1;0;0;0;0;0;0;-3,7771242;-38,4874599
353385;1;12;2019;11:54;0;AV C CJ CEARA;;;11;;Queda;Luz do Dia;;;Meio de Quadra;;;0;1;0;0;0;0;0;0;0;1;0;0;-3,7132481;-38,5945006
353424;1;12;2019;20:41;0;RUA JOAQUIM ALFREDO;;;865;;Colisão;;;;Meio de Quadra;;;0;1;0;1;0;0;0;0;0;1;0;0;-3,804474667;-38,58792033
353425;1;12;2019;21:34;0;RUA GAL RABELO;;;299;;Colisão;;;;Meio de Quadra;;;0;0;1;0;0;0;0;0;0;1;0;0;-3,805867721;-38,6057318
353427;1;12;2019;23:30;0;RUA BERNARDO MANUEL;;;8600;;Queda;;;;Meio de Quadra;;;0;1;0;0;0;0;0;0;0;1;0;0;-3,795274;-38,55037
354346;1;12;2019;00:30;26252;RUA PERGENTINO MAIA;RUA ANTONIO BARROS;;;;Colisão;;;;Cruz;Semáforo;Comercial;0;0;2;0;1;1;0;0;0;0;0;0;-3,8313815;-38,4889943
354397;1;12;2019;00:26;12959;AV A CJ JOSE WALTER;RUA 3 CJ JOSE WALTER;;;;Colisão;;;;T;Pare;Residencial;0;0;2;1;0;0;0;0;0;1;0;0;-3,823675;-38,558
354369;1;12;2019;01:00;19539;AV DR SILAS MUNGUBA;RUA EQUADOR;;;;Colisão;;;;Cruz;Semáforo;Comercial;0;1;0;0;1;0;0;0;0;0;0;0;-3,782377;-38,555434
352021;1;12;2019;14:00;26015;RUA DAS OLIMPIADAS;AV DOS EXPEDICIONARIOS;;;;Atropelamento;Luz do Dia;Bom;Seca;;;;1;1;0;0;0;0;0;0;0;1;0;0;-3,8115721;-38,5552915
352027;2;12;2019;01:00;1510;AV JULIO VENTURA;RUA JOSE VILAR;;;;Colisão Lateral;;Bom;Seca;Cruz;Semáforo;Comercial;0;0;2;1;0;0;0;0;0;1;0;0;-3,739985;-38,506014
354089;2;12;2019;15:30;0;RD BR 116;;;;KM-01;Colisão Lateral;Luz do Dia;Bom;Seca;Meio de Quadra;;;0;1;1;1;0;0;0;0;0;1;0;0;-3,762554;-38,518702
353430;2;12;2019;01:12;0;AV CASTELO DE CASTRO;;;266;;Atropelamento;;;;Meio de Quadra;;;0;1;0;0;0;0;0;0;0;0;0;0;-3,8310835;-38,5214985
353436;2;12;2019;07:50;0;AV DR ALDY MENTOR;;;;;Colisão;Luz do Dia;;;Meio de Quadra;;;0;1;0;1;0;0;0;0;0;1;0;0;;
353432;2;12;2019;04:05;0;RUA PERNAMBUCO;;;2361;;Queda;;;;Meio de Quadra;;;0;1;0;0;0;0;0;0;0;1;0;0;-3,753324333;-38,576343
353433;2;12;2019;05:34;0;RUA PRO ALVARO COSTA;;;215;;Queda;Amanhecer;;;Meio de Quadra;;;0;1;0;0;0;0;0;0;0;1;0;0;-3,72324;-38,46491
353448;2;12;2019;09:29;0;AV GOV LEONEL BRIZOLA;;;291;;Queda;Luz do Dia;;;Meio de Quadra;;;0;1;0;0;0;0;0;0;0;1;0;0;-3,7709728;-38,4959712
353452;2;12;2019;10:21;0;AV DOM MANUEL;;;1020;;Queda;Luz do Dia;;;Meio de Quadra;;;0;1;0;0;0;0;0;0;0;1;0;0;-3,733144;-38,522666
353453;2;12;2019;11:57;23493;RUA SABINO MONTE;RUA CARVALHO JUNIOR;;;;Colisão;Luz do Dia;;;Cruz;Pare;Residencial;0;1;0;1;0;0;0;0;0;1;0;0;-3,758605;-38,511538
353454;2;12;2019;14:49;0;AV GAL OSORIO DE PAIVA;;;1850;;Colisão;Luz do Dia;;;Meio de Quadra;;;0;1;0;1;0;0;0;0;0;1;0;0;-3,783041565;-38,57819109
353456;2;12;2019;15:28;5328;AV TRISTAO GONCALVES;AV DUQ CAXIAS;;;;Atropelamento;Luz do Dia;;;Meio de Quadra;Não Há Controle;Comercial;0;1;0;1;0;0;0;0;0;0;0;0;-3,7304;-38,534196
353457;2;12;2019;15:31;0;RUA SILVA PAULET;;;1160;;Queda;Luz do Dia;;;Meio de Quadra;;;0;1;0;0;0;0;0;0;0;1;0;0;-3,735026;-38,505601
353462;2;12;2019;15:44;0;RD BR 116;;;236;;Colisão;Luz do Dia;;;Meio de Quadra;;;0;1;0;1;0;0;0;0;0;1;0;0;;
353463;2;12;2019;16:13;0;RUA PORTO VELHO;;;461;;Colisão;Luz do Dia;;;Meio de Quadra;;;0;1;0;0;0;0;0;0;0;1;0;0;-3,76695975;-38,5851555
353465;2;12;2019;16:45;0;AV BEIRA MAR;;;1050;;Colisão;Luz do Dia;;;Meio de Quadra;;;0;1;0;1;0;0;0;0;0;1;0;0;-3,7206535;-38,5104005
353466;2;12;2019;17:18;0;RUA VIS ICO D20;;;105;;Colisão;Anoitecer;;;Meio de Quadra;;;0;2;0;0;0;0;0;0;0;0;0;0;-3,72007835;-38,5595018
353474;2;12;2019;17:51;0;RUA BETEL;;;;;Atropelamento;Anoitecer;;;Meio de Quadra;;;0;1;0;0;0;0;0;0;0;0;0;0;;
353496;2;12;2019;18:02;0;RUA CEZIDIO ALBUQUERQUE;;;647;;Colisão;Anoitecer;;;Meio de Quadra;;;0;1;0;1;0;0;0;0;0;1;0;0;-3,7974601;-38,5046231
353497;2;12;2019;19:10;0;AV SGT HERMINIO SAMPAIO;;;2441;;Colisão;;;;Meio de Quadra;;;0;1;0;1;0;0;0;0;0;1;0;0;-3,726645;-38,562028
353498;2;12;2019;19:51;0;AV RECREIO D64;;;128;;Colisão;;;;Meio de Quadra;;;0;1;0;1;0;0;0;0;0;1;0;0;-3,806186595;-38,44919303
353499;2;12;2019;20:40;0;RUA JUSTINIANO DE SERPA;;;222;;Queda;;;;Meio de Quadra;;;0;1;0;0;0;1;0;0;0;0;0;0;-3,733011;-38,542468
353500;2;12;2019;21:25;0;AV SEN FERNANDES TAVORA;;;2433;;Queda;;;;Meio de Quadra;;;0;1;0;0;0;0;0;0;0;1;0;0;-3,755953;-38,593889
353501;2;12;2019;21:38;0;RUA DIREITA;;;775;;Colisão;;;;Meio de Quadra;;;0;1;0;1;0;0;0;0;0;1;0;0;-3,83661;-38,57966
353481;2;12;2019;17:58;0;AV ALBERTO CRAVEIRO;;;;;Colisão;Anoitecer;;;Meio de Quadra;;;0;1;0;1;0;0;0;0;0;1;0;0;;
353184;2;12;2019;04:18;0;RUA ALM RUBIM;;;1731;;Choque c/ Obstáculo Fixo;Via Iluminada;Bom;Seca;Meio de Quadra;Não Há Controle;Residencial;0;1;0;0;0;0;0;0;0;0;0;0;-3,772577;-38,55723355
353185;2;12;2019;09:53;0;AV DUQ CAXIAS;;;1321;;Colisão Transversal;Luz do Dia;Bom;Seca;Meio de Quadra;Dê Preferência;Comercial;0;1;1;1;0;0;0;0;0;1;0;0;-3,72983148;-38,53595256
353186;2;12;2019;20:17;5316;RUA FLORIANO PEIXOTO;RUA PEDRO PEREIRA;;;;Colisão;Via Iluminada;Bom;Seca;Cruz;Pare;Comercial;0;2;1;1;0;0;0;0;0;0;0;0;-3,729873;-38,527962
353187;2;12;2019;18:00;0;AV BERNARDO MANUEL;RUA JAPI;;0;;Colisão Transversal;Via Iluminada;Bom;Seca;Cruz;Pare;Residencial;0;1;1;1;0;0;0;0;0;1;0;0;-3,7840998;-38,5468433
353116;2;12;2019;07:20;0;RD CE-040;;;;KM-06;Colisão;Luz do Dia;;Seca;Meio de Quadra;;;0;0;2;1;0;0;0;0;0;0;0;0;-3,809596804;-38,47873348
353117;3;12;2019;07:30;0;AV SEN CARLOS JEREISSATI (AEROPORTO);;;;KM 03;Colisão;Luz do Dia;;Seca;Meio de Quadra;;;0;1;2;1;0;0;0;0;0;1;0;0;-3,779641;-38,544038
353188;3;12;2019;10:15;5351;AV IMPERADOR;RUA GAL CLARINDO DE QUEIROZ;;;;Colisão Transversal;Luz do Dia;Bom;Seca;Cruz;Semáforo;Comercial;0;1;1;0;1;0;0;0;0;1;0;0;-3,730962;-38,535566
353189;3;12;2019;08:37;0;RUA BOM JESUS (GRANJA LISBOA);;;958;;Colisão Lateral;Luz do Dia;Bom;Seca;;;;0;1;0;0;1;0;0;0;0;1;0;0;-3,79413356;-38,60218602
353190;3;12;2019;06:41;0;AV PRS COSTA E SILVA;;;4007;;Choque c/ Obstáculo Fixo;Luz do Dia;Bom;Seca;Meio de Quadra;Não Há Controle;Residencial;0;1;0;0;0;0;0;0;0;0;0;0;-3,82447;-38,54419
353191;3;12;2019;18:10;4620;RUA LUIS GIRAO;RUA WALDEMAR ALCANTARA;;;;Colisão Transversal;Via Iluminada;Bom;Seca;Cruz;Pare;Residencial;0;1;1;0;0;0;0;0;0;1;0;0;-3,798863;-38,482367
353502;3;12;2019;07:20;0;RUA EMILIO DE MENESES;;;1733;;Colisão;Luz do Dia;;;Meio de Quadra;;;0;2;0;1;0;0;0;0;0;1;0;0;-3,779118333;-38,5967389
353503;3;12;2019;07:23;0;RD BR 116;;;3000;KM-03;Queda;Luz do Dia;;;Meio de Quadra;;;0;2;0;0;0;0;0;0;0;1;0;0;-3,779838;-38,514372
353504;3;12;2019;07:28;0;RUA 101 CJ NOVO MONDUBIM;;;255;;Colisão;Luz do Dia;;;Meio de Quadra;;;0;1;0;1;0;0;0;0;0;1;0;0;-3,8046569;-38,5461797
353505;3;12;2019;07:58;0;AV PRS COSTA E SILVA;;;;;Colisão;Luz do Dia;;;Meio de Quadra;;;0;1;0;0;0;0;0;0;0;1;0;0;;
353536;3;12;2019;08:47;0;RUA JULIO SIQUEIRA;;;984;;Colisão;Luz do Dia;;;Meio de Quadra;;;0;1;0;1;0;0;0;0;0;1;0;0;-3,75082848;-38,5049228
353533;3;12;2019;08:42;246;AV JOVITA FEITOSA;RUA DOM LINO;;;;Queda;Luz do Dia;;;Cruz;Semáforo;Comercial;0;1;0;0;0;0;0;0;0;1;0;0;-3,73985;-38,556413
353542;3;12;2019;09:18;0;RUA DR JOAO MOREIRA;;;521;;Queda;Luz do Dia;;;Meio de Quadra;;;0;1;0;0;0;0;0;0;0;1;0;0;-3,72203;-38,529364
353545;3;12;2019;09:30;0;AV WASHINGTON SOARES;;;;;Colisão;Luz do Dia;;;Meio de Quadra;;;0;1;0;1;0;0;0;0;0;1;0;0;;
353635;3;12;2019;09:52;336;RUA CON PENAFORT;RUA PRO LINO ENCARNACAO;;;;Colisão;Luz do Dia;;;Cruz;Pare;Residencial;0;1;0;1;0;0;0;0;0;1;0;0;-3,74565;-38,559749
353636;3;12;2019;09:54;0;AV MR HULL;;;6585;;Queda;Luz do Dia;;;Meio de Quadra;;;0;1;0;0;0;0;0;0;0;1;0;0;;
353637;3;12;2019;09:57;0;RUA MARCELINO LOPES;;;505;;Colisão;Luz do Dia;;;Meio de Quadra;;;0;1;0;0;0;0;0;0;0;0;0;0;-3,792337174;-38,46998471
353638;3;12;2019;10:03;0;RUA IMPERATRIZ;;;1132;;Colisão;Luz do Dia;;;Meio de Quadra;;;0;1;0;1;0;0;0;0;0;1;0;0;-3,70447;-38,57201
353639;3;12;2019;10:03;0;AV IMPERADOR;;;1132;;Colisão;Luz do Dia;;;Meio de Quadra;;;0;1;0;1;0;0;0;0;0;1;0;0;-3,731047447;-38,53559179
353640;3;12;2019;10:13;0;AV H CJ CEARA;;;1955;;Colisão;Luz do Dia;;;Meio de Quadra;;;0;2;0;1;0;0;0;0;0;1;0;0;-3,776381559;-38,6152137
353642;3;12;2019;10:39;0;AV BORGES DE MELO;;;1630;;Atropelamento;Luz do Dia;;;Meio de Quadra;;;0;1;0;1;0;0;0;0;0;0;0;0;-3,75865;-38,53144
353729;3;12;2019;22:42;0;AV 13 DE MAIO;;;281;;Atropelamento;;;;Meio de Quadra;;;0;2;0;0;0;0;0;0;0;1;0;0;-3,753844;-38,523451
353733;3;12;2019;23:26;0;RUA EST JUCA D45;;;122;;Queda;;;;Meio de Quadra;;;0;1;0;0;0;0;0;0;0;1;0;0;-3,78475875;-38,54255822
353735;3;12;2019;23:34;23924;AV JANGADEIROS (MUCURIPE);RUA SAO JOAO D34 (BONSUCESSO);;;;Colisão;;;;T;Pare;Residencial;0;1;0;1;0;0;0;0;0;1;0;0;;
353651;3;12;2019;11:58;0;AV MR HULL;;;;;Atropelamento;Luz do Dia;;;Meio de Quadra;;;0;1;0;0;0;0;0;0;0;1;0;0;;
353649;3;12;2019;11:31;0;RUA CON DE CASTRO;;;5303;;Colisão;Luz do Dia;;;Meio de Quadra;;;0;1;0;1;0;0;0;0;0;1;0;0;-3,809787;-38,5960664
353681;3;12;2019;12:21;0;AV GAL MURILO BORGES;;;;;Colisão;Luz do Dia;;;Meio de Quadra;;;0;2;0;1;0;0;0;0;0;1;0;0;;
353682;3;12;2019;12:33;0;RUA DEP OSWALDO STUDART;;;1630;;Atropelamento;Luz do Dia;;;Meio de Quadra;;;0;1;0;1;0;0;0;0;0;0;0;0;-3,7457479;-38,4743759
353683;3;12;2019;13:00;0;AV PRS CASTELO BRANCO;;;2154;;Queda;Luz do Dia;;;Meio de Quadra;;;0;1;0;0;0;0;0;0;0;1;0;0;-3,714213187;-38,54729431
353684;3;12;2019;13:26;0;AV GAL OSORIO DE PAIVA;;;7964;;Queda;Luz do Dia;;;Meio de Quadra;;;0;1;0;0;0;0;0;0;0;1;0;0;-3,821086063;-38,61793463
353685;3;12;2019;15:47;0;AV SGT HERMINIO SAMPAIO;;;1550;;Colisão;Luz do Dia;;;Meio de Quadra;;;0;2;0;1;0;0;0;0;0;1;0;0;-3,725293098;-38,55460722
353676;3;12;2019;12:05;0;RUA CON DE CASTRO;;;5290;;Colisão;Luz do Dia;;;Meio de Quadra;;;0;1;0;0;0;0;0;0;0;1;0;0;-3,809650172;-38,59596069
353702;3;12;2019;17:24;0;RUA OSCAR ARARIPE;;;863;;Colisão;Anoitecer;;;Meio de Quadra;;;0;2;0;0;0;0;0;0;0;0;0;0;-3,791226133;-38,59918384
353705;3;12;2019;18:39;12614;AV WASHINGTON LUIS;AV CEL CARVALHO;;;;Colisão;;;;;;;0;1;0;1;0;0;0;0;0;1;0;0;;
353706;3;12;2019;18:56;0;AV DA UNIVERSIDADE;;;3479;;Colisão;;;;Meio de Quadra;;;0;1;0;1;0;0;0;0;0;1;0;0;-3,7410225;-38,5392298
353707;3;12;2019;19:05;0;AV DA INDEPENDENCIA;;;810;;Colisão;;;;Meio de Quadra;;;0;1;0;1;0;0;0;0;0;1;0;0;-3,727754792;-38,58801953
353708;3;12;2019;19:33;0;RUA AMANCIO PEREIRA;;;921;;Colisão;;;;Meio de Quadra;;;0;1;0;0;0;0;0;0;0;1;0;0;-3,816958;-38,52345667
353709;3;12;2019;19:40;0;RUA TEODOMIRO DE CASTRO;;;6114;;Colisão;;;;Meio de Quadra;;;0;2;0;0;0;0;0;0;0;0;0;0;-3,7176445;-38,574654
353722;3;12;2019;20:07;0;AV MR HULL;;;;;Atropelamento;;;;Meio de Quadra;;;0;1;0;1;0;0;0;0;0;0;0;0;;
353724;3;12;2019;21:27;0;AV WASHINGTON SOARES;;;;;Colisão;;;;Meio de Quadra;;;0;1;0;0;0;0;0;0;0;0;0;0;;
353725;3;12;2019;21:43;0;AV ALM BARROSO;;;;;Atropelamento;;;;Meio de Quadra;;;0;1;0;1;0;0;0;0;0;0;0;0;;
353727;3;12;2019;21:52;9297;AV FRANCISCO SA;RUA CESAR CORREIA;;;;Colisão;;;;Cruz;Pare;Residencial;0;1;0;1;0;0;0;0;0;1;0;0;-3,711949;-38,573313
354414;3;12;2019;08:10;0;AV SGT HERMINIO SAMPAIO;;;3793;;Colisão;Luz do Dia;;;Meio de Quadra;;;0;0;2;1;0;0;0;0;0;1;0;0;-3,729827;-38,57493
354415;3;12;2019;11:40;0;AV WASHINGTON SOARES;;;3730;;Colisão;Luz do Dia;;;Meio de Quadra;;;0;0;2;1;0;0;0;0;0;0;0;0;-3,788715429;-38,48055471
354405;3;12;2019;10:40;0;AV ALBERTO NEPOMUCENO;;;;;Outros;Luz do Dia;;;Meio de Quadra;;;0;0;2;1;1;0;0;0;0;0;0;0;;
352079;3;12;2019;13:30;17551;RUA MANUEL JESUINO;RUA DR JOSE LINO;;;;Colisão Lateral;Luz do Dia;Bom;Seca;Cruz;Semáforo;Comercial;0;1;1;1;0;0;0;0;0;1;0;0;-3,730066;-38,485087
352082;3;12;2019;19:00;0;RUA MAL BITENCOURT;;;1067;;Colisão Transversal;;Bom;Seca;;;;0;1;1;1;0;0;0;0;0;1;0;0;-3,79321;-38,530371
352101;4;12;2019;13:50;0;AV CARNEIRO DE MENDONCA;;;553;;Colisão;Luz do Dia;Bom;Seca;Meio de Quadra;Outros;Residencial;0;2;1;0;0;0;0;0;0;1;0;0;-3,765329;-38,564346
352105;4;12;2019;06:40;10416;RUA PERILIO TEIXEIRA;RUA LUIZ MARIANO;;;;Colisão Transversal;Luz do Dia;Bom;Seca;Cruz;Pare;Comercial;0;1;1;1;0;0;0;0;0;1;0;0;-3,761521;-38,602264