COD_ACIDENTE;DIA;MES;ANO;HORA;INTERSECAO;LOG1;LOG2;LOG3;NUMERO;REFERENCIA;NATUREZA;ILUMINACAO;TEMPO;SUPERFICIEPISTA;TIPOCRUZAMENTO;CONTROLETRAFEGO;USOSOLO;MORTOS;FERIDOS;ILESOS;AUTOMOVEL;ONIBUS;BICICLETA;CAMINHAO;MICROONIBUS;CICLOMOTOR;MOTOCICLETA;TRACAOANIMAL;TREM;LATITUDE;LONGITUDE
352103;4;12;2019;05:50;0;AV GAL OSORIO DE PAIVA;;;;;Colisão Lateral;Amanhecer;Bom;Seca;Meio de Quadra;Outros;Comercial;0;0;3;1;0;0;0;0;0;1;0;0;;
354436;4;12;2019;10:23;0;RUA XII CIDADE OESTE;;;653;;Colisão;Luz do Dia;;;Meio de Quadra;;;0;0;1;0;0;0;0;0;0;0;0;0;-3,7925211;-38,4577927
354091;4;12;2019;15:30;0;RD BR 116;;;;KM-13;Colisão Lateral;Luz do Dia;Bom;Seca;Meio de Quadra;;;0;3;1;0;0;0;0;0;0;1;0;0;-3,86467;-38,497727
354093;4;12;2019;22:10;0;RD BR 116;;;;KM-01;Atropelamento;;Bom;Seca;Meio de Quadra;;;0;1;1;1;0;0;0;0;0;0;0;0;-3,762554;-38,518702
353738;4;12;2019;05:36;0;RD BR 116;;;6000;KM-06;Colisão;Amanhecer;;;Meio de Quadra;;;0;1;0;0;0;0;0;0;0;1;0;0;-3,804691;-38,503053
353739;4;12;2019;06:24;0;RUA RIO GRANDE DO SUL;;;551;;Queda;Luz do Dia;;;Meio de Quadra;;;0;1;0;0;0;0;0;0;0;1;0;0;-3,753809148;-38,56448419
353752;4;12;2019;06:42;0;AV JOVITA FEITOSA;;;2230;;Colisão;Luz do Dia;;;Meio de Quadra;;;0;1;0;1;0;0;0;0;0;1;0;0;-3,740049;-38,557484
353781;4;12;2019;07:32;0;RUA CACILDA BECKER;;;305;;Colisão;Luz do Dia;;;Meio de Quadra;;;0;1;0;0;0;0;1;0;0;1;0;0;-3,772852;-38,58840925
353785;4;12;2019;07:45;0;RUA CON LIMA SUCUPIRA;;;211;;Colisão;Luz do Dia;;;Meio de Quadra;;;0;1;0;0;0;0;0;0;0;1;0;0;-3,77842;-38,54992
353793;4;12;2019;11:24;0;RUA PEDRO DE SOUZA;;;273;;Queda;Luz do Dia;;;Meio de Quadra;;;0;1;0;0;0;0;0;0;0;1;0;0;-3,852670932;-38,49793334
353794;4;12;2019;11:51;19833;AV JOVITA FEITOSA;AV ENG HUMBERTO MONTE;;;;Colisão;Luz do Dia;;;Cruz;Semáforo;Residencial;0;1;0;1;0;0;0;0;0;1;0;0;-3,741963;-38,566544
353788;4;12;2019;08:15;0;AV PRS JUSCELINO KUBITSCHEK (PASSARÉ);;;;;Colisão;Luz do Dia;;;Meio de Quadra;;;0;1;0;1;0;0;0;0;0;1;0;0;;
353789;4;12;2019;09:56;0;RUA BERNARDO MANUEL;;;13982;;Colisão;Luz do Dia;;;Meio de Quadra;;;0;1;0;0;0;0;0;0;0;1;0;0;-3,839851286;-38,56419
353791;4;12;2019;10:11;0;RD BR 116;;;11000;KM-11;Colisão;Luz do Dia;;;Meio de Quadra;;;0;1;0;1;0;0;0;0;0;1;0;0;;
353807;4;12;2019;12:02;3893;RUA ANTENOR FROTA WANDERLEY;RUA JULIO CESAR D12;;;;Colisão;Luz do Dia;;;Cruz;Pare;Comercial;0;2;0;1;0;0;0;0;0;1;0;0;-3,746742;-38,539846
353808;4;12;2019;12:53;0;RUA MARIA GOMES DE SA;;;114;;Queda;Luz do Dia;;;Meio de Quadra;;;0;1;0;0;0;0;0;0;0;1;0;0;-3,8280759;-38,5767801
353811;4;12;2019;13:38;0;RUA OLIVEIRA FILHO;;;908;;Colisão;Luz do Dia;;;Meio de Quadra;;;0;1;0;1;0;0;0;0;0;1;0;0;-3,72541;-38,46475
353820;4;12;2019;13:41;9094;AV SORIANO ALBUQUERQUE;AV VIS RIO BRANCO;;;;Colisão;Luz do Dia;;;;;;0;1;0;0;0;0;0;0;0;0;0;0;-3,747601;-38,521682
353850;4;12;2019;14:48;0;RUA BERNARDO MANUEL;;;8859;;Colisão;Luz do Dia;;;Meio de Quadra;;;0;2;0;1;0;0;0;0;0;0;0;0;-3,796961586;-38,5508901
353848;4;12;2019;14:30;11009;RUA JULIO VERNE;RUA EQUADOR;;;;Colisão;Luz do Dia;;;Cruz;Pare;Residencial;0;1;0;0;0;0;0;0;0;0;0;0;-3,775427;-38,552843
353865;4;12;2019;16:32;0;RUA ANTONIO PEREIRA;;;388;;Colisão;Luz do Dia;;;Meio de Quadra;;;0;1;0;0;0;0;0;0;0;1;0;0;-3,8336771;-38,5633324
353886;4;12;2019;18:19;0;AV GAL OSORIO DE PAIVA;;;8205;;Colisão;Anoitecer;;;Meio de Quadra;;;0;2;0;1;0;0;0;0;0;1;0;0;-3,821895908;-38,61872438
353887;4;12;2019;19:20;0;AV OLIVEIRA PAIVA;;;;;Colisão;;;;Meio de Quadra;;;0;1;0;1;0;0;0;0;0;1;0;0;;
353888;4;12;2019;19:29;0;AV PRS CASTELO BRANCO;;;152;;Atropelamento;;;;Meio de Quadra;;;0;1;0;0;0;0;0;0;0;1;0;0;-3,72312;-38,521563
353889;4;12;2019;19:38;0;AV UM (ARVOREDO);;;859;;Colisão;;;;Meio de Quadra;;;0;1;0;0;0;0;0;0;0;0;0;0;-3,82423;-38,56772
353890;4;12;2019;20:18;0;RD BR 116;;;13000;KM-13;Colisão;;;;Meio de Quadra;;;0;4;0;0;0;0;0;0;0;1;0;0;-3,86467;-38,497727
353891;4;12;2019;20:26;0;RUA AZEVEDO BOLAO;;;520;;Acidente Pessoal;;;;Meio de Quadra;;;0;1;0;0;0;0;0;0;0;1;0;0;-3,734806;-38,548702
353892;4;12;2019;20:51;0;RUA JOAO CORDEIRO;;;1460;;Colisão;;;;Meio de Quadra;;;0;1;0;1;0;0;0;0;0;1;0;0;-3,73296;-38,515428
353867;4;12;2019;18:15;5069;RUA SAO PAULO;RUA COS ESTELITA;;;;Colisão;Anoitecer;;;Cruz;Pare;Comercial;0;1;0;0;0;0;0;0;0;0;0;0;-3,722289;-38,538855
353894;4;12;2019;21:57;0;RD BR 116;;;;;Atropelamento;;;;Meio de Quadra;;;0;1;0;1;0;0;0;0;0;0;0;0;;
353192;4;12;2019;08:21;1501;RUA ROCHA LIMA;RUA MON BRUNO;;;;Colisão Transversal;Luz do Dia;Bom;Seca;Cruz;Pare;Residencial;0;2;1;1;0;0;0;0;0;0;0;0;-3,739762;-38,511863
353193;4;12;2019;08:31;0;AV EDILSON B SOARES;;;2040;;Colisão Transversal;Luz do Dia;Bom;Seca;Outros;Não Há Controle;Comercial;0;1;1;0;0;0;0;0;0;1;0;0;-3,788326192;-38,46747273
353194;4;12;2019;11:50;0;RUA JULIO CESAR D04;RUA ANTENOR FROTA WANDERLEY;;0;;Colisão Transversal;Luz do Dia;Bom;Seca;Meio de Quadra;Pare;Residencial;0;1;1;0;0;0;0;0;0;1;0;0;;
353195;4;12;2019;19:57;0;AV PRS CASTELO BRANCO;;;1223;;Colisão Lateral;Via Iluminada;Bom;Seca;Meio de Quadra;Não Há Controle;Residencial;0;1;0;0;0;0;0;0;0;1;0;0;-3,718179;-38,535277
353196;4;12;2019;22:24;19957;AV LUCIANO CARNEIRO;RUA STA QUITERIA;;;;Colisão Frontal;Mal Iluminada;Bom;Seca;Duplo T;Semáforo;Comercial;0;2;0;1;0;0;0;0;0;1;0;0;-3,760537;-38,535339
353200;4;12;2019;19:58;0;RUA BENTO ALBUQUERQUE;;;0;;Não Informado;Via Iluminada;Bom;Seca;Meio de Quadra;Não Há Controle;Comercial;0;1;1;1;0;0;0;0;0;1;0;0;;
353198;4;12;2019;14:40;0;AV BERNARDO MANUEL;;;8857;;Engavetamento;Luz do Dia;Bom;Seca;Meio de Quadra;Semáforo;Comercial;0;0;3;1;0;0;0;0;0;0;0;0;-3,8078553;-38,5541476
353120;4;12;2019;08:50;0;RD CE-040;;;;KM-08;Colisão;Luz do Dia;;Seca;Meio de Quadra;;;0;0;2;1;0;0;0;0;0;0;0;0;-3,825515822;-38,48153832
353121;4;12;2019;13:00;0;AV SEN CARLOS JEREISSATI (AEROPORTO);;;;KM 03;Colisão;Luz do Dia;;Seca;Meio de Quadra;;;0;0;2;1;0;0;0;0;0;0;0;0;-3,779641;-38,544038
353122;4;12;2019;17:50;0;RD CE-040;;;;KM-02;Colisão;Anoitecer;;Seca;Meio de Quadra;;;0;0;2;1;0;0;0;0;0;0;0;0;-3,773616148;-38,4817994
353123;4;12;2019;15:50;0;RD CE-040;;;;KM-07;Colisão;Luz do Dia;;Seca;Meio de Quadra;;;0;1;2;1;0;0;0;0;0;1;0;0;-3,817159445;-38,48303286
353124;4;12;2019;19:00;0;RD CE-040;;;;KM-02;Colisão;Via Iluminada;;Seca;Meio de Quadra;;;0;0;2;1;0;0;0;0;0;0;0;0;-3,773616148;-38,4817994
353125;5;12;2019;10:00;0;RD CE-040;;;;KM-01;Colisão;Luz do Dia;;Seca;Meio de Quadra;;;0;1;1;1;0;0;0;0;0;1;0;0;-3,764650449;-38,48258304
353126;5;12;2019;09:20;0;RD CE-040;;;;KM-03;Colisão;Luz do Dia;;Seca;Meio de Quadra;;;0;0;2;1;0;0;0;0;0;0;0;0;-3,782614325;-38,4810839
353128;5;12;2019;09:00;0;RD CE-040;;;;KM-09;Colisão;Luz do Dia;;Seca;Meio de Quadra;;;0;0;4;1;0;0;0;0;0;0;0;0;-3,834450897;-38,48246582
353135;5;12;2019;18:45;0;RD CE-040;;;;KM-05;Colisão;;;Seca;Meio de Quadra;;;0;1;1;0;0;0;0;0;0;1;0;0;-3,800595823;-38,47953463
353136;5;12;2019;19:00;0;AV SEN CARLOS JEREISSATI (AEROPORTO);;;;KM 01;Colisão;;;Seca;Meio de Quadra;;;0;0;2;1;0;0;0;0;0;0;0;0;-3,783753;-38,52685
353199;5;12;2019;14:23;0;AV AGUANAMBI;;;90;;Colisão Traseira;Luz do Dia;Bom;Seca;Meio de Quadra;Não Há Controle;Comercial;0;0;2;1;0;0;0;0;0;0;0;0;-3,737684786;-38,52424786
353201;5;12;2019;22:39;15340;RUA CANUTO DE AGUIAR;RUA CEL LINHARES;;0;;Colisão Frontal;Via Iluminada;Bom;Seca;Cruz;Pare;Residencial;0;0;2;0;0;0;0;0;0;1;0;0;-3,731563;-38,492546
353211;5;12;2019;06:30;1595;RUA BARBOSA DE FREITAS;RUA GAL TERTULIANO POTYGUARA;;;;Colisão Transversal;Luz do Dia;Bom;Seca;Cruz;Semáforo;Residencial;0;0;2;1;0;0;0;0;0;0;0;0;-3,743454;-38,499576
353197;5;12;2019;08:08;17378;RUA ALBERTO MAGNO;RUA ROMEU MARTINS;;;;Colisão Transversal;Luz do Dia;Bom;Seca;Cruz;Pare;Comercial;0;3;0;1;0;0;0;0;0;1;0;0;-3,766914;-38,551758
353908;5;12;2019;07:10;0;AV GODOFREDO MACIEL;;;5628;;Queda;Luz do Dia;;;Meio de Quadra;;;0;1;0;0;0;1;0;0;0;0;0;0;-3,824319;-38,578775
353915;5;12;2019;07:48;0;AV VIS RIO BRANCO;;;3927;;Colisão;Luz do Dia;;;Meio de Quadra;;;0;1;0;1;0;0;0;0;0;1;0;0;-3,75547;-38,520109
353919;5;12;2019;07:55;0;AV FRANCISCO SA;;;5928;;Colisão;Luz do Dia;;;Meio de Quadra;;;0;2;0;1;0;0;0;0;0;1;0;0;-3,7104045;-38,577821
353922;5;12;2019;07:59;0;AV C CJ JOSE WALTER;;;621;;Queda;Luz do Dia;;;Meio de Quadra;;;0;1;0;0;0;1;0;0;0;0;0;0;-3,828279;-38,557167
353923;5;12;2019;08:15;0;RUA MOURA MATOS;;;1552;;Colisão;Luz do Dia;;;Meio de Quadra;;;0;2;0;0;0;0;0;0;0;1;0;0;-3,812332801;-38,54372624
353925;5;12;2019;08:28;0;AV PRS CASTELO BRANCO;;;84;;Queda;Luz do Dia;;;Meio de Quadra;;;0;1;0;0;0;0;0;0;0;1;0;0;-3,6998593;-38,5879105
353926;5;12;2019;08:51;0;RUA PDE CONSTANTINO;;;19;;Colisão;Luz do Dia;;;Meio de Quadra;;;0;1;0;1;0;0;0;0;0;1;0;0;-3,716314288;-38,54557476
353927;5;12;2019;09:35;0;RUA CON DE CASTRO;;;5493;;Colisão;Luz do Dia;;;Meio de Quadra;;;0;1;0;1;0;0;0;0;0;1;0;0;-3,811311;-38,597063
353929;5;12;2019;10:17;0;RUA SEBASTIAO DE ABREU;;;;;Colisão;Luz do Dia;;;Meio de Quadra;;;0;1;0;1;0;0;0;0;0;1;0;0;;
353930;5;12;2019;11:07;7975;RUA ALVARO MARTINS;RUA CARLOS CAMARA;;;;Queda;Luz do Dia;;;Cruz;Pare;Residencial;0;1;0;0;0;0;0;0;0;1;0;0;-3,74755;-38,543554
353933;5;12;2019;11:20;5220;RUA BAR RIO BRANCO;RUA GUILHERME ROCHA;;;;Queda;Luz do Dia;;;Duplo T;Semáforo;Comercial;0;1;0;0;0;0;0;0;0;1;0;0;-3,726869;-38,528399
353934;5;12;2019;11:27;0;RUA MARCONDES PEREIRA;;;398;;Colisão;Luz do Dia;;;Meio de Quadra;;;0;1;0;1;0;0;0;0;0;0;0;0;-3,74694;-38,51384
353938;5;12;2019;11:36;0;RUA OSCAR ARARIPE;;;2419;;Atropelamento;Luz do Dia;;;Meio de Quadra;;;0;1;0;0;0;0;0;0;0;1;0;0;-3,78686685;-38,6127479
353939;5;12;2019;11:41;0;RUA BERNARDO MANUEL;;;8851;;Queda;Luz do Dia;;;Meio de Quadra;;;0;2;0;0;0;0;0;0;0;1;0;0;-3,796873793;-38,55086355
353940;5;12;2019;11:48;0;RUA GAL RABELO;;;101;;Queda;Luz do Dia;;;Meio de Quadra;;;0;1;0;0;0;0;0;0;0;1;0;0;-3,804063;-38,604332
353941;5;12;2019;12:25;0;AV ALBERTO CRAVEIRO;;;;;Queda;Luz do Dia;;;Meio de Quadra;;;0;1;0;0;0;0;0;0;0;1;0;0;;
353942;5;12;2019;12:28;0;RUA SILVINHA TELES D69;;;279;;Colisão;Luz do Dia;;;Meio de Quadra;;;0;1;0;1;0;0;0;0;0;1;0;0;-3,849541652;-38,52526978
353943;5;12;2019;12:31;0;RUA ANTONIO ALEXANDRINO DOS REIS;;;335;;Colisão;Luz do Dia;;;Meio de Quadra;;;0;1;0;1;0;0;0;0;0;1;0;0;-3,8009768;-38,537675
353944;5;12;2019;12:49;0;AV PRS COSTA E SILVA;;;;;Queda;Luz do Dia;;;Meio de Quadra;;;0;1;0;0;0;1;0;0;0;0;0;0;;
353945;5;12;2019;13:28;9213;RUA JAIME CALADO;AV 13 DE MAIO;;;;Queda;Luz do Dia;;;T;Não Há Controle;Comercial;0;1;0;0;0;0;0;0;0;1;0;0;-3,751268;-38,527058
353946;5;12;2019;14:41;0;AV SANTOS DUMONT;;;;;Queda;Luz do Dia;;;Meio de Quadra;;;0;1;0;0;0;0;0;0;0;1;0;0;;
353947;5;12;2019;16:08;0;RUA PRO OTAVIO LOBO;;;;;Queda;Luz do Dia;;;Meio de Quadra;;;0;1;0;0;0;0;0;0;0;1;0;0;;
353963;5;12;2019;17:00;0;AV DR SILAS MUNGUBA;;;1555;;Colisão;Anoitecer;;;Meio de Quadra;;;0;1;0;0;0;0;0;0;0;0;0;0;-3,78395;-38,55391
353957;5;12;2019;16:22;0;AV PRS CASTELO BRANCO;;;3086;;Colisão;Luz do Dia;;;Meio de Quadra;;;0;1;0;1;0;0;0;0;0;1;0;0;-3,711624;-38,55723
354094;5;12;2019;17:20;0;RD BR 116;;;;KM-12;Colisão Lateral;Anoitecer;Bom;Seca;Meio de Quadra;;;0;1;1;1;0;0;0;0;0;0;0;0;-3,85574;-38,496066
354005;5;12;2019;17:41;0;RUA DORALICE COSTA;;;650;;Colisão;Anoitecer;;;Meio de Quadra;;;0;1;0;0;0;0;0;0;0;1;0;0;-3,76976;-38,49677
354012;5;12;2019;17:44;0;RD BR 116;;;12000;KM-12;Colisão;Anoitecer;;;Meio de Quadra;;;0;1;0;1;0;0;0;0;0;0;0;0;-3,85574;-38,496066
354013;5;12;2019;18:14;25311;RUA JOAO REGINO;RUA ANTENOR ROCHA ALEXANDRE;;;;Colisão;Anoitecer;;;Cruz;Pare;Residencial;0;1;0;1;0;0;0;0;0;1;0;0;-3,792178;-38,48281
354014;5;12;2019;18:34;0;RUA HOLANDA;;;2017;;Queda;;;;Meio de Quadra;;;0;1;0;0;0;0;0;0;0;1;0;0;-3,7479721;-38,5068421
354020;5;12;2019;19:28;0;AV FRANCISCO SA;;;2270;;Colisão;;;;Meio de Quadra;;;0;1;0;1;0;0;0;0;0;1;0;0;-3,721196714;-38,545803
354021;5;12;2019;19:31;0;AV HEROIS DO ACRE;;;411;;Colisão;;;;Meio de Quadra;;;0;2;0;1;0;0;0;0;0;1;0;0;-3,803135;-38,532196
354022;5;12;2019;20:26;0;AV FRE CIRILO;;;4027;;Atropelamento;;;;Meio de Quadra;;;0;1;0;0;0;0;0;0;0;1;0;0;-3,820095;-38,496207
354016;5;12;2019;19:15;0;RUA CON DE CASTRO;;;1620;;Colisão;;;;Meio de Quadra;;;0;1;0;1;0;0;0;0;0;1;0;0;-3,7857155;-38,5740895
354026;5;12;2019;21:17;0;RUA JOHN LENNON;;;550;;Colisão;;;;Meio de Quadra;;;0;1;0;1;0;0;0;0;0;1;0;0;-3,8194696;-38,4903462
354028;5;12;2019;21:23;0;RUA ALVARO DE ALENCAR;;;190;;Queda;;;;Meio de Quadra;;;0;1;0;0;0;0;0;0;0;1;0;0;-3,7128585;-38,557458
354031;5;12;2019;21:26;0;RUA SGT JOAO PINHEIRO;;;;;Atropelamento;;;;Meio de Quadra;;;0;1;0;0;0;0;0;0;0;0;0;0;;
354033;5;12;2019;22:16;0;AV AREIA BRANCA;;;380;;Colisão;;;;Meio de Quadra;;;0;1;0;0;0;0;0;0;0;1;0;0;-3,7282661;-38,4734293
354034;5;12;2019;22:52;0;RUA GAL CORDEIRO NETO;;;662;;Colisão;;;;Meio de Quadra;;;0;1;0;1;0;1;0;0;0;0;0;0;-3,7262056;-38,5133188
354036;5;12;2019;23:08;5897;AV C CJ CEARA;RUA 1145 CJ CEARA;;;;Colisão;;;;Duplo T;Outros;Residencial;0;1;0;1;0;0;0;0;0;1;0;0;-3,760267;-38,608937
354037;5;12;2019;23:54;0;AV ODILON GUIMARAES;;;3735;;Colisão;;;;Meio de Quadra;;;0;1;0;1;0;0;0;0;0;1;0;0;-3,815021143;-38,46800886
354456;5;12;2019;22:59;0;AV ABOLICAO;;;1898;;Colisão;;;;Meio de Quadra;;;0;0;1;1;0;0;0;0;0;0;0;0;-3,725273;-38,5018925
354459;5;12;2019;22:10;6721;RUA BENTO ALBUQUERQUE;AV ENG SANTANA JUNIOR;;;;Colisão;;;;Meio de Quadra;Semáforo;Comercial;0;0;1;1;0;0;0;0;0;1;0;0;-3,742678;-38,486538
354517;5;12;2019;15:45;0;RUA STA HELENA UI 901;;;;;Colisão;Luz do Dia;;;Meio de Quadra;;;0;0;2;1;0;0;0;0;0;1;0;0;;
352110;5;12;2019;20:00;20027;AV HEROIS DO ACRE;AV PRUDENTE BRASIL;;;;Colisão Transversal;Via Iluminada;Bom;Seca;Cruz;Semáforo;Residencial;0;1;1;1;0;0;0;0;0;1;0;0;-3,803135;-38,532196
352111;5;12;2019;03:00;0;RUA DES AVELAR;;;110;;Colisão Lateral;Via Iluminada;Bom;Seca;Meio de Quadra;Pare;Residencial;0;0;1;1;0;0;0;0;0;0;0;0;;
352114;5;12;2019;19:30;0;AV FRANCISCO SA;;;;;Colisão Lateral;Via Iluminada;Bom;Seca;Meio de Quadra;Semáforo Manual;Residencial;0;0;2;1;0;0;0;0;0;1;0;0;;
352080;6;12;2019;20:20;20212;AV PRS JUSCELINO KUBITSCHEK (PASSARÉ);RUA SAO TOMAZ DE AQUINO;;;;Colisão Transversal;Via Iluminada;Bom;Seca;Cruz;Pare;Residencial;0;2;1;1;0;0;0;0;0;1;0;0;-3,813772;-38,529791
354520;6;12;2019;21:38;5709;AV OLIVEIRA PAIVA;AV DES GONZAGA;;;;Colisão;;;;Cruz;Semáforo;Escola;0;0;1;1;0;0;0;0;0;1;0;0;-3,797165;-38,499953
354038;6;12;2019;00:28;0;AV 02 DE MAIO UI 503;;;1125;;Colisão;;;;Meio de Quadra;;;0;1;0;0;0;0;0;0;0;0;0;0;-3,814677;-38,5366176
354041;6;12;2019;06:40;0;AV GODOFREDO MACIEL;;;4745;;Queda;Luz do Dia;;;Meio de Quadra;;;0;1;0;0;0;0;0;0;0;1;0;0;-3,817153391;-38,57463604
354042;6;12;2019;06:51;0;RUA 416 CJ SAO CRISTOVAO;;;211;;Queda;Luz do Dia;;;Meio de Quadra;;;0;1;0;0;0;0;0;0;0;1;0;0;-3,83338155;-38,5175137
354043;6;12;2019;07:17;1325;RUA JOAQUIM NABUCO;AV SANTOS DUMONT;;;;Queda;Luz do Dia;;;Cruz;Semáforo;Comercial;0;1;0;0;0;0;0;0;0;1;0;0;-3,735295;-38,501285
354048;6;12;2019;07:48;0;RD BR 116;;;9000;KM-09;Colisão;Luz do Dia;;;Meio de Quadra;;;0;1;0;0;0;0;1;0;0;1;0;0;-3,830837;-38,504865
354096;6;12;2019;07:45;0;RD BR 222;;;;KM-01;Tombamento;Luz do Dia;Bom;Seca;Meio de Quadra;;;0;2;1;1;0;0;0;0;0;1;0;0;-3,737698444;-38,57814693
354045;6;12;2019;07:42;0;AV DR SILAS MUNGUBA;;;4850;;Colisão;Luz do Dia;;;Meio de Quadra;;;0;1;0;1;0;0;0;0;0;1;0;0;-3,795669154;-38,5324458
354210;6;12;2019;22:29;0;AV BEIRA MAR;;;814;;Queda;;;;Meio de Quadra;;;0;1;0;0;0;1;0;0;0;0;0;0;-3,720087388;-38,51229001
354223;6;12;2019;22:31;0;RUA NOSSA SRA DAS GRACAS;;;132;;Atropelamento;;;;Meio de Quadra;;;0;1;0;1;0;0;0;0;0;0;0;0;-3,711465039;-38,5497234
354158;6;12;2019;12:54;21369;AV JOVITA FEITOSA;RUA CARVALHO MOTA;;;;Colisão;Luz do Dia;;;Cruz;Pare;Comercial;0;1;0;1;0;0;0;0;0;1;0;0;-3,737437;-38,544748
354162;6;12;2019;14:13;0;RUA CON DE CASTRO;;;2472;;Colisão;Luz do Dia;;;Meio de Quadra;;;0;1;0;1;0;0;0;0;0;1;0;0;-3,791395;-38,5793465
354123;6;12;2019;08:22;19442;RUA GERMANO FRANCK;AV GODOFREDO MACIEL;;;;Queda;Luz do Dia;;;;;;0;1;0;0;0;0;0;0;0;1;0;0;-3,779532;-38,564715
354140;6;12;2019;10:21;0;RUA VALPARAISO;;;921;;Colisão;Luz do Dia;;;Meio de Quadra;;;0;1;0;0;0;0;0;0;0;0;0;0;-3,842370333;-38,52804233
354145;6;12;2019;11:44;17615;RUA CEARA;RUA GOIAS;;;;Colisão;Luz do Dia;;;T;Pare;Residencial;0;1;0;1;0;0;0;0;0;1;0;0;-3,7587906;-38,5659935
354146;6;12;2019;12:14;0;RUA CON DE CASTRO;;;2808;;Colisão;Luz do Dia;;;Meio de Quadra;;;0;1;0;1;0;0;0;0;0;1;0;0;-3,793834;-38,581596
354142;6;12;2019;10:32;5474;RUA BARBARA DE ALENCAR;RUA J DA PENHA;;;;Colisão;Luz do Dia;;;Cruz;Pare;Comercial;0;1;0;1;0;0;0;0;0;1;0;0;-3,736038;-38,520055
354149;6;12;2019;12:34;7930;RUA DOM EXPEDITO LOPES;RUA OSVALDO CRUZ (ALDEOTA);;;;Colisão;Luz do Dia;;;Cruz;Pare;Residencial;0;1;0;1;0;0;0;0;0;1;0;0;-3,7443751;-38,5032845
354189;6;12;2019;16:07;0;RUA ALBERTO MAGNO;;;186;;Queda;Luz do Dia;;;Meio de Quadra;;;0;1;0;0;0;0;0;0;0;1;0;0;-3,758015833;-38,5439785
354190;6;12;2019;16:12;0;AV PASTEUR;;;659;;Colisão;Luz do Dia;;;Meio de Quadra;;;0;1;0;1;0;0;0;0;0;1;0;0;-3,711911769;-38,55908677
354191;6;12;2019;16:14;0;AV MR HULL;;;;;Colisão;Luz do Dia;;;Meio de Quadra;;;0;1;0;0;0;0;0;0;0;0;0;0;;
354192;6;12;2019;16:52;0;RUA BERNARDO MANUEL;;;8305;;Colisão;Luz do Dia;;;Meio de Quadra;;;0;1;0;1;0;0;0;0;0;1;0;0;-3,792478;-38,549517
354193;6;12;2019;17:00;0;RUA NEREU RAMOS;;;;;Colisão;Anoitecer;;;Meio de Quadra;;;0;1;0;1;0;0;0;0;0;1;0;0;;
354194;6;12;2019;18:42;0;AV JOVITA FEITOSA;;;18;;Colisão;;;;Meio de Quadra;;;0;1;0;1;0;0;0;0;0;1;0;0;-3,737295778;-38,54404878
354195;6;12;2019;18:51;9612;RUA SGT JOAO PINHEIRO;RUA OSCAR ARARIPE;;;;Queda;;;;Cruz;Pare;Comercial;0;1;0;0;0;0;0;0;0;1;0;0;-3,783833;-38,623073
354196;6;12;2019;19:07;1580;RUA NUNES VALENTE;RUA PDE VALDEVINO;;;;Colisão;;;;Cruz;Pare;Comercial;0;1;0;1;0;0;0;0;0;1;0;0;-3,742608;-38,505782
354176;6;12;2019;15:12;5076;RUA SEN POMPEU;RUA DR JOAO MOREIRA;;;;Colisão;Luz do Dia;;;Cruz;Semáforo;Comercial;0;1;0;0;0;0;0;0;0;0;0;0;-3,7224;-38,528275
354177;6;12;2019;15:14;0;AV OLIVEIRA PAIVA;;;1001;;Colisão;Luz do Dia;;;Meio de Quadra;;;0;1;0;1;0;0;0;0;0;1;0;0;-3,7960942;-38,488975
354178;6;12;2019;15:45;2733;RUA VALDEMAR PAES;RUA OSCAR ARARIPE;;;;Queda;Luz do Dia;;;Cruz;Pare;Comercial;0;1;0;0;0;1;0;0;0;0;0;0;-3,790678;-38,600935
354200;6;12;2019;20:50;0;AV DES GONZAGA;;;;;Colisão;;;;Meio de Quadra;;;0;1;0;1;0;0;0;0;0;1;0;0;;
354204;6;12;2019;21:38;14934;RUA PORTO FRANCO;RUA ALFREDO MAMEDE;;;;Colisão;;;;;;;0;1;0;0;0;0;0;0;0;0;0;0;-3,8113096;-38,5849675
354206;6;12;2019;21:45;0;AV MON TABOSA;;;825;;Colisão;;;;;;;0;1;0;1;0;0;0;0;0;1;0;0;-3,724092;-38,511469
354208;6;12;2019;22:19;0;AV ALBERTO CRAVEIRO;;;507;;Queda;;;;Meio de Quadra;;;0;1;0;0;0;0;0;0;0;1;0;0;-3,782591;-38,516476
353202;6;12;2019;11:07;5134;RUA GUILHERME ROCHA;RUA TEREZA CRISTINA;;;;Colisão;Luz do Dia;Bom;Seca;Cruz;Pare;Comercial;0;1;1;1;0;0;0;0;0;0;0;0;-3,724385;-38,535981
353203;6;12;2019;13:36;21369;AV JOVITA FEITOSA;RUA CARVALHO MOTA;;0;;Colisão Transversal;Luz do Dia;Bom;Seca;Cruz;Pare;Comercial;0;0;1;1;0;0;0;0;0;0;0;0;-3,737437;-38,544748
353137;6;12;2019;20:00;0;RD CE-040;;;;KM-04;Colisão;;;Seca;Meio de Quadra;;;0;0;4;1;0;0;0;0;0;0;0;0;-3,791613156;-38,48033084
353138;7;12;2019;08:30;0;RD CE-025;;;;KM-01;Colisão;Luz do Dia;;Seca;Meio de Quadra;;;0;0;2;1;0;0;0;0;0;1;0;0;-3,807811443;-38,4700486