COD_ACIDENTE;DIA;MES;ANO;HORA;INTERSECAO;LOG1;LOG2;LOG3;NUMERO;REFERENCIA;NATUREZA;ILUMINACAO;TEMPO;SUPERFICIEPISTA;TIPOCRUZAMENTO;CONTROLETRAFEGO;USOSOLO;MORTOS;FERIDOS;ILESOS;AUTOMOVEL;ONIBUS;BICICLETA;CAMINHAO;MICROONIBUS;CICLOMOTOR;MOTOCICLETA;TRACAOANIMAL;TREM;LATITUDE;LONGITUDE
353139;7;12;2019;09:00;0;AV SEN CARLOS JEREISSATI (AEROPORTO);;;;KM 04;Colisão;Luz do Dia;;Seca;Meio de Quadra;;;0;0;2;1;0;0;0;0;0;0;0;0;-3,77402;-38,550907
353140;7;12;2019;15:30;0;AV SEN CARLOS JEREISSATI (AEROPORTO);;;;KM 04;Colisão;Luz do Dia;;Seca;Meio de Quadra;;;0;0;2;1;0;0;0;0;0;0;0;0;-3,77402;-38,550907
353204;7;12;2019;21:11;0;RUA ANA BILHAR;;;1117;;Colisão Traseira;Via Iluminada;Bom;Seca;Meio de Quadra;Não Há Controle;Comercial;0;1;2;1;0;0;0;0;0;1;0;0;-3,731240452;-38,49020148
353205;7;12;2019;22:58;0;AV DR SILAS MUNGUBA;;;4956;;Choque c/ Obstáculo Fixo;Via Iluminada;Bom;Seca;Meio de Quadra;Semáforo;Comercial;0;0;1;1;0;0;0;0;0;0;0;0;;
353250;7;12;2019;07:45;25067;AV DOS EXPEDICIONARIOS;RUA DES PRAXEDES;;;;Colisão Transversal;Luz do Dia;Bom;Seca;Cruz;Semáforo;Residencial;0;1;1;1;0;0;0;0;0;0;0;0;-3,763679;-38,540839
352978;7;12;2019;22:20;0;RUA RIO GRANDE DO SUL;;;234;;Atropelamento;;;;;;;1;1;0;0;0;0;0;0;0;1;0;0;-3,751382659;-38,56260598
354254;7;12;2019;12:54;0;RUA PRO MIRAMAR DA PONTE;;;135;;Colisão;Luz do Dia;;;Meio de Quadra;;;0;1;0;1;0;0;0;0;0;1;0;0;-3,757565344;-38,58356392
354255;7;12;2019;12:58;0;RUA PRO HERIBALDO COSTA;;;1935;;Colisão;Luz do Dia;;;Meio de Quadra;;;0;2;0;1;0;0;0;0;0;1;0;0;-3,768978;-38,588544
354243;7;12;2019;02:32;0;AV ALBERTO CRAVEIRO;;;784;;Choque c/ Obstáculo Fixo;;;;Meio de Quadra;;;0;1;0;1;0;0;0;0;0;0;0;0;-3,784785;-38,51701
354244;7;12;2019;04:32;0;AV GAL OSORIO DE PAIVA;;;;;Atropelamento;;;;Meio de Quadra;;;0;1;0;1;0;0;0;0;0;0;0;0;;
354245;7;12;2019;06:59;0;AV SEN CARLOS JEREISSATI (AEROPORTO);;;3000;;Colisão;Luz do Dia;;;Meio de Quadra;;;0;1;0;1;0;0;0;0;0;1;0;0;-3,779641;-38,544038
354246;7;12;2019;07:06;0;AV ABOLICAO;;;4813;;Queda;Luz do Dia;;;Meio de Quadra;;;0;1;0;0;0;0;0;0;0;1;0;0;-3,72186;-38,478922
354247;7;12;2019;09:03;0;AV NORTE SUL;;;55;;Atropelamento;Luz do Dia;;;Meio de Quadra;;;0;1;0;0;0;0;0;0;0;1;0;0;-3,797328;-38,54870936
354248;7;12;2019;10:24;0;RD BR 116;;;13000;KM-13;Colisão;Luz do Dia;;;Meio de Quadra;;;0;1;0;1;0;0;0;0;0;1;0;0;-3,86467;-38,497727
354249;7;12;2019;11:37;0;RUA JOSE DANTAS VIEIRA;;;;;Queda;Luz do Dia;;;Meio de Quadra;;;0;1;0;0;0;0;0;0;0;1;0;0;;
354250;7;12;2019;11:59;0;AV JOSE JATAHY;;;23;;Colisão;Luz do Dia;;;Meio de Quadra;;;0;1;0;1;0;0;0;0;0;0;0;0;-3,738943974;-38,54338096
354251;7;12;2019;12:21;0;AV DR ALDY MENTOR;;;;;Queda;Luz do Dia;;;Meio de Quadra;;;0;1;0;0;0;0;0;0;0;1;0;0;;
354252;7;12;2019;12:49;0;AV SEN FERNANDES TAVORA;;;2433;;Atropelamento;Luz do Dia;;;Meio de Quadra;;;0;1;0;0;0;0;0;0;0;0;0;0;-3,755953;-38,593889
354238;7;12;2019;00:10;3391;RUA AMAZONAS;RUA ACRE;;;;Queda;;;;;;;0;1;0;0;0;0;0;0;0;1;0;0;-3,754749;-38,561774
354239;7;12;2019;00:24;0;AV DR THEBERGE;;;2326;;Colisão;;;;Meio de Quadra;;;0;1;0;1;0;0;0;0;0;1;0;0;-3,7219544;-38,5673756
354241;7;12;2019;01:06;0;RUA COSTA BARROS;;;304;;Colisão;;;;Meio de Quadra;;;0;1;0;1;0;0;0;0;0;1;0;0;-3,727381;-38,520793
354277;7;12;2019;17:56;0;AV WASHINGTON SOARES;;;;;Queda;Anoitecer;;;Meio de Quadra;;;0;1;0;0;0;1;0;0;0;0;0;0;;
354270;7;12;2019;17:04;0;AV JOR THOMAZ COELHO;;;;;Colisão;Anoitecer;;;Meio de Quadra;;;0;1;0;1;0;0;0;0;0;1;0;0;;
354267;7;12;2019;16:58;0;RUA PERNAMBUCO;;;2141;;Colisão;Luz do Dia;;;Meio de Quadra;;;0;1;0;0;0;0;0;0;0;0;0;0;-3,754410367;-38,57530677
354265;7;12;2019;16:40;0;AV PERIMETRAL;;;5717;;Queda;Luz do Dia;;;Meio de Quadra;;;0;1;0;0;0;0;0;0;0;1;0;0;;
354257;7;12;2019;13:26;17617;RUA ACRE;RUA CEARA;;;;Colisão;Luz do Dia;;;T;Pare;Residencial;0;1;0;1;0;0;0;0;0;1;0;0;-3,759573;-38,564785
354262;7;12;2019;15:33;0;RUA VALPARAISO;;;441;;Colisão;Luz do Dia;;;Meio de Quadra;;;0;2;0;1;0;0;0;0;0;1;0;0;-3,845248654;-38,52446327
354263;7;12;2019;15:34;0;RUA PORTO VELHO;;;573;;Colisão;Luz do Dia;;;Meio de Quadra;;;0;1;0;1;0;0;0;0;0;1;0;0;-3,766448778;-38,58611191
354288;7;12;2019;18:34;0;AV SEN CARLOS JEREISSATI (AEROPORTO);;;;;Colisão;;;;Meio de Quadra;;;0;1;0;1;0;0;0;0;0;1;0;0;;
354289;7;12;2019;18:59;0;RUA TAMIARANA;;;1147;;Colisão;;;;Meio de Quadra;;;0;3;0;0;0;0;0;0;0;0;0;0;-3,78151;-38,59206
354299;7;12;2019;19:39;0;RUA L CJ VILA VELHA;;;1579;;Atropelamento;;;;Meio de Quadra;;;0;2;0;0;0;0;0;0;0;1;0;0;;
354300;7;12;2019;20:03;0;AV WASHINGTON SOARES;;;2400;;Queda;;;;Meio de Quadra;;;0;1;0;0;0;1;0;0;0;0;0;0;-3,781548;-38,481146
354301;7;12;2019;21:08;13402;AV ANTONIO SALES;RUA ILDEFONSO ALBANO;;;;Colisão;;;;Cruz;Semáforo;Comercial;0;2;0;1;0;0;0;0;0;1;0;0;-3,741238;-38,515947
354292;7;12;2019;19:03;0;AV GAL OSORIO DE PAIVA;;;4543;;Queda;;;;Meio de Quadra;;;0;1;0;0;0;0;0;0;0;1;0;0;-3,798139;-38,59567
354293;7;12;2019;19:09;0;RUA ALVARES CABRAL;;;555;;Queda;;;;Meio de Quadra;;;0;1;0;0;0;0;0;0;0;1;0;0;-3,779779;-38,5442987
354294;7;12;2019;19:20;0;AV ALBERTO CRAVEIRO;;;2507;;Colisão;;;;Meio de Quadra;;;0;1;0;1;0;0;0;0;0;1;0;0;-3,802187202;-38,52072096
354098;7;12;2019;01:50;0;RD BR 116;;;;KM-06;Colisão;Luz do Dia;Bom;Seca;Meio de Quadra;;;0;2;1;0;0;0;1;0;0;1;0;0;-3,804691;-38,503053
354101;7;12;2019;07:40;0;RD BR 020;;;;KM 428;Queda;Luz do Dia;Bom;Seca;Meio de Quadra;;;0;1;0;0;0;0;0;0;0;1;0;0;-3,869;-38,507
354521;7;12;2019;14:30;0;RUA PASSO FUNDO;;;;;Choque c/ Obstáculo Fixo;Luz do Dia;;;Meio de Quadra;;;0;0;1;1;0;0;0;0;0;0;0;0;;
354522;7;12;2019;10:20;0;AV DEP PAULINO ROCHA;;;77;;Colisão;Luz do Dia;;;Meio de Quadra;;;0;0;2;1;0;0;0;0;0;0;0;0;-3,802389;-38,507614
354313;7;12;2019;23:27;0;RUA PASCOAL BARROSO;;;;;Colisão;;;;Meio de Quadra;;;0;1;0;1;0;0;0;0;0;1;0;0;;
354311;7;12;2019;22:57;0;RUA PRO VIRGILIO DE MORAIS;;;;;Queda;;;;Meio de Quadra;;;0;1;0;0;0;0;0;0;0;1;0;0;;
354305;7;12;2019;21:24;0;AV BEIRA MAR;;;872;;Queda;;;;Meio de Quadra;;;0;1;0;0;0;1;0;0;0;0;0;0;-3,720183265;-38,51178961
354309;7;12;2019;22:04;0;AV MR HULL;;;;;Atropelamento;;;;Meio de Quadra;;;0;1;0;1;0;0;0;0;0;0;0;0;;
354303;7;12;2019;21:13;0;AV SEN FERNANDES TAVORA;;;2433;;Atropelamento;;;;Meio de Quadra;;;0;1;0;0;0;0;0;0;0;1;0;0;-3,755953;-38,593889
354279;7;12;2019;18:30;17447;AV SEN CARLOS JEREISSATI (AEROPORTO);RUA PRO TEODORICO;;;;Colisão;Anoitecer;;;;;;0;1;0;0;0;0;0;0;0;0;0;0;-3,769989;-38,550071
352083;7;12;2019;09:40;18152;AV DIOGUINHO;RUA ANTONIO A RODRIGUES;;;;Colisão Transversal;Luz do Dia;Bom;Seca;T;Pare;Lazer;0;1;1;1;0;0;0;0;0;1;0;0;-3,75004;-38,448803
352085;8;12;2019;19:20;0;AV CEL CARVALHO;;;1836;;Choque c/ Obstáculo Fixo;Mal Iluminada;Bom;Seca;Meio de Quadra;;;0;0;1;1;0;0;0;0;0;0;0;0;-3,7186357;-38,58763795
352088;8;12;2019;;0;AV GAL OSORIO DE PAIVA;;;;;Choque c/ Obstáculo Fixo;Mal Iluminada;Bom;Seca;Meio de Quadra;;;0;1;0;1;0;0;0;0;0;0;0;0;;
352089;8;12;2019;14:30;0;AV PRS CASTELO BRANCO;;;;;Colisão Lateral;Via Iluminada;Bom;Seca;Meio de Quadra;;;0;1;2;1;0;0;0;0;0;1;0;0;;
354315;8;12;2019;01:01;0;RUA PORTO VELHO;;;;;Colisão;;;;Meio de Quadra;;;0;1;0;0;0;0;0;0;0;1;0;0;;
354325;8;12;2019;12:29;0;AV JOSE JATAHY;;;25;;Colisão;Luz do Dia;;;Meio de Quadra;;;0;1;0;1;0;0;0;0;0;1;0;0;-3,738956154;-38,54337877
354326;8;12;2019;12:37;0;RUA PEREIRA COUTINHO;;;1041;;Colisão;Luz do Dia;;;Meio de Quadra;;;0;2;0;1;0;0;0;0;0;1;0;0;-3,73248;-38,4836646
354327;8;12;2019;13:48;0;AV PRS COSTA E SILVA;;;2425;;Queda;Luz do Dia;;;Meio de Quadra;;;0;2;0;0;0;0;0;0;0;1;0;0;-3,820219;-38,56022361
354329;8;12;2019;14:49;8562;RUA EVILASIO A MIRANDA;RUA JOAQUIM VITORINO;;;;Colisão;Luz do Dia;;;;;;0;1;0;1;0;0;0;0;0;1;0;0;-3,786463;-38,467937
354330;8;12;2019;15:17;0;RUA EMILIA FREITAS;;;903;;Colisão;Luz do Dia;;;Meio de Quadra;;;0;1;0;1;0;0;0;0;0;1;0;0;;
354331;8;12;2019;17:40;0;AV GODOFREDO MACIEL;;;3884;;Colisão;Anoitecer;;;Meio de Quadra;;;0;1;0;1;0;0;0;0;0;1;0;0;-3,808857;-38,57378
354332;8;12;2019;17:50;9449;RUA RAIMUNDO BIZARRIA;AV MAJ ASSIS;;;;Queda;Anoitecer;;;;Não Há Controle;Residencial;0;1;0;0;0;1;0;0;0;0;0;0;-3,724419;-38,579261
354333;8;12;2019;18:48;0;RUA CON LIMA SUCUPIRA;;;1199;;Queda;;;;Meio de Quadra;;;0;1;0;0;0;0;0;0;0;1;0;0;-3,779755913;-38,54600448
354334;8;12;2019;20:22;0;RUA TIRADENTES;;;;;Colisão;;;;Meio de Quadra;;;0;1;0;0;0;0;0;0;0;0;0;0;;
354335;8;12;2019;20:28;0;RUA VERBENA;;;585;;Atropelamento;;;;Meio de Quadra;;;0;1;0;0;0;0;0;0;0;0;0;0;-3,7771009;-38,58793
354337;8;12;2019;20:42;0;RUA ANSELMO NOGUEIRA;;;;;Atropelamento;;;;Meio de Quadra;;;0;1;0;0;0;0;0;0;0;1;0;0;;
354338;8;12;2019;20:48;0;AV WENEFRIDO MELO;;;1827;;Colisão;;;;Meio de Quadra;;;0;1;0;0;0;0;0;0;0;1;0;0;-3,7247474;-38,5892108
354339;8;12;2019;21:29;0;AV GAL OSORIO DE PAIVA;;;4321;;Choque c/ Obstáculo Fixo;;;;Meio de Quadra;;;0;1;0;1;0;0;0;0;0;0;0;0;-3,796433983;-38,59404985
354340;8;12;2019;21:41;0;RUA URUCUTUBA;;;1840;;Colisão;;;;Meio de Quadra;;;0;1;0;1;0;0;0;0;0;1;0;0;-3,798315017;-38,6129109
354341;8;12;2019;21:58;0;AV VICENTE DE CASTRO;;;;;Colisão;;;;Meio de Quadra;;;0;2;0;1;0;0;0;0;0;1;0;0;;
354342;8;12;2019;22:11;0;AV ABOLICAO;;;3690;;Colisão;;;;Meio de Quadra;;;0;1;0;1;0;0;0;0;0;1;0;0;-3,725907;-38,486613
354343;8;12;2019;23:15;0;AV FRANCISCO SA;;;5607;;Atropelamento;;;;Meio de Quadra;;;0;2;0;1;0;0;0;0;0;0;0;0;-3,711667;-38,5740981
354344;8;12;2019;23:37;0;AV JOSE BASTOS;;;;;Colisão;;;;Meio de Quadra;;;0;1;0;0;0;0;0;0;0;0;0;0;;
354345;8;12;2019;23:54;0;AV DOS EXPEDICIONARIOS;;;4773;;Colisão;;;;Meio de Quadra;;;0;1;0;1;0;0;0;0;0;0;0;0;-3,760838;-38,539946
354317;8;12;2019;01:09;0;AV SGT HERMINIO SAMPAIO;;;5391;;Colisão;;;;Meio de Quadra;;;0;1;0;1;0;0;0;0;0;0;0;0;-3,73409;-38,58771
354319;8;12;2019;01:20;0;RUA ROCHA LIMA;;;35;;Colisão;;;;Meio de Quadra;;;0;1;0;1;0;0;0;0;0;1;0;0;-3,735959;-38,523587
354320;8;12;2019;02:23;0;AV DOM MANUEL;;;36;;Queda;;;;Meio de Quadra;;;0;1;0;0;0;1;0;0;0;0;0;0;-3,7370769;-38,5240484
354321;8;12;2019;07:19;0;RUA CATOLE;;;2836;;Colisão;Luz do Dia;;;Meio de Quadra;;;0;1;0;1;0;0;0;0;0;1;0;0;;
354322;8;12;2019;08:19;0;AV BERNARDO MANUEL;;;9995;;Colisão;Luz do Dia;;;Meio de Quadra;;;0;1;0;1;0;0;0;0;0;1;0;0;-3,8037055;-38,5528987
354323;8;12;2019;09:17;25299;RUA PEDRO MEDEIROS;RUA DA SAUDADE (MONTESE);;;;Colisão;Luz do Dia;;;Cruz;Pare;Misto;0;1;0;1;0;0;0;0;0;1;0;0;-3,769028;-38,546523
354524;8;12;2019;00:15;2565;RUA DR AMBROSIO CARNEIRO;RUA JANDIRA;;;;Choque c/ Obstáculo Fixo;;;;Cruz;Não Há Controle;Residencial;0;0;1;0;0;0;0;0;0;1;0;0;-3,711341;-38,586551
352984;8;12;2019;12:00;0;RUA DESCONHECIDA;;;;;Queda;Luz do Dia;;;Meio de Quadra;;;1;0;0;0;0;0;0;0;0;1;0;0;;
353206;8;12;2019;06:57;0;AV MON TABOSA;;;1381;;Queda;Luz do Dia;Bom;Seca;Meio de Quadra;Não Há Controle;Lazer;0;1;0;0;0;0;0;0;0;1;0;0;-3,724441;-38,505696
353208;8;12;2019;14:49;12393;RUA ALUISIO AZEVEDO;RUA DES FELIX CANDIDO;;;;Colisão Transversal;Luz do Dia;Bom;Seca;Cruz;Pare;Residencial;0;2;1;1;0;0;0;0;0;1;0;0;-3,770664;-38,578296
353209;8;12;2019;20:27;1712;RUA CAP OLAVO;RUA DJALMA PETIT;;;;Colisão;Via Iluminada;Bom;Seca;Cruz;Pare;Residencial;0;2;1;1;0;0;0;0;0;1;0;0;-3,766206;-38,515806
353141;8;12;2019;09:00;0;RD CE-040;;;;KM-07;Colisão;Luz do Dia;;Seca;Meio de Quadra;;;0;0;2;1;0;0;0;0;0;1;0;0;-3,817159445;-38,48303286
353142;8;12;2019;20:00;0;RD CE-040;;;;KM-02;Colisão;;;Seca;Meio de Quadra;;;0;0;2;1;0;0;0;0;0;0;0;0;-3,773616148;-38,4817994
353143;9;12;2019;11:00;0;RD CE-040;;;;KM-10;Colisão;Luz do Dia;;Seca;Meio de Quadra;;;0;0;2;1;0;0;0;0;0;0;0;0;-3,84257666;-38,48088284
353144;9;12;2019;14:00;0;AV SEN CARLOS JEREISSATI (AEROPORTO);;;;KM 02;Colisão;Luz do Dia;;Seca;Meio de Quadra;;;0;0;2;1;0;0;0;0;0;1;0;0;-3,782194;-38,535424
353210;9;12;2019;07:53;0;RUA MON FURTADO;;;740;;Colisão;Anoitecer;Bom;Seca;Meio de Quadra;Não Há Controle;Residencial;0;1;0;0;0;0;0;0;0;1;0;0;-3,745128;-38,548289
353212;9;12;2019;11:04;1322;AV DOM LUIS;RUA VICENTE LEITE;;;;Colisão Lateral;Luz do Dia;Bom;Seca;Cruz;Semáforo;Comercial;0;2;0;1;0;0;0;0;0;1;0;0;-3,734197;-38,494467
353213;9;12;2019;14:30;0;RUA ALMEIDA PRADO;;;640;;Colisão Lateral;Luz do Dia;Bom;Seca;Meio de Quadra;Não Há Controle;Residencial;0;0;1;1;0;0;0;0;0;0;0;0;-3,74266;-38,47484
353214;9;12;2019;17:01;0;RUA SEN POMPEU;;;1850;;Não Informado;Luz do Dia;Bom;Seca;Meio de Quadra;Não Há Controle;Comercial;0;0;2;1;0;0;0;0;0;1;0;0;-3,734808;-38,5320075
353215;9;12;2019;17:20;15945;RUA PDE PEDRO DE ALENCAR;TR OLIVEIRA CHAVES;;;;Colisão Lateral;Luz do Dia;Bom;Seca;Cruz;Não Há Controle;Comercial;0;0;1;1;0;0;0;0;0;1;0;0;-3,8390931;-38,4942971
353216;9;12;2019;19:20;0;AV BERNARDO MANUEL;;;8798;;Colisão Traseira;Via Iluminada;Bom;Seca;Meio de Quadra;Semáforo;Comercial;0;2;1;0;0;0;0;0;0;1;0;0;-3,796391;-38,5508199
353362;9;12;2019;19:08;0;RUA MARIA GOMES DE SA;;;1284;;Colisão;;;;Meio de Quadra;;;0;1;0;1;0;0;0;0;0;1;0;0;-3,8255916;-38,5820495
353364;9;12;2019;19:12;0;RUA ALUISIO AZEVEDO;;;887;;Queda;;;;Meio de Quadra;;;0;1;0;0;0;0;0;0;0;1;0;0;-3,769453;-38,580597
353365;9;12;2019;20:56;0;AV AGUANAMBI;;;384;;Atropelamento;;;;Meio de Quadra;;;0;1;0;1;0;0;0;0;0;0;0;0;-3,740293;-38,524994
353367;9;12;2019;22:14;0;AV FRANCISCO SA;;;5951;;Colisão;;;;Meio de Quadra;;;0;1;0;1;0;0;0;0;0;1;0;0;-3,710323652;-38,57804857
353349;9;12;2019;16:13;0;RUA SEN POMPEU;;;1860;;Colisão;Luz do Dia;;;Meio de Quadra;;;0;1;0;1;0;0;0;0;0;1;0;0;-3,735177;-38,532124
353350;9;12;2019;16:20;0;AV BENJAMIM BRASIL;;;1885;;Colisão;Luz do Dia;;;Meio de Quadra;;;0;1;0;1;0;0;0;0;0;1;0;0;-3,807702079;-38,55936227
353351;9;12;2019;17:16;0;RUA PDE PEDRO DE ALENCAR;;;1290;;Colisão;Anoitecer;;;Meio de Quadra;;;0;1;0;1;0;0;0;0;0;1;0;0;-3,72744;-38,583
353352;9;12;2019;17:23;0;AV ALBERTO CRAVEIRO;;;;;Queda;Anoitecer;;;Meio de Quadra;;;0;1;0;0;0;0;0;0;0;1;0;0;;
353354;9;12;2019;17:36;0;AV IMPERADOR;;;750;;Colisão;Anoitecer;;;Meio de Quadra;;;0;1;0;1;0;0;0;0;0;1;0;0;-3,727714;-38,534609
353355;9;12;2019;18:08;0;AV DR SILAS MUNGUBA;;;473;;Atropelamento;Anoitecer;;;Meio de Quadra;;;0;1;0;1;0;0;0;0;0;0;0;0;-3,77855111;-38,56118336
353356;9;12;2019;18:37;0;AV JOSE JATAHY;;;1811;;Queda;;;;Meio de Quadra;;;0;1;0;0;0;0;0;0;0;1;0;0;-3,737557111;-38,54387867
353358;9;12;2019;18:46;8055;RUA MATOS VASCONCELOS;RUA JOSE FACANHA;;;;Atropelamento de Animal;;;;Cruz;Pare;Rural;0;1;0;0;0;0;0;0;0;1;0;0;-3,7551;-38,553998
353359;9;12;2019;18:52;0;RUA BERNARDO MANUEL;;;8798;;Colisão;;;;Meio de Quadra;;;0;1;0;1;0;0;0;0;0;1;0;0;-3,796682;-38,550795
353333;9;12;2019;09:41;24283;RUA CASTRO MONTE;AV ANTONIO JUSTA;;;;Queda;Luz do Dia;;;Cruz;Pare;Residencial;0;1;0;0;0;0;0;0;0;1;0;0;-3,730583;-38,486149
353334;9;12;2019;10:36;0;AV GAL OSORIO DE PAIVA;;;7400;;Colisão;Luz do Dia;;;Meio de Quadra;;;0;1;0;1;0;0;1;0;0;0;0;0;-3,815173;-38,6121128
353335;9;12;2019;13:22;0;AV GOV RAUL BARBOSA;;;3559;;Colisão;Luz do Dia;;;Meio de Quadra;;;0;3;0;1;0;0;0;0;0;1;0;0;-3,7615226;-38,5072312
353336;9;12;2019;14:05;0;AV GODOFREDO MACIEL;;;3440;;Colisão;Luz do Dia;;;Meio de Quadra;;;0;1;0;1;0;0;0;0;0;1;0;0;-3,805644;-38,57278
353338;9;12;2019;15:10;0;RUA TAQUARI;;;2610;;Colisão;Luz do Dia;;;Meio de Quadra;;;0;1;0;1;0;0;0;0;0;1;0;0;-3,775535154;-38,60395938
353339;9;12;2019;15:35;0;RUA CEL MATOS DOURADO;;;840;;Colisão;Luz do Dia;;;Meio de Quadra;;;0;1;0;0;0;0;1;0;0;1;0;0;-3,746788;-38,584821
353340;9;12;2019;15:45;0;RUA SEN POMPEU;;;1860;;Colisão;Luz do Dia;;;Meio de Quadra;;;0;1;0;1;0;0;0;0;0;1;0;0;-3,735177;-38,532124
353341;9;12;2019;16:12;0;RUA BOM JESUS (GRANJA LISBOA);;;1543;;Colisão;Luz do Dia;;;Meio de Quadra;;;0;1;0;1;0;0;0;0;0;1;0;0;-3,792726;-38,606405
353325;9;12;2019;00:08;0;AV DOS EXPEDICIONARIOS;;;4773;;Colisão;;;;;;;0;1;0;1;0;0;0;0;0;0;0;0;-3,760838;-38,539946
353326;9;12;2019;01:43;0;RUA ARGENTINA;;;191;;Queda;;;;Meio de Quadra;;;0;1;0;0;0;0;0;0;0;1;0;0;-3,747234936;-38,56434017
353327;9;12;2019;04:19;0;RD BR 116;;;;;Queda;;;;Meio de Quadra;;;0;2;0;0;0;0;0;0;0;1;0;0;;
353328;9;12;2019;05:25;0;AV PRS COSTA E SILVA;;;898;;Queda;Amanhecer;;;Meio de Quadra;;;0;1;0;0;0;0;0;0;0;1;0;0;-3,812954458;-38,57125737
353329;9;12;2019;06:24;0;AV JOR JOAO RAMOS;;;110;;Colisão;Luz do Dia;;;Meio de Quadra;;;0;2;0;0;0;0;0;0;0;0;0;0;-3,7618689;-38,4616878
353330;9;12;2019;07:02;0;RUA COSMONAUTAS D34;;;400;;Queda;Luz do Dia;;;Meio de Quadra;;;0;2;0;0;0;0;0;0;0;1;0;0;-3,787348909;-38,58930186
353331;9;12;2019;09:15;0;AV JOAO PESSOA;;;;;Colisão;Luz do Dia;;;Meio de Quadra;;;0;2;0;1;0;0;0;0;0;1;0;0;;
354531;9;12;2019;14:20;10833;RUA CUIABA;RUA PRO MIRAMAR DA PONTE;;;;Colisão;Luz do Dia;;;Cruz;Pare;Residencial;0;0;1;0;0;0;0;1;0;0;0;0;-3,764554;-38,587238
354336;9;12;2019;02:30;0;RUA LEITAO CERQUEIRA;;;419;;Colisão;;;;Meio de Quadra;;;0;1;0;1;0;0;0;0;0;1;0;0;-3,82907;-38,56481
352090;9;12;2019;03:00;9140;RUA PDE BARBOSA DE JESUS;AV FELINO BARROSO;;;;Choque c/ Obstáculo Fixo;Via Iluminada;Bom;Seca;;;;0;1;0;1;0;0;0;0;0;0;0;0;-3,749106;-38,527957
353337;10;12;2019;14:19;24236;AV ENG ALBERTO SA;RUA DES WALDETARIO P MOTA;;;;Colisão;Luz do Dia;;;Cruz;Semáforo;Comercial;0;1;0;1;1;0;0;0;0;0;0;0;-3,733736;-38,47869
353369;10;12;2019;00:35;0;RUA MATEUS LEMOS;;;161;;Colisão;;;;Meio de Quadra;;;0;1;0;0;0;0;0;0;0;0;0;0;-3,78203;-38,61345
353371;10;12;2019;06:35;0;AV ENG LEAL LIMA VERDE (SAPIRANGA/COITE);;;1641;;Colisão;Luz do Dia;;;Meio de Quadra;;;0;1;0;1;0;0;0;0;0;1;0;0;-3,804948667;-38,47489933
353372;10;12;2019;06:54;0;AV JOSE BASTOS;;;3778;;Queda;Luz do Dia;;;Meio de Quadra;;;0;1;0;0;0;0;0;0;0;1;0;0;-3,7511595;-38,551618
353378;10;12;2019;07:01;0;AV FRE CIRILO;;;4340;;Colisão;Luz do Dia;;;Meio de Quadra;;;0;1;0;1;0;0;0;0;0;1;0;0;-3,822257;-38,495262
353380;10;12;2019;07:08;0;RUA CAROLINA SUCUPIRA;;;2070;;Atropelamento;Luz do Dia;;;Meio de Quadra;;;0;2;0;0;0;0;0;0;0;1;0;0;;
353381;10;12;2019;08:00;0;RUA 15 DE NOVEMBRO;;;930;;Queda;Luz do Dia;;;Meio de Quadra;;;0;1;0;0;0;0;0;0;0;1;0;0;-3,770297349;-38,55210047
353382;10;12;2019;08:15;0;AV JOSE BASTOS;;;283;;Colisão;Luz do Dia;;;Meio de Quadra;;;0;1;0;1;0;0;0;0;0;1;0;0;-3,7424056;-38,5428087
353383;10;12;2019;10:29;7832;RUA SILVA PAULET;RUA CEL ALVES TEIXEIRA;;;;Queda;Luz do Dia;;;Cruz;Pare;Residencial;0;1;0;0;0;0;0;0;0;1;0;0;-3,746554;-38,50935
353434;10;12;2019;21:08;0;RUA ESV AZEVEDO;;;476;;Colisão;;;;Meio de Quadra;;;0;1;0;0;0;0;0;0;0;1;0;0;-3,796351511;-38,50741264
353437;10;12;2019;21:51;0;RUA MATEUS LEMOS;;;1309;;Colisão;;;;Meio de Quadra;;;0;1;0;1;0;0;0;0;0;1;0;0;;
353438;10;12;2019;22:24;0;RUA PRO COSTA MENDES;;;1062;;Colisão;;;;Meio de Quadra;;;0;1;0;0;0;0;0;0;0;0;0;0;-3,75261;-38,54923
353431;10;12;2019;19:43;0;RUA GASTAO JUSTA;;;250;;Queda;;;;Meio de Quadra;;;0;1;0;0;0;0;0;0;0;1;0;0;-3,80584;-38,56964
353428;10;12;2019;18:56;0;AV AGUANAMBI;;;;;Colisão;;;;Meio de Quadra;;;0;1;0;1;0;0;0;0;0;1;0;0;;
353429;10;12;2019;19:30;0;RUA RIO GRANDE DO SUL;;;179;;Colisão;;;;Meio de Quadra;;;0;1;0;0;0;0;0;0;0;0;0;0;-3,750771;-38,561959
353391;10;12;2019;10:33;12867;RUA JAIME BENEVOLO;RUA JOAQUIM MAGALHAES;;;;Colisão;Luz do Dia;;;Cruz;Pare;Residencial;0;1;0;1;0;0;0;0;0;1;0;0;-3,739942;-38,527961
353419;10;12;2019;17:17;0;RUA PRA HELOISA F LIMA;;;1412;;Colisão;Anoitecer;;;Meio de Quadra;;;0;1;0;1;0;0;0;0;0;0;0;0;-3,784072;-38,544709
353420;10;12;2019;18:05;0;AV UM (PLANALTO AIRTON SENA);;;2371;;Colisão;Anoitecer;;;Meio de Quadra;;;0;1;0;0;0;0;0;0;0;1;0;0;-3,82772;-38,571