COD_ACIDENTE;DIA;MES;ANO;HORA;INTERSECAO;LOG1;LOG2;LOG3;NUMERO;REFERENCIA;NATUREZA;ILUMINACAO;TEMPO;SUPERFICIEPISTA;TIPOCRUZAMENTO;CONTROLETRAFEGO;USOSOLO;MORTOS;FERIDOS;ILESOS;AUTOMOVEL;ONIBUS;BICICLETA;CAMINHAO;MICROONIBUS;CICLOMOTOR;MOTOCICLETA;TRACAOANIMAL;TREM;LATITUDE;LONGITUDE
353421;10;12;2019;18:34;0;RUA PRO GOMES BRASIL;;;;;Atropelamento;;;;Meio de Quadra;;;0;1;0;0;0;0;0;0;0;1;0;0;;
353422;10;12;2019;18:41;0;RUA CARNAUBAS;;;905;;Colisão;;;;Meio de Quadra;;;0;1;0;1;0;0;0;0;0;1;0;0;-3,81174;-38,53659
353404;10;12;2019;13:10;0;RUA FRE ODILON;;;208;;Colisão;Luz do Dia;;;Meio de Quadra;;;0;1;0;1;0;0;0;0;0;1;0;0;-3,73193;-38,57269
353405;10;12;2019;13:19;19734;RUA PEDRO DE QUEIROZ;RUA AZEVEDO BOLAO;;;;Colisão;Luz do Dia;;;Cruz;Pare;Residencial;0;1;0;0;0;0;0;0;0;1;0;0;-3,7372;-38,560344
353406;10;12;2019;14:29;1453;AV HERACLITO GRACA;AV RUI BARBOSA;;;;Colisão;Luz do Dia;;;Cruz;Semáforo;Comercial;0;1;0;1;0;0;0;0;0;1;0;0;-3,738357;-38,510199
353407;10;12;2019;15:51;0;RUA VALDETARIO MOTA;;;220;;Colisão;Luz do Dia;;;Meio de Quadra;;;0;1;0;1;0;0;0;0;0;0;0;0;-3,73203;-38,47759
353408;10;12;2019;16:18;0;AV GAL OSORIO DE PAIVA;;;636;;Colisão;Luz do Dia;;;Meio de Quadra;;;0;1;0;1;0;0;0;0;0;1;0;0;-3,776593;-38,568029
353409;10;12;2019;16:21;5036;RUA PESSOA ANTA;RUA BORIS;;;;Colisão;Luz do Dia;;;Cruz;Não Há Controle;Comercial;0;1;0;1;0;0;0;0;0;1;0;0;-3,720976;-38,521017
353410;10;12;2019;16:40;0;AV GODOFREDO MACIEL;;;5182;;Colisão;Luz do Dia;;;Meio de Quadra;;;0;1;0;0;0;0;0;0;0;0;0;0;-3,819400057;-38,5768436
353411;10;12;2019;16:43;0;AV WASHINGTON SOARES;;;2763;;Colisão;Luz do Dia;;;Meio de Quadra;;;0;1;0;1;0;0;0;0;0;1;0;0;-3,79747;-38,47973
353217;10;12;2019;09:59;1437;RUA JOAO CARVALHO;RUA SILVA PAULET;;;;Colisão Transversal;Luz do Dia;Bom;Seca;Cruz;Pare;Residencial;0;0;2;0;0;0;0;0;0;1;0;0;-3,737966;-38,506557
353218;10;12;2019;11:27;0;RUA SILVA PAULET;;;2526;;Não Informado;Luz do Dia;Bom;Seca;Meio de Quadra;Não Há Controle;Comercial;0;0;2;0;0;0;0;0;0;1;0;0;-3,746219652;-38,5092387
353219;10;12;2019;10:00;12867;RUA JAIME BENEVOLO;RUA JOAQUIM MAGALHAES;;;;Colisão Lateral;Luz do Dia;Bom;Seca;Cruz;Pare;Residencial;0;1;1;1;0;0;0;0;0;1;0;0;-3,739942;-38,527961
353220;10;12;2019;11:20;0;AV JOSE BASTOS;;;3060;;Colisão Traseira;Luz do Dia;Bom;Seca;Meio de Quadra;Não Há Controle;Comercial;0;1;2;1;0;0;0;0;0;1;0;0;-3,744133;-38,54475
353221;10;12;2019;12:30;0;RUA LONDRINA;RUA BRAGANCA;;724;;Colisão Transversal;Luz do Dia;Bom;Seca;Meio de Quadra;Pare;Comercial;0;2;2;1;0;0;0;0;0;1;0;0;-3,782751;-38,597104
353222;10;12;2019;16:15;17956;RUA EVANDRO LUZ;RUA LICURGO MONTENEGRO;;;;Colisão Transversal;Luz do Dia;Bom;Seca;Cruz;Pare;Residencial;0;1;1;1;0;0;0;0;0;1;0;0;-3,735464;-38,576893
353223;10;12;2019;17:09;5998;AV F CJ CEARA;RUA 448 CJ CEARA;;;;Colisão Transversal;Luz do Dia;Bom;Seca;Cruz;Não Há Controle;Residencial;0;2;1;1;0;0;0;0;0;0;0;0;-3,763714;-38,607072
353113;10;12;2019;18:00;5332;RUA PEDRO I;RUA SEN POMPEU;;;;Colisão Transversal;Via Iluminada;Bom;Seca;Cruz;Semáforo;Comercial;0;1;2;1;0;0;0;0;0;1;0;0;-3,730553;-38,530728
353103;10;12;2019;14:20;25058;RUA VITAL BRASIL;AV AUGUSTO DOS ANJOS;;;;Colisão Lateral;Luz do Dia;Bom;Seca;T;Semáforo;Comercial;0;2;0;0;0;0;0;0;0;1;0;0;-3,782734;-38,581387
353093;10;12;2019;19:00;25101;AV GAL OSORIO DE PAIVA;RUA NAPOLEAO QUEZADO;;;;Colisão Lateral;Via Iluminada;Bom;Seca;T;Semáforo;Residencial;0;1;1;1;0;0;0;0;0;1;0;0;-3,776593;-38,568029
353099;10;12;2019;11:28;2326;RUA SEN ROBERT KENNEDY;AV PRS CASTELO BRANCO;;;;Colisão Lateral;Luz do Dia;Bom;Seca;Cruz;Semáforo;Comercial;0;1;1;1;0;0;0;0;0;1;0;0;-3,704117;-38,579042
353224;11;12;2019;06:00;0;AV BEIRA MAR;;;4530;;Choque c/ Obstáculo Fixo;Via Iluminada;Nublado;Molhada;Meio de Quadra;Não Há Controle;Comercial;0;1;0;1;0;0;0;0;0;0;0;0;-3,722285333;-38,48079402
353225;11;12;2019;08:02;19133;AV ENG SANTANA JUNIOR;RUA PEREIRA DE MIRANDA;;;;Tombamento;Luz do Dia;Nublado;Molhada;T;Pare;Comercial;0;1;1;0;1;0;0;0;0;1;0;0;-3,739031;-38,484204
353226;11;12;2019;10:50;0;AV JOSE LEON;RUA RUA WALTER DE CASTRO;;0;;Colisão;Luz do Dia;Bom;Seca;;;;0;0;1;0;0;0;0;0;0;1;0;0;;
353227;11;12;2019;10:30;11478;RUA PDE FRANCISCO PITA;RUA LEA POMPEU;;0;;Colisão Transversal;Luz do Dia;Bom;Seca;Cruz;Pare;Residencial;0;1;1;1;0;0;0;0;1;0;0;0;-3,782806;-38,49553
353228;11;12;2019;11:03;0;RUA VICENTE DE CASTRO FILHO;RUA DR DEOPLISTO FEITOSA;;;;Colisão Transversal;Luz do Dia;Chuva;Molhada;Meio de Quadra;Não Há Controle;Residencial;0;0;2;1;0;0;0;0;0;0;0;0;-3,7811277;-38,4838388
353229;11;12;2019;14:05;7762;AV ANTONIO SALES;RUA NUNES VALENTE;;;;Colisão Transversal;Luz do Dia;Bom;Seca;Cruz;Pare;Residencial;0;0;2;1;0;0;0;0;0;1;0;0;-3,744237;-38,506314
353230;11;12;2019;15:43;25008;RUA SILVIO ROMERO;RUA TEODOMIRO DE CASTRO;;;;Colisão;Luz do Dia;Bom;Seca;Cruz;Pare;Residencial;0;1;1;0;1;0;0;0;0;1;0;0;-3,719538;-38,570794
353231;11;12;2019;22:36;0;AV GODOFREDO MACIEL;;;0;LAGOA DA MARAPONGA;Colisão Traseira;Via Iluminada;Bom;Seca;Meio de Quadra;Não Há Controle;Comercial;0;0;2;1;0;0;0;0;0;1;0;0;;
353119;11;12;2019;07:00;0;RD CE-040;;;;KM-10;Colisão;Luz do Dia;Bom;Seca;Meio de Quadra;;;0;1;1;0;0;0;0;0;0;0;0;0;-3,84257666;-38,48088284
353236;11;12;2019;22:00;0;AV VICENTE DE CASTRO;;;4753;;Colisão Lateral;Via Iluminada;Bom;Seca;Meio de Quadra;Não Há Controle;Residencial;0;1;1;0;0;0;0;0;0;1;0;0;-3,72173;-38,4788
352985;11;12;2019;11:40;0;RUA CARLOS AMORA;;;100;IGREJA DA PARANGABA;Atropelamento;Luz do Dia;;;Meio de Quadra;;;1;0;1;0;1;0;0;0;0;0;0;0;-3,7750345;-38,563769
353439;11;12;2019;05:46;0;RUA CON DE CASTRO;;;1620;;Queda;Amanhecer;;;Meio de Quadra;;;0;1;0;0;0;0;0;0;0;1;0;0;-3,7857155;-38,5740895
353441;11;12;2019;06:32;0;AV JOR THOMAZ COELHO;;;14;;Colisão;Luz do Dia;;;Meio de Quadra;;;0;1;0;1;1;0;0;0;0;0;0;0;-3,70239;-38,57666
353449;11;12;2019;07:25;0;RUA JOAO CORDEIRO;;;2394;;Queda;Luz do Dia;;;Meio de Quadra;;;0;1;0;0;0;0;0;0;0;1;0;0;-3,741387167;-38,51830883
353450;11;12;2019;07:25;0;AV GAL OSORIO DE PAIVA;;;3398;;Colisão;Luz do Dia;;;Meio de Quadra;;;0;2;0;1;0;0;1;0;0;0;0;0;-3,790898308;-38,58863428
353475;11;12;2019;09:11;0;RD BR 116;;;;KM-09;Colisão;Luz do Dia;;;Meio de Quadra;;;0;1;0;1;0;0;0;0;0;1;0;0;-3,830837;-38,504865
353443;11;12;2019;07:02;0;AV ENG HUMBERTO MONTE;;;1765;;Queda;Luz do Dia;;;Meio de Quadra;;;0;1;0;0;0;0;0;0;0;1;0;0;-3,745394706;-38,56358176
353444;11;12;2019;07:09;0;AV ALM BARROSO;;;15;;Queda;Luz do Dia;;;Meio de Quadra;;;0;1;0;0;0;0;0;0;0;1;0;0;;
353477;11;12;2019;09:35;0;RUA RIO PARAGUAI;;;1045;;Colisão;Luz do Dia;;;Meio de Quadra;;;0;1;0;1;0;0;0;0;0;0;0;0;-3,72809;-38,58449
353478;11;12;2019;09:42;0;AV JOSE LEON;;;2103;;Colisão;Luz do Dia;;;Meio de Quadra;;;0;1;0;1;0;0;0;0;0;1;0;0;-3,789977;-38,492848
353469;11;12;2019;07:41;0;RD BR 116;;;;KM-03;Colisão;Luz do Dia;;;Meio de Quadra;;;0;1;0;1;0;0;0;0;0;1;0;0;-3,779838;-38,514372
353470;11;12;2019;07:46;0;AV 13 DE MAIO;;;1251;;Queda;Luz do Dia;;;Meio de Quadra;;;0;2;0;0;0;0;0;0;0;1;0;0;-3,748763;-38,529981
353471;11;12;2019;07:59;0;AV PONTES VIEIRA;;;1275;;Queda;Luz do Dia;;;Meio de Quadra;;;0;1;0;0;0;0;0;0;0;1;0;0;-3,752321833;-38,51006983
353472;11;12;2019;08:23;0;RUA VICENTE DE CASTRO FILHO;;;1700;;Colisão;Luz do Dia;;;Meio de Quadra;;;0;1;0;1;0;0;0;0;0;0;0;0;-3,78169;-38,48358
353473;11;12;2019;08:37;0;AV 13 DE MAIO;;;705;;Queda;Luz do Dia;;;Meio de Quadra;;;0;1;0;0;0;0;0;0;0;1;0;0;-3,7378724;-38,5425708
353546;11;12;2019;17:46;0;AV GAL MURILO BORGES;;;;;Colisão;Anoitecer;;;Meio de Quadra;;;0;1;0;0;0;0;0;0;0;0;0;0;;
353551;11;12;2019;18:24;0;AV MR HULL;;;;;Colisão;Anoitecer;;;Meio de Quadra;;;0;1;0;0;0;0;0;0;0;0;0;0;;
353554;11;12;2019;18:54;3362;RUA AMAZONAS;RUA STA CATARINA (BELA VISTA / PAN AMERICANO);;;;Queda;;;;Cruz;Pare;Residencial;0;1;0;0;0;0;0;0;0;1;0;0;-3,752908;-38,564766
353557;11;12;2019;20:52;0;AV BEIRA MAR;;;4753;;Colisão;;;;Meio de Quadra;;;0;1;0;1;0;0;0;0;0;1;0;0;-3,721576;-38,478759
353558;11;12;2019;21:41;0;RUA PEDRO MELO;;;1245;;Colisão;;;;Meio de Quadra;;;0;1;0;1;0;0;0;0;0;1;0;0;-3,74473;-38,59567
353559;11;12;2019;21:54;0;AV WASHINGTON SOARES;;;;;Colisão;;;;Meio de Quadra;;;0;1;0;1;0;0;0;0;0;1;0;0;;
353543;11;12;2019;15:40;15364;RUA FRE MANSUETO;RUA REPUBLICA DO LIBANO;;;;Colisão;Luz do Dia;;;Cruz;Pare;Comercial;0;1;0;0;0;0;0;0;0;0;0;0;-3,733732;-38,488729
353544;11;12;2019;16:00;5122;AV IMPERADOR;RUA SAO PAULO;;;;Atropelamento;Luz do Dia;;;Cruz;Semáforo;Comercial;0;1;0;0;0;0;0;0;0;1;0;0;-3,724049;-38,533522
353537;11;12;2019;14:44;0;AV AREIA BRANCA;;;211;;Colisão;Luz do Dia;;;Meio de Quadra;;;0;1;0;0;0;0;0;0;0;0;0;0;-3,728188;-38,474786
353495;11;12;2019;10:25;0;RUA BELEM;;;280;;Queda;Luz do Dia;;;Meio de Quadra;;;0;1;0;0;0;1;0;0;0;0;0;0;-3,7569;-38,59207
353526;11;12;2019;11:08;0;RUA PDE FRANCISCO PITA;;;1099;;Colisão;Luz do Dia;;;Meio de Quadra;;;0;1;0;1;0;0;0;0;0;1;0;0;-3,782806;-38,49553
353529;11;12;2019;11:56;7827;RUA TIBURCIO CAVALCANTE;RUA TOMAS ACIOLI;;;;Colisão;Luz do Dia;;;;;;0;1;0;0;0;0;0;0;0;0;0;0;-3,7462197;-38,5059012
353531;11;12;2019;12:01;0;AV CEL CARVALHO;;;353;;Colisão;Luz do Dia;;;Meio de Quadra;;;0;1;0;1;0;0;0;0;0;0;0;0;-3,7052788;-38,5910624
353510;11;12;2019;10:59;0;AV DUQ CAXIAS;;;1037;;Colisão;Luz do Dia;;;Meio de Quadra;;;0;1;0;1;0;0;0;0;0;0;0;0;-3,730566833;-38,53367275
353516;11;12;2019;11:05;5098;RUA CASTRO E SILVA;RUA SEN POMPEU;;;;Atropelamento;Luz do Dia;;;Cruz;Semáforo;Comercial;0;1;1;0;1;0;0;0;0;0;0;0;-3,723468;-38,528597
354532;11;12;2019;22:37;0;RUA CON DE CASTRO;;;4533;;Colisão;;;;Meio de Quadra;;;0;0;2;1;0;0;0;0;0;0;0;0;-3,804898459;-38,5918258
354104;11;12;2019;09:00;0;RD BR 116;;;;KM-08;Colisão Traseira;Luz do Dia;Nublado;Seca;Meio de Quadra;;;0;1;2;1;0;0;0;0;0;1;0;0;-3,822018;-38,503269
354112;12;12;2019;08:15;0;RD BR 116;;;;KM-04;Queda;Luz do Dia;;Seca;Meio de Quadra;;;0;1;0;0;0;0;0;0;0;1;0;0;-3,802354;-38,503869
354128;12;12;2019;20:50;0;RD BR 116;;;;KM-03;Queda;;Nublado;Seca;Meio de Quadra;;;0;1;0;0;0;0;0;0;0;1;0;0;-3,779838;-38,514372
354534;12;12;2019;15:30;0;AV MAJ ASSIS;;;;;Colisão;Luz do Dia;;;Meio de Quadra;;;0;0;1;1;0;0;0;0;0;1;0;0;;
353560;12;12;2019;01:01;0;RUA DR JOAQUIM BENTO;;;634;;Queda;;;;Meio de Quadra;;;0;1;0;0;0;0;0;0;0;1;0;0;-3,828285;-38,48608
353561;12;12;2019;03:13;0;AV PRS COSTA E SILVA;;;4201;;Atropelamento;;;;Meio de Quadra;;;0;1;0;1;0;0;0;0;0;0;0;0;-3,824888798;-38,54273999
353563;12;12;2019;05:57;0;AV JOAO PESSOA;;;187;;Queda;Amanhecer;;;Meio de Quadra;;;0;1;0;0;0;0;0;0;0;1;0;0;-3,7523;-38,54934
353564;12;12;2019;06:15;0;RUA ANTONIO POMPEU;;;;;Colisão;Luz do Dia;;;Meio de Quadra;;;0;1;0;0;0;0;0;0;0;1;0;0;;
353565;12;12;2019;07:13;0;RUA VER NARCILIO ANDRADE;;;;;Colisão;Luz do Dia;;;Meio de Quadra;;;0;1;0;0;0;0;0;0;0;1;0;0;;
353566;12;12;2019;07:19;0;RUA CEL MATOS DOURADO;;;228;;Colisão;Luz do Dia;;;Meio de Quadra;;;0;1;0;1;0;0;1;0;0;0;0;0;-3,740878;-38,5852135
353630;12;12;2019;22:50;0;AV DEP PAULINO ROCHA;;;;;Queda;;;;Meio de Quadra;;;0;1;0;0;0;0;0;0;0;1;0;0;;
353608;12;12;2019;20:14;24689;RUA GEORGE CAVALCANTE;RUA RAIMUNDO GOMES;;;;Colisão;;;;Cruz;Não Há Controle;Residencial;0;1;0;1;0;0;0;0;0;1;0;0;-3,714337;-38,590124
353609;12;12;2019;20:46;0;RUA IPIRANGA D29;;;1206;;Atropelamento;;;;Meio de Quadra;;;0;1;0;0;0;0;0;0;0;0;0;0;-3,7992462;-38,46521
353569;12;12;2019;08:31;0;RD BR 116;;;;KM-04;Queda;Luz do Dia;;;Meio de Quadra;;;0;1;0;0;0;0;0;0;0;1;0;0;-3,802354;-38,503869
353570;12;12;2019;08:47;0;AV 13 DE MAIO;;;3374;;Atropelamento;Luz do Dia;;;Meio de Quadra;;;0;1;0;1;0;0;0;0;0;0;0;0;;
353572;12;12;2019;09:52;0;AV GOV RAUL BARBOSA;;;;;Queda;Luz do Dia;;;Meio de Quadra;;;0;1;0;0;0;0;0;0;0;1;0;0;;
353574;12;12;2019;10:22;23358;RUA EDUARDO BEZERRA;RUA PRO CARVALHO;;;;Colisão;Luz do Dia;;;Cruz;Semáforo;Residencial;0;1;0;1;0;1;0;0;0;0;0;0;-3,753921;-38,51474
353576;12;12;2019;10:54;26083;AV BEZERRA DE MENEZES;AV JOSE JATAHY;;;;Colisão;Luz do Dia;;;Cruz;Semáforo;Comercial;0;1;0;0;0;0;1;0;0;1;0;0;-3,7315183;-38,5450206
353577;12;12;2019;14:19;0;RUA CANDIDO MAIA;;;;FROTINHA ANT. BEZERRA;Queda;Luz do Dia;;;Meio de Quadra;;;0;1;0;0;0;0;0;0;0;1;0;0;;
353578;12;12;2019;15:11;19703;RUA GUSTAVO SAMPAIO;RUA PEDRO DE QUEIROZ;;;;Colisão;Luz do Dia;;;Cruz;Pare;Residencial;0;1;0;1;0;0;0;0;0;1;0;0;-3,736097;-38,560577
353579;12;12;2019;15:12;0;RUA JULIO SILVA;;;5760;;Atropelamento;Luz do Dia;;;Meio de Quadra;;;0;1;0;0;1;0;0;0;0;0;0;0;;
353585;12;12;2019;15:51;1285;AV DOM LUIS;RUA VIS MAUA;;;;Colisão;Luz do Dia;;;Cruz;Pare;Comercial;0;1;0;1;0;0;0;0;0;1;0;0;-3,732923;-38,49839
353587;12;12;2019;16:14;0;AV DOS EXPEDICIONARIOS;;;4395;;Atropelamento;Luz do Dia;;;Meio de Quadra;;;0;1;0;0;0;0;0;0;0;0;0;0;-3,75673;-38,538697
353589;12;12;2019;16:42;0;RUA MACAPA;;;130;;Queda;Luz do Dia;;;Meio de Quadra;;;0;1;0;0;0;0;0;0;0;1;0;0;-3,75031;-38,59032
353591;12;12;2019;18:17;0;AV GOV RAUL BARBOSA;;;5454;;Atropelamento;Anoitecer;;;Meio de Quadra;;;0;1;0;0;0;0;0;0;0;1;0;0;-3,7671805;-38,5092555
353593;12;12;2019;18:19;0;RUA PORTO ALEGRE;;;1405;;Colisão;Anoitecer;;;Meio de Quadra;;;0;1;0;0;0;0;0;0;0;0;0;0;-3,759915;-38,591222
353596;12;12;2019;18:29;0;RUA RECANTO VERDE;;;1720;;Colisão;Anoitecer;;;Meio de Quadra;;;0;1;0;1;0;0;0;0;0;1;0;0;-3,8416405;-38,5128483
353601;12;12;2019;18:30;0;AV GOV RAUL BARBOSA;;;5460;;Queda;Anoitecer;;;Meio de Quadra;;;0;1;0;0;0;0;0;0;0;1;0;0;-3,7671805;-38,5092555
353603;12;12;2019;19:10;0;AV SEN CARLOS JEREISSATI (AEROPORTO);;;;;Queda;;;;Meio de Quadra;;;0;1;0;0;0;0;0;0;0;1;0;0;;
353604;12;12;2019;19:47;0;RUA CARDOSO DE BARROS;;;197;;Colisão;;;;Meio de Quadra;;;0;1;0;0;0;0;0;0;0;0;0;0;-3,789812277;-38,58120274
353605;12;12;2019;19:54;0;RUA GEORGE CAVALCANTE;;;;;Colisão;;;;Meio de Quadra;;;0;1;0;1;0;0;0;0;0;1;0;0;;
353606;12;12;2019;20:01;0;RUA CEL VIRGILIO NOGUEIRA (BOM JARDIM);;;1733;;Colisão;;;;Meio de Quadra;;;0;1;0;0;0;0;0;0;0;0;0;0;-3,7975267;-38,6116012
353256;12;12;2019;16:28;0;AV DEP PAULINO ROCHA;;;1303;;Colisão Lateral;Luz do Dia;Bom;Seca;Outros;Não Há Controle;Comercial;0;1;1;0;0;0;1;0;0;1;0;0;-3,808365462;-38,50859429
353232;12;12;2019;09:58;0;AV CARAPINIMA;;;1672;;Não Informado;Luz do Dia;Bom;Seca;Meio de Quadra;Não Há Controle;Comercial;0;0;2;0;0;0;0;0;0;1;0;0;-3,736370073;-38,53652123
353233;12;12;2019;11:08;1440;RUA TIBURCIO CAVALCANTE;RUA AFONSO CELSO;;;;Colisão Transversal;Luz do Dia;Bom;Seca;Cruz;Pare;Comercial;0;1;1;0;0;0;0;0;0;1;0;0;-3,738092;-38,503289
353234;12;12;2019;15:59;0;AV AUGUSTO DOS ANJOS;;;1893;;Colisão Traseira;Luz do Dia;Bom;Seca;Meio de Quadra;Não Há Controle;Comercial;0;0;2;1;0;0;0;0;0;1;0;0;-3,78258983;-38,58126319
353235;12;12;2019;14:30;0;AV ANTONIO SALES;;;3443;;Colisão Lateral;Luz do Dia;Bom;Seca;Meio de Quadra;Não Há Controle;Residencial;0;2;1;1;0;0;0;0;0;1;0;0;-3,748462;-38,492552
353145;12;12;2019;09:10;0;RD CE-040;;;;KM-09;Colisão;Luz do Dia;Bom;Seca;Meio de Quadra;;;0;1;1;0;0;0;0;0;0;1;0;0;-3,834450897;-38,48246582
353146;12;12;2019;19:30;0;AV SEN CARLOS JEREISSATI (AEROPORTO);;;;KM 01;Colisão;;Bom;Seca;Meio de Quadra;;;0;0;2;1;0;0;1;0;0;0;0;0;-3,783753;-38,52685
353147;12;12;2019;19:00;0;AV SEN CARLOS JEREISSATI (AEROPORTO);;;;KM 01;Colisão;;Bom;Seca;Meio de Quadra;;;0;1;0;0;0;0;0;0;0;1;0;0;-3,783753;-38,52685
353237;13;12;2019;06:15;1321;RUA MARCOS MACEDO;RUA VICENTE LEITE;;;;Colisão Transversal;Luz do Dia;Nublado;Molhada;Cruz;Pare;Residencial;0;0;1;1;0;0;0;0;0;0;0;0;-3,735201;-38,494787
353238;13;12;2019;20:52;0;RUA TEN JURANDIR ALENCAR;RUA CAP AFRANIO;;0;;Engavetamento;Via Iluminada;Bom;Seca;T;Não Há Controle;Residencial;0;0;2;0;0;0;0;0;0;1;0;0;-3,831684;-38,495378
353631;13;12;2019;00:25;0;AV PASTEUR;;;611;;Colisão;;;;Meio de Quadra;;;0;1;0;1;0;0;0;0;0;1;0;0;-3,711210231;-38,55886523
353643;13;12;2019;07:06;10828;RUA PORTO VELHO;RUA ARACAJU;;;;Colisão;Luz do Dia;;;Cruz;Pare;Residencial;0;1;0;1;0;0;0;0;0;1;0;0;-3,764365;-38,589992
353644;13;12;2019;07:29;0;RD BR 116;;;;KM-11;Colisão;Luz do Dia;;;Meio de Quadra;;;0;1;0;0;0;0;0;0;0;1;0;0;-3,84716;-38,497176
353645;13;12;2019;07:45;0;AV PERIMETRAL;;;;;Queda;Luz do Dia;;;Meio de Quadra;;;0;1;0;0;0;0;0;0;0;1;0;0;;
353646;13;12;2019;07:47;25542;RUA PIRACICABA;RUA CEL MATOS DOURADO;;;;Queda;Luz do Dia;;;Meio de Quadra;Não Há Controle;Comercial;0;1;0;0;0;0;0;0;0;1;0;0;-3,752647;-38,582873
353647;13;12;2019;07:58;0;AV PONTES VIEIRA;;;855;;Colisão;Luz do Dia;;;Meio de Quadra;;;0;1;0;1;0;0;0;0;0;1;0;0;-3,752735;-38,513542
353648;13;12;2019;08:00;0;RUA VILA VELHA;;;2;;Atropelamento;Luz do Dia;;;Meio de Quadra;;;0;1;0;1;0;0;0;0;0;0;0;0;-3,7006483;-38,586879
353675;13;12;2019;16:51;0;RUA MAJ MONTENEGRO;;;409;;Colisão;Luz do Dia;;;Meio de Quadra;;;0;2;0;1;0;0;0;0;0;1;0;0;-3,796167745;-38,58053996
353677;13;12;2019;17:10;7265;AV ODILON GUIMARAES;RUA NENEN ARRUDA;;;;Colisão;Anoitecer;;;;;;0;1;0;1;0;0;0;0;0;1;0;0;-3,821504;-38,476548
353678;13;12;2019;17:28;0;AV RAD JOSE LIMA VERDE;;;1188;;Atropelamento;Anoitecer;;;Meio de Quadra;;;0;1;0;1;0;0;0;0;0;0;0;0;-3,7030335;-38,5914185
353679;13;12;2019;17:34;0;RUA ENG LUIS MONTENEGRO;;;405;;Colisão;Anoitecer;;;Meio de Quadra;;;0;1;0;0;0;0;0;0;0;0;0;0;-3,81503;-38,61537
353680;13;12;2019;17:42;0;RUA MIN ALBUQUERQUE LIMA;;;1007;;Colisão;Anoitecer;;;Meio de Quadra;;;0;3;0;0;0;0;0;0;0;1;0;0;-3,770906769;-38,60351192
353667;13;12;2019;13:05;9258;AV AGUANAMBI;RUA GUILHERME MOREIRA;;;;Colisão;Luz do Dia;;;T;Não Há Controle;Comercial;0;1;0;1;0;0;0;0;0;1;0;0;-3,749909;-38,523731
353668;13;12;2019;13:48;0;RUA MANUEL MOURA;;;608;;Colisão;Luz do Dia;;;Meio de Quadra;;;0;1;0;1;0;0;0;0;0;1;0;0;-3,7188621;-38,4746076
353669;13;12;2019;14:15;9297;AV FRANCISCO SA;RUA CESAR CORREIA;;;;Colisão;Luz do Dia;;;Cruz;Pare;Residencial;0;1;0;0;0;0;0;0;0;0;0;0;-3,711949;-38,573313
353670;13;12;2019;15:52;0;RUA COM GARCIA;;;645;;Colisão;Luz do Dia;;;Meio de Quadra;;;0;1;0;1;0;0;0;0;0;1;0;0;-3,79043;-38,58075
353660;13;12;2019;11:31;0;RUA MONTE PASCOAL;;;653;;Colisão;Luz do Dia;;;Meio de Quadra;;;0;2;0;0;0;0;0;0;0;1;0;0;-3,7572358;-38,4831483
353672;13;12;2019;15:53;0;RUA EQUADOR;;;1981;;Colisão;Luz do Dia;;;Meio de Quadra;;;0;2;0;0;0;0;0;0;0;1;0;0;-3,784449;-38,557111
353673;13;12;2019;15:55;0;RUA VALPARAISO;;;200;;Colisão;Luz do Dia;;;Meio de Quadra;;;0;1;0;1;0;0;0;0;0;1;0;0;-3,8461269;-38,522157
353686;13;12;2019;18:22;0;AV PRS JUSCELINO KUBITSCHEK (PASSARÉ);;;5800;;Colisão;Anoitecer;;;Meio de Quadra;;;0;1;0;0;0;0;0;0;0;0;0;0;-3,8243584;-38,5377762
353687;13;12;2019;18:38;549;AV FRANCISCO SA;RUA DIANA ARARIPE CABRAL;;;;Colisão;;;;T;Não Há Controle;Comercial;0;1;0;1;0;0;0;0;0;1;0;0;-3,713701;-38,568244
353688;13;12;2019;19:25;0;AV 13 DE MAIO;;;1820;;Colisão;;;;Meio de Quadra;;;0;1;0;1;0;0;0;0;0;1;0;0;-3,745358327;-38,53398038
353689;13;12;2019;21:05;0;RUA JURANDIR L ALENCAR;;;6;;Colisão;;;;Meio de Quadra;;;0;2;0;0;0;0;0;0;0;1;0;0;-3,71882;-38,58221
353690;13;12;2019;21:16;0;RUA BAR CRATO;;;2004;;Colisão;;;;Meio de Quadra;;;0;1;0;0;0;0;0;0;0;1;0;0;-3,723036;-38,56637
353691;13;12;2019;22:20;0;RD BR 116;;;;KM-05;Colisão;;;;Meio de Quadra;;;0;1;0;1;0;0;0;0;0;1;0;0;-3,796502;-38,506787
353692;13;12;2019;23:13;0;AV ALM HENRIQUE SABOIA;;;;;Queda;;;;Meio de Quadra;;;0;1;0;0;0;0;0;0;0;1;0;0;;