COD_ACIDENTE;DIA;MES;ANO;HORA;INTERSECAO;LOG1;LOG2;LOG3;NUMERO;REFERENCIA;NATUREZA;ILUMINACAO;TEMPO;SUPERFICIEPISTA;TIPOCRUZAMENTO;CONTROLETRAFEGO;USOSOLO;MORTOS;FERIDOS;ILESOS;AUTOMOVEL;ONIBUS;BICICLETA;CAMINHAO;MICROONIBUS;CICLOMOTOR;MOTOCICLETA;TRACAOANIMAL;TREM;LATITUDE;LONGITUDE
353650;13;12;2019;08:09;0;AV PRS COSTA E SILVA;;;5581;;Colisão;Luz do Dia;;;Meio de Quadra;;;0;1;0;1;0;0;0;0;0;1;0;0;-3,82874;-38,53098
353633;13;12;2019;05:58;0;AV PRS JUSCELINO KUBITSCHEK (PASSARÉ);;;3256;;Queda;Amanhecer;;;Meio de Quadra;;;0;2;0;0;0;0;0;0;0;1;0;0;-3,809073545;-38,52642809
353634;13;12;2019;06:07;0;AV MR HULL;;;;;Colisão;Luz do Dia;;;Meio de Quadra;;;0;1;0;1;0;0;0;0;0;1;0;0;;
353663;13;12;2019;11:52;0;RUA EDUARDO GARCIA;;;283;;Colisão;Luz do Dia;;;Meio de Quadra;;;0;1;0;1;0;0;0;0;0;1;0;0;-3,738960538;-38,49665292
353664;13;12;2019;12:26;0;AV MR HULL;;;;;Colisão;Luz do Dia;;;Meio de Quadra;;;0;1;0;1;0;1;0;0;0;0;0;0;;
353652;13;12;2019;08:18;0;AV ANTONIO JUSTA;;;3979;;Atropelamento;Luz do Dia;;;Meio de Quadra;;;0;1;0;1;0;0;0;0;0;0;0;0;-3,730619591;-38,48589877
353653;13;12;2019;08:24;0;RUA PRS PRUDENTE;;;168;;Atropelamento;Luz do Dia;;;Meio de Quadra;;;0;1;0;1;0;0;0;0;0;0;0;0;-3,73804;-38,5948296
353654;13;12;2019;08:32;7842;AV BAR STUDART;RUA ANTONIO FURTADO;;;;Colisão;Luz do Dia;;;;;;0;1;0;1;0;0;0;0;0;1;0;0;-3,751531;-38,512012
353655;13;12;2019;08:58;0;RUA ANDRADE FURTADO;;;1744;;Colisão;Luz do Dia;;;Meio de Quadra;;;0;3;0;1;0;0;0;0;0;1;0;0;-3,747565281;-38,474096
353656;13;12;2019;09:42;13076;AV I CJ JOSE WALTER;AV B CJ JOSE WALTER;;;;Queda;Luz do Dia;;;Outros;Pare;Residencial;0;2;0;0;0;0;0;0;0;1;0;0;-3,827806;-38,551546
353657;13;12;2019;10:24;0;AV SGT HERMINIO SAMPAIO;;;2267;;Colisão;Luz do Dia;;;Meio de Quadra;;;0;1;0;1;0;0;0;0;0;1;0;0;-3,726371;-38,560489
354157;13;12;2019;22:15;0;RD BR 116;;;5000;KM-05;Colisão;;Bom;Seca;Meio de Quadra;;;0;1;1;0;0;0;0;0;0;1;0;0;-3,796502;-38,506787
354154;13;12;2019;07:20;0;RD BR 020;;;428;;Colisão Transversal;Luz do Dia;Bom;Seca;Meio de Quadra;;;0;1;1;0;0;0;0;0;0;1;0;0;-3,869;-38,507
354061;14;12;2019;14:23;0;AV PRS COSTA E SILVA;;;;;Colisão;Luz do Dia;;;Meio de Quadra;;;0;1;0;1;0;0;0;0;0;1;0;0;;
354535;14;12;2019;04:50;6791;AV PDE ANTONIO TOMAS;RUA JOAO ADOLFO GURGEL;;;;Colisão;;;;T;Não Há Controle;Residencial;0;0;1;0;0;0;0;0;0;0;0;0;-3,746133;-38,481221
354536;14;12;2019;21:15;0;AV GOV RAUL BARBOSA;;;6604;;Acidente Pessoal;;;;Meio de Quadra;;;0;0;1;0;0;0;0;0;0;0;0;0;-3,7720855;-38,511842
354537;14;12;2019;21:15;0;RUA PERILIO TEIXEIRA;;;519;;Atropelamento;;;;Meio de Quadra;;;0;1;0;0;0;0;0;0;0;1;0;0;-3,759527964;-38,60188877
353693;14;12;2019;00:07;0;RUA GOV JOAO CARLOS;;;;;Queda;;;;Meio de Quadra;;;0;1;0;0;0;0;0;0;0;1;0;0;;
353694;14;12;2019;00:32;0;RUA MARIA FELIX RODRIGUES;;;204;;Colisão;;;;Meio de Quadra;;;0;1;0;1;0;0;0;0;0;1;0;0;-3,741349203;-38,56597486
353695;14;12;2019;01:26;0;AV SGT HERMINIO SAMPAIO;;;1415;;Colisão;;;;Meio de Quadra;;;0;1;0;1;0;0;0;0;0;1;0;0;-3,724983;-38,552915
353696;14;12;2019;07:01;0;AV GODOFREDO MACIEL;;;2563;;Colisão;Luz do Dia;;;Meio de Quadra;;;0;1;0;1;0;0;0;0;0;1;0;0;-3,79810392;-38,57041896
353700;14;12;2019;08:19;0;RUA JOSE MENDONCA;;;1456;;Colisão;Luz do Dia;;;Meio de Quadra;;;0;1;0;1;0;0;0;0;0;1;0;0;-3,7521381;-38,6012573
353701;14;12;2019;08:54;0;AV GAL OSORIO DE PAIVA;;;4801;;Colisão;Luz do Dia;;;Meio de Quadra;;;0;1;0;1;0;0;0;0;0;1;0;0;-3,800909;-38,59836762
353720;14;12;2019;09:20;2822;AV GAL OSORIO DE PAIVA;RUA OSCAR ARARIPE;;;;Colisão;Luz do Dia;;;Outros;Não Há Controle;Comercial;0;1;0;1;0;0;0;0;0;1;0;0;-3,794165;-38,591823
353732;14;12;2019;09:28;10054;RUA OLIVEIRA SOBRINHO;RUA ANTONIO NERY;;;;Queda;Luz do Dia;;;Cruz;Pare;Comercial;0;1;0;0;0;0;0;0;0;1;0;0;-3,778827;-38,600388
353734;14;12;2019;09:38;0;AV OLIVEIRA PAIVA;;;;;Atropelamento;Luz do Dia;;;Meio de Quadra;;;0;1;0;1;0;0;0;0;0;0;0;0;;
353744;14;12;2019;10:25;0;AV N CJ JOSE WALTER;;;1466;;Colisão;Luz do Dia;;;Meio de Quadra;;;0;3;0;0;0;0;0;0;0;0;0;0;-3,7756868;-38,4922248
353753;14;12;2019;12:02;0;RUA ABELARDO MARINHO;;;;;Queda;Luz do Dia;;;Meio de Quadra;;;0;1;0;0;0;0;0;0;0;1;0;0;;
353760;14;12;2019;12:57;0;RUA SEN POMPEU;;;1127;;Atropelamento;Luz do Dia;;;Meio de Quadra;;;0;1;0;1;0;0;0;0;0;0;0;0;-3,727819396;-38,52990294
353755;14;12;2019;12:20;0;RUA 2 DE ABRIL;;;1001;;Colisão;Luz do Dia;;;Meio de Quadra;;;0;1;0;1;0;0;0;0;0;1;0;0;-3,80138;-38,52655
353756;14;12;2019;12:24;7754;AV ANTONIO SALES;RUA JOSE VILAR;;;;Colisão;Luz do Dia;;;Cruz;Semáforo;Residencial;0;2;0;0;0;0;0;0;0;0;0;0;-3,743929;-38,507303
353757;14;12;2019;12:29;0;AV MAE LISBOA;;;2943;;Queda;Luz do Dia;;;Meio de Quadra;;;0;1;0;0;0;0;0;0;0;1;0;0;-3,805925872;-38,45258592
353767;14;12;2019;14:55;0;RUA BERNARDO MANUEL;;;8550;;Colisão;Luz do Dia;;;Meio de Quadra;;;0;1;0;0;0;0;0;0;0;0;0;0;-3,794806667;-38,55022767
353768;14;12;2019;15:04;0;RUA COSTA BARROS;;;5051;;Colisão;Luz do Dia;;;Meio de Quadra;;;0;1;0;1;0;0;0;0;0;1;0;0;;
353814;14;12;2019;16:23;0;AV DOS EXPEDICIONARIOS;;;8550;;Colisão;Luz do Dia;;;Meio de Quadra;;;0;1;0;1;0;0;0;0;0;0;0;0;;
353816;14;12;2019;16:35;3502;RUA MUCAMBINHO (MESSEJANA);RUA MANUEL ARRUDA;;;;Colisão;Luz do Dia;;;Cruz;Não Há Controle;Comercial;0;1;0;1;0;0;0;0;0;1;0;0;-3,828279;-38,506736
353802;14;12;2019;15:04;1222;RUA COSTA BARROS;RUA ANTONIO AUGUSTO;;;;Colisão;Luz do Dia;;;Cruz;Pare;Comercial;0;1;0;1;0;0;0;0;0;1;0;0;-3,729783;-38,513288
353803;14;12;2019;15:23;7758;RUA SILVA PAULET;RUA DOM EXPEDITO LOPES;;;;Colisão;Luz do Dia;;;Cruz;Pare;Residencial;0;1;0;0;0;0;0;0;0;0;0;0;-3,742826;-38,508134
353804;14;12;2019;16:10;0;AV FRANCISCO SA;;;3964;;Colisão;Luz do Dia;;;Meio de Quadra;;;0;1;0;1;0;0;0;0;0;1;0;0;-3,716325;-38,560567
353805;14;12;2019;16:12;0;RUA BETEL;;;;;Colisão;Luz do Dia;;;Meio de Quadra;;;0;1;0;1;0;0;0;0;0;0;0;0;;
353765;14;12;2019;13:42;0;RUA URUCUTUBA;;;1450;;Atropelamento;Luz do Dia;;;Meio de Quadra;;;0;1;0;0;0;0;0;0;0;1;0;0;-3,797458;-38,607496
353763;14;12;2019;13:28;0;AV VIS RIO BRANCO;;;3073;;Atropelamento;Luz do Dia;;;Meio de Quadra;;;0;1;0;1;0;0;0;0;0;0;0;0;-3,747874;-38,52162467
353751;14;12;2019;10:27;0;AV ROGACIANO LEITE;;;109;;Colisão;Luz do Dia;;;Meio de Quadra;;;0;1;0;1;0;0;0;0;0;1;0;0;-3,757596967;-38,49165538
353849;14;12;2019;22:27;0;AV GODOFREDO MACIEL;;;2440;;Colisão;;;;Meio de Quadra;;;0;1;0;1;0;0;0;0;0;1;0;0;-3,796849;-38,570037
353854;14;12;2019;23:25;0;RUA TEODOMIRO DE CASTRO;;;6526;;Colisão;;;;Meio de Quadra;;;0;3;0;0;0;0;0;0;0;0;0;0;-3,716185;-38,578584
353851;14;12;2019;22:48;0;AV GODOFREDO MACIEL;;;;;Queda;;;;Meio de Quadra;;;0;1;0;0;0;0;0;0;0;1;0;0;;
353852;14;12;2019;23:18;0;RUA CEL QUEIROZ;;;241;;Atropelamento;;;;Meio de Quadra;;;0;1;0;0;0;0;0;0;0;1;0;0;-3,83523;-38,56479
353839;14;12;2019;19:20;0;AV PRS COSTA E SILVA;;;;;Colisão;;;;Meio de Quadra;;;0;1;0;1;0;0;0;0;0;1;0;0;;
353840;14;12;2019;19:37;0;RUA NEREU RAMOS;;;;;Queda;;;;Meio de Quadra;;;0;1;0;0;0;0;0;0;0;1;0;0;;
353842;14;12;2019;20:01;11836;RUA JACINTO MATOS;RUA MON DANTAS;;;;Colisão;;;;Cruz;Pare;Comercial;0;1;0;1;0;0;0;0;0;1;0;0;-3,719714;-38,5468
353843;14;12;2019;20:17;0;RUA HOLANDA;;;419;;Colisão;;;;Meio de Quadra;;;0;2;0;0;0;0;0;0;0;1;0;0;-3,79483;-38,564271
353844;14;12;2019;20:25;0;RUA PDE FRANCISCO PITA;;;206;;Atropelamento;;;;Meio de Quadra;;;0;1;0;0;1;0;0;0;0;0;0;0;-3,780227;-38,5042625
353845;14;12;2019;21:17;0;AV BEZERRA DE MENEZES;;;2275;;Colisão;;;;Meio de Quadra;;;0;1;0;1;0;0;0;0;0;1;0;0;-3,735828;-38,565167
353846;14;12;2019;21:33;0;AV WASHINGTON SOARES;;;3500;;Queda;;;;Meio de Quadra;;;0;1;0;0;0;1;0;0;0;0;0;0;-3,785299;-38,480833
353847;14;12;2019;22:15;0;AV JOAO PESSOA;;;7015;;Queda;;;;Meio de Quadra;;;0;1;0;0;0;0;0;0;0;1;0;0;-3,771198;-38,561439
353818;14;12;2019;16:46;0;AV DOS EXPEDICIONARIOS;;;5800;;Colisão;Luz do Dia;;;Meio de Quadra;;;0;1;0;1;0;0;0;0;0;1;0;0;-3,770663;-38,542921
353824;14;12;2019;17:09;0;AV DOS EXPEDICIONARIOS;;;1400;;Colisão;Anoitecer;;;Meio de Quadra;;;0;1;0;0;0;0;0;0;0;0;0;0;;
353825;14;12;2019;17:19;0;AV C CJ SITIO SAO JOAO;;;250;;Queda;Anoitecer;;;Meio de Quadra;;;0;1;0;0;0;0;0;0;0;1;0;0;-3,83234;-38,58574
353827;14;12;2019;17:43;0;RUA XXIX CIDADE OESTE;;;112;;Colisão;Anoitecer;;;Meio de Quadra;;;0;1;0;1;0;0;0;0;0;1;0;0;-3,730327417;-38,595721
353828;14;12;2019;17:49;0;AV PRO GOMES DE MATOS;;;1066;;Colisão;Anoitecer;;;Meio de Quadra;;;0;1;0;1;0;0;0;0;0;1;0;0;-3,76209;-38,546409
353829;14;12;2019;18:13;0;AV JOR JOAO RAMOS;;;2651;;Queda;Anoitecer;;;Meio de Quadra;;;0;1;0;0;0;0;0;0;0;1;0;0;;
353830;14;12;2019;18:23;0;AV DES GONZAGA;;;380;;Atropelamento;Anoitecer;;;Meio de Quadra;;;0;1;0;1;0;0;0;0;0;0;0;0;-3,790056;-38,5031885
353831;14;12;2019;18:42;0;RUA PERILIO TEIXEIRA;;;601;;Colisão;;;;Meio de Quadra;;;0;2;0;1;0;0;0;0;0;1;0;0;-3,759178;-38,601822
353834;14;12;2019;18:43;0;RD BR 116;;;7355;;Atropelamento;;;;Meio de Quadra;;;0;1;0;1;0;0;0;0;0;0;0;0;;
353837;14;12;2019;19:02;0;VL CRISTO REI;;;;;Colisão;;;;Meio de Quadra;;;0;3;0;1;0;0;0;0;0;1;0;0;;
353377;14;12;2019;18:30;0;RD BR 116;;;4000;KM-04;Atropelamento;Anoitecer;;;Meio de Quadra;;;1;0;1;1;0;0;0;0;0;0;0;0;-3,802354;-38,503869
353239;14;12;2019;08:59;0;AV PRS CASTELO BRANCO;;;2473;;Colisão Traseira;Luz do Dia;Bom;Seca;Meio de Quadra;Não Há Controle;Comercial;0;0;1;1;0;0;0;0;0;0;0;0;-3,713268395;-38,55007481
353240;14;12;2019;10:00;0;AV ABOLICAO;;;2377;;Colisão Lateral;Luz do Dia;Bom;Seca;;;;0;0;2;1;0;0;0;0;0;1;0;0;-3,72669;-38,497445
353249;14;12;2019;10:20;0;AV ROGACIANO LEITE;;;2511;;Colisão;Luz do Dia;Bom;Seca;Meio de Quadra;Não Há Controle;Comercial;0;2;1;0;0;0;0;0;0;1;0;0;-3,779133;-38,501292
353132;14;12;2019;17:00;25301;RUA DA SAUDADE (MONTESE);AV DOS EXPEDICIONARIOS;;;;Colisão Lateral;Luz do Dia;Bom;Seca;T;Pare;Residencial;0;0;2;0;1;0;0;0;0;1;0;0;-3,770998;-38,543024
353150;15;12;2019;16:00;35;RUA JOAQUIM LEITAO;RUA PEDRO MELO;;;;Colisão Transversal;Luz do Dia;Bom;Seca;Cruz;Pare;Residencial;0;0;3;1;0;0;0;0;0;1;0;0;-3,744174;-38,5921
353241;15;12;2019;01:00;0;RUA PORTO VELHO;;;400;;Colisão Transversal;Via Iluminada;Bom;Seca;Meio de Quadra;Pare;Residencial;0;1;1;1;0;0;0;0;0;1;0;0;-3,767276966;-38,58458636
353242;15;12;2019;11:53;0;RUA PORTO VELHO;;;0;;Colisão;Não Informado;Bom;Seca;;;;0;0;2;1;0;0;0;0;0;1;0;0;;
353243;15;12;2019;14:54;20042;AV PRS JUSCELINO KUBITSCHEK (PASSARÉ);AV DEP PAULINO ROCHA;;;;Colisão Lateral;Não Informado;Bom;Seca;Rotatória;Dê Preferência;Lazer;0;2;1;1;0;0;0;0;0;1;0;0;-3,807229;-38,524782
352982;15;12;2019;07:10;0;RUA ARACAJU;;;1870;;Choque c/ Obstáculo Fixo;Luz do Dia;;;Meio de Quadra;;;1;0;0;0;0;0;0;0;0;1;0;0;-3,76771;-38,5916
353862;15;12;2019;02:08;0;RUA LAURO NOGUEIRA;;;579;;Atropelamento;;;;Meio de Quadra;;;0;1;0;1;0;0;0;0;0;0;0;0;-3,73934;-38,4807
353860;15;12;2019;00:15;0;RUA CEL FABRICIANO;;;1495;;Colisão;;;;Meio de Quadra;;;0;1;0;0;0;0;0;0;0;0;0;0;-3,783437683;-38,60542273
353871;15;12;2019;05:45;19686;AV BEZERRA DE MENEZES;RUA ERICO MOTA;;;;Queda;Amanhecer;;;T;Semáforo;Comercial;0;1;0;0;0;0;0;0;0;1;0;0;-3,735357;-38,562991
353897;15;12;2019;07:20;3769;AV DOMINGOS OLIMPIO;RUA SEN POMPEU;;;;Colisão;Luz do Dia;;;Cruz;Semáforo;Comercial;0;1;0;0;0;0;0;0;0;0;0;0;-3,736254;-38,532455
353898;15;12;2019;07:32;0;RUA SEN POMPEU;;;1958;;Colisão;Luz do Dia;;;Meio de Quadra;;;0;1;0;0;0;0;0;0;0;0;0;0;-3,736254;-38,532455
353899;15;12;2019;08:30;0;AV ALM HENRIQUE SABOIA;;;;;Colisão;Luz do Dia;;;Meio de Quadra;;;0;2;0;0;0;0;0;0;0;0;0;0;;
353893;15;12;2019;06:22;0;RUA JULIO CESAR D12;;;756;;Queda;Luz do Dia;;;Meio de Quadra;;;0;1;0;0;0;0;0;0;0;1;0;0;-3,750019;-38,542813
353958;15;12;2019;21:25;6564;AV H CJ CEARA;AV G CJ CEARA;;;;Colisão;;;;T;Pare;Misto;0;1;0;0;0;0;0;0;0;1;0;0;;
353959;15;12;2019;22:04;10726;RUA JOCKEY CLUBE;RUA PRO HERIBALDO COSTA;;;;Colisão;;;;;;;0;1;0;1;0;0;0;0;0;1;0;0;-3,759992;-38,583853
353960;15;12;2019;22:44;0;AV AUGUSTO DOS ANJOS;;;797;;Colisão;;;;Meio de Quadra;;;0;1;0;1;0;0;0;0;0;1;0;0;-3,774867923;-38,57447419
353978;15;12;2019;22:53;0;RUA C (LOT PRQ ARACAPE);;;62;;Colisão;;;;Meio de Quadra;;;0;2;0;0;0;0;0;0;0;1;0;0;-3,8031612;-38,5495524
353948;15;12;2019;17:46;0;AV PRS JUSCELINO KUBITSCHEK (PASSARÉ);;;;;Colisão;Anoitecer;;;Meio de Quadra;;;0;1;0;1;0;0;0;0;0;1;0;0;;
353949;15;12;2019;20:00;0;RUA CON DE CASTRO;;;;;Colisão;;;;Meio de Quadra;;;0;1;0;0;0;0;0;0;0;1;0;0;;
353950;15;12;2019;20:01;0;RUA CON DE CASTRO;;;9470;;Atropelamento;;;;Meio de Quadra;;;0;2;0;0;0;0;0;0;0;1;0;0;-3,825029308;-38,60593436
353951;15;12;2019;20:04;0;RUA FABIANO DE CRISTO;;;152;;Atropelamento;;;;Meio de Quadra;;;0;1;0;1;0;0;0;0;0;0;0;0;-3,804070843;-38,56594561
353952;15;12;2019;20:16;0;RUA CAP PORFIRIO;;;820;;Colisão;;;;Meio de Quadra;;;0;1;0;0;0;0;0;0;1;1;0;0;-3,8526992;-38,5031241
353953;15;12;2019;20:59;0;RUA ITATIAIA;;;888;;Colisão;;;;Meio de Quadra;;;0;1;0;1;0;0;0;0;0;1;0;0;-3,80667;-38,60109
353954;15;12;2019;21:17;0;AV GAL OSORIO DE PAIVA;;;;;Colisão;;;;Meio de Quadra;;;0;1;0;1;0;0;0;0;0;1;0;0;;
353935;15;12;2019;15:17;0;AV DOS EXPEDICIONARIOS;;;1636;;Atropelamento;Luz do Dia;;;Meio de Quadra;;;0;1;0;0;0;0;0;0;0;1;0;0;;
353936;15;12;2019;15:56;0;RUA SAO LUIZ DO OESTE;;;268;;Queda;Luz do Dia;;;Meio de Quadra;;;0;1;0;0;0;0;0;0;0;1;0;0;-3,7811;-38,60982
353937;15;12;2019;16:41;0;AV WENEFRIDO MELO;;;978;;Colisão;Luz do Dia;;;Meio de Quadra;;;0;1;0;1;0;0;0;0;0;1;0;0;-3,71343;-38,58821
353931;15;12;2019;14:54;0;RUA DEP MATOSO FILHO;;;1131;;Colisão;Luz do Dia;;;Meio de Quadra;;;0;1;0;1;0;0;0;0;0;1;0;0;-3,733861538;-38,59403558
353932;15;12;2019;15:10;0;RUA BERNARDO MANUEL;;;10636;;Colisão;Luz do Dia;;;Meio de Quadra;;;0;1;0;0;0;0;0;0;0;0;0;0;-3,812308308;-38,55554829
353928;15;12;2019;14:48;0;RUA TARCISIO PEIXOTO;;;1035;;Capotamento;Luz do Dia;;;Meio de Quadra;;;0;2;0;0;0;0;0;0;0;0;0;0;-3,749775767;-38,58617855
353924;15;12;2019;14:03;0;AV JOR THOMAZ COELHO;;;;;Colisão;Luz do Dia;;;Meio de Quadra;;;0;1;0;1;0;0;0;0;0;1;0;0;;
353920;15;12;2019;13:47;0;AV CAP GUTEMBERG BAUN;;;320;;Colisão;Luz do Dia;;;Meio de Quadra;;;0;1;0;0;0;0;0;0;0;0;0;0;-3,838561389;-38,52304227
353917;15;12;2019;13:19;0;RUA BUENO;;;366;;Colisão;Luz do Dia;;;Meio de Quadra;;;0;1;0;1;0;0;0;0;0;0;0;0;-3,7723437;-38,5934846
353895;15;12;2019;06:42;0;RUA MAJ WEYNE;;;641;;Queda;Luz do Dia;;;Meio de Quadra;;;0;1;0;0;0;0;0;0;0;1;0;0;-3,750184688;-38,5426189
353905;15;12;2019;11:36;0;AV JOR THOMAZ COELHO;;;2730;;Atropelamento;Luz do Dia;;;Meio de Quadra;;;0;1;0;0;0;0;0;0;0;1;0;0;-3,828420513;-38,51908403
353901;15;12;2019;09:56;0;RUA VIRIATO RIBEIRO;;;1157;;Colisão;Luz do Dia;;;Meio de Quadra;;;0;1;0;1;0;0;0;0;0;1;0;0;-3,748121479;-38,56337471
353902;15;12;2019;11:19;25328;RUA TUPI D35;RUA PORTO VELHO;;;;Colisão;Luz do Dia;;;Cruz;Pare;Residencial;0;1;0;1;0;0;0;0;0;1;0;0;-3,768111;-38,583018
354538;15;12;2019;01:45;0;RUA TEODOMIRO DE CASTRO;RUA ALBERTO DE OLIVEIRA;;;;Colisão;;;;Meio de Quadra;;;0;0;1;0;1;0;0;0;0;1;0;0;-3,716185;-38,578584
354539;15;12;2019;20:45;0;RUA ALM JACEGUAI;;;;;Choque c/ Obstáculo Fixo;;;;Meio de Quadra;;;0;0;1;0;0;0;0;0;0;0;0;0;;
353962;15;12;2019;22:46;0;RUA PRIMEIRO DE NOVEMBRO;;;;;Queda;;;;Meio de Quadra;;;0;2;0;0;0;0;0;0;0;1;0;0;;
353984;15;12;2019;23:05;0;RUA CASTRO DE ALENCAR;;;175;;Colisão;;;;Meio de Quadra;;;0;1;0;0;0;0;0;0;0;0;0;0;-3,7825;-38,50443
353997;16;12;2019;08:04;0;RUA CARLOS VASCONCELOS;;;30;;Queda;Luz do Dia;;;Meio de Quadra;;;0;1;0;0;0;0;0;0;0;1;0;0;-3,73795;-38,51239
353992;16;12;2019;06:43;22070;RUA JOSE FACANHA;RUA PAPI JUNIOR;;;;Colisão;Luz do Dia;;;Cruz;Pare;Residencial;0;1;0;1;0;0;0;0;0;0;0;0;-3,752136;-38,557265
353993;16;12;2019;07:22;0;RD BR 116;;;;;Colisão;Luz do Dia;Bom;Seca;Meio de Quadra;;;0;1;1;1;0;0;0;0;0;1;0;0;;
353994;16;12;2019;07:48;0;AV MIGUEL DIAS;;;356;;Colisão;Luz do Dia;;;Meio de Quadra;;;0;1;0;1;0;1;0;0;0;0;0;0;-3,760483;-38,48804
353986;16;12;2019;08:36;0;RUA PDE VALDIR DANTAS;;;52;;Colisão;Luz do Dia;;;Meio de Quadra;;;0;1;0;0;0;0;0;0;0;0;0;0;-3,7866;-38,51817
353987;16;12;2019;06:34;0;AV MIN JOSE AMERICO;;;400;;Colisão;Luz do Dia;;;Meio de Quadra;;;0;1;0;0;0;0;0;0;0;1;0;0;-3,811411391;-38,49619596
353988;16;12;2019;06:36;0;RUA CON DE CASTRO;;;4000;;Colisão;Luz do Dia;;;Meio de Quadra;;;0;1;0;0;0;0;0;0;0;0;0;0;-3,801454;-38,588763
354004;16;12;2019;09:20;0;RUA DIAMANTE (MONDUBIM);;;1207;;Queda;Luz do Dia;;;Meio de Quadra;;;0;1;0;0;0;0;0;0;0;1;0;0;-3,820822;-38,526919
354006;16;12;2019;09:30;0;AV DR SILAS MUNGUBA;;;;;Colisão;Luz do Dia;;;Meio de Quadra;;;0;1;0;1;0;0;0;0;0;1;0;0;;
354000;16;12;2019;08:15;0;RUA TEODORO CABRAL;;;385;;Queda;Luz do Dia;;;Meio de Quadra;;;0;1;0;0;0;0;0;0;0;1;0;0;-3,71253;-38,56548
354002;16;12;2019;09:00;0;RUA ESTEVAO DE CAMPOS;;;508;;Colisão;Luz do Dia;;;Meio de Quadra;;;0;1;0;0;0;0;0;0;0;1;0;0;-3,7051924;-38,5793812
354008;16;12;2019;10:34;0;AV MAE MANOEL MAVIGNIER;;;5851;;Capotamento;Luz do Dia;;;Meio de Quadra;;;0;2;0;0;0;0;0;0;0;0;0;0;-3,811209;-38,425606
354010;16;12;2019;10:52;0;AV FLAMBOYANTS;;;508;;Colisão;Luz do Dia;;;Meio de Quadra;;;0;1;0;0;0;0;1;0;0;1;0;0;-3,751465308;-38,47590338
354039;16;12;2019;13:21;5322;AV DUQ CAXIAS;AV IMPERADOR;;;;Atropelamento;Luz do Dia;;;Cruz;Semáforo;Comercial;0;1;0;0;0;0;0;0;0;1;0;0;-3,730048;-38,535297
354018;16;12;2019;11:38;0;RUA OSCAR FRANCA;;;1561;;Queda;Luz do Dia;;;Meio de Quadra;;;0;1;0;0;0;0;0;0;0;1;0;0;-3,789975;-38,605545
354019;16;12;2019;12:45;0;RD BR 116;;;;;Colisão;Luz do Dia;;;Meio de Quadra;;;0;1;0;1;0;0;0;0;0;1;0;0;;
354024;16;12;2019;12:55;0;AV SIQUEIRA CAMPOS;;;1375;;Colisão;Luz do Dia;;;Meio de Quadra;;;0;1;0;0;0;0;0;0;0;1;0;0;-3,813561357;-38,62824024
354057;16;12;2019;13:43;0;RUA BETEL;;;;;Atropelamento;Luz do Dia;;;Meio de Quadra;;;0;1;0;1;0;0;0;0;0;0;0;0;;
354058;16;12;2019;14:17;0;RUA JULIO SILVA;;;440;;Queda;Luz do Dia;;;Meio de Quadra;;;0;1;0;0;0;0;0;0;0;1;0;0;-3,74537;-38,45462
354063;16;12;2019;14:53;0;RUA SGT JOAO PINHEIRO;;;;;Colisão;Luz do Dia;;;Meio de Quadra;;;0;1;0;0;0;0;0;0;0;1;0;0;;
354066;16;12;2019;15:02;0;AV WASHINGTON SOARES;;;;;Colisão;Luz do Dia;;;Meio de Quadra;;;0;1;0;0;0;0;0;0;0;0;0;0;;
354068;16;12;2019;15:14;0;AV LINEU MACHADO;;;278;;Colisão;Luz do Dia;;;Meio de Quadra;;;0;1;0;1;0;0;0;0;0;1;0;0;-3,7627065;-38,5752185
354070;16;12;2019;15:24;0;AV GOV RAUL BARBOSA;;;3130;;Atropelamento;Luz do Dia;;;Meio de Quadra;;;0;1;0;0;0;0;0;0;0;0;0;0;;
354073;16;12;2019;15:31;0;TR STA CLARA;;;1226;;Colisão;Luz do Dia;;;Meio de Quadra;;;0;1;0;1;0;0;0;0;0;1;0;0;;
354075;16;12;2019;15:52;0;AV GAL OSORIO DE PAIVA;;;4800;;Queda;Luz do Dia;;;Meio de Quadra;;;0;1;0;0;0;1;0;0;0;0;0;0;-3,800862;-38,598322
354076;16;12;2019;16:12;0;AV C CJ SITIO SAO JOAO;;;;;Queda;Luz do Dia;;;Meio de Quadra;;;0;1;0;0;0;0;0;0;0;1;0;0;;
354078;16;12;2019;17:00;0;AV GOV RAUL BARBOSA;;;5138;;Colisão;Anoitecer;;;Meio de Quadra;;;0;1;0;1;0;0;0;0;0;1;0;0;-3,763807537;-38,50874805
354079;16;12;2019;18:16;0;RUA TEODOMIRO DE CASTRO;;;3958;;Queda;Anoitecer;;;Meio de Quadra;;;0;1;0;0;0;0;0;0;0;1;0;0;-3,720493488;-38,5689216
354080;16;12;2019;18:33;0;RUA GAL PIRAGIBE;;;286;;Colisão;;;;Meio de Quadra;;;0;1;0;1;0;1;0;0;0;0;0;0;-3,7622429;-38,5605442
354081;16;12;2019;19:23;0;AV PRS CASTELO BRANCO;;;2954;;Atropelamento;;;;Meio de Quadra;;;0;1;0;0;0;0;0;0;0;1;0;0;-3,711951211;-38,55503992