COD_ACIDENTE;DIA;MES;ANO;HORA;INTERSECAO;LOG1;LOG2;LOG3;NUMERO;REFERENCIA;NATUREZA;ILUMINACAO;TEMPO;SUPERFICIEPISTA;TIPOCRUZAMENTO;CONTROLETRAFEGO;USOSOLO;MORTOS;FERIDOS;ILESOS;AUTOMOVEL;ONIBUS;BICICLETA;CAMINHAO;MICROONIBUS;CICLOMOTOR;MOTOCICLETA;TRACAOANIMAL;TREM;LATITUDE;LONGITUDE
354082;16;12;2019;20:17;1657;RUA BENI DE CARVALHO;RUA CEL JUCA;;;;Queda;;;;Cruz;Semáforo;Residencial;0;1;0;0;0;0;0;0;0;1;0;0;-3,746301;-38,49407
354083;16;12;2019;20:52;0;AV GODOFREDO MACIEL;;;;;Queda;;;;Meio de Quadra;;;0;1;0;0;0;1;0;0;0;0;0;0;;
354084;16;12;2019;22:07;0;RUA TORRES DE MELO;;;545;;Colisão;;;;Meio de Quadra;;;0;1;0;1;0;0;0;0;0;1;0;0;-3,78815;-38,52131
354085;16;12;2019;22:02;0;RUA BANDEIRA DE MELO;;;51;;Colisão;;;;Meio de Quadra;;;0;1;0;1;0;0;0;0;0;1;0;0;-3,78743;-38,52485
354086;16;12;2019;22:19;0;RUA JORGE DUMAR;;;2230;;Queda;;;;Meio de Quadra;;;0;1;0;0;0;0;0;0;0;1;0;0;-3,755484879;-38,54001541
354087;16;12;2019;22:20;0;RUA JOSE CARLOS GURGEL NOGUEIRA;;;212;;Colisão;;;;Meio de Quadra;;;0;2;0;0;0;0;0;0;0;0;0;0;-3,734316;-38,4746944
354540;16;12;2019;18:40;0;RUA CON DE CASTRO;;;2525;;Colisão;;;;Meio de Quadra;;;0;0;2;0;1;0;0;0;0;0;0;0;-3,791513455;-38,5794555
353244;16;12;2019;02:45;25524;AV AUGUSTO DOS ANJOS;RUA LEBOM MAIA;;;;Colisão;Via Iluminada;Bom;Seca;T;Semáforo;Comercial;0;0;1;1;0;0;0;0;0;1;0;0;-3,783112;-38,58172
353245;16;12;2019;09:26;0;RUA VALDETARIO MOTA;;;740;;Colisão Traseira;Luz do Dia;Chuva;Molhada;Meio de Quadra;Não Há Controle;Residencial;0;2;1;0;0;0;0;0;0;1;0;0;-3,73616;-38,48022
353246;16;12;2019;09:44;1250;RUA COSTA BARROS;AV BAR STUDART;;;;Colisão Traseira;Luz do Dia;Bom;Seca;Cruz;Semáforo;Comercial;0;0;1;1;0;0;0;0;0;0;0;0;-3,732231;-38,505837
353247;16;12;2019;11:33;0;AV DES MOREIRA;;;2020;;Queda;Luz do Dia;Bom;Seca;;;;0;0;1;0;0;0;0;0;0;1;0;0;-3,74313;-38,500568
353248;16;12;2019;13:45;10993;RUA 15 DE NOVEMBRO;RUA BAR CANINDE;;;;Colisão Transversal;Luz do Dia;Bom;Seca;Cruz;Semáforo;Comercial;0;1;1;0;1;0;0;0;0;1;0;0;-3,768608;-38,556768
353151;16;12;2019;18:00;0;RD CE-060;;;;KM-03;Colisão;Anoitecer;Bom;Seca;Meio de Quadra;;;0;0;2;1;0;0;1;0;0;0;0;0;-3,843038;-38,585133
353157;16;12;2019;07:00;9543;RUA CEL FABRICIANO;RUA ARI MAIA;;;;Colisão Transversal;Luz do Dia;Nublado;Seca;Cruz;Pare;Residencial;0;2;1;1;0;0;0;0;0;1;0;0;-3,779362;-38,620267
353158;16;12;2019;10:30;12872;RUA FLORIANO PEIXOTO;RUA JOAQUIM MAGALHAES;;;;Colisão Transversal;Luz do Dia;Bom;Seca;Cruz;Pare;Residencial;0;0;2;0;0;0;0;0;0;1;0;0;-3,738958;-38,530974
353159;16;12;2019;03:30;4080;AV JOSE BASTOS;RUA CEARA;;;;Colisão Transversal;Via Iluminada;Bom;Seca;Cruz;Semáforo;Comercial;0;1;1;1;0;0;0;0;0;1;0;0;-3,760008;-38,564112
353148;16;12;2019;06:30;0;RD CE-040;;;;KM-11;Colisão;Luz do Dia;Bom;Seca;Meio de Quadra;;;0;0;2;1;0;0;0;0;0;0;0;0;-3,84962623;-38,47606989
353149;16;12;2019;06:50;0;RD CE-040;;;;KM-06;Engavetamento;Luz do Dia;Bom;Seca;Meio de Quadra;;;0;0;3;1;0;0;0;0;0;0;0;0;-3,809596804;-38,47873348
353160;17;12;2019;;0;AV GOV RAUL BARBOSA;;;;;Capotamento;Via Iluminada;Bom;Seca;Meio de Quadra;Outros;Comercial;0;1;0;1;0;0;0;0;0;0;0;0;;
353161;17;12;2019;22:00;1547;AV DES MOREIRA;RUA CAROLINA SUCUPIRA;;;;Colisão Lateral;Via Iluminada;Bom;Seca;Cruz;Semáforo;Comercial;0;1;1;1;0;0;0;0;0;1;0;0;-3,741192;-38,499948
353162;17;12;2019;19:00;25073;AV DOS EXPEDICIONARIOS;RUA STA LUZIA;;;;Colisão Lateral;Mal Iluminada;Bom;Seca;Cruz;Pare;Comercial;0;0;2;1;0;0;0;0;0;0;0;0;-3,760177;-38,539744
353267;17;12;2019;20:00;15766;RUA MANUEL ARRUDA;RUA STA CLARA DE ASSIS;;0;;Colisão Lateral;Via Iluminada;Bom;Seca;Cruz;Pare;Residencial;0;0;2;1;0;0;0;0;0;0;0;0;-3,829579;-38,501355
353251;17;12;2019;06:44;0;RUA ILDEFONSO ALBANO;;;815;;Choque c/ Obstáculo Fixo;Luz do Dia;Bom;Seca;Meio de Quadra;Não Há Controle;Comercial;0;0;1;1;0;0;0;0;0;0;0;0;-3,727962842;-38,511584
353252;17;12;2019;11:03;23470;RUA PAULO FIRMEZA;RUA FRE VIDAL;;;;Colisão Lateral;Luz do Dia;Bom;Seca;Cruz;Pare;Residencial;0;1;1;1;0;0;0;0;0;1;0;0;-3,757586;-38,517454
353253;17;12;2019;12:15;0;AV DR SILAS MUNGUBA;;;1520;;Colisão Traseira;Luz do Dia;Bom;Seca;Meio de Quadra;Semáforo;Comercial;0;1;1;1;0;0;0;0;0;1;0;0;-3,783935492;-38,55392008
353254;17;12;2019;15:47;13500;RUA CARLOS VASCONCELOS;RUA CEL ALVES TEIXEIRA;;;;Colisão Transversal;Luz do Dia;Bom;Seca;Cruz;Pare;Residencial;0;0;2;1;0;0;0;0;0;0;0;0;-3,745851;-38,515005
353255;17;12;2019;17:06;0;RUA ALUISIO AZEVEDO;RUA REGIONOPOLIS;;0;;Não Informado;Luz do Dia;Bom;Seca;Cruz;Pare;Residencial;0;1;1;0;0;0;0;0;0;1;0;0;-3,7724496;-38,5750457
352987;17;12;2019;17:20;0;RUA BAR RIO BRANCO;;;1816;;Choque c/ Obstáculo Fixo;Anoitecer;;;Meio de Quadra;;;1;0;0;1;0;0;0;0;0;0;0;0;-3,734707;-38,530891
353517;17;12;2019;23:09;0;RUA BENTO ALBUQUERQUE;;;1159;;Colisão;;;;Meio de Quadra;;;0;1;0;0;0;0;0;0;0;0;0;0;-3,745776;-38,476888
353518;17;12;2019;23:31;22069;AV ENG HUMBERTO MONTE;RUA PAPI JUNIOR;;;;Colisão;;;;Cruz;Pare;Comercial;0;1;1;0;0;0;0;0;0;1;0;0;-3,752552;-38,557697
353511;17;12;2019;17:45;0;RUA GERMANO FRANCK;;;;;Atropelamento;Anoitecer;;;Meio de Quadra;;;0;1;1;1;0;0;0;0;0;0;0;0;;
353512;17;12;2019;18:43;0;AV BEZERRA DE MENEZES;;;;;Colisão;;;;Meio de Quadra;;;0;1;1;1;0;0;0;0;0;1;0;0;;
353513;17;12;2019;19:56;0;RUA TEODORICO BARROSO;;;177;;Colisão;;;;Meio de Quadra;;;0;0;2;1;0;0;0;0;0;0;0;0;-3,767450692;-38,53908967
353514;17;12;2019;21:19;0;AV ALBERTO CRAVEIRO;;;2507;;Colisão;;;;Meio de Quadra;;;0;1;1;1;0;0;0;0;0;1;0;0;-3,802187202;-38,52072096
353515;17;12;2019;21:20;0;RUA CAROLINA SUCUPIRA;;;330;;Colisão;;;;Meio de Quadra;;;0;1;1;1;0;0;0;0;0;1;0;0;-3,74115;-38,50016
353506;17;12;2019;17:09;0;RUA P ESPLANADA CASTELAO;;;26;;Colisão;Anoitecer;;;Meio de Quadra;;;0;1;1;1;0;0;0;0;0;1;0;0;-3,6981823;-38,581422
353507;17;12;2019;17:19;0;RUA JOSE DE FRANCA CABRAL;;;827;;Colisão;Anoitecer;;;Meio de Quadra;;;0;1;1;1;0;0;0;0;0;1;0;0;;
353508;17;12;2019;17:25;0;AV PRS JUSCELINO KUBITSCHEK (PASSARÉ);;;4547;;Colisão;Anoitecer;;;Meio de Quadra;;;0;1;1;1;0;0;0;0;0;1;0;0;-3,819063963;-38,53363052
353509;17;12;2019;17:33;0;RUA A (CJ JANA BARROSO);;;3731;;Colisão;Anoitecer;;;Meio de Quadra;;;0;1;1;1;0;0;0;0;0;1;0;0;-3,7897466;-38,6278646
353487;17;12;2019;15:13;25009;RUA TULIPA;RUA RAIMUNDO FROTA;;;;Colisão;Luz do Dia;;;;;;0;1;0;0;0;0;0;0;0;0;0;0;-3,7156504;-38,5800112
353458;17;12;2019;12:02;0;AV DR SILAS MUNGUBA;;;1409;;Colisão;Luz do Dia;;;Meio de Quadra;;;0;1;1;1;0;0;0;0;0;1;0;0;-3,78395;-38,55391
353459;17;12;2019;12:24;83;RUA PDE PERDIGAO SAMPAIO;RUA SAO VICENTE DE PAULA D29;;;;Colisão;Luz do Dia;;;Cruz;Pare;Escola;0;1;1;1;0;0;0;0;0;1;0;0;;
353460;17;12;2019;14:30;23430;RUA CAP MELO;RUA MON SALAZAR;;;;Colisão;Luz do Dia;;;Cruz;Semáforo;Misto;0;1;1;1;0;0;0;0;0;1;0;0;-3,756019;-38,51318
353461;17;12;2019;15:10;0;AV PRS COSTA E SILVA;;;;;Colisão;Luz do Dia;;;Meio de Quadra;;;0;1;1;1;0;0;0;0;0;1;0;0;;
353455;17;12;2019;11:59;0;RUA JUVENCIO VASCONCELOS;;;;;Atropelamento;Luz do Dia;;;Meio de Quadra;;;0;1;1;0;0;0;0;0;0;0;0;0;;
353392;17;12;2019;09:47;7674;RUA RIO GRANDE DO NORTE;AV JOSE BASTOS;;;;Colisão;Luz do Dia;;;;;;0;1;1;1;0;0;0;0;0;1;0;0;-3,760562;-38,564477
353393;17;12;2019;10:46;0;AV LINEU MACHADO;;;430;;Colisão;Luz do Dia;;;Meio de Quadra;;;0;1;1;1;0;0;0;0;0;1;0;0;-3,7636975;-38,5757405
353394;17;12;2019;11:07;0;RUA JULIO BRAGA;;;1281;;Colisão;Luz do Dia;;;Meio de Quadra;;;0;1;1;1;0;0;0;0;0;1;0;0;-3,77503;-38,58233
353395;17;12;2019;11:49;0;RUA SAO VICENTE DE PAULA D29;;;49;;Atropelamento;Luz do Dia;;;Meio de Quadra;;;0;1;1;1;0;0;0;0;0;0;0;0;-3,750418;-38,58170475
353387;17;12;2019;06:42;0;RUA ALBERTO FERREIRA;;;1608;;Colisão;Luz do Dia;;;Meio de Quadra;;;0;1;1;1;0;0;0;0;0;1;0;0;-3,72887;-38,58385
353388;17;12;2019;08:07;0;RUA BAIXA DO MILAGRE;;;;;Colisão;Luz do Dia;;;Meio de Quadra;;;0;1;1;1;0;0;0;0;0;1;0;0;;
353389;17;12;2019;08:20;0;AV LINEU MACHADO;;;1400;;Colisão;Luz do Dia;;;Meio de Quadra;;;0;1;1;1;0;0;0;0;0;1;0;0;-3,771961678;-38,58004946
353390;17;12;2019;09:41;0;AV GAL OSORIO DE PAIVA;;;4380;;Colisão;Luz do Dia;;;Meio de Quadra;;;0;1;1;1;0;0;0;0;0;1;0;0;-3,796103125;-38,59372344
353519;18;12;2019;04:36;0;AV DEP PAULINO ROCHA;;;1001;;Queda;;;;Meio de Quadra;;;0;1;0;0;0;0;0;0;0;1;0;0;-3,80762;-38,5084
353520;18;12;2019;06:46;0;AV JOSE BASTOS;;;;;Colisão;Luz do Dia;;;Meio de Quadra;;;0;1;1;1;0;0;0;0;0;1;0;0;;
353521;18;12;2019;07:04;0;RUA FIRMINO ROCHA AGUIAR;;;800;;Atropelamento;Luz do Dia;;;Meio de Quadra;;;0;1;1;0;0;0;0;0;0;1;0;0;-3,763278;-38,48463075
353522;18;12;2019;10:51;0;AV IMPERADOR;;;1186;;Colisão;Luz do Dia;;;Meio de Quadra;;;0;1;1;1;0;0;0;0;0;1;0;0;-3,731624213;-38,53576585
353523;18;12;2019;11:44;0;RUA CON DE CASTRO;;;5522;;Queda;Luz do Dia;;;Meio de Quadra;;;0;1;0;0;0;0;0;0;0;1;0;0;-3,812008;-38,597478
353524;18;12;2019;11:51;1572;AV DES MOREIRA;RUA VICENTE LINHARES;;;;Colisão;Luz do Dia;;;Cruz;Semáforo;Comercial;0;1;1;1;0;0;0;0;0;1;0;0;-3,742153;-38,500253
353525;18;12;2019;11:53;21477;AV MIN JOSE AMERICO;RUA FARIAS LEMOS;;;;Colisão;Luz do Dia;;;Cruz;Não Há Controle;Comercial;0;1;1;1;0;0;0;0;0;1;0;0;-3,810994;-38,495269
353528;18;12;2019;14:53;7223;RUA ALVES LIMA;RUA IRINEU DE SOUZA;;;;Colisão;Luz do Dia;;;Cruz;Pare;Residencial;0;1;1;1;0;0;0;0;0;1;0;0;-3,710391;-38,569298
353532;18;12;2019;15:50;0;AV BEZERRA DE MENEZES;;;1802;;Colisão;Luz do Dia;;;Meio de Quadra;;;0;1;1;1;0;0;0;0;0;1;0;0;-3,734912;-38,560822
353530;18;12;2019;15:12;13409;RUA MON BRUNO;RUA JOAO BRIGIDO;;;;Colisão;Luz do Dia;;;Cruz;Pare;Comercial;0;1;0;0;0;0;0;0;0;0;0;0;-3,74167;-38,512432
353538;18;12;2019;16:22;0;AV GODOFREDO MACIEL;;;;;Queda;Luz do Dia;;;Meio de Quadra;;;0;1;0;0;0;0;0;0;0;1;0;0;;
353539;18;12;2019;16:29;0;RUA J (VILA VELHA);;;1520;;Colisão;Luz do Dia;;;Meio de Quadra;;;0;1;0;0;0;0;0;0;0;0;0;0;;
353540;18;12;2019;17:04;0;AV LINEU MACHADO;;;976;;Colisão;Anoitecer;;;Meio de Quadra;;;0;1;0;0;0;0;0;0;0;0;0;0;-3,768324789;-38,57817728
353541;18;12;2019;17:45;0;AV GODOFREDO MACIEL;;;3933;;Colisão;Anoitecer;;;Meio de Quadra;;;0;1;1;1;0;0;0;0;0;1;0;0;-3,7984702;-38,5704367
353534;18;12;2019;16:01;5434;AV DOM MANUEL;AV HERACLITO GRACA;;;;Colisão;Luz do Dia;;;Cruz;Semáforo;Comercial;0;1;1;1;0;0;0;0;0;1;0;0;-3,734013;-38,522952
353535;18;12;2019;16:20;1519;RUA PDE VALDEVINO;RUA CARLOS VASCONCELOS;;;;Colisão;Luz do Dia;;;Cruz;Semáforo;Comercial;0;1;0;0;0;0;0;0;0;0;0;0;-3,740277;-38,51319
353555;18;12;2019;19:22;0;AV PERIMETRAL;;;2851;;Colisão;;;;Meio de Quadra;;;0;1;1;1;0;0;0;0;0;1;0;0;;
353556;18;12;2019;19:23;0;AV GAL OSORIO DE PAIVA;;;6395;;Colisão;;;;Meio de Quadra;;;0;1;1;0;0;0;0;0;0;1;0;0;-3,81109;-38,60821
353552;18;12;2019;18:55;14799;RUA CREUSA ROQUE;RUA STA LIDUINA D42;;;;Atropelamento;;;;Cruz;;Residencial;0;1;1;0;0;0;0;0;0;1;0;0;-3,800585;-38,58514
353553;18;12;2019;09:21;19080;RUA ANDRE DALL OLIO;RUA JULIO AZEVEDO;;;;Colisão;Luz do Dia;;;Cruz;Pare;Comercial;0;1;1;1;0;0;0;0;0;1;0;0;-3,737327;-38,478775
353548;18;12;2019;18:21;4194;AV TEN LISBOA;AV FRANCISCO SA;;;;Atropelamento;Anoitecer;;;Cruz;Cancela;Residencial;0;1;1;0;0;0;0;0;0;0;0;1;-3,717874;-38,555953
353549;18;12;2019;18:34;0;RD BR 116;;;6000;KM-06;Colisão;;;;Meio de Quadra;;;0;1;0;0;0;0;0;0;0;0;0;0;-3,804691;-38,503053
353550;18;12;2019;18:40;0;RD BR 116;;;10000;KM-10;Colisão;;;;Meio de Quadra;;;0;1;0;0;0;0;0;0;0;0;0;0;-3,834435;-38,503373
353590;18;12;2019;07:00;0;RUA GAL CLARINDO DE QUEIROZ;;;1511;;Colisão;Luz do Dia;;;Meio de Quadra;;;0;1;1;0;0;0;1;0;0;1;0;0;-3,730371758;-38,5374247
353580;18;12;2019;20:09;0;RUA CON DE CASTRO;;;3144;;Colisão;;;;Meio de Quadra;;;0;1;0;0;0;0;0;0;0;0;0;0;-3,795983;-38,583584
353581;18;12;2019;20:15;0;AV SGT HERMINIO SAMPAIO;;;;;Queda;;;;Meio de Quadra;;;0;1;0;0;0;0;0;0;0;1;0;0;;
353582;18;12;2019;20:41;0;AV WASHINGTON SOARES;;;10220;;Colisão;;;;Meio de Quadra;;;0;1;1;1;0;0;0;0;0;1;0;0;-3,83945;-38,4802
353583;18;12;2019;22:07;0;AV PRO JOSE ARTHUR CARVALHO;;;560;;Colisão;;;;Meio de Quadra;;;0;1;0;0;0;0;0;0;0;0;0;0;-3,826479;-38,473498
353584;18;12;2019;22:50;0;RUA MON BRUNO;;;333;;Atropelamento;;;;Meio de Quadra;;;0;1;1;0;0;0;0;0;0;1;0;0;-3,724949;-38,507034
352983;18;12;2019;20:00;0;AV GAL OSORIO DE PAIVA;;;6399;;Colisão;;;;Meio de Quadra;;;1;1;0;0;0;1;0;0;1;0;0;0;-3,8088987;-38,6059711
353257;18;12;2019;10:37;0;AV IMPERADOR;;;1186;;Colisão Traseira;Luz do Dia;Bom;Seca;Meio de Quadra;Não Há Controle;Comercial;0;1;1;0;0;0;0;0;0;1;0;0;-3,731624213;-38,53576585
353258;18;12;2019;10:35;0;AV DOMINGOS OLIMPIO;;;2061;;Queda;Luz do Dia;Bom;Seca;Meio de Quadra;Não Há Controle;Residencial;0;0;1;0;0;0;0;0;0;1;0;0;-3,733240929;-38,54156379
353259;18;12;2019;14:15;22940;RUA JAPI;RUA BERNARDO MANUEL;;;;Colisão;Luz do Dia;Bom;Seca;Cruz;Pare;Comercial;0;1;1;1;0;0;0;0;0;1;0;0;-3,784073;-38,546927
353260;18;12;2019;18:15;5163;RUA LIBERATO BARROSO;RUA AGAPITO DOS SANTOS;;0;;Colisão Transversal;Via Iluminada;Bom;Seca;Cruz;Pare;Residencial;0;0;2;1;0;0;0;0;0;0;0;0;-3,725165;-38,538561
353152;18;12;2019;08:30;0;AV MIN JOSE AMERICO;;;;;Colisão;Luz do Dia;Bom;Seca;Meio de Quadra;;;0;0;2;1;0;0;0;0;0;0;0;0;;
353153;18;12;2019;17:30;0;RD CE-040;;;;KM-10;Colisão;Anoitecer;Bom;Seca;Meio de Quadra;;;0;1;1;0;0;0;1;0;0;1;0;0;-3,84257666;-38,48088284
354166;18;12;2019;18:29;0;RD BR 116;;;;KM-09;Colisão Traseira;Anoitecer;Bom;Seca;Meio de Quadra;;;0;1;1;0;0;0;0;0;0;1;0;0;-3,830837;-38,504865
354169;19;12;2019;05:15;0;RD BR 116;;;;KM-11;Tombamento;Amanhecer;Bom;Seca;Meio de Quadra;;;0;2;0;0;0;0;0;0;0;1;0;0;-3,84716;-38,497176
354542;19;12;2019;01:10;0;RUA PERDIGAO DE OLIVEIRA;;;255;;Colisão;;;;Meio de Quadra;;;0;0;1;1;0;0;0;0;0;0;0;0;-3,77673783;-38,5720587
354544;19;12;2019;22:50;0;RUA 4 DE OUTUBRO;;;673;;Colisão;;;;Meio de Quadra;;;0;0;1;1;0;0;0;0;0;1;0;0;-3,8359809;-38,5883488
353154;19;12;2019;09:30;0;RD CE-040;;;;KM-12;Colisão;Luz do Dia;Bom;Seca;Meio de Quadra;;;0;0;2;1;0;0;1;0;0;0;0;0;-3,857690949;-38,47204254
353155;19;12;2019;10:45;0;RD CE-040;;;;KM-05;Colisão;Luz do Dia;Bom;Seca;Meio de Quadra;;;0;0;2;1;0;0;0;0;0;0;0;0;-3,800595823;-38,47953463
353156;19;12;2019;18:10;0;RD CE-040;;;;KM-08;Colisão;Anoitecer;Bom;Seca;Meio de Quadra;;;0;1;1;1;0;0;0;0;0;1;0;0;-3,825515822;-38,48153832
353169;19;12;2019;18:30;0;AV DEP PAULINO ROCHA;;;1391;;Colisão Lateral;Via Iluminada;Bom;Seca;Meio de Quadra;Semáforo;Comercial;0;0;2;1;0;0;0;0;0;0;0;0;-3,811002349;-38,5100512
353170;19;12;2019;01:30;25170;AV LINEU MACHADO;RUA PRO EDGAR DE ARRUDA;;;;Colisão Transversal;Via Iluminada;Bom;Seca;Cruz;Semáforo;Comercial;0;0;1;1;0;0;0;0;0;0;0;0;-3,763209;-38,57548
353172;19;12;2019;09:45;10001;RUA TAQUARI;RUA AIRES DA CUNHA;;;;Colisão Transversal;Luz do Dia;Bom;Seca;Cruz;Pare;Residencial;0;1;1;0;0;0;1;0;0;1;0;0;-3,775572;-38,603836
353173;19;12;2019;08:00;10793;RUA PRO HERIBALDO COSTA;RUA PORTO ALEGRE;;;;Colisão Transversal;Luz do Dia;Bom;Seca;Cruz;Não Há Controle;Comercial;0;1;1;0;0;0;0;0;0;1;0;0;-3,762997;-38,585433
353174;19;12;2019;21:00;24969;AV ALM HENRIQUE SABOIA;AV PDE ANTONIO TOMAS;;;;Colisão Traseira;Via Iluminada;Bom;Seca;T;Não Há Controle;Residencial;0;1;1;1;0;0;0;0;0;1;0;0;-3,743493;-38,489455
353262;19;12;2019;06:30;11768;AV PRS CASTELO BRANCO;AV FILOMENO GOMES;;;;Colisão Traseira;Luz do Dia;Bom;Seca;T;Semáforo;Comercial;0;0;2;0;0;0;0;0;0;1;0;0;-3,715542;-38,541982
353263;19;12;2019;08:15;0;RUA CHICO FRANCA;;;0;;Colisão Frontal;Luz do Dia;Bom;Seca;Meio de Quadra;Não Há Controle;Residencial;0;0;3;1;0;0;0;0;0;0;0;0;;
353264;19;12;2019;09:17;0;RUA DEP OSWALDO STUDART;AV EDUARDO GIRAO;;0;;Colisão Lateral;Luz do Dia;Bom;Seca;Cruz;Semáforo;Comercial;0;0;2;1;0;0;0;0;0;0;0;0;-3,755323;-38,529775
353265;19;12;2019;10:25;0;RUA JABORANDI;;;1855;;Colisão Frontal;Luz do Dia;Chuva;Molhada;Meio de Quadra;Não Há Controle;Residencial;0;1;0;0;0;0;0;0;0;1;0;0;-3,84254;-38,51866
353266;19;12;2019;14:10;12032;AV CASTELO DE CASTRO;AV BULEVAR I;;;;Colisão Transversal;Luz do Dia;Bom;Seca;Cruz;Pare;Residencial;0;1;1;0;0;0;0;0;0;1;0;0;-3,833689;-38,521582
353268;19;12;2019;14:46;0;RUA CAP MELO;;;3344;;Colisão Lateral;Luz do Dia;Bom;Seca;Meio de Quadra;Não Há Controle;Comercial;0;1;1;1;0;0;0;0;0;1;0;0;-3,75157;-38,51403
353269;19;12;2019;16:40;0;RUA ANTONIO GADELHA;;;1071;;Colisão Lateral;Luz do Dia;Bom;Seca;Meio de Quadra;;;0;1;1;0;0;0;0;0;0;1;0;0;-3,7187669;-38,5561955
353270;19;12;2019;19:30;0;AV BERNARDO MANUEL;;;9349;;Colisão Traseira;Via Iluminada;Bom;Seca;Meio de Quadra;Semáforo;Comercial;0;0;2;1;0;0;0;0;0;0;0;0;-3,80137;-38,5522
353592;19;12;2019;07:23;0;RUA ALBERTO MAGNO;;;1995;;Colisão;Luz do Dia;;;Meio de Quadra;;;0;1;1;1;0;0;0;0;0;1;0;0;-3,771608667;-38,55377417
353586;19;12;2019;00:36;0;AV LINEU MACHADO;;;;;Colisão;;;;Meio de Quadra;;;0;1;0;0;0;0;0;0;0;0;0;0;;
353597;19;12;2019;08:50;0;AV ABOLICAO;;;2120;;Queda;Luz do Dia;;;Meio de Quadra;;;0;1;0;0;0;0;0;0;0;1;0;0;-3,7221057;-38,4791925
353594;19;12;2019;08:21;0;RD BR 116;;;10000;KM-10;Queda;Luz do Dia;;;Meio de Quadra;;;0;1;0;0;0;0;0;0;0;1;0;0;-3,834435;-38,503373
353595;19;12;2019;08:48;0;AV GODOFREDO MACIEL;;;6095;;Colisão;Luz do Dia;;;Meio de Quadra;;;0;1;1;1;0;0;0;0;0;1;0;0;-3,8282145;-38,58006012
353641;19;12;2019;11:51;0;RUA DEMETRIO MENEZES;;;;;Colisão;Luz do Dia;;;Meio de Quadra;;;0;1;0;0;0;0;0;0;0;0;0;0;;
353628;19;12;2019;10:41;0;AV ENG SANTANA JUNIOR;;;1623;;Queda;Luz do Dia;;;Meio de Quadra;;;0;1;0;0;0;0;0;0;0;1;0;0;-3,741373435;-38,48567496
353629;19;12;2019;10:49;0;RUA TAB JOAQUIM COELHO;;;2000;;Queda;Luz do Dia;;;Meio de Quadra;;;0;1;0;0;0;0;0;0;0;1;0;0;-3,79544;-38,4597416
353599;19;12;2019;10:02;0;RUA CHICO FRANCA;;;;;Colisão;Luz do Dia;;;Meio de Quadra;;;0;1;1;1;0;0;0;0;0;1;0;0;;
353626;19;12;2019;10:27;0;AV JOSE BASTOS;;;3390;;Queda;Luz do Dia;;;Meio de Quadra;;;0;1;0;0;0;0;0;0;0;1;0;0;-3,7482325;-38,5487826
353736;19;12;2019;21:50;0;AV FRANCISCO SA;;;556;;Colisão;;;;Meio de Quadra;;;0;1;1;1;0;0;0;0;0;1;0;0;-3,71823;-38,55485
353737;19;12;2019;22:35;0;RUA CHICO FRANCA;;;764;;Colisão;;;;Meio de Quadra;;;0;1;1;1;0;0;0;0;0;1;0;0;-3,7898824;-38,5627472
353730;19;12;2019;19:21;0;RD BR 116;;;1000;KM-01;Colisão;;;;Meio de Quadra;;;0;1;1;1;0;0;0;0;0;1;0;0;-3,762554;-38,518702
353731;19;12;2019;20:10;0;AV CEL CARVALHO;;;;;Atropelamento;;;;Meio de Quadra;;;0;1;1;1;0;0;0;0;0;0;0;0;;
353721;19;12;2019;17:02;0;RD BR 116;;;1271;;Colisão;Anoitecer;;;Meio de Quadra;;;0;1;1;1;0;0;0;0;0;1;0;0;;
353723;19;12;2019;17:27;3386;RUA MON FURTADO;RUA VIRIATO RIBEIRO;;;;Colisão;Anoitecer;;;Cruz;Pare;Misto;0;1;1;1;0;0;0;0;0;1;0;0;-3,754831;-38,556736
353728;19;12;2019;19:05;0;AV DOMINGOS OLIMPIO;;;247;;Colisão;;;;Meio de Quadra;;;0;1;1;1;0;0;0;0;0;1;0;0;-3,73778;-38,527245
353726;19;12;2019;19:00;0;RUA HENRIQUETA GALENO;;;2220;;Colisão;;;;Meio de Quadra;;;0;1;1;1;0;0;0;0;0;1;0;0;;
353674;19;12;2019;15:44;10793;RUA PRO HERIBALDO COSTA;RUA PORTO ALEGRE;;;;Colisão;Luz do Dia;;;Cruz;Não Há Controle;Comercial;0;1;1;1;0;0;0;0;0;1;0;0;-3,762997;-38,585433
353661;19;12;2019;12:16;0;AV J CJ CEARA;;;673;;Colisão;Luz do Dia;;;Meio de Quadra;;;0;1;1;1;0;0;0;0;0;1;0;0;-3,763072823;-38,61420787
353662;19;12;2019;12:26;0;RUA MATOS VASCONCELOS;;;1160;;Colisão;Luz do Dia;;;Meio de Quadra;;;0;1;1;1;0;0;0;0;0;1;0;0;-3,754358;-38,553333
353671;19;12;2019;15:34;0;RUA CARLOS VASCONCELOS;;;350;;Queda;Luz do Dia;;;Meio de Quadra;;;0;1;0;0;0;1;0;0;0;0;0;0;-3,725307537;-38,50831578