COD_ACIDENTE;DIA;MES;ANO;HORA;INTERSECAO;LOG1;LOG2;LOG3;NUMERO;REFERENCIA;NATUREZA;ILUMINACAO;TEMPO;SUPERFICIEPISTA;TIPOCRUZAMENTO;CONTROLETRAFEGO;USOSOLO;MORTOS;FERIDOS;ILESOS;AUTOMOVEL;ONIBUS;BICICLETA;CAMINHAO;MICROONIBUS;CICLOMOTOR;MOTOCICLETA;TRACAOANIMAL;TREM;LATITUDE;LONGITUDE
353658;19;12;2019;12:02;0;RUA GAL JOAO COUTO;;;490;;Colisão;Luz do Dia;;;Meio de Quadra;;;0;1;1;1;0;0;0;0;0;1;0;0;-3,731309488;-38,58791523
353659;19;12;2019;12:12;0;RUA OSCAR ARARIPE;;;1514;;Colisão;Luz do Dia;;;Meio de Quadra;;;0;1;1;1;0;0;0;0;0;1;0;0;-3,789460018;-38,60475742
353665;19;12;2019;12:33;0;RUA JOSE FACANHA;;;205;;Colisão;Luz do Dia;;;Meio de Quadra;;;0;1;1;1;0;0;0;0;0;1;0;0;-3,7551;-38,553998
353666;19;12;2019;14:49;0;AV CARAPINIMA;;;1800;;Atropelamento;Luz do Dia;;;Meio de Quadra;;;0;1;1;0;0;0;0;0;0;1;0;0;-3,737496;-38,537593
353745;20;12;2019;06:50;0;AV JOSE BASTOS;;;;;Colisão;Luz do Dia;;;Meio de Quadra;;;0;1;1;1;0;0;0;0;0;1;0;0;;
353746;20;12;2019;07:28;5322;AV DUQ CAXIAS;AV IMPERADOR;;;;Atropelamento;Luz do Dia;;;Cruz;Semáforo;Comercial;0;1;1;0;0;0;0;0;0;0;0;0;-3,730048;-38,535297
353747;20;12;2019;08:17;0;AV GAL OSORIO DE PAIVA;;;7653;;Colisão;Luz do Dia;;;Meio de Quadra;;;0;0;2;1;0;0;0;0;0;1;0;0;-3,819168;-38,6160424
353748;20;12;2019;08:30;5322;AV DUQ CAXIAS;AV IMPERADOR;;;;Colisão;Luz do Dia;;;Cruz;Semáforo;Comercial;0;1;0;0;0;0;0;0;0;0;0;0;-3,730048;-38,535297
353749;20;12;2019;08:33;0;AV PRO JOSE ARTHUR CARVALHO;;;1910;;Queda;Luz do Dia;;;Meio de Quadra;;;0;1;0;0;0;0;0;0;0;1;0;0;-3,8258585;-38,4638075
353750;20;12;2019;09:30;0;AV AGUANAMBI;;;;;Queda;Luz do Dia;;;Meio de Quadra;;;0;1;0;0;0;0;0;0;0;1;0;0;;
353740;20;12;2019;03:22;0;AV SEN VIRGILIO TAVORA;;;;;Capotamento;;;;Meio de Quadra;;;0;1;0;1;0;0;0;0;0;0;0;0;;
353741;20;12;2019;04:12;0;AV AUGUSTO DOS ANJOS;;;1912;;Colisão;;;;Meio de Quadra;;;0;1;1;0;0;0;0;0;0;1;0;0;-3,782734;-38,581387
353742;20;12;2019;04:36;0;AV MOZART PINHEIRO DE LUCENA;;;1540;;Atropelamento;;;;Meio de Quadra;;;0;1;1;1;0;0;0;0;0;0;0;0;-3,716102857;-38,59507786
353743;20;12;2019;06:27;0;RUA VIS ICO D20;;;827;;Colisão;Luz do Dia;;;Meio de Quadra;;;0;1;1;1;0;0;0;0;0;1;0;0;-3,721525;-38,564963
353769;20;12;2019;13:34;1289;RUA SILVA PAULET;AV SANTOS DUMONT;;;;Colisão;Luz do Dia;;;Cruz;Pare;Comercial;0;0;2;1;0;0;0;0;0;1;0;0;-3,733985;-38,505258
353770;20;12;2019;14:47;0;AV DOM MANUEL;;;185;;Queda;Luz do Dia;;;Meio de Quadra;;;0;1;0;0;0;0;0;0;0;1;0;0;-3,725943;-38,520338
353771;20;12;2019;15:43;0;RUA METON DE ALENCAR;;;165;;Colisão;Luz do Dia;;;;;;0;1;1;1;0;0;0;0;0;1;0;0;-3,735254538;-38,52576131
353772;20;12;2019;16:15;0;AV ROGACIANO LEITE;;;2694;;Colisão;Luz do Dia;;;Meio de Quadra;;;0;1;1;1;0;0;0;0;0;1;0;0;-3,7822185;-38,50206
353773;20;12;2019;17:17;0;RUA VALPARAISO;;;;;Colisão;Anoitecer;;;Meio de Quadra;;;0;1;1;1;0;0;0;0;0;1;0;0;;
353774;20;12;2019;17:22;0;AV SGT HERMINIO SAMPAIO;;;1823;;Colisão;Anoitecer;;;Meio de Quadra;;;0;1;1;1;0;0;0;0;0;1;0;0;-3,725727;-38,557016
353775;20;12;2019;17:32;1705;RUA TEN ROMA;RUA CAP VASCONCELOS D46;;;;Colisão;Anoitecer;;;Cruz;Pare;Comercial;0;1;1;1;0;0;0;0;0;1;0;0;-3,768197;-38,516588
353776;20;12;2019;17:43;0;AV ZEZE DIOGO;;;;;Colisão;Anoitecer;;;Meio de Quadra;;;0;1;0;0;0;0;0;0;0;0;0;0;;
353777;20;12;2019;17:52;0;AV BORGES DE MELO;;;;;Queda;Anoitecer;;;Meio de Quadra;;;0;1;0;0;0;0;0;0;0;1;0;0;;
353778;20;12;2019;18:47;23708;RUA COSTA FREIRE;RUA LEBOM MAIA;;;;Colisão;;;;Cruz;Pare;Escola;0;1;1;1;0;0;0;0;0;1;0;0;-3,786026;-38,578967
353779;20;12;2019;18:50;10716;RUA PRO EDGAR DE ARRUDA;RUA PRO HERIBALDO COSTA;;;;Colisão;;;;Não Informado;Não Há Controle;Residencial;0;1;1;1;0;0;0;0;0;1;0;0;-3,759016;-38,583335
353780;20;12;2019;19:17;0;RUA FRANKLIN TAVORA;;;683;;Colisão;;;;Meio de Quadra;;;0;1;0;0;0;0;0;0;0;0;0;0;-3,730935;-38,518313
353758;20;12;2019;09:35;0;RUA MIMOSA COELHO;;;838;;Colisão;Luz do Dia;;;Meio de Quadra;;;0;1;1;1;0;0;0;0;0;1;0;0;-3,7961994;-38,565367
353754;20;12;2019;09:35;0;RUA ITAGUAI;;;834;;Colisão;Luz do Dia;;;Meio de Quadra;;;0;1;1;1;0;0;0;0;0;1;0;0;;
353766;20;12;2019;11:07;0;RUA CEL VIRGILIO NOGUEIRA (BOM JARDIM);;;1396;;Colisão;Luz do Dia;;;Meio de Quadra;;;0;1;1;1;0;1;0;0;0;0;0;0;-3,79575;-38,61101
353786;20;12;2019;20:35;0;RUA MARIA JULIA;;;1760;;Colisão;;;;Meio de Quadra;;;0;1;0;0;0;0;0;0;0;0;0;0;-3,80092;-38,602742
353787;20;12;2019;21:29;0;RUA CEL JUCA;;;1624;;Colisão;;;;Meio de Quadra;;;0;1;1;1;0;0;0;0;0;1;0;0;-3,745813;-38,493918
353782;20;12;2019;19:20;0;RUA SOBREIRA FILHO;;;459;;Queda;;;;Meio de Quadra;;;0;1;0;0;0;1;0;0;0;0;0;0;-3,779487;-38,581922
353783;20;12;2019;19:28;0;RUA COS LAFAYETE;;;244;;Queda;;;;Meio de Quadra;;;0;1;0;0;0;1;0;0;0;0;0;0;-3,7182535;-38,580034
353790;20;12;2019;22:11;0;AV MR HULL;;;4820;;Queda;;;;Meio de Quadra;;;0;1;0;0;0;1;0;0;0;0;0;0;-3,7390795;-38,5877025
353271;20;12;2019;04:27;15370;AV DOM LUIS;AV SEN VIRGILIO TAVORA;;0;;Colisão Transversal;Via Iluminada;Bom;Seca;Cruz;Semáforo;Lazer;0;0;2;1;0;0;0;0;0;0;0;0;-3,734829;-38,492507
353272;20;12;2019;09:22;25311;RUA ANTENOR ROCHA ALEXANDRE;RUA JOAO REGINO;;;;Colisão;Luz do Dia;Bom;Seca;Cruz;Pare;Residencial;0;1;1;1;0;0;0;0;0;1;0;0;-3,792178;-38,48281
353273;20;12;2019;12:05;933;AV BORGES DE MELO;TR AFONSO;;;;Colisão Transversal;Luz do Dia;Bom;Seca;Cruz;Semáforo;Escola;0;1;1;1;0;0;0;0;0;1;0;0;-3,76118;-38,521556
353274;20;12;2019;20:40;0;AV BULEVAR I;;;612;;Colisão Traseira;Via Iluminada;Bom;Seca;Meio de Quadra;Não Há Controle;Residencial;0;0;3;1;0;0;0;1;0;0;0;0;-3,834612897;-38,52604317
353180;20;12;2019;18:50;3778;AV DA UNIVERSIDADE;RUA ANTONIO POMPEU;;;;Colisão Lateral;Via Iluminada;Bom;Seca;Cruz;Semáforo;Comercial;0;1;1;1;0;0;0;0;0;1;0;0;-3,734083;-38,532908
353175;20;12;2019;17:50;5744;RUA PEDRO FIRMEZA;RUA MANUEL MONTEIRO;;;;Colisão Lateral;Anoitecer;Bom;Seca;Cruz;Pare;Residencial;0;1;1;1;0;0;0;0;0;0;0;0;-3,797578;-38,494425
354545;20;12;2019;16:34;0;RUA DR WANDA SIDOU;;;;;Colisão;Luz do Dia;;;Meio de Quadra;;;0;0;1;1;0;0;0;0;0;1;0;0;;
354526;20;12;2019;22:42;0;RUA ASSUNCAO;;;700;QUARTEL 5º BPM;Colisão;;;;Meio de Quadra;;;0;1;1;0;0;0;0;0;0;1;0;0;-3,81624;-38,51087
354527;20;12;2019;20:00;2274;RUA IMPERATRIZ;RUA GRITO DE ALERTA;;;;Colisão;;;;;;;0;0;2;1;0;0;0;0;0;0;0;0;-3,7030686;-38,5711937
354170;20;12;2019;19:28;0;RD BR 116;;;;KM-01;Colisão Traseira;;Bom;Seca;Meio de Quadra;;;0;2;1;0;0;0;0;0;0;1;0;0;-3,762554;-38,518702
354523;21;12;2019;18:00;0;AV SGT HERMINIO SAMPAIO;;;;;Colisão;Anoitecer;;;Meio de Quadra;;;0;1;1;1;0;0;0;0;0;1;0;0;;
354519;21;12;2019;22:10;61;AV MR HULL;RUA HUGO VITOR;;;;Colisão;;;;T;Pare;Residencial;0;0;3;1;0;0;0;0;0;0;0;0;-3,739677;-38,591639
353275;21;12;2019;06:30;1303;AV DOM LUIS;RUA BARBOSA DE FREITAS;;;;Colisão Transversal;Luz do Dia;Bom;Seca;Cruz;Semáforo;Comercial;0;1;1;1;0;0;0;0;0;0;0;0;-3,733564;-38,496396
353276;21;12;2019;09:46;0;RUA PDE JOAO PIAMARTA;;;554;;Atropelamento;Luz do Dia;Nublado;Seca;Meio de Quadra;Não Há Controle;Residencial;0;1;1;1;0;0;0;0;0;0;0;0;-3,759841;-38,54235438
353277;21;12;2019;12:50;9154;AV 13 DE MAIO;RUA MARTINHO RODRIGUES;;;;Colisão Traseira;Luz do Dia;Bom;Seca;Cruz;Semáforo;Comercial;0;1;1;1;0;0;0;0;0;1;0;0;-3,752832;-38,525221
353278;21;12;2019;09:55;0;RUA LAURO NOGUEIRA;RUA VALDETARIO MOTA;;0;;Colisão Transversal;Luz do Dia;Bom;Seca;Meio de Quadra;Pare;Residencial;0;2;1;1;1;0;0;0;0;0;0;0;-3,7389296;-38,4819274
353279;21;12;2019;18:59;8057;AV JOAO PESSOA;RUA ANTONIO MARTINS;;;;Choque c/ Obstáculo Fixo;Não Iluminada;Bom;Seca;T;Gesto;Comercial;0;0;2;0;0;0;0;0;0;0;0;0;-3,755443;-38,552153
353792;21;12;2019;00:03;0;RUA MORONI B TORGAN;;;116;;Queda;;;;Meio de Quadra;;;0;1;0;0;0;0;0;0;0;1;0;0;-3,82815;-38,4641
353806;21;12;2019;07:22;0;RUA CEL GUILHERME ALENCAR;;;81;;Atropelamento;Luz do Dia;;;Meio de Quadra;;;0;1;1;0;0;0;0;0;0;1;0;0;-3,83091;-38,49173
353812;21;12;2019;07:42;0;AV JOAO PESSOA;;;4368;;Colisão;Luz do Dia;;;Meio de Quadra;;;0;1;1;1;0;0;0;0;0;1;0;0;-3,751452721;-38,548589
353809;21;12;2019;07:36;0;AV SEN FERNANDES TAVORA;;;2985;;Colisão;Luz do Dia;;;Meio de Quadra;;;0;1;1;1;0;0;0;0;0;1;0;0;-3,754873133;-38,59962093
353795;21;12;2019;00:23;0;AV MAJ ASSIS;;;3030;;Queda;;;;Meio de Quadra;;;0;1;0;0;0;0;0;0;0;1;0;0;-3,718421297;-38,60622797
353796;21;12;2019;02:21;0;RUA NITEROI (CANINDEZINHO);;;1014;;Queda;;;;Meio de Quadra;;;0;1;0;0;0;1;0;0;0;0;0;0;-3,80657;-38,59865
353797;21;12;2019;03:23;0;RUA SILVA JATAHY;;;1404;;Colisão;;;;Meio de Quadra;;;0;1;1;1;0;0;0;0;0;1;0;0;-3,73014;-38,49023
353798;21;12;2019;03:57;0;RUA MONTE PASCOAL;;;654;;Queda;;;;Meio de Quadra;;;0;1;0;0;0;1;0;0;0;0;0;0;-3,7665172;-38,5353961
353799;21;12;2019;06:00;0;AV PERIMETRAL;;;;;Colisão;Luz do Dia;;;Meio de Quadra;;;0;1;0;0;0;0;0;0;0;0;0;0;;
353800;21;12;2019;07:02;0;AV GOV RAUL BARBOSA;;;7498;;Queda;Luz do Dia;;;Meio de Quadra;;;0;1;0;0;0;0;0;0;0;1;0;0;-3,77741;-38,5135835
353801;21;12;2019;07:06;0;AV JOR JOAO RAMOS;;;2430;;Colisão;Luz do Dia;;;Meio de Quadra;;;0;1;1;0;0;0;0;0;0;1;0;0;-3,840729;-38,5781
353903;21;12;2019;15:02;0;RUA 113 CJ ESPERANCA;;;20;;Colisão;Luz do Dia;;;Meio de Quadra;;;0;1;1;1;0;0;0;0;0;1;0;0;-3,8094665;-38,5917105
353904;21;12;2019;16:13;0;RUA PARQUE IPIRANGA;;;;;Colisão;Luz do Dia;;;Meio de Quadra;;;0;1;1;1;0;0;0;0;0;1;0;0;;
353906;21;12;2019;16:38;0;RUA AUDISIO PINHEIRO;;;550;;Colisão;Luz do Dia;;;Meio de Quadra;;;0;1;1;1;0;0;0;0;0;1;0;0;-3,757588;-38,588356
353907;21;12;2019;16:56;0;RUA CURITIBA;;;550;;Colisão;Luz do Dia;;;Meio de Quadra;;;0;1;1;1;0;0;0;0;0;1;0;0;-3,75757;-38,58846
353896;21;12;2019;08:09;0;RUA ANTONIO COSTA MENDES;;;;;Colisão;Luz do Dia;;;Meio de Quadra;;;0;1;1;1;0;0;0;0;0;1;0;0;;
353918;21;12;2019;21:15;0;RUA DR FERNANDO HUGO;;;364;;Queda;;;;Meio de Quadra;;;0;1;0;0;0;0;0;0;0;1;0;0;-3,82902;-38,46398
353916;21;12;2019;20:52;0;AV PRS CASTELO BRANCO;;;2876;;Queda;;;;Meio de Quadra;;;0;1;0;0;0;0;0;0;0;1;0;0;-3,712336;-38,55326
353909;21;12;2019;18:30;0;RUA CRUZEIRO DO SUL;;;192;;Colisão;Anoitecer;;;Meio de Quadra;;;0;1;1;1;0;0;0;0;0;1;0;0;-3,71588;-38,5632
353910;21;12;2019;18:59;0;RUA PRIMEIRO DE JANEIRO;;;150;;Queda;;;;Meio de Quadra;;;0;1;0;0;0;0;0;0;0;1;0;0;-3,785294;-38,564552
353911;21;12;2019;19:35;0;RUA DO MERCADO;;;222;;Colisão;;;;Meio de Quadra;;;0;1;1;1;0;0;0;0;0;1;0;0;-3,7816692;-38,5081222
353912;21;12;2019;20:14;15832;RUA PDE PEDRO DE ALENCAR;RUA EDUARDO PORTO;;;;Colisão;;;;;;;0;1;1;1;0;0;0;0;0;1;0;0;-3,832741;-38,494029
353913;21;12;2019;20:19;0;RUA JOSE RANGEL;;;204;;Queda;;;;Meio de Quadra;;;0;1;0;0;0;1;0;0;0;0;0;0;-3,7380769;-38,4729861
353914;21;12;2019;20:47;7648;RUA PAULO DE FRONTIM;AV CARNEIRO DE MENDONCA;;;;Queda;;;;Não Informado;Semáforo;Comercial;0;1;0;0;0;0;0;0;0;1;0;0;-3,761949;-38,570794
353921;21;12;2019;21:24;0;RUA REGINA SILVA;;;100;;Queda;;;;Meio de Quadra;;;0;1;0;0;0;0;0;0;0;1;0;0;-3,82986;-38,46384
353964;21;12;2019;22:14;0;RUA MAJ VAZ CLARIM;;;71;;Colisão;;;;Meio de Quadra;;;0;1;1;1;0;0;0;0;0;1;0;0;-3,7835512;-38,5178998
353965;21;12;2019;22:16;0;RUA MANUEL MOURA;;;421;;Colisão;;;;Meio de Quadra;;;0;1;1;1;0;0;0;0;0;1;0;0;-3,7986188;-38,4979224
353967;21;12;2019;22:39;0;AV JOSE BASTOS;;;;;Queda;;;;Meio de Quadra;;;0;1;0;0;0;0;0;0;0;1;0;0;;
353968;21;12;2019;23:41;0;RUA DOM MAURICIO;;;639;;Capotamento;;;;Meio de Quadra;;;0;0;1;1;0;0;0;0;0;0;0;0;-3,7339;-38,57557
353900;21;12;2019;10:36;0;RUA SGT BARBOSA;;;;;Colisão;Luz do Dia;;;Meio de Quadra;;;0;1;0;0;0;0;0;0;0;0;0;0;;
353868;21;12;2019;13:30;0;AV MR HULL;;;;;Colisão;Luz do Dia;;;Meio de Quadra;;;0;1;0;0;0;0;0;0;0;0;0;0;;
353869;21;12;2019;13:48;22070;RUA JOSE FACANHA;RUA PAPI JUNIOR;;;;Colisão;Luz do Dia;;;Cruz;Pare;Residencial;0;1;0;0;0;0;0;0;0;0;0;0;-3,752136;-38,557265
353870;21;12;2019;13:59;6969;AV F CJ ESPERANCA;AV B CJ ESPERANCA;;;;Colisão;Luz do Dia;;;Cruz;Pare;Residencial;0;1;1;1;0;0;0;0;0;1;0;0;-3,817486;-38,588467
353861;21;12;2019;12:07;0;AV PRS COSTA E SILVA;;;;;Colisão;Luz do Dia;;;Meio de Quadra;;;0;1;1;1;0;0;0;0;0;1;0;0;;
353857;21;12;2019;10:36;0;RUA SGT BARBOSA;;;;;Colisão;Luz do Dia;;;Meio de Quadra;;;0;1;1;1;0;0;0;0;0;1;0;0;;
353859;21;12;2019;11:22;0;RUA CON DE CASTRO;;;3786;;Queda;Luz do Dia;;;Meio de Quadra;;;0;1;0;0;0;0;0;0;0;1;0;0;-3,79967587;-38,58703213
353866;21;12;2019;12:52;0;RUA JULIO BRAGA;;;;;Colisão;Luz do Dia;;;Meio de Quadra;;;0;0;2;1;0;0;0;0;0;1;0;0;;
353838;21;12;2019;09:00;0;AV JOAO PESSOA;;;4355;;Colisão;Luz do Dia;;;Meio de Quadra;;;0;1;1;1;0;0;0;0;0;1;0;0;-3,751367974;-38,54851397
353835;21;12;2019;07:45;0;AV GAL OSORIO DE PAIVA;;;528;;Colisão;Luz do Dia;;;Meio de Quadra;;;0;1;1;1;0;0;0;0;0;1;0;0;-3,776069;-38,567183
353855;21;12;2019;10:11;0;RUA PDE MIGUELINHO;;;600;;Queda;Luz do Dia;;;Meio de Quadra;;;0;1;0;0;0;0;0;0;0;1;0;0;-3,744252069;-38,52886521
353375;21;12;2019;07:37;0;AV AMERICO BARREIRA;;;5190;;Colisão;Luz do Dia;Bom;Seca;Meio de Quadra;Outros;Comercial;0;1;2;1;0;0;0;1;0;0;0;0;-3,75799;-38,56243
353386;21;12;2019;07:20;0;RUA PRO COSTA MENDES;;;;;Colisão Transversal;Luz do Dia;Bom;Seca;Meio de Quadra;Pare;Residencial;0;2;1;0;0;0;0;0;0;1;0;0;;
353969;22;12;2019;00:13;0;RUA 860 CJ CEARA;;;;;Atropelamento;;;;Meio de Quadra;;;0;1;1;0;0;0;0;0;0;1;0;0;;
353970;22;12;2019;01:00;0;RUA RAIMUNDO NERY;;;510;;Colisão;;;;Meio de Quadra;;;0;1;1;1;0;0;0;0;0;1;0;0;-3,793276;-38,586791
353972;22;12;2019;01:53;17377;RUA ELVIRA PINHO;RUA BAR CANINDE;;;;Colisão;;;;Cruz;Pare;Comercial;0;1;0;0;0;0;0;0;0;0;0;0;-3,766881;-38,556147
353973;22;12;2019;02:41;0;RUA DAS PEDRINHAS;;;296;;Colisão;;;;Meio de Quadra;;;0;1;1;1;0;0;0;0;0;1;0;0;-3,764257311;-38,60057742
353975;22;12;2019;04:29;0;AV SEN FERNANDES TAVORA;;;2433;;Queda;;;;Meio de Quadra;;;0;1;0;0;0;1;0;0;0;0;0;0;-3,755953;-38,593889
353976;22;12;2019;04:39;0;AV DES GONZAGA;;;656;;Atropelamento;;;;Meio de Quadra;;;0;1;1;1;0;0;0;0;0;0;0;0;-3,792087594;-38,50224996
353977;22;12;2019;05:35;0;AV ALM HENRIQUE SABOIA;;;;;Queda;Amanhecer;;;Meio de Quadra;;;0;1;0;0;0;0;0;0;0;1;0;0;;
353280;22;12;2019;15:39;0;AL TULIPAS;;;370;;Choque c/ Obstáculo Fixo;Luz do Dia;Bom;Seca;Meio de Quadra;Não Há Controle;Residencial;0;1;1;1;0;0;0;0;0;1;0;0;-3,75251;-38,4689
353281;22;12;2019;14:25;0;AV BENJAMIM BRASIL;;;1137;;Colisão Lateral;Luz do Dia;Bom;Seca;T;Não Há Controle;Residencial;0;1;1;1;0;0;0;0;0;1;0;0;-3,80552;-38,56482
353282;22;12;2019;21:13;16754;RUA PARANAI;RUA CEL QUEIROZ;;0;;Colisão Transversal;Via Iluminada;Bom;Seca;T;Pare;Residencial;0;0;2;1;0;0;0;0;0;0;0;0;-3,833641;-38,569055
353294;22;12;2019;19:43;10431;RUA 30 DE MAIO D73;RUA RICARDO PONTES;;;;Colisão Transversal;Luz do Dia;Bom;Seca;Cruz;Não Há Controle;Residencial;0;1;1;0;1;0;0;0;0;1;0;0;-3,763194;-38,599638
354518;22;12;2019;02:48;0;RUA DOS HOLANDESES;;;238;;Colisão;;;;Meio de Quadra;;;0;0;2;1;0;0;0;0;0;0;0;0;-3,6986918;-38,5795461
354056;22;12;2019;18:07;0;RUA EDGAR FALCAO;;;142;;Atropelamento;Anoitecer;;;Meio de Quadra;;;0;1;1;0;0;0;0;0;0;1;0;0;-3,7311453;-38,57178064
354197;22;12;2019;00:30;0;RD BR 116;;;;KM-06;Colisão Lateral;;Nublado;;Meio de Quadra;;;0;0;2;1;0;0;0;0;0;0;0;0;-3,804691;-38,503053
354077;22;12;2019;22:23;0;AV ALM BARROSO;;;1030;;Colisão;;;;Meio de Quadra;;;0;1;1;1;0;0;0;0;0;1;0;0;-3,719932;-38,513101
354074;22;12;2019;21:03;0;RUA DO POENTE;;;164;;Atropelamento;;;;Meio de Quadra;;;0;1;1;0;0;0;0;0;0;1;0;0;-3,700192143;-38,58148321
354071;22;12;2019;20:59;0;AV C CJ CEARA;;;1096;;Colisão;;;;Meio de Quadra;;;0;1;0;0;0;0;0;0;0;0;0;0;-3,784113;-38,4676138
354072;22;12;2019;21:00;0;AV GAL OSORIO DE PAIVA;;;;;Colisão;;;;Meio de Quadra;;;0;1;1;0;0;0;0;0;0;1;0;0;;
354069;22;12;2019;20:35;0;RUA ROMEU MARTINS;;;464;;Colisão;;;;Meio de Quadra;;;0;1;1;1;0;0;0;0;0;1;0;0;-3,76514792;-38,5543092
354067;22;12;2019;20:12;0;ET DO ITAPERI;;;394;;Queda;;;;Meio de Quadra;;;0;1;0;0;0;1;0;0;0;0;0;0;-3,82631;-38,53054
354064;22;12;2019;19:07;0;AV WASHINGTON SOARES;;;6180;;Colisão;;;;Meio de Quadra;;;0;1;0;0;0;0;0;0;0;0;0;0;-3,813292;-38,479989
354065;22;12;2019;19:19;0;RUA DOM PEDRO II;;;38;;Colisão;;;;Meio de Quadra;;;0;1;0;0;0;0;0;0;0;0;0;0;-3,780743571;-38,56907386
354059;22;12;2019;18:35;0;RUA SAO FRANCISCO XAVIER;;;824;;Colisão;;;;Meio de Quadra;;;0;1;1;0;0;0;0;0;0;1;0;0;-3,7519132;-38,5797582
354060;22;12;2019;18:50;0;RUA TIRADENTES;;;467;;Colisão;;;;Meio de Quadra;;;0;1;0;0;0;0;0;0;0;0;0;0;-3,742487;-38,548661
354062;22;12;2019;18:54;0;AV BEIRA MAR;;;;;Queda;;;;Meio de Quadra;;;0;1;0;0;0;1;0;0;0;0;0;0;;
354113;22;12;2019;22:56;0;RUA PERNAMBUCO;;;1901;;Queda;;;;Meio de Quadra;;;0;1;0;0;0;0;0;0;0;1;0;0;-3,755318792;-38,57444138
354025;22;12;2019;12:32;15358;RUA REPUBLICA DO LIBANO;RUA PRO DIAS DA ROCHA;;;;Colisão;Luz do Dia;;;Cruz;Pare;Residencial;0;1;1;0;0;0;0;0;0;1;0;0;-3,733163;-38,490922
354023;22;12;2019;12:12;0;AV NORTE SUL;;;;;Queda;Luz do Dia;;;Meio de Quadra;;;0;1;0;0;0;1;0;0;0;0;0;0;;
354029;22;12;2019;14:39;0;AV CARAPINIMA;;;;;Atropelamento;Luz do Dia;;;Meio de Quadra;;;0;1;1;0;0;0;0;0;0;1;0;0;;
354030;22;12;2019;15:19;5397;AV DUQ CAXIAS;RUA ASSUNCAO;;;;Atropelamento;Luz do Dia;;;Cruz;Semáforo;Comercial;0;1;1;1;0;0;0;0;0;0;0;0;-3,732405;-38,527952
354027;22;12;2019;12:43;12566;RUA ANTONIO ARRUDA;RUA CECIL SALGADO;;;;Colisão;Luz do Dia;;;Cruz;Outros;Residencial;0;1;1;1;0;0;0;0;0;1;0;0;-3,722762;-38,594776
354001;22;12;2019;11:13;0;AV DR SILAS MUNGUBA;;;3850;;Colisão;Luz do Dia;;;Meio de Quadra;;;0;1;1;1;0;0;0;0;0;1;0;0;-3,790736;-38,539291
353980;22;12;2019;06:02;0;RUA TEREZA CRISTINA;;;;;Colisão;Luz do Dia;;;Meio de Quadra;;;0;1;1;0;0;0;0;0;0;1;0;0;;
353981;22;12;2019;06:12;0;AV DUQ CAXIAS;;;1020;;Colisão;Luz do Dia;;;Meio de Quadra;;;0;1;1;0;0;0;0;0;0;1;0;0;-3,730708;-38,53323
353982;22;12;2019;09:37;0;AV JOAO PESSOA;;;;;Queda;Luz do Dia;;;Meio de Quadra;;;0;1;0;0;0;0;0;0;0;1;0;0;;
353983;22;12;2019;10:09;0;RUA JOSE VILAR;;;1582;;Colisão;Luz do Dia;;;Meio de Quadra;;;0;1;1;1;0;0;0;0;0;0;0;0;-3,738318;-38,505477
353995;22;12;2019;10:34;0;AV CEL CARVALHO;;;;;Colisão;Luz do Dia;;;Meio de Quadra;;;0;1;1;1;0;0;0;0;0;1;0;0;;
353996;22;12;2019;10:49;0;AV BENJAMIM BRASIL;;;1080;;Colisão;Luz do Dia;;;Meio de Quadra;;;0;0;2;1;0;0;0;0;0;1;0;0;-3,8054;-38,56522
353998;22;12;2019;10:51;0;RUA PEDRO C FERNANDES;;;538;;Atropelamento;Luz do Dia;;;Meio de Quadra;;;0;1;1;0;0;0;0;0;0;1;0;0;-3,7331004;-38,5637952
354114;23;12;2019;06:05;0;AV PRS COSTA E SILVA;;;101;;Colisão;Luz do Dia;;;Meio de Quadra;;;0;1;0;0;0;0;0;0;0;0;0;0;-3,81323;-38,57038
354115;23;12;2019;06:13;183;AV CEL CARVALHO;AV SGT HERMINIO SAMPAIO;;;;Colisão;Luz do Dia;;;;;;0;1;0;0;0;0;0;0;0;0;0;0;-3,7338104;-38,5842851
354116;23;12;2019;06:28;183;RUA DEMETRIO MENEZES;AV CEL CARVALHO;;;;Capotamento;Luz do Dia;;;;;;0;2;0;0;0;0;0;0;0;0;0;0;-3,731488;-38,584591
354117;23;12;2019;08:41;0;RUA DIOGO CORREIA;;;510;;Queda;Luz do Dia;;;Meio de Quadra;;;0;1;0;0;0;0;0;0;0;1;0;0;-3,769819;-38,5906625
354118;23;12;2019;08:51;0;AV GOV RAUL BARBOSA;;;;;Queda;Luz do Dia;;;Meio de Quadra;;;0;1;0;0;0;0;0;0;0;1;0;0;;
354119;23;12;2019;09:00;0;RUA JOAQUIM ALBANO;;;;;Colisão;Luz do Dia;;;Meio de Quadra;;;0;1;1;1;0;0;0;0;0;1;0;0;;
354120;23;12;2019;10:06;0;AV PRO GOMES DE MATOS;;;1187;;Atropelamento;Luz do Dia;;;Meio de Quadra;;;0;2;1;0;0;0;0;0;0;1;0;0;-3,762913893;-38,54711818
354121;23;12;2019;13:55;6573;AV H CJ CEARA;AV C CJ CEARA;;;;Colisão;Luz do Dia;;;Outros;Pare;Residencial;0;1;1;1;0;0;0;0;0;1;0;0;;