COD_ACIDENTE;DIA;MES;ANO;HORA;INTERSECAO;LOG1;LOG2;LOG3;NUMERO;REFERENCIA;NATUREZA;ILUMINACAO;TEMPO;SUPERFICIEPISTA;TIPOCRUZAMENTO;CONTROLETRAFEGO;USOSOLO;MORTOS;FERIDOS;ILESOS;AUTOMOVEL;ONIBUS;BICICLETA;CAMINHAO;MICROONIBUS;CICLOMOTOR;MOTOCICLETA;TRACAOANIMAL;TREM;LATITUDE;LONGITUDE
354129;23;12;2019;15:16;0;RUA COS TRISTAO;;;600;;Colisão;Luz do Dia;;;Meio de Quadra;;;0;1;1;1;0;0;0;0;0;1;0;0;-3,739919237;-38,52698817
354130;23;12;2019;15:53;0;AV PRS CASTELO BRANCO;;;3003;;Colisão;Luz do Dia;;;Meio de Quadra;;;0;1;1;1;0;0;0;0;0;1;0;0;-3,711770667;-38,55624833
354131;23;12;2019;17:20;0;AV AUGUSTO DOS ANJOS;;;2384;;Colisão;Anoitecer;;;Meio de Quadra;;;0;1;1;1;0;0;0;0;0;1;0;0;-3,7869465;-38,5846965
354132;23;12;2019;17:26;0;RUA EQUADOR;;;104;;Colisão;Anoitecer;;;Meio de Quadra;;;0;1;1;1;0;0;0;0;0;1;0;0;-3,7693245;-38,550873
354133;23;12;2019;17:44;0;AV ALBERTO CRAVEIRO;;;2420;;Colisão;Anoitecer;;;Meio de Quadra;;;0;1;1;1;0;0;0;0;0;1;0;0;-3,80118;-38,52007
354134;23;12;2019;17:52;0;AV PLACIDO CASTELO;;;171;;Colisão;Anoitecer;;;Meio de Quadra;;;0;1;1;1;0;0;0;0;0;1;0;0;-3,784466556;-38,50985933
354135;23;12;2019;18:09;0;AV BEZERRA DE MENEZES;;;;;Colisão;Anoitecer;;;Meio de Quadra;;;0;1;1;1;0;0;0;0;0;1;0;0;;
354136;23;12;2019;18:20;0;AV SGT HERMINIO SAMPAIO;;;;;Atropelamento;Anoitecer;;;Meio de Quadra;;;0;1;1;0;0;1;0;0;0;0;0;0;;
354137;23;12;2019;18:39;0;RUA VIRIATO RIBEIRO;;;638;;Colisão;;;;Meio de Quadra;;;0;1;0;0;0;0;0;0;0;0;0;0;-3,751548592;-38,56000355
354138;23;12;2019;19:30;0;RUA GAL SAMPAIO;;;175;;Atropelamento;;;;Meio de Quadra;;;0;1;1;0;0;0;0;0;0;1;0;0;-3,720508229;-38,52958942
354139;23;12;2019;19:39;0;AV DEP PAULINO ROCHA;;;1731;;Queda;;;;Meio de Quadra;;;0;1;0;0;0;0;0;0;0;1;0;0;-3,811689737;-38,51268095
354141;23;12;2019;20:31;0;RUA NOSSA SRA DAS GRACAS;;;830;;Colisão;;;;Meio de Quadra;;;0;1;1;0;0;0;0;0;0;1;0;0;-3,70956;-38,555733
354125;23;12;2019;14:50;0;AV DA UNIVERSIDADE;;;2257;;Colisão;Luz do Dia;;;Meio de Quadra;;;0;1;0;0;0;0;0;0;0;0;0;0;-3,737220152;-38,53571637
354126;23;12;2019;15:07;3800;RUA CAIO CARLOS;AV 13 DE MAIO;;;;Colisão;Luz do Dia;;;Cruz;Não Há Controle;Comercial;0;1;1;1;0;0;0;0;0;1;0;0;-3,738286;-38,54216
354127;23;12;2019;15:15;0;RUA CON DE CASTRO;;;1047;;Colisão;Luz do Dia;;;Meio de Quadra;;;0;1;1;1;0;0;0;0;0;1;0;0;-3,781927361;-38,57060023
354143;23;12;2019;20:57;0;AV GENIBAU;;;261;;Queda;;;;Meio de Quadra;;;0;1;0;0;0;0;0;0;0;1;0;0;-3,761251824;-38,59756494
354144;23;12;2019;21:33;0;RUA FERNANDO FARIAS DE MELO (MANUEL SÁTIRO);;;396;;Colisão;;;;Meio de Quadra;;;0;1;1;1;0;0;0;0;0;1;0;0;-3,79304;-38,57828
354147;23;12;2019;23:13;0;AV SEN FERNANDES TAVORA;;;;;Colisão;;;;Meio de Quadra;;;0;1;1;1;0;0;0;0;0;1;0;0;;
354516;23;12;2019;01:30;0;AV ALM BARROSO;;;1020;;Colisão;;;;Meio de Quadra;;;0;0;1;0;0;0;0;0;0;0;0;0;-3,71995514;-38,51328088
353306;23;12;2019;10:51;0;AV EDILSON B SOARES;;;1395;;Colisão;Luz do Dia;Bom;Seca;Meio de Quadra;Não Há Controle;Comercial;0;1;1;0;0;0;0;0;0;1;0;0;-3,788852412;-38,47372771
353283;23;12;2019;01:09;0;RUA ALM JACEGUAI;;;1020;;Não Informado;Via Iluminada;Bom;Seca;Meio de Quadra;Semáforo;Lazer;0;0;2;1;0;0;0;0;0;1;0;0;;
353284;23;12;2019;06:48;18510;RUA TEN MARQUES;RUA MEXICO;;0;;Colisão Transversal;Luz do Dia;Bom;Seca;Cruz;Pare;Residencial;0;1;1;1;0;0;0;0;0;1;0;0;-3,734792;-38,573257
353285;23;12;2019;08:03;0;AV PRS COSTA E SILVA;RUA 19 CJ JOSE WALTER;;0;;Choque c/ Obstáculo Fixo;Luz do Dia;Bom;Seca;Outros;Não Há Controle;Residencial;0;0;1;1;0;0;0;0;0;0;0;0;;
353286;23;12;2019;08:43;0;RUA DEMETRIO MENEZES;;;3303;;Choque c/ Obstáculo Fixo;Luz do Dia;Bom;Seca;Meio de Quadra;Semáforo;Comercial;0;0;2;0;0;0;0;0;0;1;0;0;;
353287;23;12;2019;15:01;0;AV SEN FERNANDES TAVORA;TV HELENA MARIA;;;;Colisão Transversal;Luz do Dia;Bom;Seca;;;;0;2;1;1;0;0;0;0;0;1;0;0;-3,7661059;-38,5749566
353288;23;12;2019;14:17;22297;AV BEZERRA DE MENEZES;RUA PDE ANCHIETA;;;;Colisão Transversal;Luz do Dia;Bom;Seca;Cruz;Semáforo;Comercial;0;2;1;1;1;0;0;0;0;0;0;0;-3,733155;-38,552298
353289;23;12;2019;14:18;15244;RUA DEP MOREIRA DA ROCHA;RUA JOSE VILAR;;;;Colisão Transversal;Luz do Dia;Bom;Seca;Cruz;Pare;Residencial;0;1;0;0;0;0;0;0;0;1;0;0;-3,727832;-38,502113
353104;23;12;2019;06:44;0;AV PRS COSTA E SILVA;;;1736;;Colisão Traseira;Luz do Dia;Bom;Seca;Meio de Quadra;Semáforo;Comercial;0;0;3;1;0;0;1;0;0;1;0;0;-3,817618;-38,565394
353101;23;12;2019;18:00;4020;AV PRO GOMES DE MATOS;RUA SAMUEL UCHOA;;;;Colisão Lateral;Via Iluminada;Bom;Seca;Cruz;Semáforo;Comercial;0;2;0;0;1;1;0;0;0;0;0;0;-3,757193;-38,542215
353102;23;12;2019;;0;RUA CON DE CASTRO;;;1047;;Colisão Frontal;Mal Iluminada;Bom;Seca;Meio de Quadra;Outros;Residencial;0;0;2;0;0;0;0;0;0;1;0;0;-3,781927361;-38,57060023
353100;24;12;2019;10:15;0;AV IMPERADOR;;;301;;Colisão Traseira;Luz do Dia;Bom;Seca;Meio de Quadra;Semáforo;Comercial;0;0;2;1;0;0;0;0;0;1;0;0;-3,723956579;-38,53349421
353290;24;12;2019;03:59;0;AV DR SILAS MUNGUBA;;;2800;;Choque c/ Obstáculo Fixo;Via Iluminada;Bom;Seca;Meio de Quadra;Semáforo;Comercial;0;1;0;1;0;0;0;0;0;0;0;0;-3,787195;-38,548631
353291;24;12;2019;09:11;0;RUA POMPILIO GOMES;;;1886;;Colisão Lateral;Luz do Dia;Bom;Seca;;;;0;1;2;1;0;0;0;0;0;1;0;0;-3,828323139;-38,52124997
353292;24;12;2019;10:39;20005;AV DR SILAS MUNGUBA;RUA DES OTACILIO PEIXOTO;;;;Colisão Transversal;Luz do Dia;Nublado;Seca;T;Semáforo;Comercial;0;1;1;1;0;0;0;0;0;0;0;0;-3,800419;-38,530329
353293;24;12;2019;15:47;7761;RUA DOM EXPEDITO LOPES;RUA NUNES VALENTE;;;;Colisão Transversal;Luz do Dia;Bom;Seca;Cruz;Pare;Comercial;0;1;1;1;0;0;0;0;0;0;0;0;-3,743494;-38,506068
353131;24;12;2019;14:20;0;RD CE-040;;;;KM-03;Colisão;Luz do Dia;Bom;Seca;Meio de Quadra;;;0;0;2;1;0;0;0;0;0;0;0;0;-3,782614325;-38,4810839
353133;24;12;2019;15:00;0;RD CE-040;;;;KM-11;Colisão;Luz do Dia;Bom;Seca;Meio de Quadra;;;0;0;2;0;1;0;0;0;0;0;0;0;-3,84962623;-38,47606989
353134;24;12;2019;16:45;0;RD CE-040;;;;KM-05;Engavetamento;Luz do Dia;Bom;Seca;Meio de Quadra;;;0;0;3;1;0;0;0;0;0;0;0;0;-3,800595823;-38,47953463
354514;24;12;2019;11:13;5122;AV IMPERADOR;RUA SAO PAULO;;;;Colisão;Luz do Dia;;;Cruz;Semáforo;Comercial;0;1;1;1;0;0;0;0;0;1;0;0;-3,724049;-38,533522
354515;24;12;2019;10:10;0;AV RUI BARBOSA;;;;;Não Informado;Luz do Dia;;;Meio de Quadra;;;0;0;2;1;0;0;0;0;0;1;0;0;;
354148;24;12;2019;06:08;0;RUA EDUARDO BEZERRA;;;822;;Queda;Luz do Dia;;;Meio de Quadra;;;0;1;0;0;0;0;0;0;0;1;0;0;-3,753740167;-38,51283229
354150;24;12;2019;07:30;6488;AV J CJ CEARA;AV 1000 UI 709;;;;Queda;Luz do Dia;;;;;;0;1;0;0;0;0;0;0;0;1;0;0;-3,773989;-38,619861
354171;24;12;2019;12:43;0;AV IMPERADOR;;;1739;;Colisão;Luz do Dia;;;Meio de Quadra;;;0;1;1;1;0;0;0;0;0;1;0;0;-3,73658388;-38,5372262
354163;24;12;2019;11:19;0;RUA EDUARDO PERDIGAO;;;;;Colisão;Luz do Dia;;;Meio de Quadra;;;0;1;1;1;0;0;0;0;0;1;0;0;;
354164;24;12;2019;11:28;0;AV GODOFREDO MACIEL;;;2400;;Colisão;Luz do Dia;;;Meio de Quadra;;;0;1;1;1;0;0;0;0;0;1;0;0;-3,79628031;-38,56985355
354165;24;12;2019;11:53;0;RD QUARTO ANEL VIARIO;;;;;Colisão;Luz do Dia;;;Meio de Quadra;;;0;1;1;1;0;0;0;0;0;1;0;0;;
354155;24;12;2019;08:36;0;RUA CEL JOAO OLIVEIRA;;;555;;Colisão;Luz do Dia;;;Meio de Quadra;;;0;1;1;1;0;0;0;0;0;1;0;0;-3,8226619;-38,4894674
354156;24;12;2019;09:08;0;RUA BIAS MENDES;;;1301;;Queda;Luz do Dia;;;Meio de Quadra;;;0;1;0;0;0;0;0;0;0;1;0;0;-3,77647;-38,59091
354159;24;12;2019;09:53;0;AV CASTANHOLEIRAS;;;303;;Colisão;Luz do Dia;;;Meio de Quadra;;;0;1;1;1;0;0;0;0;0;1;0;0;-3,752230696;-38,46829036
354160;24;12;2019;10:09;0;AV IMPERADOR;;;309;;Colisão;Luz do Dia;;;Meio de Quadra;;;0;1;1;1;0;0;0;0;0;1;0;0;-3,724049;-38,533522
354152;24;12;2019;07:56;0;RUA SEN ALENCAR;;;1098;;Colisão;Luz do Dia;;;Meio de Quadra;;;0;1;1;1;0;0;0;0;0;1;0;0;-3,72244;-38,53567
354167;24;12;2019;12:20;7400;RUA CEL MATOS DOURADO;RUA PRO EDGAR DE ARRUDA;;;;Colisão;Luz do Dia;;;Cruz;Pare;Comercial;0;1;1;1;0;0;0;0;0;1;0;0;-3,758202;-38,584848
354205;24;12;2019;15:22;0;RUA CATOLE;;;2501;;Colisão;Luz do Dia;;;Meio de Quadra;;;0;1;1;1;0;0;0;0;0;1;0;0;-3,851896846;-38,52172808
354209;24;12;2019;16:57;24542;AV MOZART PINHEIRO DE LUCENA;RUA DR QUIXADA FELICIO;;;;Colisão;Luz do Dia;;;T;Pare;Residencial;0;1;1;1;0;0;0;0;0;1;0;0;-3,710639;-38,593478
354207;24;12;2019;15:53;0;AV ODILON GUIMARAES;;;3975;;Atropelamento;Luz do Dia;;;Meio de Quadra;;;0;1;1;0;0;1;0;0;0;0;0;0;-3,813636629;-38,46515226
354201;24;12;2019;12:54;0;RUA CEL MATOS DOURADO;;;;;Queda;Luz do Dia;;;Meio de Quadra;;;0;1;0;0;0;0;0;0;0;1;0;0;;
354202;24;12;2019;13:19;0;AV WASHINGTON SOARES;;;;;Queda;Luz do Dia;;;Meio de Quadra;;;0;1;0;0;0;0;0;0;0;1;0;0;;
354203;24;12;2019;14:46;5112;RUA CASTRO E SILVA;RUA BAR RIO BRANCO;;;;Atropelamento;Luz do Dia;;;Cruz;Semáforo;Comercial;0;1;1;1;0;0;0;0;0;0;0;0;-3,723847;-38,527429
354211;24;12;2019;17:57;0;RUA SEN JAGUARIBE;;;500;;Atropelamento;Anoitecer;;;Meio de Quadra;;;0;1;1;1;0;0;0;0;0;0;0;0;-3,721922829;-38,52729946
354212;24;12;2019;18:12;0;RUA JULIO SILVA;;;440;;Atropelamento;Anoitecer;;;Meio de Quadra;;;0;1;1;0;0;0;0;0;0;1;0;0;-3,74537;-38,45462
354213;24;12;2019;18:17;0;RUA BERNARDO MANUEL;;;7233;;Colisão;Anoitecer;;;Meio de Quadra;;;0;1;0;0;0;0;0;0;0;0;0;0;-3,7821488;-38,546345
354214;24;12;2019;19:06;0;AV SEN FERNANDES TAVORA;;;1195;;Queda;;;;Meio de Quadra;;;0;1;0;0;0;0;0;0;0;1;0;0;-3,761532;-38,58340025
354215;24;12;2019;19:16;0;AV CEL CARVALHO;;;2727;;Queda;;;;Meio de Quadra;;;0;1;0;0;0;0;0;0;0;1;0;0;-3,72675;-38,58545
354216;24;12;2019;20:10;0;AV A CJ CEARA;;;855;;Queda;;;;Meio de Quadra;;;0;1;0;0;0;0;0;0;0;1;0;0;-3,7839728;-38,4751689
354217;24;12;2019;20:54;0;AV GOV RAUL BARBOSA;;;4046;;Queda;;;;Meio de Quadra;;;0;1;0;0;0;1;0;0;0;0;0;0;-3,761108;-38,505537
354218;24;12;2019;21:15;0;AV FRANCISCO SA;;;3867;;Colisão;;;;Meio de Quadra;;;0;1;1;1;0;0;0;0;0;1;0;0;-3,716674;-38,55952767
354219;24;12;2019;21:20;0;RUA RAIMUNDO NERY;;;372;;Queda;;;;Meio de Quadra;;;0;1;0;0;0;0;0;0;0;1;0;0;-3,794532632;-38,586263
354220;24;12;2019;22:13;0;RUA CASTRO MONTE;;;;;Colisão;;;;Meio de Quadra;;;0;1;1;1;0;0;0;0;0;0;0;0;;
354221;24;12;2019;23:47;0;AV SGT HERMINIO SAMPAIO;;;4223;;Queda;;;;Meio de Quadra;;;0;1;0;0;0;1;0;0;0;0;0;0;-3,730983;-38,577907
354222;24;12;2019;23:50;0;RUA FRE ALEMAO;;;45;;Atropelamento;;;;Meio de Quadra;;;0;1;1;0;0;0;0;0;0;1;0;0;-3,78271;-38,54316
354198;25;12;2019;07:10;0;RD BR 222;;;;KM-03;Colisão;Luz do Dia;Bom;Seca;Meio de Quadra;;;0;0;1;1;0;0;0;0;0;0;0;0;-3,740300848;-38,59594097
354199;25;12;2019;17:40;0;RD BR 020;;;426;;Queda;Anoitecer;Nublado;Seca;Meio de Quadra;;;0;2;1;1;0;0;0;0;0;1;0;0;-3,863;-38,524
354510;25;12;2019;20:40;25729;AV TRISTAO GONCALVES;RUA ANTONIO POMPEU;;;;Colisão;;;;Cruz;Semáforo;Comercial;0;0;2;0;0;0;0;0;0;0;0;0;-3,733388;-38,535088
354511;25;12;2019;07:50;0;RUA CARNAUBAL;;;90;;Não Informado;Luz do Dia;;;Meio de Quadra;;;0;0;2;0;0;0;0;0;0;0;0;0;-3,7229599;-38,5776001
354512;25;12;2019;16:30;0;TR DA SAUDADE D04;;;101;;Colisão;Luz do Dia;;;Meio de Quadra;;;0;0;2;1;0;0;0;0;0;1;0;0;-3,76945;-38,54461
354513;25;12;2019;16:35;4088;AV FRANCISCO SA;RUA ALVARO DE ALENCAR;;;;Colisão;Luz do Dia;;;Cruz;Não Há Controle;Comercial;0;0;2;1;0;0;0;0;0;1;0;0;-3,717106;-38,558237
353130;25;12;2019;06:00;0;RD CE-040;;;;KM-02;Colisão;Luz do Dia;;Molhada;Meio de Quadra;;;0;0;2;1;0;0;0;0;0;0;0;0;-3,773616148;-38,4817994
353313;25;12;2019;22:16;15227;AV ABOLICAO;AV DES MOREIRA;;;;Colisão Traseira;Via Iluminada;Bom;Não informada;Cruz;Semáforo;Comercial;0;0;3;1;1;0;0;0;0;0;0;0;-3,727331;-38,495474
353295;25;12;2019;08:51;0;RUA BADY MIGUEL;RUA PERO VAZ;;0;;Choque c/ Obstáculo Fixo;Luz do Dia;Bom;Seca;Meio de Quadra;Pare;Residencial;0;0;1;1;0;0;0;0;0;0;0;0;-3,8276793;-38,4926092
353296;25;12;2019;06:00;15821;AV JOR THOMAZ COELHO;RUA ANGELICA GURGEL;;;;Colisão Frontal;Luz do Dia;Bom;Seca;T;Semáforo;Residencial;0;1;2;1;1;0;0;0;0;0;0;0;-3,8324;-38,499058
353297;25;12;2019;06:39;0;AV DOLOR BARREIRA;;;1270;;Choque c/ Obstáculo Fixo;Luz do Dia;Bom;Seca;Meio de Quadra;Não Há Controle;Residencial;0;1;0;0;0;0;0;0;0;0;0;0;-3,737110667;-38,468708
353298;25;12;2019;07:35;0;RUA ELESBAO VELOSO;;;29;;Colisão Frontal;Luz do Dia;Bom;Seca;Meio de Quadra;Não Há Controle;Residencial;0;1;1;1;0;0;0;0;0;1;0;0;-3,74962;-38,59149
353299;25;12;2019;07:53;0;RUA JOAO CARVALHO;RUA JOSE VILAR;;;;Colisão Transversal;Luz do Dia;Nublado;Seca;;;;0;1;1;1;0;0;0;0;0;1;0;0;-3,7382973;-38,5054836
353300;25;12;2019;13:37;0;RUA VALPARAISO;;;1161;;Colisão;Luz do Dia;Bom;Seca;;;;0;1;1;0;0;0;0;0;0;1;0;0;-3,841172919;-38,52948995
353301;25;12;2019;15:02;0;AV BEZERRA DE MENEZES;;;1820;;Colisão Traseira;Luz do Dia;Bom;Seca;Meio de Quadra;Não Há Controle;Comercial;0;0;1;1;0;0;0;0;0;0;0;0;-3,734912;-38,560822
353302;25;12;2019;19:20;25729;AV TRISTAO GONCALVES;RUA ANTONIO POMPEU;;;;Colisão Transversal;Via Iluminada;Bom;Seca;Cruz;Semáforo;Comercial;0;1;1;1;1;0;0;0;0;0;0;0;-3,733388;-38,535088
353303;25;12;2019;20:49;25127;AV ENG HUMBERTO MONTE;RUA BOLIVIA;;1957;;Colisão Lateral;Via Iluminada;Bom;Seca;Cruz;Semáforo;Comercial;0;0;2;1;0;0;0;0;0;0;0;0;-3,743796;-38,564826
353426;25;12;2019;07:52;1406;AV DES MOREIRA;RUA DES LEITE ALBUQUERQUE;;;;Queda;Luz do Dia;;;Cruz;Semáforo;Comercial;0;1;0;0;0;0;0;0;0;1;0;0;-3,73722;-38,498678
353440;25;12;2019;09:14;0;AV HILDEBRANDO DE MELO;;;1362;;Queda;Luz do Dia;;;Meio de Quadra;;;0;1;0;0;0;0;0;0;0;1;0;0;-3,72034;-38,58882
353423;25;12;2019;07:13;0;AV ALM HENRIQUE SABOIA;;;1231;;Queda;Luz do Dia;;;Meio de Quadra;;;0;1;0;0;0;0;0;0;0;1;0;0;-3,7466093;-38,4916663
353451;25;12;2019;13:27;13076;AV I CJ JOSE WALTER;AV B CJ JOSE WALTER;;;;Colisão;Luz do Dia;;;Outros;Pare;Residencial;0;1;1;0;0;0;0;0;0;0;0;0;-3,827806;-38,551546
353442;25;12;2019;11:55;9872;RUA DALAS;RUA BARRA VERMELHA;;;;Queda;Luz do Dia;;;;;;0;1;0;0;0;0;0;0;0;1;0;0;-3,794595;-38,617089
353467;25;12;2019;13:55;0;RUA ROMEU MARTINS;;;820;;Colisão;Luz do Dia;;;Meio de Quadra;;;0;2;0;0;0;0;0;0;0;1;0;0;-3,76704;-38,55156
353468;25;12;2019;13:59;0;RUA ARI MAIA;;;3356;;Queda;Luz do Dia;;;Meio de Quadra;;;0;1;0;0;0;1;0;0;0;0;0;0;;
353479;25;12;2019;15:51;12926;AV ANTONIO SALES;AV VIS RIO BRANCO;;;;Colisão;Luz do Dia;;;Outros;Semáforo;Comercial;0;1;1;1;0;0;0;0;0;1;0;0;-3,738574;-38,523589
353480;25;12;2019;16:01;0;RUA DA SAUDADE (MONTESE);;;128;;Colisão;Luz do Dia;;;Meio de Quadra;;;0;2;0;0;0;0;0;0;0;0;0;0;-3,770483538;-38,54393841
353445;25;12;2019;12:26;0;AV CEL CARVALHO;;;2142;;Colisão;Luz do Dia;;;Meio de Quadra;;;0;1;1;1;0;0;0;0;0;1;0;0;-3,721065933;-38,58698173
353476;25;12;2019;15:35;0;RUA NOSSA SRA DAS GRACAS;;;1226;;Queda;Luz do Dia;;;Meio de Quadra;;;0;1;0;0;0;1;0;0;0;0;0;0;-3,707761615;-38,56144438
353376;25;12;2019;00:48;0;RUA MEM DE SA;;;522;;Colisão;;;;Meio de Quadra;;;0;2;0;0;0;0;0;0;0;1;0;0;-3,827878103;-38,48539478
353379;25;12;2019;01:39;0;AV GAL OSORIO DE PAIVA;;;2016;;Colisão;;;;Meio de Quadra;;;0;1;1;1;0;0;0;0;0;1;0;0;-3,784305;-38,58020859
353373;25;12;2019;00:21;0;AV E CJ ESPERANCA;;;293;;Colisão;;;;Meio de Quadra;;;0;1;1;0;0;0;0;0;0;1;0;0;-3,7590931;-38,6064444
353374;25;12;2019;00:39;0;RUA PEDESTRE II;;;304;;Colisão;;;;Meio de Quadra;;;0;1;1;0;0;0;0;0;0;1;0;0;-3,8164803;-38,6050961
353368;25;12;2019;00:17;0;RUA DAS PEDRINHAS;;;237;;Colisão;;;;Meio de Quadra;;;0;3;0;0;0;0;0;0;0;1;0;0;-3,765069476;-38,60072952
353363;25;12;2019;00:13;0;RUA FRE ALEMAO;;;1132;;Atropelamento;;;;Meio de Quadra;;;0;1;1;0;0;0;0;0;0;1;0;0;-3,7882083;-38,5447436
353384;25;12;2019;01:59;0;AV JOSE BASTOS;;;5592;;Colisão;;;;Meio de Quadra;;;0;1;1;1;0;0;0;0;0;1;0;0;-3,760562;-38,564477
353403;25;12;2019;05:34;0;RUA GONCALA A RODRIGUES;;;500;;Atropelamento;Amanhecer;;;Meio de Quadra;;;0;1;1;1;0;0;0;0;0;0;0;0;-3,8285457;-38,5170867
353482;25;12;2019;16:02;4088;AV FRANCISCO SA;RUA ALVARO DE ALENCAR;;;;Colisão;Luz do Dia;;;Cruz;Não Há Controle;Comercial;0;1;1;1;0;0;0;0;0;1;0;0;-3,717106;-38,558237
353483;25;12;2019;16:21;0;RUA CAETANO SILVA (PASSARÉ);;;86;;Queda;Luz do Dia;;;Meio de Quadra;;;0;1;0;0;0;1;0;0;0;0;0;0;-3,82028;-38,5374901
353484;25;12;2019;17:04;6584;AV J CJ CEARA;AV H CJ CEARA;;;;Colisão;Anoitecer;;;Cruz;Outros;Residencial;0;2;1;1;0;0;0;0;0;1;0;0;-3,777092;-38,621543
353485;25;12;2019;17:32;0;AV BEIRA MAR;;;;;Queda;Anoitecer;;;Meio de Quadra;;;0;1;0;0;0;0;0;0;0;1;0;0;;
353486;25;12;2019;17:35;0;AV DIOGUINHO;;;4400;;Colisão;Anoitecer;;;Meio de Quadra;;;0;1;1;1;0;0;0;0;0;1;0;0;-3,7535125;-38,4471045
353488;25;12;2019;21:13;0;AV ENG SANTANA JUNIOR;;;2690;;Queda;;;;Meio de Quadra;;;0;1;0;0;0;0;0;0;0;1;0;0;-3,74477;-38,488863
353489;25;12;2019;22:09;0;RUA GRITO DE ALERTA;;;431;;Colisão;;;;Meio de Quadra;;;0;2;0;0;0;0;0;0;0;1;0;0;-3,70236;-38,57292
353490;26;12;2019;02:26;0;RUA JOSE TORRES;;;1073;;Queda;;;;Meio de Quadra;;;0;1;0;0;0;0;0;0;0;1;0;0;-3,780469647;-38,60740635
353491;26;12;2019;06:45;0;AV GODOFREDO MACIEL;;;4747;;Colisão;Luz do Dia;;;Meio de Quadra;;;0;1;1;0;0;0;0;0;0;0;0;0;-3,817197;-38,574641
353492;26;12;2019;07:55;0;RUA EDUARDO SABOIA;;;481;;Colisão;Luz do Dia;;;Meio de Quadra;;;0;1;1;1;0;0;0;0;0;1;0;0;-3,7374;-38,4809
353493;26;12;2019;08:05;6760;AV ENG SANTANA JUNIOR;RUA GAL TERTULIANO POTYGUARA;;;;Colisão;Luz do Dia;;;T;Semáforo;Comercial;0;1;1;0;0;0;0;0;0;0;0;0;-3,746669;-38,489463
353494;26;12;2019;08:43;0;AV BEIRA MAR;;;;;Queda;Luz do Dia;;;Meio de Quadra;;;0;1;0;0;0;0;0;0;0;1;0;0;;
353562;26;12;2019;08:57;3153;RUA VERBENA;RUA FRANCISCO DOMINGOS;;;;Colisão;Luz do Dia;;;Cruz;Não Há Controle;Residencial;0;2;1;1;0;0;0;0;0;1;0;0;-3,778594;-38,588068
353600;26;12;2019;18:33;0;AV PASTEUR;;;426;;Atropelamento;;;;Meio de Quadra;;;0;1;1;1;0;0;0;0;0;0;0;0;-3,709726538;-38,55844796
353611;26;12;2019;20:48;0;AV JOSE TAVARES;;;1042;;Atropelamento;;;;Meio de Quadra;;;0;2;0;0;0;0;0;0;0;1;0;0;-3,8098978;-38,600004
353598;26;12;2019;18:00;0;RUA BALDUINO FREIRE;;;810;;Atropelamento;Anoitecer;;;Meio de Quadra;;;0;1;1;1;0;0;0;0;0;0;0;0;-3,73502;-38,58279
353607;26;12;2019;20:34;0;RUA SEN ROBERT KENNEDY;;;336;;Queda;;;;Meio de Quadra;;;0;1;0;0;0;1;0;0;0;0;0;0;-3,703095;-38,578553
353588;26;12;2019;16:21;7790;AV DES MOREIRA;AV PONTES VIEIRA;;;;Colisão;Luz do Dia;;;Cruz;Semáforo;Comercial;0;1;1;0;0;0;1;0;0;1;0;0;-3,751526;-38,503254
353575;26;12;2019;13:46;0;RUA TEOFILO CORDEIRO;;;132;;Colisão;Luz do Dia;;;Meio de Quadra;;;0;1;1;0;0;0;0;0;0;0;0;0;-3,77576;-38,51717
353573;26;12;2019;11:56;0;AV CARNEIRO DE MENDONCA;;;293;;Colisão;Luz do Dia;;;Meio de Quadra;;;0;1;1;1;0;0;0;0;0;1;0;0;-3,76617641;-38,56232846
353571;26;12;2019;11:29;0;RUA VIRGILIO NOGUEIRA PAES;;;763;;Colisão;Luz do Dia;;;Meio de Quadra;;;0;1;1;0;0;0;0;0;0;0;0;0;-3,79017;-38,60924
353568;26;12;2019;10:46;0;RUA E LOT CAJAZEIRAS II;;;1354;;Colisão;Luz do Dia;;;Meio de Quadra;;;0;1;1;1;0;0;0;0;0;1;0;0;;
353360;26;12;2019;19:50;13089;AV C CJ JOSE WALTER;RUA 41 CJ JOSE WALTER;;;;Colisão Lateral;Via Iluminada;Bom;Seca;Cruz;Pare;Residencial;0;3;0;0;0;0;0;0;0;1;0;0;-3,828279;-38,557167
353361;26;12;2019;20:39;12570;RUA ROSINHA SAMPAIO;RUA GEORGE CAVALCANTE;;;;Colisão Transversal;Via Iluminada;Bom;Seca;Cruz;Pare;Residencial;0;1;1;1;0;0;0;0;0;1;0;0;-3,725403;-38,593347
353357;26;12;2019;15:55;25780;AV GAL OSORIO DE PAIVA;RUA ENG LUIS MONTENEGRO;;;;Colisão Traseira;Luz do Dia;Bom;Seca;T;Semáforo;Misto;0;2;1;1;0;0;0;0;0;1;0;0;-3,8158047;-38,6129689