COD_ACIDENTE;DIA;MES;ANO;HORA;INTERSECAO;LOG1;LOG2;LOG3;NUMERO;REFERENCIA;NATUREZA;ILUMINACAO;TEMPO;SUPERFICIEPISTA;TIPOCRUZAMENTO;CONTROLETRAFEGO;USOSOLO;MORTOS;FERIDOS;ILESOS;AUTOMOVEL;ONIBUS;BICICLETA;CAMINHAO;MICROONIBUS;CICLOMOTOR;MOTOCICLETA;TRACAOANIMAL;TREM;LATITUDE;LONGITUDE
353353;26;12;2019;19:30;0;RUA BERNARDO MANUEL;;;10410;;Colisão Lateral;Via Iluminada;Bom;Seca;Meio de Quadra;Não Há Controle;Comercial;0;1;2;1;0;0;0;0;0;1;0;0;-3,8098755;-38,5548245
353304;26;12;2019;05:00;0;AV DR SILAS MUNGUBA;;;0;;Choque c/ Obstáculo Fixo;Amanhecer;Nublado;Seca;Meio de Quadra;Semáforo;Comercial;0;0;1;0;0;0;0;0;0;0;0;0;;
353305;26;12;2019;08:13;7755;RUA DOM EXPEDITO LOPES;RUA JOSE VILAR;;;;Colisão;Luz do Dia;Bom;Seca;Cruz;Semáforo;Residencial;0;1;1;1;0;0;0;0;0;1;0;0;-3,743178;-38,50706
353307;26;12;2019;14:44;21379;AV JOVITA FEITOSA;RUA PRO RAIMUNDO ARRUDA;;0;;Colisão Transversal;Luz do Dia;Bom;Seca;Cruz;Semáforo;Comercial;0;1;1;1;0;0;0;0;0;1;0;0;-3,738742;-38,550998
353308;26;12;2019;15:20;1598;RUA MON CATAO;RUA CAROLINA SUCUPIRA;;;;Colisão Lateral;Luz do Dia;Bom;Seca;Cruz;Pare;Residencial;0;1;1;1;0;0;0;0;0;1;0;0;-3,743696;-38,492167
353309;26;12;2019;16:00;15313;RUA ANA BILHAR;RUA VICENTE LEITE;;;;Colisão;Luz do Dia;Bom;Seca;Cruz;Pare;Residencial;0;2;0;1;0;0;0;0;0;1;0;0;-3,730261;-38,493215
353098;26;12;2019;23:20;6803;RUA ALMEIDA PRADO;RUA DR GILBERTO STUDART;;;;Colisão Lateral;;Bom;;Cruz;Pare;Comercial;0;0;2;1;0;0;0;0;0;0;0;0;-3,745323;-38,475665
353129;26;12;2019;15:00;0;RD CE-025;;;;KM-07;Colisão;Luz do Dia;;Seca;Meio de Quadra;;;0;0;2;0;0;0;0;0;0;0;0;0;;
354509;26;12;2019;10:45;0;RUA SEN ALVARO ADOLFO;;;1142;;Colisão;Luz do Dia;;;Meio de Quadra;;;0;0;2;0;0;0;0;0;0;0;0;0;-3,733282467;-38,58013033
354224;27;12;2019;08:20;0;RD BR 116;;;;KM-03;Queda;Luz do Dia;Bom;Seca;Meio de Quadra;;;0;1;0;0;0;0;0;0;0;1;0;0;-3,779838;-38,514372
354225;27;12;2019;18:00;0;RD BR 116;;;;KM-14;Tombamento;Anoitecer;Bom;Material Derrapante;Meio de Quadra;;;0;1;0;0;0;0;0;0;0;1;0;0;-3,873523;-38,499242
353127;27;12;2019;15:15;0;RD CE-025;;;4775;KM-06;Colisão;Luz do Dia;;Seca;Meio de Quadra;;;0;1;1;1;0;0;0;0;1;0;0;0;-3,810983084;-38,42708101
353310;27;12;2019;09:21;0;AV DEP PAULINO ROCHA;;;2187;;Colisão Lateral;Luz do Dia;Bom;Seca;Meio de Quadra;Não Há Controle;Comercial;0;0;2;1;0;0;0;0;0;0;0;0;-3,81084;-38,51683
353311;27;12;2019;08:24;334;RUA AMADEU FURTADO;RUA NESTOR BARBOSA;;;;Colisão;Luz do Dia;Bom;Seca;Cruz;Pare;Residencial;0;1;1;1;0;0;0;0;0;1;0;0;-3,745408;-38,562047
353312;27;12;2019;12:47;3881;RUA ADOLFO HERBSTER;RUA MAL DEODORO;;;;Colisão Transversal;Luz do Dia;Bom;Seca;Cruz;Pare;Comercial;0;1;1;0;0;1;0;0;0;1;0;0;-3,746705;-38,538213
353612;27;12;2019;01:37;0;RUA PESSOA ANTA;;;531;;Colisão;;;;Meio de Quadra;;;0;1;1;0;0;0;0;0;0;0;0;0;;
353613;27;12;2019;05:14;0;RUA NOEL ROSA;;;2125;;Queda;Amanhecer;;;Meio de Quadra;;;0;1;0;0;0;0;0;0;0;1;0;0;-3,768950423;-38,58670318
353614;27;12;2019;06:44;0;AV CARNEIRO DE MENDONCA;;;495;;Colisão;Luz do Dia;;;Meio de Quadra;;;0;2;0;0;0;0;0;0;0;1;0;0;-3,765502833;-38,56393767
353616;27;12;2019;08:51;0;AV CONTORNO SUL;;;333;;Colisão;Luz do Dia;;;Meio de Quadra;;;0;1;1;1;0;1;0;0;0;0;0;0;-3,837263341;-38,51900859
353617;27;12;2019;09:07;0;RUA JOSE MENDONCA;;;146;;Queda;Luz do Dia;;;Meio de Quadra;;;0;1;0;0;0;0;0;0;0;1;0;0;-3,760402037;-38,60280181
353618;27;12;2019;09:09;0;RUA PERILIO TEIXEIRA;;;;;Colisão;Luz do Dia;;;Meio de Quadra;;;0;2;1;1;0;0;0;0;0;1;0;0;;
353619;27;12;2019;09:42;0;RUA ANDRADE FURTADO;;;612;;Colisão;Luz do Dia;;;Meio de Quadra;;;0;1;1;1;0;0;0;0;0;1;0;0;-3,7444802;-38,4836264
353620;27;12;2019;11:16;0;RUA ALTO ALEGRE D49;;;80;;Colisão;Luz do Dia;;;Meio de Quadra;;;0;1;1;1;0;0;0;0;0;1;0;0;-3,72325;-38,47828
353621;27;12;2019;15:12;22996;RUA DUARTE PIMENTEL;RUA ANITA GARIBALDI;;;;Colisão;Luz do Dia;;;;Não Há Controle;Residencial;0;1;1;1;0;0;0;0;0;1;0;0;-3,787182;-38,542118
353622;27;12;2019;15:53;0;AV 20 DE JANEIRO;;;1174;;Colisão;Luz do Dia;;;Meio de Quadra;;;0;1;1;0;0;0;0;0;0;0;0;0;-3,7065826;-38,5790248
353623;27;12;2019;16:35;0;AV PRS CASTELO BRANCO;;;;;Queda;Luz do Dia;;;Meio de Quadra;;;0;1;0;0;0;0;0;0;0;1;0;0;;
353624;27;12;2019;16:48;0;AV PRS CASTELO BRANCO;;;2232;;Colisão;Luz do Dia;;;Meio de Quadra;;;0;1;1;0;0;0;0;0;0;0;0;0;-3,713912156;-38,54798859
353625;27;12;2019;17:25;0;AV GAL OSORIO DE PAIVA;;;1271;;Colisão;Anoitecer;;;Meio de Quadra;;;0;1;1;1;0;0;0;0;0;1;0;0;-3,779702;-38,57295
353627;27;12;2019;17:40;0;RD BR 116;;;6000;KM-06;Queda;Anoitecer;;;Meio de Quadra;;;0;2;0;0;0;0;0;0;0;1;0;0;-3,804691;-38,503053
353632;27;12;2019;18:37;0;AV JOR JOAO RAMOS;;;1583;;Colisão;;;;Meio de Quadra;;;0;1;1;1;0;0;0;0;0;0;0;0;-3,842481;-38,571124
353697;27;12;2019;20:46;0;AV DEP PAULINO ROCHA;;;2588;;Atropelamento;;;;Meio de Quadra;;;0;1;1;0;0;0;0;0;0;1;0;0;-3,8102705;-38,5188635
353698;27;12;2019;21:38;0;RUA MOURA MATOS;;;1719;;Atropelamento;;;;Meio de Quadra;;;0;1;1;0;0;0;0;0;0;1;0;0;-3,810616557;-38,54474782
353699;27;12;2019;22:48;0;AV ENG HUMBERTO MONTE;;;1645;;Colisão;;;;Meio de Quadra;;;0;2;0;0;0;0;0;0;0;0;0;0;-3,746262211;-38,56286816
353703;28;12;2019;07:13;0;TR JOSE CLAUDIO COSTA LIMA;;;41;;Colisão;Luz do Dia;;;Meio de Quadra;;;0;1;1;0;0;0;0;0;0;1;0;0;-3,7921202;-38,4981789
353710;28;12;2019;07:31;0;AV SEN CARLOS JEREISSATI (AEROPORTO);;;;;Queda;Luz do Dia;;;Meio de Quadra;;;0;1;0;0;0;0;0;0;0;1;0;0;;
353711;28;12;2019;07:57;7403;AV SEN FERNANDES TAVORA;RUA ARACAJU;;;;Colisão;Luz do Dia;;;Cruz;Pare;Comercial;0;1;1;1;0;0;0;0;0;1;0;0;-3,759398;-38,587377
353712;28;12;2019;08:41;0;RUA STA MARIA GORETE;;;2804;;Colisão;Luz do Dia;;;Meio de Quadra;;;0;1;1;1;0;0;0;0;0;1;0;0;-3,7279836;-38,603075
353713;28;12;2019;10:54;0;RUA NOSSA SRA APARECIDA;;;374;;Colisão;Luz do Dia;;;Meio de Quadra;;;0;1;1;1;0;0;0;0;0;1;0;0;-3,75831;-38,60036
353714;28;12;2019;16:04;0;AV SEN VIRGILIO TAVORA;;;1550;;Queda;Luz do Dia;;;Meio de Quadra;;;0;1;0;0;0;1;0;0;0;0;0;0;-3,739797;-38,494102
353715;28;12;2019;18:34;0;RUA EMILIA GONCALVES;;;852;;Atropelamento;;;;Meio de Quadra;;;0;1;1;0;0;0;0;0;0;1;0;0;-3,730635;-38,59380667
353716;28;12;2019;18:34;0;RUA CEL VIRGILIO NOGUEIRA (BOM JARDIM);;;1622;;Colisão;;;;Meio de Quadra;;;0;1;1;1;0;0;0;0;0;1;0;0;-3,7966;-38,61131
353717;28;12;2019;18:51;10981;RUA EQUADOR;RUA BOGARI;;;;Colisão;;;;Cruz;Pare;Residencial;0;1;1;1;0;0;0;0;0;1;0;0;-3,774405;-38,552515
353718;28;12;2019;19:17;0;RUA EUCLIDES O DE SOUSA;;;1645;;Colisão;;;;Meio de Quadra;;;0;2;0;0;0;0;0;0;0;0;0;0;-3,796957385;-38,46496462
353719;28;12;2019;19:20;0;RUA COS LAFAYETE;;;4160;;Queda;;;;Meio de Quadra;;;0;1;0;0;0;0;0;0;0;1;0;0;;
353813;28;12;2019;19:43;0;AV C CJ CEARA;;;965;;Colisão;;;;Meio de Quadra;;;0;2;1;1;0;0;0;0;0;1;0;0;-3,767163;-38,61172
353817;28;12;2019;21:14;0;RUA GAL SAMPAIO;;;1632;;Colisão;;;;Meio de Quadra;;;0;1;1;0;0;0;0;0;0;1;0;0;-3,732563455;-38,53245924
353815;28;12;2019;20:27;0;AV FILOMENO GOMES;;;;;Atropelamento;;;;Meio de Quadra;;;0;2;0;0;0;0;0;0;0;1;0;0;;
353819;28;12;2019;21:17;0;RUA PDE GUERRA;;;190;;Colisão;;;;Meio de Quadra;;;0;1;1;1;0;0;0;0;0;1;0;0;-3,736469;-38,545739
353821;28;12;2019;22:01;18513;RUA MEXICO;RUA FRE JOSE MARIA;;;;Colisão;;;;Cruz;Pare;Residencial;0;1;1;0;0;0;0;0;0;1;0;0;-3,73502;-38,57507
353822;28;12;2019;22:46;12457;AV JOSE BASTOS;AV SEN FERNANDES TAVORA;;;;Colisão;;;;;;;0;1;1;1;0;0;0;0;0;1;0;0;-3,770153;-38,570427
353823;28;12;2019;23:56;0;RUA BAR AQUIRAZ;;;;;Colisão;;;;Meio de Quadra;;;0;2;1;1;1;0;0;0;0;0;0;0;;
353366;28;12;2019;18:00;26290;RUA EDUARDO ARAUJO;RUA VITORIA REGIA;;;;Colisão Transversal;Anoitecer;Bom;Seca;Cruz;Pare;Residencial;0;2;1;0;0;0;0;0;0;1;0;0;-3,8190975;-38,595593
353315;28;12;2019;07:14;25861;RUA OLIVEIRA FILHO;RUA VIS CAIRU;;;;Colisão;Luz do Dia;Bom;Seca;Meio de Quadra;Não Há Controle;Residencial;0;1;1;1;0;0;0;0;0;1;0;0;-3,726554;-38,464122
353316;28;12;2019;16:13;2162;AV PRS CASTELO BRANCO;RUA CECI;;;;Colisão;Luz do Dia;Bom;Seca;Cruz;Pare;Comercial;0;1;1;0;0;1;0;0;0;0;0;0;-3,700786;-38,586189
353118;28;12;2019;20:00;0;RD CE-065;;;;KM-01;Colisão;Via Iluminada;;Seca;Meio de Quadra;;;0;0;2;0;0;0;0;0;0;0;0;0;;
354226;28;12;2019;07:00;0;RD BR 116;;;;KM-11;Colisão Transversal;Luz do Dia;Bom;Seca;Meio de Quadra;;;0;1;1;1;0;0;0;0;0;1;0;0;-3,84716;-38,497176
354506;28;12;2019;10:32;0;AV WENEFRIDO MELO;;;;;Colisão;Luz do Dia;;;Meio de Quadra;;;0;0;2;1;0;0;0;0;0;0;0;0;;
354507;28;12;2019;18:23;0;RD BR 116;;;14000;KM-14;Queda;Anoitecer;;;Meio de Quadra;;;0;1;0;0;0;0;0;0;0;1;0;0;-3,873523;-38,499242
354508;28;12;2019;08:45;7141;AV PRS CASTELO BRANCO;RUA FRANCISCO CALACA;;;;Colisão;Luz do Dia;;;Cruz;Pare;Residencial;0;0;2;1;0;0;0;0;0;0;0;0;-3,707642;-38,570498
354505;29;12;2019;17:00;13233;AV L CJ JOSE WALTER;AV F CJ JOSE WALTER;;;;Colisão;Anoitecer;;;Rotatória;Dê Preferência;Residencial;0;1;1;1;0;0;0;0;0;1;0;0;-3,835328;-38,558805
354227;29;12;2019;12:40;0;RD BR 116;;;1664;VIADUTO CIDADE DOS FUNCIONÁRIOS;Colisão Lateral;Luz do Dia;Bom;Seca;Meio de Quadra;;;0;1;1;0;0;0;0;0;0;1;0;0;;
354230;29;12;2019;18:30;0;RD BR 116;;;;KM-13;Colisão Transversal;Anoitecer;Bom;Seca;Meio de Quadra;;;0;1;1;1;0;1;0;0;0;0;0;0;-3,86467;-38,497727
353112;29;12;2019;16:20;0;AV SEN CARLOS JEREISSATI (AEROPORTO);;;;KM 03;Colisão;Luz do Dia;;Seca;Meio de Quadra;;;0;0;2;1;0;0;0;0;0;0;0;0;-3,779641;-38,544038
353317;29;12;2019;14:23;5504;RUA PDE VALDEVINO;RUA JOAO CORDEIRO;;;;Colisão;Luz do Dia;Bom;Seca;Cruz;Semáforo;Comercial;0;1;1;1;0;0;0;0;0;1;0;0;-3,738896;-38,51755
353318;29;12;2019;16:21;0;RUA FRANCISCO ASSIS;RUA DNA BELA;;0;;Colisão;Luz do Dia;Bom;Seca;Meio de Quadra;Pare;Residencial;0;1;1;1;0;0;0;0;0;1;0;0;-3,7193626;-38,5452139
353319;29;12;2019;15:35;5369;RUA PEDRO I;RUA ASSUNCAO;;;;Colisão Transversal;Luz do Dia;Bom;Seca;Cruz;Pare;Comercial;0;1;1;1;0;0;0;0;0;1;0;0;-3,731527;-38,527661
353370;29;12;2019;13:54;185;RUA BALDUINO FREIRE;AV ENG SERRAINE;;;;Colisão Transversal;Luz do Dia;Bom;Seca;Cruz;Pare;Residencial;0;3;0;0;0;0;0;0;0;1;0;0;-3,735387;-38,585511
353826;29;12;2019;00:12;0;AV ALBERTO CRAVEIRO;;;507;MAKRO;Queda;;;;Meio de Quadra;;;0;1;0;0;0;0;0;0;0;1;0;0;-3,782591;-38,516476
353832;29;12;2019;01:02;0;RD BR 222;;;;;Queda;;;;Meio de Quadra;;;0;2;0;0;0;0;0;0;0;1;0;0;;
353833;29;12;2019;08:05;15185;AV BEIRA MAR;AV DES MOREIRA;;;;Colisão;Luz do Dia;;;T;Pare;Comercial;0;1;1;1;0;0;0;0;0;1;0;0;-3,726073;-38,4951
353856;29;12;2019;09:26;0;AV ABOLICAO;;;3180;;Atropelamento;Luz do Dia;;;Meio de Quadra;;;0;1;1;0;0;1;0;0;0;0;0;0;-3,726679;-38,49129
353853;29;12;2019;09:09;0;RUA AGAPITO DOS SANTOS;;;462;;Colisão;Luz do Dia;;;Meio de Quadra;;;0;1;1;0;0;0;0;0;0;0;0;0;-3,725234194;-38,53858166
353872;29;12;2019;13:39;0;RUA DNA BELA;;;34;;Colisão;Luz do Dia;;;Meio de Quadra;;;0;1;1;1;0;0;0;0;0;1;0;0;-3,815272;-38,5971325
353873;29;12;2019;13:40;0;AV JOSE TAVARES;;;999;;Atropelamento;Luz do Dia;;;Meio de Quadra;;;0;1;1;0;0;0;0;0;0;1;0;0;-3,8099116;-38,6000121
353874;29;12;2019;16:07;0;AV CEL CARVALHO;;;112;;Colisão;Luz do Dia;;;Meio de Quadra;;;0;1;1;1;0;0;0;0;0;1;0;0;-3,703742852;-38,59147919
353875;29;12;2019;16:35;0;RUA MARCILIO DIAS;;;1735;;Atropelamento;Luz do Dia;;;Meio de Quadra;;;0;1;1;0;0;0;0;0;0;1;0;0;-3,708659;-38,561885
353876;29;12;2019;17:47;0;RUA MANUEL DIAS BRANCO;;;98;;Atropelamento;Anoitecer;;;Meio de Quadra;;;0;1;1;0;0;0;0;0;0;1;0;0;-3,8318581;-38,4921929
353877;29;12;2019;18:35;0;RUA PEDRO PEREIRA;;;120;;Atropelamento;;;;Meio de Quadra;;;0;1;1;1;0;0;0;0;0;0;0;0;-3,730350788;-38,5264887
353878;29;12;2019;18:35;0;RD BR 116;;;12000;KM-12;Atropelamento;;;;Meio de Quadra;;;0;1;1;1;0;0;0;0;0;0;0;0;-3,85574;-38,496066
353879;29;12;2019;18:37;0;AV CONTORNO SUL;;;996;;Colisão;;;;Meio de Quadra;;;0;1;1;1;0;0;0;0;0;1;0;0;-3,836745129;-38,51848577
353880;29;12;2019;18:47;0;RUA JUAZEIRO DO NORTE;;;251;;Colisão;;;;Meio de Quadra;;;0;1;1;1;0;0;0;0;0;1;0;0;-3,727534339;-38,4912082
353881;29;12;2019;19:11;0;RUA CAP MELO;;;117;;Queda;;;;Meio de Quadra;;;0;1;0;0;0;0;0;0;0;1;0;0;-3,7506783;-38,5141465
353882;29;12;2019;19:41;0;AV PRS COSTA E SILVA;;;2606;;Atropelamento;;;;Meio de Quadra;;;0;1;1;1;0;0;0;0;0;0;0;0;-3,8208492;-38,55890417
353883;29;12;2019;21:02;0;AV SEN FERNANDES TAVORA;;;2;;Atropelamento;;;;Meio de Quadra;;;0;1;1;0;1;0;0;0;0;0;0;0;-3,75386;-38,60505
353884;29;12;2019;23:35;0;RUA VALPARAISO;;;1032;;Colisão;;;;Meio de Quadra;;;0;1;1;1;0;0;0;0;0;1;0;0;-3,842195837;-38,52825466
353885;30;12;2019;00:50;0;TR MIRAINA;;;133;;Atropelamento;;;;Meio de Quadra;;;0;1;1;1;0;0;0;0;0;0;0;0;-3,75924;-38,46999
353979;30;12;2019;09:17;0;AV JOR JOAO RAMOS;;;1033;;Colisão;Luz do Dia;;;Meio de Quadra;;;0;2;1;1;0;0;0;0;0;1;0;0;-3,843573;-38,566929
353961;30;12;2019;05:38;0;AV WASHINGTON SOARES;;;11999;;Colisão;Amanhecer;;;Meio de Quadra;;;0;1;1;0;0;0;0;0;0;0;0;0;;
353974;30;12;2019;08:58;0;AV N CJ JOSE WALTER;;;556;;Queda;Luz do Dia;;;Meio de Quadra;;;0;1;0;0;0;0;0;0;0;1;0;0;-3,7730399;-38,5000552
353955;30;12;2019;01:31;0;AV DEP PAULINO ROCHA;;;2187;;Colisão;;;;Meio de Quadra;;;0;1;1;1;0;1;0;0;0;0;0;0;-3,81084;-38,51683
353956;30;12;2019;05:05;0;AV JOR THOMAZ COELHO;;;245;TERM. MESSEJANA;Queda;Amanhecer;;;Meio de Quadra;;;0;1;0;0;0;0;0;0;0;1;0;0;-3,82828;-38,51795
353320;30;12;2019;07:39;0;RUA VITAL BRASIL;;;1055;;Colisão;Luz do Dia;Bom;Seca;Meio de Quadra;Pare;Residencial;0;2;1;0;1;1;0;0;0;0;0;0;-3,780151833;-38,59043127
354046;30;12;2019;20:49;0;AV PRS JUSCELINO KUBITSCHEK (PASSARÉ);;;3653;;Queda;;;;Meio de Quadra;;;0;1;0;0;0;0;0;0;0;1;0;0;-3,81415675;-38,53007125
354047;30;12;2019;21:48;0;AV GAL OSORIO DE PAIVA;;;;;Colisão;;;;Meio de Quadra;;;0;1;1;0;0;0;0;0;0;0;0;0;;
353999;30;12;2019;11:27;0;AV IMPERADOR;;;1330;;Queda;Luz do Dia;;;Meio de Quadra;;;0;1;0;0;0;0;0;0;0;1;0;0;-3,733045;-38,536179
353985;30;12;2019;09:25;0;AV SGT HERMINIO SAMPAIO;;;1713;;Colisão;Luz do Dia;;;Meio de Quadra;;;0;1;1;1;0;0;0;0;0;1;0;0;-3,725528;-38,5559
353989;30;12;2019;10:51;0;AV JOVITA FEITOSA;;;2345;;Queda;Luz do Dia;;;Meio de Quadra;;;0;1;0;0;0;0;0;0;0;1;0;0;-3,74023;-38,55837
353990;30;12;2019;10:59;19721;RUA AMADEU FURTADO;RUA GUSTAVO SAMPAIO;;;;Queda;Luz do Dia;;;Cruz;Pare;Escola;0;1;0;0;0;0;0;0;0;1;0;0;-3,736786;-38,563828
353991;30;12;2019;11:19;0;RUA NEREU RAMOS;;;70;;Colisão;Luz do Dia;;;Meio de Quadra;;;0;1;1;1;0;0;0;0;0;1;0;0;-3,787056;-38,5673435
354003;30;12;2019;12:06;0;AV NOVE;;;423;;Colisão;Luz do Dia;;;Meio de Quadra;;;0;1;1;1;0;1;0;0;0;0;0;0;-3,8302754;-38,6061527
354007;30;12;2019;12:41;23347;RUA JOSE VILAR;RUA EDUARDO BEZERRA;;;;Queda;Luz do Dia;;;Cruz;Pare;Residencial;0;1;0;0;0;0;0;0;0;1;0;0;-3,753529;-38,51037
354011;30;12;2019;13:14;0;AV ANTONIO SALES;;;60;;Colisão;Luz do Dia;;;Meio de Quadra;;;0;1;1;1;0;0;0;0;0;1;0;0;-3,739378;-38,521867
354009;30;12;2019;13:11;0;RUA MALMEQUER;;;151;;Colisão;Luz do Dia;;;Meio de Quadra;;;0;1;1;0;0;0;0;0;0;1;0;0;-3,78786;-38,5374722
354015;30;12;2019;13:31;0;AV 13 DE MAIO;;;525;SHOPPING BENFICA;Colisão;Luz do Dia;;;Meio de Quadra;;;0;1;1;1;0;0;0;0;0;1;0;0;-3,7379016;-38,5425445
354035;30;12;2019;16:48;0;RUA 15 DE NOVEMBRO;;;;;Atropelamento de Animal;Luz do Dia;;;Meio de Quadra;;;0;1;0;0;0;0;0;0;0;1;0;0;;
354032;30;12;2019;15:29;0;RUA FARIAS LEMOS;;;;;Colisão;Luz do Dia;;;Meio de Quadra;;;0;1;1;1;0;0;0;0;0;1;0;0;;
354040;30;12;2019;17:30;0;AV JOR THOMAZ COELHO;;;609;;Colisão;Anoitecer;;;Meio de Quadra;;;0;1;1;1;0;0;0;0;0;1;0;0;-3,832182156;-38,5013988
354044;30;12;2019;17:48;0;RUA MIGUEL GURGEL;;;;;Queda;Anoitecer;;;Meio de Quadra;;;0;1;0;0;0;1;0;0;0;0;0;0;;
354049;31;12;2019;00:20;0;RUA EUCLIDES O DE SOUSA;;;1141;;Choque c/ Obstáculo Fixo;;;;Meio de Quadra;;;0;1;0;0;0;0;0;0;0;0;0;0;-3,797386086;-38,46997471
354050;31;12;2019;05:38;0;RUA CON DE CASTRO;;;2908;;Colisão;Amanhecer;;;Meio de Quadra;;;0;2;0;0;0;0;0;0;0;1;0;0;-3,794405;-38,5821182
354051;31;12;2019;06:10;0;RUA BERNARDO MANUEL;;;8710;;Atropelamento;Luz do Dia;;;Meio de Quadra;;;0;1;1;0;1;0;0;0;0;0;0;0;-3,8255782;-38,5591795
354052;31;12;2019;11:02;0;AV IMPERADOR;;;1687;;Colisão;Luz do Dia;;;Meio de Quadra;;;0;1;1;1;0;0;0;0;0;1;0;0;-3,735833;-38,537013
354053;31;12;2019;11:16;0;RUA GERMANO FRANCK;;;767;;Colisão;Luz do Dia;;;Meio de Quadra;;;0;1;1;1;0;0;0;0;0;1;0;0;-3,777920652;-38,56279954
354054;31;12;2019;11:29;0;LOGRADOURO SEM NOME;;;;;Queda;Luz do Dia;;;Meio de Quadra;;;0;1;0;0;0;0;0;0;0;1;0;0;;
354055;31;12;2019;11:51;0;RUA LUIZA MIRANDA COELHO;;;842;;Atropelamento;Luz do Dia;;;Meio de Quadra;;;0;1;1;0;0;0;0;0;0;1;0;0;-3,7745055;-38,4887215
354092;31;12;2019;13:03;1476;AV BAR STUDART;AV JULIO VENTURA;;;;Queda;Luz do Dia;;;Cruz;Gesto;Comercial;0;1;0;0;0;1;0;0;0;0;0;0;-3,739072;-38,508029
354090;31;12;2019;12:17;15692;RUA CAPANEMA;RUA GUILHERME PESSOA;;;;Colisão;Luz do Dia;;;;;;0;1;1;1;0;0;0;0;0;1;0;0;-3,827101;-38,487957
354105;31;12;2019;20:39;0;TR RIO DE JANEIRO;;;1860;;Queda;;;;Meio de Quadra;;;0;1;0;0;0;0;0;0;0;1;0;0;-3,76878;-38,5904
354106;31;12;2019;20:52;0;AV PRO JOSE ARTHUR CARVALHO;;;2009;;Colisão;;;;Meio de Quadra;;;0;1;1;0;0;0;0;0;0;0;0;0;-3,825201873;-38,46187841
354107;31;12;2019;21:15;0;RUA WALDIR DIOGO;;;1017;;Queda;;;;Meio de Quadra;;;0;1;0;0;0;0;0;0;0;1;0;0;-3,80312574;-38,58729929
354108;31;12;2019;21:37;0;RUA BERNARDO MANUEL;;;13535;;Queda;;;;Meio de Quadra;;;0;1;0;0;0;0;0;0;0;1;0;0;-3,836319;-38,56291171
354109;31;12;2019;22:09;0;RUA GERMANO FRANCK;;;1400;;Colisão;;;;Meio de Quadra;;;0;1;1;0;0;0;0;0;0;0;0;0;;
354110;31;12;2019;22:26;0;RUA CIDADE ECOLOGICA;;;420;;Colisão;;;;Meio de Quadra;;;0;1;1;1;0;0;0;0;0;1;0;0;-3,804;-38,60639
354111;31;12;2019;22:58;5051;RUA SEN JAGUARIBE;RUA SEN POMPEU;;;;Colisão;;;;Cruz;Pare;Comercial;0;2;1;1;0;0;0;0;0;1;0;0;-3,721667;-38,528055
354102;31;12;2019;19:40;0;RUA CEL VIRGILIO NOGUEIRA (BOM JARDIM);;;1248;;Colisão;;;;Meio de Quadra;;;0;3;0;0;0;0;0;0;0;1;0;0;-3,79459;-38,61064
354103;31;12;2019;19:44;0;RUA CEL JOAQUIM FRANKLIN;;;834;;Colisão;;;;Meio de Quadra;;;0;3;0;0;0;0;0;0;0;1;0;0;-3,7434395;-38,594516
354099;31;12;2019;17:03;0;AV CLOVIS MATOS;;;1682;;Queda;Anoitecer;;;Meio de Quadra;;;0;1;0;0;0;0;0;0;0;1;0;0;;
354100;31;12;2019;17:08;0;AV GAL OSORIO DE PAIVA;;;7815;;Colisão;Anoitecer;;;Meio de Quadra;;;0;1;1;1;0;0;0;0;0;1;0;0;-3,82051924;-38,61737668
354097;31;12;2019;16:28;0;RUA VIS CAUIPE;;;179;;Colisão;Luz do Dia;;;Meio de Quadra;;;0;1;1;1;0;0;0;0;0;1;0;0;-3,775072706;-38,57980645
354095;31;12;2019;13:07;0;AV ODILON GUIMARAES;;;3599;;Colisão;Luz do Dia;;;Meio de Quadra;;;0;1;1;1;0;0;0;0;0;1;0;0;-3,815823795;-38,4696628
353321;31;12;2019;06:57;12426;AV SEN FERNANDES TAVORA;RUA RIBEIRO LEITAO;;;;Colisão Transversal;Luz do Dia;Chuva;Molhada;Cruz;Pare;Comercial;0;1;1;1;0;0;0;0;0;1;0;0;-3,764304;-38,578199
353322;31;12;2019;10:38;0;AV PRS JUSCELINO KUBITSCHEK (PASSARÉ);;;5451;;Colisão Traseira;Luz do Dia;Chuva;Molhada;Meio de Quadra;Não Há Controle;Comercial;0;1;1;0;0;0;0;0;0;1;0;0;-3,823338;-38,536779
353323;31;12;2019;13:44;0;RUA ANTONELE BEZERRA;;;180;;Colisão Lateral;Luz do Dia;Nublado;Seca;Meio de Quadra;Não Há Controle;Residencial;0;0;2;1;0;0;0;0;0;0;0;0;-3,724972625;-38,50660163
353105;31;12;2019;12:16;0;RD CE-040;;;;KM-10;Colisão;Luz do Dia;;;;;;0;2;0;0;0;0;0;0;0;1;0;0;-3,84257666;-38,48088284